Maturity_years,Zero_coupon_rate_decimal,Zero_coupon_rate_percent,Discount_factor
0.002737850787,0.036499208078,3.649920807834,0.999900075607
0.007738982428,0.036512299595,3.651229959503,0.999717471874
0.012740114068,0.036525319708,3.652531970812,0.999534771513
0.017741245708,0.036538268653,3.653826865285,0.999351975657
0.022742377349,0.036551146664,3.655114666369,0.999169085431
0.027743508989,0.036563953975,3.656395397468,0.998986101957
0.032744640630,0.036576690819,3.657669081898,0.998803026349
0.037745772270,0.036589357429,3.658935742924,0.998619859718
0.042746903911,0.036601954037,3.660195403750,0.998436603168
0.047748035551,0.036614480875,3.661448087513,0.998253257798
0.052749167191,0.036626938173,3.662693817286,0.998069824703
0.057750298832,0.036639326161,3.663932616085,0.997886304971
0.062751430472,0.036651645069,3.665164506862,0.997702699686
0.067752562113,0.036663895125,3.666389512505,0.997519009924
0.072753693753,0.036676076558,3.667607655843,0.997335236760
0.077754825394,0.036688189596,3.668818959638,0.997151381260
0.082755957034,0.036700234466,3.670023446598,0.996967444487
0.087757088674,0.036712211394,3.671221139365,0.996783427499
0.092758220315,0.036724120605,3.672412060520,0.996599331346
0.097759351955,0.036735962326,3.673596232582,0.996415157077
0.102760483596,0.036747736780,3.674773678014,0.996230905732
0.107761615236,0.036759444192,3.675944419210,0.996046578348
0.112762746877,0.036771084785,3.677108478512,0.995862175957
0.117763878517,0.036782658782,3.678265878196,0.995677699584
0.122765010157,0.036794166405,3.679416640478,0.995493150252
0.127766141798,0.036805607875,3.680560787517,0.995308528977
0.132767273438,0.036816983414,3.681698341409,0.995123836769
0.137768405079,0.036828293242,3.682829324190,0.994939074634
0.142769536719,0.036839537578,3.683953757839,0.994754243575
0.147770668360,0.036850716643,3.685071664272,0.994569344587
0.152771800000,0.036861830653,3.686183065347,0.994384378661
0.157772931640,0.036872879829,3.687287982864,0.994199346784
0.162774063281,0.036883864386,3.688386438561,0.994014249937
0.167775194921,0.036894784541,3.689478454119,0.993829089097
0.172776326562,0.036905640512,3.690564051159,0.993643865235
0.177777458202,0.036916432512,3.691643251246,0.993458579317
0.182778589842,0.036927160759,3.692716075882,0.993273232307
0.187779721483,0.036937825465,3.693782546513,0.993087825160
0.192780853123,0.036948426845,3.694842684527,0.992902358829
0.197781984764,0.036958965113,3.695896511252,0.992716834262
0.202783116404,0.036969440480,3.696944047961,0.992531252400
0.207784248045,0.036979853159,3.697985315866,0.992345614182
0.212785379685,0.036990203361,3.699020336122,0.992159920542
0.217786511325,0.037000491298,3.700049129828,0.991974172406
0.222787642966,0.037010717180,3.701071718023,0.991788370699
0.227788774606,0.037020881217,3.702088121692,0.991602516341
0.232789906247,0.037030983618,3.703098361759,0.991416610244
0.237791037887,0.037041024591,3.704102459094,0.991230653319
0.242792169528,0.037051004345,3.705100434508,0.991044646471
0.247793301168,0.037060923088,3.706092308756,0.990858590600
0.252794432808,0.037070781025,3.707078102538,0.990672486602
0.257795564449,0.037080578365,3.708057836493,0.990486335368
0.262796696089,0.037090315312,3.709031531210,0.990300137784
0.267797827730,0.037099992072,3.709999207215,0.990113894733
0.272798959370,0.037109608850,3.710960884983,0.989927607092
0.277800091011,0.037119165849,3.711916584932,0.989741275733
0.282801222651,0.037128663274,3.712866327422,0.989554901526
0.287802354291,0.037138101328,3.713810132760,0.989368485334
0.292803485932,0.037147480212,3.714748021195,0.989182028017
0.297804617572,0.037156800129,3.715680012923,0.988995530429
0.302805749213,0.037166061281,3.716606128083,0.988808993421
0.307806880853,0.037175263868,3.717526386760,0.988622417840
0.312808012494,0.037184408090,3.718440808982,0.988435804527
0.317809144134,0.037193494147,3.719349414726,0.988249154318
0.322810275774,0.037202522239,3.720252223910,0.988062468048
0.327811407415,0.037211492564,3.721149256400,0.987875746545
0.332812539055,0.037220405320,3.722040532006,0.987688990633
0.337813670696,0.037229260705,3.722926070486,0.987502201131
0.342814802336,0.037238058915,3.723805891542,0.987315378856
0.347815933977,0.037246800148,3.724680014821,0.987128524618
0.352817065617,0.037255484599,3.725548459918,0.986941639225
0.357818197257,0.037264112464,3.726411246374,0.986754723480
0.362819328898,0.037272683937,3.727268393676,0.986567778180
0.367820460538,0.037281199213,3.728119921256,0.986380804121
0.372821592179,0.037289658485,3.728965848496,0.986193802092
0.377822723819,0.037298061947,3.729806194721,0.986006772878
0.382823855460,0.037306409792,3.730640979205,0.985819717263
0.387824987100,0.037314702212,3.731470221169,0.985632636022
0.392826118740,0.037322939398,3.732293939780,0.985445529930
0.397827250381,0.037331121542,3.733112154153,0.985258399756
0.402828382021,0.037339248834,3.733924883352,0.985071246264
0.407829513662,0.037347321464,3.734732146384,0.984884070216
0.412830645302,0.037355339622,3.735533962209,0.984696872368
0.417831776943,0.037363303497,3.736330349731,0.984509653474
0.422832908583,0.037371213278,3.737121327803,0.984322414281
0.427834040223,0.037379069152,3.737906915227,0.984135155536
0.432835171864,0.037386871308,3.738687130752,0.983947877978
0.437836303504,0.037394619931,3.739461993075,0.983760582343
0.442837435145,0.037402315208,3.740231520843,0.983573269366
0.447838566785,0.037409957327,3.740995732651,0.983385939774
0.452839698426,0.037417546470,3.741754647040,0.983198594291
0.457840830066,0.037425082825,3.742508282505,0.983011233640
0.462841961706,0.037432566575,3.743256657485,0.982823858536
0.467843093347,0.037439997904,3.743999790371,0.982636469692
0.472844224987,0.037447376995,3.744737699501,0.982449067818
0.477845356628,0.037454704032,3.745470403165,0.982261653619
0.482846488268,0.037461979196,3.746197919600,0.982074227795
0.487847619909,0.037469202670,3.746920266994,0.981886791044
0.492848751549,0.037476374635,3.747637463483,0.981699344060
0.497849883189,0.037483495272,3.748349527156,0.981511887532
0.502851014830,0.037490564760,3.749056476048,0.981324422146
0.507852146470,0.037497583281,3.749758328146,0.981136948584
0.512853278111,0.037504551014,3.750455101388,0.980949467525
0.517854409751,0.037511468137,3.751146813662,0.980761979642
0.522855541392,0.037518334828,3.751833482804,0.980574485607
0.527856673032,0.037525151266,3.752515126603,0.980386986086
0.532857804672,0.037531917628,3.753191762798,0.980199481743
0.537858936313,0.037538634091,3.753863409079,0.980011973238
0.542860067953,0.037545300831,3.754530083086,0.979824461225
0.547861199594,0.037551918024,3.755191802412,0.979636946358
0.552862331234,0.037558485846,3.755848584599,0.979449429285
0.557863462874,0.037565004471,3.756500447141,0.979261910650
0.562864594515,0.037571474075,3.757147407483,0.979074391095
0.567865726155,0.037577894830,3.757789483023,0.978886871257
0.572866857796,0.037584266911,3.758426691109,0.978699351770
0.577867989436,0.037590590490,3.759059049041,0.978511833265
0.582869121077,0.037596865741,3.759686574073,0.978324316369
0.587870252717,0.037603092834,3.760309283407,0.978136801703
0.592871384357,0.037609271942,3.760927194200,0.977949289889
0.597872515998,0.037615403236,3.761540323561,0.977761781542
0.602873647638,0.037621486886,3.762148688551,0.977574277274
0.607874779279,0.037627523062,3.762752306183,0.977386777695
0.612875910919,0.037633511934,3.763351193423,0.977199283410
0.617877042560,0.037639453672,3.763945367189,0.977011795022
0.622878174200,0.037645348444,3.764534844353,0.976824313128
0.627879305840,0.037651196417,3.765119641739,0.976636838324
0.632880437481,0.037656997761,3.765699776125,0.976449371202
0.637881569121,0.037662752642,3.766275264240,0.976261912349
0.642882700762,0.037668461228,3.766846122770,0.976074462350
0.647883832402,0.037674123684,3.767412368351,0.975887021788
0.652884964043,0.037679740176,3.767974017574,0.975699591239
0.657886095683,0.037685310870,3.768531086983,0.975512171278
0.662887227323,0.037690835931,3.769083593076,0.975324762478
0.667888358964,0.037696315523,3.769631552306,0.975137365404
0.672889490604,0.037701749811,3.770174981078,0.974949980623
0.677890622245,0.037707138958,3.770713895752,0.974762608695
0.682891753885,0.037712483126,3.771248312642,0.974575250179
0.687892885526,0.037717782480,3.771778248017,0.974387905628
0.692894017166,0.037723037181,3.772303718099,0.974200575594
0.697895148806,0.037728247391,3.772824739067,0.974013260626
0.702896280447,0.037733413271,3.773341327052,0.973825961267
0.707897412087,0.037738534981,3.773853498142,0.973638678060
0.712898543728,0.037743612684,3.774361268377,0.973451411542
0.717899675368,0.037748646538,3.774864653755,0.973264162250
0.722900807009,0.037753636702,3.775363670227,0.973076930714
0.727901938649,0.037758583337,3.775858333701,0.972889717464
0.732903070289,0.037763486600,3.776348660038,0.972702523024
0.737904201930,0.037768346651,3.776834665058,0.972515347918
0.742905333570,0.037773163645,3.777316364532,0.972328192664
0.747906465211,0.037777937742,3.777793774191,0.972141057778
0.752907596851,0.037782669097,3.778266909717,0.971953943774
0.757908728492,0.037787357868,3.778735786754,0.971766851161
0.762909860132,0.037792004209,3.779200420896,0.971579780446
0.767910991772,0.037796608277,3.779660827698,0.971392732132
0.772912123413,0.037801170227,3.780117022667,0.971205706720
0.777913255053,0.037805690213,3.780569021269,0.971018704707
0.782914386694,0.037810168389,3.781016838925,0.970831726587
0.787915518334,0.037814604910,3.781460491014,0.970644772853
0.792916649975,0.037818999929,3.781899992871,0.970457843991
0.797917781615,0.037823353598,3.782335359787,0.970270940489
0.802918913255,0.037827666070,3.782766607010,0.970084062826
0.807920044896,0.037831937497,3.783193749747,0.969897211484
0.812921176536,0.037836168032,3.783616803159,0.969710386939
0.817922308177,0.037840357824,3.784035782366,0.969523589663
0.822923439817,0.037844507024,3.784450702445,0.969336820127
0.827924571458,0.037848615784,3.784861578430,0.969150078798
0.832925703098,0.037852684253,3.785268425313,0.968963366141
0.837926834738,0.037856712580,3.785671258044,0.968776682618
0.842927966379,0.037860700915,3.786070091530,0.968590028687
0.847929098019,0.037864649406,3.786464940636,0.968403404804
0.852930229660,0.037868558202,3.786855820184,0.968216811421
0.857931361300,0.037872427450,3.787242744955,0.968030248990
0.862932492941,0.037876257297,3.787625729688,0.967843717956
0.867933624581,0.037880047891,3.788004789082,0.967657218764
0.872934756221,0.037883799378,3.788379937790,0.967470751856
0.877935887862,0.037887511904,3.788751190428,0.967284317671
0.882937019502,0.037891185616,3.789118561568,0.967097916643
0.887938151143,0.037894820657,3.789482065740,0.966911549206
0.892939282783,0.037898417174,3.789841717436,0.966725215791
0.897940414424,0.037901975311,3.790197531104,0.966538916824
0.902941546064,0.037905495212,3.790549521151,0.966352652731
0.907942677704,0.037908977019,3.790897701945,0.966166423933
0.912943809345,0.037912420878,3.791242087811,0.965980230850
0.917944940985,0.037915826930,3.791582693036,0.965794073897
0.922946072626,0.037919195319,3.791919531862,0.965607953489
0.927947204266,0.037922526185,3.792252618496,0.965421870037
0.932948335906,0.037925819671,3.792581967100,0.965235823948
0.937949467547,0.037929075918,3.792907591797,0.965049815629
0.942950599187,0.037932295067,3.793229506672,0.964863845483
0.947951730828,0.037935477258,3.793547725766,0.964677913909
0.952952862468,0.037938622631,3.793862263084,0.964492021305
0.957953994109,0.037941731326,3.794173132587,0.964306168067
0.962955125749,0.037944803482,3.794480348200,0.964120354586
0.967956257389,0.037947839238,3.794783923806,0.963934581253
0.972957389030,0.037950838732,3.795083873248,0.963748848454
0.977958520670,0.037953802103,3.795380210331,0.963563156574
0.982959652311,0.037956729488,3.795672948821,0.963377505995
0.987960783951,0.037959621024,3.795962102442,0.963191897097
0.992961915592,0.037962476849,3.796247684882,0.963006330255
0.997963047232,0.037965297098,3.796529709787,0.962820805844
1.002964178872,0.037968081908,3.796808190765,0.962635324236
1.007965310513,0.037970831414,3.797083141387,0.962449885800
1.012966442153,0.037973545752,3.797354575182,0.962264490903
1.017967573794,0.037976225056,3.797622505642,0.962079139909
1.022968705434,0.037978869462,3.797886946221,0.961893833179
1.027969837075,0.037981479103,3.798147910332,0.961708571072
1.032970968715,0.037984054114,3.798405411352,0.961523353946
1.037972100355,0.037986594626,3.798659462620,0.961338182153
1.042973231996,0.037989100774,3.798910077433,0.961153056047
1.047974363636,0.037991572691,3.799157269054,0.960967975975
1.052975495277,0.037994010507,3.799401050706,0.960782942286
1.057976626917,0.037996414356,3.799641435574,0.960597955323
1.062977758558,0.037998784368,3.799878436806,0.960413015429
1.067978890198,0.038001120675,3.800112067512,0.960228122942
1.072980021838,0.038003423408,3.800342340762,0.960043278200
1.077981153479,0.038005692696,3.800569269592,0.959858481538
1.082982285119,0.038007928670,3.800792867000,0.959673733289
1.087983416760,0.038010131459,3.801013145943,0.959489033781
1.092984548400,0.038012301193,3.801230119345,0.959304383344
1.097985680041,0.038014438001,3.801443800090,0.959119782302
1.102986811681,0.038016542010,3.801654201027,0.958935230978
1.107987943321,0.038018613350,3.801861334966,0.958750729693
1.112989074962,0.038020652147,3.802065214681,0.958566278765
1.117990206602,0.038022658529,3.802265852910,0.958381878511
1.122991338243,0.038024632624,3.802463262352,0.958197529243
1.127992469883,0.038026574557,3.802657455672,0.958013231274
1.132993601524,0.038028484455,3.802848445497,0.957828984913
1.137994733164,0.038030362444,3.803036244417,0.957644790467
1.142995864804,0.038032208650,3.803220864986,0.957460648240
1.147996996445,0.038034023197,3.803402319724,0.957276558534
1.152998128085,0.038035806211,3.803580621111,0.957092521651
1.157999259726,0.038037557816,3.803755781594,0.956908537887
1.163000391366,0.038039278136,3.803927813582,0.956724607539
1.168001523007,0.038040967294,3.804096729449,0.956540730900
1.173002654647,0.038042625415,3.804262541533,0.956356908261
1.178003786287,0.038044252621,3.804425262136,0.956173139912
1.183004917928,0.038045849035,3.804584903526,0.955989426139
1.188006049568,0.038047414779,3.804741477933,0.955805767228
1.193007181209,0.038048949976,3.804894997552,0.955622163461
1.198008312849,0.038050454745,3.805045474545,0.955438615119
1.203009444490,0.038051929210,3.805192921036,0.955255122479
1.208010576130,0.038053373491,3.805337349114,0.955071685818
1.213011707770,0.038054787708,3.805478770835,0.954888305410
1.218012839411,0.038056171982,3.805617198219,0.954704981528
1.223013971051,0.038057526432,3.805752643249,0.954521714440
1.228015102692,0.038058851179,3.805885117876,0.954338504415
1.233016234332,0.038060146340,3.806014634015,0.954155351719
1.238017365973,0.038061412035,3.806141203547,0.953972256615
1.243018497613,0.038062648383,3.806264838317,0.953789219364
1.248019629253,0.038063855501,3.806385550137,0.953606240227
1.253020760894,0.038065033508,3.806503350783,0.953423319460
1.258021892534,0.038066182520,3.806618251999,0.953240457319
1.263023024175,0.038067302655,3.806730265493,0.953057654057
1.268024155815,0.038068394029,3.806839402939,0.952874909926
1.273025287456,0.038069456760,3.806945675978,0.952692225175
1.278026419096,0.038070490962,3.807049096216,0.952509600052
1.283027550736,0.038071496752,3.807149675225,0.952327034801
1.288028682377,0.038072474245,3.807247424543,0.952144529667
1.293029814017,0.038073423557,3.807342355677,0.951962084890
1.298030945658,0.038074344801,3.807434480097,0.951779700709
1.303032077298,0.038075238092,3.807523809241,0.951597377364
1.308033208938,0.038076103545,3.807610354513,0.951415115088
1.313034340579,0.038076941273,3.807694127284,0.951232914116
1.318035472219,0.038077751389,3.807775138892,0.951050774678
1.323036603860,0.038078534006,3.807853400641,0.950868697006
1.328037735500,0.038079289238,3.807928923803,0.950686681326
1.333038867141,0.038080017196,3.808001719615,0.950504727865
1.338039998781,0.038080717993,3.808071799284,0.950322836846
1.343041130421,0.038081391740,3.808139173982,0.950141008492
1.348042262062,0.038082038548,3.808203854848,0.949959243023
1.353043393702,0.038082658530,3.808265852990,0.949777540657
1.358044525343,0.038083251795,3.808325179482,0.949595901611
1.363045656983,0.038083818454,3.808381845365,0.949414326099
1.368046788624,0.038084358616,3.808435861650,0.949232814334
1.373047920264,0.038084872393,3.808487239313,0.949051366527
1.378049051904,0.038085359893,3.808535989298,0.948869982887
1.383050183545,0.038085821225,3.808582122520,0.948688663622
1.388051315185,0.038086256499,3.808625649858,0.948507408937
1.393052446826,0.038086665822,3.808666582160,0.948326219035
1.398053578466,0.038087049302,3.808704930244,0.948145094119
1.403054710107,0.038087407049,3.808740704892,0.947964034388
1.408055841747,0.038087739169,3.808773916860,0.947783040042
1.413056973387,0.038088045769,3.808804576867,0.947602111275
1.418058105028,0.038088326956,3.808832695603,0.947421248284
1.423059236668,0.038088582837,3.808858283726,0.947240451262
1.428060368309,0.038088813519,3.808881351862,0.947059720398
1.433061499949,0.038089019106,3.808901910607,0.946879055884
1.438062631590,0.038089199705,3.808919970523,0.946698457907
1.443063763230,0.038089355421,3.808935542145,0.946517926652
1.448064894870,0.038089486360,3.808948635973,0.946337462305
1.453066026511,0.038089592625,3.808959262477,0.946157065047
1.458067158151,0.038089674321,3.808967432096,0.945976735060
1.463068289792,0.038089731552,3.808973155240,0.945796472524
1.468069421432,0.038089764423,3.808976442285,0.945616277615
1.473070553073,0.038089773036,3.808977303579,0.945436150509
1.478071684713,0.038089757494,3.808975749438,0.945256091382
1.483072816353,0.038089717901,3.808971790147,0.945076100404
1.488073947994,0.038089654360,3.808965435961,0.944896177748
1.493075079634,0.038089566971,3.808956697104,0.944716323583
1.498076211275,0.038089455838,3.808945583772,0.944536538075
1.503077342915,0.038089321061,3.808932106128,0.944356821391
1.508078474556,0.038089162743,3.808916274305,0.944177173696
1.513079606196,0.038088980984,3.808898098408,0.943997595153
1.518080737836,0.038088775885,3.808877588509,0.943818085921
1.523081869477,0.038088547547,3.808854754653,0.943638646161
1.528083001117,0.038088296069,3.808829606853,0.943459276031
1.533084132758,0.038088021551,3.808802155093,0.943279975688
1.538085264398,0.038087724093,3.808772409327,0.943100745285
1.543086396039,0.038087403795,3.808740379479,0.942921584977
1.548087527679,0.038087060754,3.808706075445,0.942742494914
1.553088659319,0.038086695071,3.808669507089,0.942563475247
1.558089790960,0.038086306842,3.808630684248,0.942384526125
1.563090922600,0.038085896167,3.808589616728,0.942205647694
1.568092054241,0.038085463143,3.808546314306,0.942026840100
1.573093185881,0.038085007867,3.808500786730,0.941848103487
1.578094317522,0.038084530437,3.808453043720,0.941669437997
1.583095449162,0.038084030950,3.808403094964,0.941490843771
1.588096580802,0.038083509501,3.808350950124,0.941312320949
1.593097712443,0.038082966188,3.808296618832,0.941133869669
1.598098844083,0.038082401107,3.808240110691,0.940955490066
1.603099975724,0.038081814353,3.808181435275,0.940777182277
1.608101107364,0.038081206021,3.808120602129,0.940598946433
1.613102239005,0.038080576208,3.808057620770,0.940420782668
1.618103370645,0.038079925007,3.807992500688,0.940242691112
1.623104502285,0.038079252513,3.807925251341,0.940064671893
1.628105633926,0.038078558822,3.807855882162,0.939886725140
1.633106765566,0.038077844026,3.807784402553,0.939708850979
1.638107897207,0.038077108219,3.807710821890,0.939531049534
1.643109028847,0.038076351495,3.807635149519,0.939353320929
1.648110160487,0.038075573948,3.807557394759,0.939175665285
1.653111292128,0.038074775669,3.807477566901,0.938998082724
1.658112423768,0.038073956752,3.807395675207,0.938820573363
1.663113555409,0.038073117289,3.807311728912,0.938643137322
1.668114687049,0.038072257372,3.807225737223,0.938465774715
1.673115818690,0.038071377093,3.807137709319,0.938288485659
1.678116950330,0.038070476544,3.807047654352,0.938111270265
1.683118081970,0.038069555814,3.806955581445,0.937934128648
1.688119213611,0.038068614997,3.806861499696,0.937757060917
1.693120345251,0.038067654182,3.806765418172,0.937580067181
1.698121476892,0.038066673459,3.806667345915,0.937403147550
1.703122608532,0.038065672919,3.806567291940,0.937226302128
1.708123740173,0.038064652652,3.806465265233,0.937049531023
1.713124871813,0.038063612748,3.806361274755,0.936872834338
1.718126003453,0.038062553294,3.806255329437,0.936696212175
1.723127135094,0.038061474382,3.806147438186,0.936519664636
1.728128266734,0.038060376099,3.806037609879,0.936343191821
1.733129398375,0.038059258534,3.805925853370,0.936166793829
1.738130530015,0.038058121775,3.805812177482,0.935990470757
1.743131661656,0.038056965910,3.805696591014,0.935814222701
1.748132793296,0.038055791027,3.805579102736,0.935638049757
1.753133924936,0.038054597214,3.805459721395,0.935461952017
1.758135056577,0.038053384557,3.805338455708,0.935285929575
1.763136188217,0.038052153144,3.805215314367,0.935109982520
1.768137319858,0.038050903060,3.805090306037,0.934934110944
1.773138451498,0.038049634394,3.804963439357,0.934758314934
1.778139583139,0.038048347229,3.804834722941,0.934582594577
1.783140714779,0.038047041654,3.804704165373,0.934406949961
1.788141846419,0.038045717752,3.804571775215,0.934231381169
1.793142978060,0.038044375610,3.804437561001,0.934055888285
1.798144109700,0.038043015312,3.804301531240,0.933880471391
1.803145241341,0.038041636944,3.804163694412,0.933705130568
1.808146372981,0.038040240590,3.804024058976,0.933529865897
1.813147504622,0.038038826334,3.803882633361,0.933354677456
1.818148636262,0.038037394260,3.803739425972,0.933179565322
1.823149767902,0.038035944452,3.803594445188,0.933004529572
1.828150899543,0.038034476994,3.803447699364,0.932829570281
1.833152031183,0.038032991968,3.803299196827,0.932654687523
1.838153162824,0.038031489459,3.803148945879,0.932479881370
1.843154294464,0.038029969548,3.802996954798,0.932305151894
1.848155426105,0.038028432318,3.802843231835,0.932130499165
1.853156557745,0.038026877852,3.802687785217,0.931955923253
1.858157689385,0.038025306231,3.802530623146,0.931781424225
1.863158821026,0.038023717538,3.802371753797,0.931607002149
1.868159952666,0.038022111853,3.802211185321,0.931432657090
1.873161084307,0.038020489258,3.802048925845,0.931258389113
1.878162215947,0.038018849835,3.801884983469,0.931084198282
1.883163347588,0.038017193663,3.801719366270,0.930910084658
1.888164479228,0.038015520823,3.801552082299,0.930736048304
1.893165610868,0.038013831396,3.801383139582,0.930562089278
1.898166742509,0.038012125461,3.801212546122,0.930388207641
1.903167874149,0.038010403099,3.801040309896,0.930214403450
1.908169005790,0.038008664389,3.800866438857,0.930040676762
1.913170137430,0.038006909409,3.800690940932,0.929867027632
1.918171269071,0.038005138240,3.800513824026,0.929693456116
1.923172400711,0.038003350960,3.800335096018,0.929519962267
1.928173532351,0.038001547648,3.800154764762,0.929346546138
1.933174663992,0.037999728381,3.799972838091,0.929173207779
1.938175795632,0.037997893238,3.799789323809,0.928999947241
1.943176927273,0.037996042297,3.799604229701,0.928826764574
1.948178058913,0.037994175635,3.799417563524,0.928653659826
1.953179190554,0.037992293330,3.799229333013,0.928480633043
1.958180322194,0.037990395459,3.799039545878,0.928307684273
1.963181453834,0.037988482098,3.798848209807,0.928134813560
1.968182585475,0.037986553325,3.798655332461,0.927962020948
1.973183717115,0.037984609215,3.798460921480,0.927789306481
1.978184848756,0.037982649845,3.798264984480,0.927616670200
1.983185980396,0.037980675291,3.798067529051,0.927444112146
1.988187112037,0.037978685628,3.797868562763,0.927271632360
1.993188243677,0.037976680932,3.797668093160,0.927099230880
1.998189375317,0.037974661278,3.797466127764,0.926926907745
2.003190506958,0.037972626741,3.797262674071,0.926754662991
2.008191638598,0.037970577396,3.797057739558,0.926582496655
2.013192770239,0.037968513317,3.796851331674,0.926410408772
2.018193901879,0.037966434578,3.796643457849,0.926238399374
2.023195033519,0.037964341255,3.796434125488,0.926066468497
2.028196165160,0.037962233420,3.796223341971,0.925894616171
2.033197296800,0.037960111147,3.796011114658,0.925722842429
2.038198428441,0.037957974509,3.795797450886,0.925551147299
2.043199560081,0.037955823580,3.795582357967,0.925379530812
2.048200691722,0.037953658432,3.795365843191,0.925207992996
2.053201823362,0.037951479138,3.795147913825,0.925036533877
2.058202955002,0.037949285771,3.794928577116,0.924865153484
2.063204086643,0.037947078403,3.794707840284,0.924693851840
2.068205218283,0.037944857105,3.794485710529,0.924522628970
2.073206349924,0.037942621950,3.794262195028,0.924351484899
2.078207481564,0.037940373009,3.794037300935,0.924180419648
2.083208613205,0.037938110354,3.793811035383,0.924009433241
2.088209744845,0.037935834055,3.793583405482,0.923838525696
2.093210876485,0.037933544183,3.793354418318,0.923667697035
2.098212008126,0.037931240810,3.793124080957,0.923496947277
2.103213139766,0.037928924004,3.792892400441,0.923326276440
2.108214271407,0.037926593838,3.792659383793,0.923155684540
2.113215403047,0.037924250380,3.792425038009,0.922985171595
2.118216534688,0.037921893701,3.792189370068,0.922814737620
2.123217666328,0.037919523869,3.791952386924,0.922644382630
2.128218797968,0.037917140955,3.791714095510,0.922474106639
2.133219929609,0.037914745027,3.791474502736,0.922303909658
2.138221061249,0.037912336155,3.791233615493,0.922133791702
2.143222192890,0.037909914406,3.790991440648,0.921963752780
2.148223324530,0.037907479850,3.790747985046,0.921793792903
2.153224456171,0.037905032555,3.790503255513,0.921623912080
2.158225587811,0.037902572589,3.790257258850,0.921454110321
2.163226719451,0.037900100018,3.790010001839,0.921284387633
2.168227851092,0.037897614912,3.789761491241,0.921114744023
2.173228982732,0.037895117338,3.789511733792,0.920945179497
2.178230114373,0.037892607362,3.789260736212,0.920775694061
2.183231246013,0.037890085052,3.789008505194,0.920606287719
2.188232377654,0.037887550474,3.788755047414,0.920436960475
2.193233509294,0.037885003695,3.788500369526,0.920267712332
2.198234640934,0.037882444782,3.788244478162,0.920098543291
2.203235772575,0.037879873799,3.787987379933,0.919929453355
2.208236904215,0.037877290814,3.787729081429,0.919760442523
2.213238035856,0.037874695892,3.787469589220,0.919591510796
2.218239167496,0.037872089099,3.787208909855,0.919422658172
2.223240299137,0.037869470499,3.786947049861,0.919253884650
2.228241430777,0.037866840157,3.786684015744,0.919085190226
2.233242562417,0.037864198140,3.786419813992,0.918916574898
2.238243694058,0.037861544511,3.786154451070,0.918748038661
2.243244825698,0.037858879334,3.785887933423,0.918579581510
2.248245957339,0.037856202675,3.785620267475,0.918411203440
2.253247088979,0.037853514596,3.785351459630,0.918242904444
2.258248220620,0.037850815163,3.785081516272,0.918074684515
2.263249352260,0.037848104438,3.784810443763,0.917906543645
2.268250483900,0.037845382484,3.784538248447,0.917738481825
2.273251615541,0.037842649366,3.784264936645,0.917570499045
2.278252747181,0.037839905147,3.783990514661,0.917402595297
2.283253878822,0.037837149888,3.783714988776,0.917234770568
2.288255010462,0.037834383653,3.783438365252,0.917067024847
2.293256142103,0.037831606503,3.783160650331,0.916899358122
2.298257273743,0.037828818502,3.782881850235,0.916731770379
2.303258405383,0.037826019712,3.782601971166,0.916564261605
2.308259537024,0.037823210193,3.782321019305,0.916396831785
2.313260668664,0.037820390008,3.782039000815,0.916229480904
2.318261800305,0.037817559218,3.781755921839,0.916062208947
2.323262931945,0.037814717885,3.781471788498,0.915895015896
2.328264063586,0.037811866069,3.781186606896,0.915727901734
2.333265195226,0.037809003831,3.780900383117,0.915560866443
2.338266326866,0.037806131232,3.780613123222,0.915393910004
2.343267458507,0.037803248333,3.780324833258,0.915227032399
2.348268590147,0.037800355192,3.780035519248,0.915060233607
2.353269721788,0.037797451872,3.779745187197,0.914893513607
2.358270853428,0.037794538431,3.779453843092,0.914726872378
2.363271985069,0.037791614929,3.779161492899,0.914560309897
2.368273116709,0.037788681426,3.778868142565,0.914393826143
2.373274248349,0.037785737980,3.778573798018,0.914227421092
2.378275379990,0.037782784652,3.778278465166,0.914061094719
2.383276511630,0.037779821499,3.777982149900,0.913894847000
2.388277643271,0.037776848581,3.777684858090,0.913728677910
2.393278774911,0.037773865956,3.777386595588,0.913562587423
2.398279906551,0.037770873682,3.777087368225,0.913396575511
2.403281038192,0.037767871818,3.776787181817,0.913230642148
2.408282169832,0.037764860422,3.776486042156,0.913064787307
2.413283301473,0.037761839550,3.776183955021,0.912899010957
2.418284433113,0.037758809262,3.775880926167,0.912733313071
2.423285564754,0.037755769613,3.775576961333,0.912567693618
2.428286696394,0.037752720662,3.775272066238,0.912402152568
2.433287828034,0.037749662466,3.774966246585,0.912236689891
2.438288959675,0.037746595081,3.774659508055,0.912071305554
2.443290091315,0.037743518563,3.774351856313,0.911905999525
2.448291222956,0.037740432970,3.774043297003,0.911740771771
2.453292354596,0.037737338358,3.773733835754,0.911575622260
2.458293486237,0.037734234782,3.773423478174,0.911410550956
2.463294617877,0.037731122299,3.773112229854,0.911245557826
2.468295749517,0.037728000964,3.772800096365,0.911080642835
2.473296881158,0.037724870833,3.772487083261,0.910915805945
2.478298012798,0.037721731961,3.772173196078,0.910751047122
2.483299144439,0.037718584403,3.771858440334,0.910586366329
2.488300276079,0.037715428215,3.771542821529,0.910421763526
2.493301407720,0.037712263451,3.771226345143,0.910257238678
2.498302539360,0.037709090166,3.770909016640,0.910092791745
2.503303671000,0.037705908415,3.770590841467,0.909928422687
2.508304802641,0.037702718250,3.770271825049,0.909764131465
2.513305934281,0.037699519728,3.769951972798,0.909599918040
2.518307065922,0.037696312901,3.769631290105,0.909435782369
2.523308197562,0.037693097823,3.769309782344,0.909271724411
2.528309329203,0.037689874549,3.768987454872,0.909107744125
2.533310460843,0.037686643130,3.768664313028,0.908943841468
2.538311592483,0.037683403621,3.768340362134,0.908780016397
2.543312724124,0.037680156075,3.768015607492,0.908616268869
2.548313855764,0.037676900544,3.767690054389,0.908452598839
2.553314987405,0.037673637081,3.767363708095,0.908289006262
2.558316119045,0.037670365739,3.767036573859,0.908125491094
2.563317250686,0.037667086569,3.766708656917,0.907962053289
2.568318382326,0.037663799625,3.766379962484,0.907798692801
2.573319513966,0.037660504958,3.766050495761,0.907635409582
2.578320645607,0.037657202619,3.765720261929,0.907472203586
2.583321777247,0.037653892662,3.765389266153,0.907309074766
2.588322908888,0.037650575136,3.765057513581,0.907146023071
2.593324040528,0.037647250093,3.764725009344,0.906983048455
2.598325172169,0.037643917586,3.764391758555,0.906820150868
2.603326303809,0.037640577663,3.764057766311,0.906657330260
2.608327435449,0.037637230377,3.763723037692,0.906494586580
2.613328567090,0.037633875778,3.763387577760,0.906331919779
2.618329698730,0.037630513916,3.763051391562,0.906169329804
2.623330830371,0.037627144841,3.762714484126,0.906006816605
2.628331962011,0.037623768605,3.762376860465,0.905844380129
2.633333093652,0.037620385256,3.762038525575,0.905682020323
2.638334225292,0.037616994844,3.761699484433,0.905519737134
2.643335356932,0.037613597420,3.761359742004,0.905357530510
2.648336488573,0.037610193032,3.761019303231,0.905195400395
2.653337620213,0.037606781730,3.760678173045,0.905033346735
2.658338751854,0.037603363564,3.760336356358,0.904871369475
2.663339883494,0.037599938581,3.759993858066,0.904709468560
2.668341015135,0.037596506830,3.759650683049,0.904547643934
2.673342146775,0.037593068362,3.759306836170,0.904385895540
2.678343278415,0.037589623223,3.758962322277,0.904224223322
2.683344410056,0.037586171462,3.758617146199,0.904062627223
2.688345541696,0.037582713128,3.758271312752,0.903901107185
2.693346673337,0.037579248267,3.757924826735,0.903739663149
2.698347804977,0.037575776929,3.757577692928,0.903578295058
2.703348936618,0.037572299161,3.757229916098,0.903417002851
2.708350068258,0.037568815010,3.756881500995,0.903255786471
2.713351199898,0.037565324524,3.756532452354,0.903094645856
2.718352331539,0.037561827749,3.756182774892,0.902933580948
2.723353463179,0.037558324733,3.755832473310,0.902772591684
2.728354594820,0.037554815523,3.755481552297,0.902611678004
2.733355726460,0.037551300165,3.755130016520,0.902450839847
2.738356858101,0.037547778706,3.754777870636,0.902290077150
2.743357989741,0.037544251193,3.754425119283,0.902129389851
2.748359121381,0.037540717671,3.754071767084,0.901968777888
2.753360253022,0.037537178186,3.753717818647,0.901808241196
2.758361384662,0.037533632786,3.753363278562,0.901647779714
2.763362516303,0.037530081514,3.753008151406,0.901487393376
2.768363647943,0.037526524417,3.752652441741,0.901327082119
2.773364779583,0.037522961541,3.752296154110,0.901166845877
2.778365911224,0.037519392930,3.751939293043,0.901006684585
2.783367042864,0.037515818631,3.751581863056,0.900846598179
2.788368174505,0.037512238686,3.751223868645,0.900686586591
2.793369306145,0.037508653143,3.750865314296,0.900526649757
2.798370437786,0.037505062045,3.750506204476,0.900366787608
2.803371569426,0.037501465436,3.750146543637,0.900207000079
2.808372701066,0.037497863362,3.749786336219,0.900047287101
2.813373832707,0.037494255866,3.749425586642,0.899887648607
2.818374964347,0.037490642993,3.749064299316,0.899728084529
2.823376095988,0.037487024786,3.748702478630,0.899568594798
2.828377227628,0.037483401290,3.748340128965,0.899409179345
2.833378359269,0.037479772547,3.747977254680,0.899249838101
2.838379490909,0.037476138601,3.747613860124,0.899090570996
2.843380622549,0.037472499496,3.747249949629,0.898931377961
2.848381754190,0.037468855275,3.746885527513,0.898772258926
2.853382885830,0.037465205981,3.746520598077,0.898613213818
2.858384017471,0.037461551656,3.746155165610,0.898454242568
2.863385149111,0.037457892344,3.745789234385,0.898295345105
2.868386280752,0.037454228087,3.745422808661,0.898136521355
2.873387412392,0.037450558927,3.745055892680,0.897977771248
2.878388544032,0.037446884907,3.744688490672,0.897819094711
2.883389675673,0.037443206069,3.744320606851,0.897660491672
2.888390807313,0.037439522454,3.743952245417,0.897501962056
2.893391938954,0.037435834106,3.743583410555,0.897343505792
2.898393070594,0.037432141064,3.743214106436,0.897185122805
2.903394202235,0.037428443372,3.742844337217,0.897026813021
2.908395333875,0.037424741070,3.742474107039,0.896868576365
2.913396465515,0.037421034200,3.742103420030,0.896710412764
2.918397597156,0.037417322803,3.741732280303,0.896552322142
2.923398728796,0.037413606920,3.741360691957,0.896394304424
2.928399860437,0.037409886591,3.740988659077,0.896236359535
2.933400992077,0.037406161857,3.740616185733,0.896078487397
2.938402123718,0.037402432760,3.740243275982,0.895920687936
2.943403255358,0.037398699339,3.739869933867,0.895762961074
2.948404386998,0.037394961634,3.739496163414,0.895605306736
2.953405518639,0.037391219686,3.739121968638,0.895447724843
2.958406650279,0.037387473535,3.738747353539,0.895290215318
2.963407781920,0.037383723221,3.738372322103,0.895132778083
2.968408913560,0.037379968783,3.737996878303,0.894975413062
2.973410045201,0.037376210261,3.737621026096,0.894818120174
2.978411176841,0.037372447694,3.737244769427,0.894660899342
2.983412308481,0.037368681122,3.736868112227,0.894503750487
2.988413440122,0.037364910584,3.736491058411,0.894346673529
2.993414571762,0.037361136119,3.736113611884,0.894189668389
2.998415703403,0.037357357765,3.735735776534,0.894032734988
3.003416835043,0.037353575562,3.735357556237,0.893875873245
3.008417966684,0.037349789549,3.734978954855,0.893719083081
3.013419098324,0.037345999762,3.734599976237,0.893562364413
3.018420229964,0.037342206242,3.734220624216,0.893405717163
3.023421361605,0.037338409026,3.733840902615,0.893249141248
3.028422493245,0.037334608152,3.733460815242,0.893092636588
3.033423624886,0.037330803659,3.733080365890,0.892936203100
3.038424756526,0.037326995583,3.732699558340,0.892779840703
3.043425888167,0.037323183964,3.732318396361,0.892623549315
3.048427019807,0.037319368837,3.731936883706,0.892467328853
3.053428151447,0.037315550241,3.731555024117,0.892311179235
3.058429283088,0.037311728213,3.731172821320,0.892155100378
3.063430414728,0.037307902790,3.730790279031,0.891999092198
3.068431546369,0.037304074010,3.730407400950,0.891843154613
3.073432678009,0.037300241908,3.730024190766,0.891687287538
3.078433809650,0.037296406522,3.729640652154,0.891531490890
3.083434941290,0.037292567888,3.729256788775,0.891375764584
3.088436072930,0.037288726043,3.728872604279,0.891220108537
3.093437204571,0.037284881023,3.728488102301,0.891064522664
3.098438336211,0.037281032865,3.728103286464,0.890909006879
3.103439467852,0.037277181604,3.727718160378,0.890753561098
3.108440599492,0.037273327276,3.727332727640,0.890598185235
3.113441731133,0.037269469918,3.726946991835,0.890442879206
3.118442862773,0.037265609565,3.726560956532,0.890287642924
3.123443994413,0.037261746253,3.726174625292,0.890132476302
3.128445126054,0.037257880017,3.725788001660,0.889977379256
3.133446257694,0.037254010892,3.725401089168,0.889822351699
3.138447389335,0.037250138913,3.725013891337,0.889667393543
3.143448520975,0.037246264117,3.724626411675,0.889512504703
3.148449652615,0.037242386537,3.724238653677,0.889357685090
3.153450784256,0.037238506208,3.723850620826,0.889202934618
3.158451915896,0.037234623166,3.723462316591,0.889048253200
3.163453047537,0.037230737444,3.723073744429,0.888893640747
3.168454179177,0.037226849078,3.722684907786,0.888739097172
3.173455310818,0.037222958101,3.722295810094,0.888584622386
3.178456442458,0.037219064548,3.721906454774,0.888430216302
3.183457574098,0.037215168452,3.721516845232,0.888275878830
3.188458705739,0.037211269849,3.721126984865,0.888121609883
3.193459837379,0.037207368771,3.720736877055,0.887967409370
3.198460969020,0.037203465252,3.720346525173,0.887813277204
3.203462100660,0.037199559326,3.719955932578,0.887659213294
3.208463232301,0.037195651026,3.719565102617,0.887505217551
3.213464363941,0.037191740386,3.719174038622,0.887351289886
3.218465495581,0.037187827439,3.718782743916,0.887197430209
3.223466627222,0.037183912218,3.718391221810,0.887043638429
3.228467758862,0.037179994756,3.717999475601,0.886889914457
3.233468890503,0.037176075086,3.717607508574,0.886736258202
3.238470022143,0.037172153240,3.717215324005,0.886582669573
3.243471153784,0.037168229252,3.716822925154,0.886429148480
3.248472285424,0.037164303153,3.716430315271,0.886275694831
3.253473417064,0.037160374976,3.716037497595,0.886122308536
3.258474548705,0.037156444754,3.715644475351,0.885968989504
3.263475680345,0.037152512518,3.715251251755,0.885815737642
3.268476811986,0.037148578300,3.714857830008,0.885662552859
3.273477943626,0.037144642133,3.714464213301,0.885509435064
3.278479075267,0.037140704048,3.714070404813,0.885356384165
3.283480206907,0.037136764077,3.713676407712,0.885203400068
3.288481338547,0.037132822252,3.713282225153,0.885050482683
3.293482470188,0.037128878603,3.712887860280,0.884897631916
3.298483601828,0.037124933162,3.712493316226,0.884744847675
3.303484733469,0.037120985961,3.712098596111,0.884592129867
3.308485865109,0.037117037030,3.711703703045,0.884439478400
3.313486996750,0.037113086401,3.711308640125,0.884286893180
3.318488128390,0.037109134104,3.710913410438,0.884134374114
3.323489260030,0.037105180171,3.710518017058,0.883981921108
3.328490391671,0.037101224630,3.710122463049,0.883829534070
3.333491523311,0.037097267515,3.709726751464,0.883677212905
3.338492654952,0.037093308853,3.709330885342,0.883524957520
3.343493786592,0.037089348677,3.708934867713,0.883372767821
3.348494918233,0.037085387016,3.708538701596,0.883220643713
3.353496049873,0.037081423900,3.708142389996,0.883068585102
3.358497181513,0.037077459359,3.707745935910,0.882916591895
3.363498313154,0.037073493423,3.707349342323,0.882764663996
3.368499444794,0.037069526122,3.706952612207,0.882612801311
3.373500576435,0.037065557485,3.706555748524,0.882461003745
3.378501708075,0.037061587542,3.706158754227,0.882309271203
3.383502839716,0.037057616323,3.705761632253,0.882157603590
3.388503971356,0.037053643855,3.705364385534,0.882006000812
3.393505102996,0.037049670170,3.704967016986,0.881854462772
3.398506234637,0.037045695295,3.704569529517,0.881702989375
3.403507366277,0.037041719260,3.704171926023,0.881551580527
3.408508497918,0.037037742094,3.703774209388,0.881400236130
3.413509629558,0.037033763825,3.703376382488,0.881248956090
3.418510761199,0.037029784482,3.702978448185,0.881097740310
3.423511892839,0.037025804093,3.702580409332,0.880946588695
3.428513024479,0.037021822688,3.702182268771,0.880795501148
3.433514156120,0.037017840293,3.701784029334,0.880644477574
3.438515287760,0.037013856938,3.701385693839,0.880493517875
3.443516419401,0.037009872651,3.700987265098,0.880342621955
3.448517551041,0.037005887459,3.700588745909,0.880191789718
3.453518682682,0.037001901391,3.700190139060,0.880041021067
3.458519814322,0.036997914473,3.699791447330,0.879890315906
3.463520945962,0.036993926735,3.699392673484,0.879739674137
3.468522077603,0.036989938203,3.698993820281,0.879589095663
3.473523209243,0.036985948905,3.698594890465,0.879438580387
3.478524340884,0.036981958868,3.698195886774,0.879288128213
3.483525472524,0.036977968119,3.697796811931,0.879137739043
3.488526604165,0.036973976687,3.697397668652,0.878987412779
3.493527735805,0.036969984596,3.696998459640,0.878837149324
3.498528867445,0.036965991876,3.696599187591,0.878686948580
3.503529999086,0.036961998552,3.696199855187,0.878536810450
3.508531130726,0.036958004651,3.695800465103,0.878386734836
3.513532262367,0.036954010200,3.695401020000,0.878236721641
3.518533394007,0.036950015225,3.695001522532,0.878086770765
3.523534525647,0.036946019753,3.694601975341,0.877936882112
3.528535657288,0.036942023811,3.694202381061,0.877787055583
3.533536788928,0.036938027423,3.693802742312,0.877637291079
3.538537920569,0.036934030617,3.693403061708,0.877487588503
3.543539052209,0.036930033418,3.693003341850,0.877337947757
3.548540183850,0.036926035853,3.692603585330,0.877188368741
3.553541315490,0.036922037947,3.692203794730,0.877038851357
3.558542447130,0.036918039726,3.691803972622,0.876889395507
3.563543578771,0.036914041216,3.691404121567,0.876740001093
3.568544710411,0.036910042441,3.691004244119,0.876590668014
3.573545842052,0.036906043428,3.690604342818,0.876441396173
3.578546973692,0.036902044202,3.690204420197,0.876292185470
3.583548105333,0.036898044788,3.689804478778,0.876143035807
3.588549236973,0.036894045211,3.689404521073,0.875993947085
3.593550368613,0.036890045496,3.689004549585,0.875844919204
3.598551500254,0.036886045668,3.688604566807,0.875695952066
3.603552631894,0.036882045752,3.688204575221,0.875547045570
3.608553763535,0.036878045773,3.687804577302,0.875398199619
3.613554895175,0.036874045755,3.687404575511,0.875249414111
3.618556026816,0.036870045723,3.687004572304,0.875100688949
3.623557158456,0.036866045701,3.686604570125,0.874952024033
3.628558290096,0.036862045714,3.686204571408,0.874803419262
3.633559421737,0.036858045786,3.685804578577,0.874654874538
3.638560553377,0.036854045940,3.685404594050,0.874506389761
3.643561685018,0.036850046202,3.685004620230,0.874357964830
3.648562816658,0.036846046595,3.684604659516,0.874209599647
3.653563948299,0.036842047143,3.684204714293,0.874061294112
3.658565079939,0.036838047869,3.683804786939,0.873913048124
3.663566211579,0.036834048798,3.683404879822,0.873764861584
3.668567343220,0.036830049953,3.683004995301,0.873616734392
3.673568474860,0.036826051357,3.682605135725,0.873468666447
3.678569606501,0.036822053034,3.682205303434,0.873320657651
3.683570738141,0.036818055008,3.681805500757,0.873172707901
3.688571869782,0.036814057300,3.681405730018,0.873024817100
3.693573001422,0.036810059935,3.681005993526,0.872876985145
3.698574133062,0.036806062936,3.680606293586,0.872729211938
3.703575264703,0.036802066325,3.680206632490,0.872581497378
3.708576396343,0.036798070125,3.679807012524,0.872433841364
3.713577527984,0.036794074360,3.679407435961,0.872286243796
3.718578659624,0.036790079051,3.679007905069,0.872138704574
3.723579791265,0.036786084221,3.678608422103,0.871991223598
3.728580922905,0.036782089893,3.678208989313,0.871843800766
3.733582054545,0.036778096089,3.677809608936,0.871696435979
3.738583186186,0.036774102832,3.677410283202,0.871549129136
3.743584317826,0.036770110143,3.677011014332,0.871401880136
3.748585449467,0.036766118045,3.676611804537,0.871254688879
3.753586581107,0.036762126560,3.676212656022,0.871107555264
3.758587712748,0.036758135710,3.675813570978,0.870960479191
3.763588844388,0.036754145516,3.675414551592,0.870813460559
3.768589976028,0.036750156000,3.675015600039,0.870666499267
3.773591107669,0.036746167185,3.674616718486,0.870519595214
3.778592239309,0.036742179091,3.674217909092,0.870372748300
3.783593370950,0.036738191740,3.673819174007,0.870225958425
3.788594502590,0.036734205154,3.673420515371,0.870079225486
3.793595634231,0.036730219353,3.673021935316,0.869932549384
3.798596765871,0.036726234360,3.672623435966,0.869785930018
3.803597897511,0.036722250194,3.672225019435,0.869639367287
3.808599029152,0.036718266878,3.671826687830,0.869492861089
3.813600160792,0.036714284432,3.671428443246,0.869346411325
3.818601292433,0.036710302878,3.671030287775,0.869200017893
3.823602424073,0.036706322235,3.670632223494,0.869053680692
3.828603555714,0.036702342525,3.670234252476,0.868907399622
3.833604687354,0.036698363768,3.669836376784,0.868761174581
3.838605818994,0.036694385985,3.669438598472,0.868615005469
3.843606950635,0.036690409196,3.669040919586,0.868468892185
3.848608082275,0.036686433422,3.668643342164,0.868322834627
3.853609213916,0.036682458682,3.668245868234,0.868176832695
3.858610345556,0.036678484998,3.667848499818,0.868030886288
3.863611477197,0.036674512389,3.667451238927,0.867884995305
3.868612608837,0.036670540876,3.667054087565,0.867739159645
3.873613740477,0.036666570477,3.666657047728,0.867593379207
3.878614872118,0.036662601214,3.666260121403,0.867447653890
3.883616003758,0.036658633106,3.665863310568,0.867301983592
3.888617135399,0.036654666172,3.665466617195,0.867156368214
3.893618267039,0.036650700432,3.665070043245,0.867010807654
3.898619398679,0.036646735907,3.664673590672,0.866865301811
3.903620530320,0.036642772614,3.664277261423,0.866719850584
3.908621661960,0.036638810574,3.663881057435,0.866574453872
3.913622793601,0.036634849806,3.663484980638,0.866429111575
3.918623925241,0.036630890330,3.663089032953,0.866283823591
3.923625056882,0.036626932163,3.662693216293,0.866138589819
3.928626188522,0.036622975326,3.662297532564,0.865993410158
3.933627320162,0.036619019837,3.661901983662,0.865848284508
3.938628451803,0.036615065715,3.661506571477,0.865703212767
3.943629583443,0.036611112979,3.661111297889,0.865558194835
3.948630715084,0.036607161648,3.660716164773,0.865413230611
3.953631846724,0.036603211740,3.660321173992,0.865268319993
3.958632978365,0.036599263274,3.659926327404,0.865123462882
3.963634110005,0.036595316269,3.659531626859,0.864978659175
3.968635241645,0.036591370742,3.659137074198,0.864833908773
3.973636373286,0.036587426713,3.658742671254,0.864689211574
3.978637504926,0.036583484199,3.658348419852,0.864544567477
3.983638636567,0.036579543218,3.657954321812,0.864399976383
3.988639768207,0.036575603789,3.657560378941,0.864255438189
3.993640899848,0.036571665930,3.657166593044,0.864110952796
3.998642031488,0.036567729659,3.656772965914,0.863966520102
4.003643163128,0.036563794993,3.656379499337,0.863822140007
4.008644294769,0.036559861951,3.655986195094,0.863677812410
4.013645426409,0.036555930550,3.655593054954,0.863533537210
4.018646558050,0.036552000807,3.655200080683,0.863389314307
4.023647689690,0.036548072740,3.654807274035,0.863245143600
4.028648821331,0.036544146368,3.654414636759,0.863101024989
4.033649952971,0.036540221706,3.654022170596,0.862956958373
4.038651084611,0.036536298773,3.653629877280,0.862812943651
4.043652216252,0.036532377585,3.653237758535,0.862668980723
4.048653347892,0.036528458161,3.652845816079,0.862525069488
4.053654479533,0.036524540516,3.652454051624,0.862381209846
4.058655611173,0.036520624669,3.652062466873,0.862237401697
4.063656742814,0.036516710635,3.651671063520,0.862093644940
4.068657874454,0.036512798433,3.651279843254,0.861949939474
4.073659006094,0.036508888078,3.650888807757,0.861806285200
4.078660137735,0.036504979587,3.650497958700,0.861662682017
4.083661269375,0.036501072978,3.650107297751,0.861519129824
4.088662401016,0.036497168266,3.649716826568,0.861375628523
4.093663532656,0.036493265468,3.649326546802,0.861232178011
4.098664664297,0.036489364601,3.648936460096,0.861088778190
4.103665795937,0.036485465681,3.648546568089,0.860945428959
4.108666927577,0.036481568724,3.648156872408,0.860802130217
4.113668059218,0.036477673747,3.647767374677,0.860658881866
4.118669190858,0.036473780765,3.647378076510,0.860515683805
4.123670322499,0.036469889795,3.646988979515,0.860372535933
4.128671454139,0.036466000853,3.646600085292,0.860229438152
4.133672585780,0.036462113954,3.646211395435,0.860086390360
4.138673717420,0.036458229115,3.645822911529,0.859943392459
4.143674849060,0.036454346352,3.645434635155,0.859800444348
4.148675980701,0.036450465679,3.645046567884,0.859657545928
4.153677112341,0.036446587113,3.644658711281,0.859514697099
4.158678243982,0.036442710669,3.644271066904,0.859371897762
4.163679375622,0.036438836363,3.643883636303,0.859229147816
4.168680507263,0.036434964210,3.643496421023,0.859086447162
4.173681638903,0.036431094226,3.643109422600,0.858943795701
4.178682770543,0.036427226426,3.642722642564,0.858801193333
4.183683902184,0.036423360824,3.642336082439,0.858658639958
4.188685033824,0.036419497437,3.641949743739,0.858516135478
4.193686165465,0.036415636280,3.641563627974,0.858373679793
4.198687297105,0.036411777366,3.641177736647,0.858231272804
4.203688428746,0.036407920713,3.640792071252,0.858088914411
4.208689560386,0.036404066333,3.640406633278,0.857946604515
4.213690692026,0.036400214242,3.640021424207,0.857804343018
4.218691823667,0.036396364455,3.639636445513,0.857662129820
4.223692955307,0.036392516987,3.639251698665,0.857519964822
4.228694086948,0.036388671851,3.638867185123,0.857377847925
4.233695218588,0.036384829063,3.638482906342,0.857235779030
4.238696350229,0.036380988638,3.638098863771,0.857093758039
4.243697481869,0.036377150588,3.637715058849,0.856951784852
4.248698613509,0.036373314930,3.637331493012,0.856809859371
4.253699745150,0.036369481677,3.636948167688,0.856667981498
4.258700876790,0.036365650843,3.636565084296,0.856526151133
4.263702008431,0.036361822443,3.636182244252,0.856384368178
4.268703140071,0.036357996490,3.635799648964,0.856242632534
4.273704271711,0.036354172998,3.635417299833,0.856100944104
4.278705403352,0.036350351983,3.635035198253,0.855959302789
4.283706534992,0.036346533456,3.634653345613,0.855817708490
4.288707666633,0.036342717433,3.634271743294,0.855676161110
4.293708798273,0.036338903927,3.633890392672,0.855534660549
4.298709929914,0.036335092951,3.633509295115,0.855393206710
4.303711061554,0.036331284520,3.633128451985,0.855251799496
4.308712193194,0.036327478646,3.632747864638,0.855110438807
4.313713324835,0.036323675344,3.632367534424,0.854969124546
4.318714456475,0.036319874627,3.631987462684,0.854827856615
4.323715588116,0.036316076508,3.631607650757,0.854686634917
4.328716719756,0.036312281000,3.631228099971,0.854545459354
4.333717851397,0.036308488117,3.630848811651,0.854404329827
4.338718983037,0.036304697871,3.630469787114,0.854263246240
4.343720114677,0.036300910277,3.630091027671,0.854122208494
4.348721246318,0.036297125346,3.629712534626,0.853981216494
4.353722377958,0.036293343093,3.629334309280,0.853840270140
4.358723509599,0.036289563529,3.628956352924,0.853699369336
4.363724641239,0.036285786668,3.628578666843,0.853558513985
4.368725772880,0.036282012523,3.628201252318,0.853417703989
4.373726904520,0.036278241106,3.627824110623,0.853276939252
4.378728036160,0.036274472430,3.627447243025,0.853136219676
4.383729167801,0.036270706508,3.627070650785,0.852995545164
4.388730299441,0.036266943352,3.626694335158,0.852854915620
4.393731431082,0.036263182974,3.626318297394,0.852714330947
4.398732562722,0.036259425387,3.625942538736,0.852573791047
4.403733694363,0.036255670604,3.625567060420,0.852433295826
4.408734826003,0.036251918637,3.625191863677,0.852292845185
4.413735957643,0.036248169497,3.624816949732,0.852152439029
4.418737089284,0.036244423198,3.624442319804,0.852012077261
4.423738220924,0.036240679751,3.624067975105,0.851871759784
4.428739352565,0.036236939168,3.623693916842,0.851731486503
4.433740484205,0.036233201462,3.623320146216,0.851591257321
4.438741615846,0.036229466644,3.622946664422,0.851451072143
4.443742747486,0.036225734726,3.622573472648,0.851310930872
4.448743879126,0.036222005721,3.622200572077,0.851170833412
4.453745010767,0.036218279639,3.621827963888,0.851030779668
4.458746142407,0.036214556492,3.621455649249,0.850890769544
4.463747274048,0.036210836293,3.621083629328,0.850750802943
4.468748405688,0.036207119053,3.620711905283,0.850610879772
4.473749537329,0.036203404783,3.620340478267,0.850470999933
4.478750668969,0.036199693494,3.619969349430,0.850331163332
4.483751800609,0.036195985199,3.619598519912,0.850191369873
4.488752932250,0.036192279909,3.619227990851,0.850051619461
4.493754063890,0.036188577634,3.618857763375,0.849911912001
4.498755195531,0.036184878386,3.618487838611,0.849772247398
4.503756327171,0.036181182177,3.618118217677,0.849632625556
4.508757458812,0.036177489017,3.617748901687,0.849493046382
4.513758590452,0.036173798917,3.617379891747,0.849353509779
4.518759722092,0.036170111890,3.617011188961,0.849214015654
4.523760853733,0.036166427944,3.616642794423,0.849074563912
4.528761985373,0.036162747092,3.616274709226,0.848935154458
4.533763117014,0.036159069345,3.615906934454,0.848795787198
4.538764248654,0.036155394712,3.615539471186,0.848656462036
4.543765380295,0.036151723205,3.615172320497,0.848517178880
4.548766511935,0.036148054835,3.614805483454,0.848377937635
4.553767643575,0.036144389611,3.614438961120,0.848238738207
4.558768775216,0.036140727546,3.614072754553,0.848099580501
4.563769906856,0.036137068648,3.613706864804,0.847960464425
4.568771038497,0.036133412929,3.613341292919,0.847821389883
4.573772170137,0.036129760399,3.612976039940,0.847682356782
4.578773301778,0.036126111069,3.612611106901,0.847543365030
4.583774433418,0.036122464948,3.612246494832,0.847404414531
4.588775565058,0.036118822048,3.611882204758,0.847265505193
4.593776696699,0.036115182377,3.611518237697,0.847126636923
4.598777828339,0.036111545947,3.611154594664,0.846987809626
4.603778959980,0.036107912767,3.610791276665,0.846849023211
4.608780091620,0.036104282847,3.610428284705,0.846710277583
4.613781223261,0.036100656198,3.610065619781,0.846571572650
4.618782354901,0.036097032829,3.609703282884,0.846432908320
4.623783486541,0.036093412750,3.609341275002,0.846294284498
4.628784618182,0.036089795971,3.608979597116,0.846155701093
4.633785749822,0.036086182502,3.608618250203,0.846017158012
4.638786881463,0.036082572352,3.608257235233,0.845878655163
4.643788013103,0.036078965532,3.607896553172,0.845740192452
4.648789144743,0.036075362050,3.607536204981,0.845601769789
4.653790276384,0.036071761916,3.607176191615,0.845463387080
4.658791408024,0.036068165140,3.606816514024,0.845325044234
4.663792539665,0.036064571732,3.606457173154,0.845186741158
4.668793671305,0.036060981699,3.606098169943,0.845048477761
4.673794802946,0.036057395053,3.605739505327,0.844910253951
4.678795934586,0.036053811802,3.605381180235,0.844772069636
4.683797066226,0.036050231956,3.605023195592,0.844633924725
4.688798197867,0.036046655523,3.604665552316,0.844495819126
4.693799329507,0.036043082513,3.604308251322,0.844357752748
4.698800461148,0.036039512935,3.603951293519,0.844219725499
4.703801592788,0.036035946798,3.603594679812,0.844081737289
4.708802724429,0.036032384111,3.603238411099,0.843943788026
4.713803856069,0.036028824883,3.602882488273,0.843805877619
4.718804987709,0.036025269122,3.602526912226,0.843668005978
4.723806119350,0.036021716838,3.602171683839,0.843530173012
4.728807250990,0.036018168040,3.601816803993,0.843392378629
4.733808382631,0.036014622736,3.601462273561,0.843254622741
4.738809514271,0.036011080934,3.601108093413,0.843116905255
4.743810645912,0.036007542644,3.600754264413,0.842979226082
4.748811777552,0.036004007874,3.600400787420,0.842841585132
4.753812909192,0.036000476633,3.600047663288,0.842703982314
4.758814040833,0.035996948929,3.599694892868,0.842566417539
4.763815172473,0.035993424770,3.599342477003,0.842428890716
4.768816304114,0.035989904165,3.598990416535,0.842291401756
4.773817435754,0.035986387123,3.598638712297,0.842153950569
4.778818567395,0.035982873651,3.598287365119,0.842016537065
4.783819699035,0.035979363758,3.597936375828,0.841879161156
4.788820830675,0.035975857452,3.597585745244,0.841741822751
4.793821962316,0.035972354742,3.597235474183,0.841604521762
4.798823093956,0.035968855635,3.596885563455,0.841467258098
4.803824225597,0.035965360139,3.596536013868,0.841330031672
4.808825357237,0.035961868262,3.596186826222,0.841192842395
4.813826488878,0.035958380013,3.595838001315,0.841055690177
4.818827620518,0.035954895399,3.595489539938,0.840918574929
4.823828752158,0.035951414429,3.595141442880,0.840781496564
4.828829883799,0.035947937109,3.594793710923,0.840644454993
4.833831015439,0.035944463448,3.594446344845,0.840507450127
4.838832147080,0.035940993454,3.594099345420,0.840370481878
4.843833278720,0.035937527134,3.593752713417,0.840233550158
4.848834410361,0.035934064496,3.593406449600,0.840096654879
4.853835542001,0.035930605547,3.593060554728,0.839959795953
4.858836673641,0.035927150296,3.592715029558,0.839822973292
4.863837805282,0.035923698748,3.592369874840,0.839686186809
4.868838936922,0.035920250913,3.592025091319,0.839549436416
4.873840068563,0.035916806797,3.591680679737,0.839412722025
4.878841200203,0.035913366408,3.591336640831,0.839276043549
4.883842331844,0.035909929753,3.590992975334,0.839139400902
4.888843463484,0.035906496840,3.590649683974,0.839002793995
4.893844595124,0.035903067675,3.590306767473,0.838866222742
4.898845726765,0.035899642266,3.589964226552,0.838729687056
4.903846858405,0.035896220619,3.589622061925,0.838593186850
4.908847990046,0.035892802743,3.589280274301,0.838456722037
4.913849121686,0.035889388644,3.588938864387,0.838320292532
4.918850253327,0.035885978329,3.588597832884,0.838183898247
4.923851384967,0.035882571805,3.588257180490,0.838047539096
4.928852516607,0.035879169079,3.587916907895,0.837911214993
4.933853648248,0.035875770158,3.587577015790,0.837774925852
4.938854779888,0.035872375049,3.587237504857,0.837638671587
4.943855911529,0.035868983758,3.586898375776,0.837502452113
4.948857043169,0.035865596292,3.586559629223,0.837366267343
4.953858174810,0.035862212659,3.586221265868,0.837230117191
4.958859306450,0.035858832864,3.585883286378,0.837094001573
4.963860438090,0.035855456914,3.585545691415,0.836957920403
4.968861569731,0.035852084816,3.585208481638,0.836821873596
4.973862701371,0.035848716577,3.584871657699,0.836685861066
4.978863833012,0.035845352202,3.584535220250,0.836549882729
4.983864964652,0.035841991699,3.584199169934,0.836413938500
4.988866096292,0.035838635074,3.583863507394,0.836278028293
4.993867227933,0.035835282333,3.583528233265,0.836142152025
4.998868359573,0.035831933482,3.583193348182,0.836006309611
5.003869491214,0.035828588528,3.582858852772,0.835870500966
5.008870622854,0.035825247477,3.582524747661,0.835734726006
5.013871754495,0.035821910335,3.582191033467,0.835598984647
5.018872886135,0.035818577108,3.581857710808,0.835463276805
5.023874017775,0.035815247803,3.581524780296,0.835327602396
5.028875149416,0.035811922425,3.581192242538,0.835191961336
5.033876281056,0.035808600981,3.580860098138,0.835056353541
5.038877412697,0.035805283477,3.580528347697,0.834920778928
5.043878544337,0.035801969918,3.580196991809,0.834785237414
5.048879675978,0.035798660311,3.579866031067,0.834649728915
5.053880807618,0.035795354661,3.579535466058,0.834514253348
5.058881939258,0.035792052974,3.579205297366,0.834378810629
5.063883070899,0.035788755256,3.578875525571,0.834243400677
5.068884202539,0.035785461512,3.578546151248,0.834108023408
5.073885334180,0.035782171750,3.578217174968,0.833972678739
5.078886465820,0.035778885973,3.577888597300,0.833837366588
5.083887597461,0.035775604188,3.577560418807,0.833702086872
5.088888729101,0.035772326400,3.577232640049,0.833566839510
5.093889860741,0.035769052616,3.576905261581,0.833431624418
5.098890992382,0.035765782840,3.576578283957,0.833296441515
5.103892124022,0.035762517077,3.576251707723,0.833161290719
5.108893255663,0.035759255334,3.575925533423,0.833026171947
5.113894387303,0.035755997616,3.575599761599,0.832891085119
5.118895518944,0.035752743928,3.575274392787,0.832756030153
5.123896650584,0.035749494275,3.574949427518,0.832621006967
5.128897782224,0.035746248663,3.574624866322,0.832486015479
5.133898913865,0.035743007097,3.574300709724,0.832351055610
5.138900045505,0.035739769582,3.573976958244,0.832216127277
5.143901177146,0.035736536124,3.573653612401,0.832081230399
5.148902308786,0.035733306727,3.573330672706,0.831946364897
5.153903440427,0.035730081397,3.573008139671,0.831811530688
5.158904572067,0.035726860138,3.572686013800,0.831676727693
5.163905703707,0.035723642956,3.572364295597,0.831541955831
5.168906835348,0.035720429856,3.572042985559,0.831407215022
5.173907966988,0.035717220842,3.571722084181,0.831272505185
5.178909098629,0.035714015920,3.571401591954,0.831137826240
5.183910230269,0.035710815094,3.571081509366,0.831003178109
5.188911361910,0.035707618369,3.570761836900,0.830868560709
5.193912493550,0.035704425750,3.570442575036,0.830733973963
5.198913625190,0.035701237243,3.570123724250,0.830599417791
5.203914756831,0.035698052850,3.569805285015,0.830464892112
5.208915888471,0.035694872578,3.569487257800,0.830330396848
5.213917020112,0.035691696431,3.569169643069,0.830195931919
5.218918151752,0.035688524413,3.568852441286,0.830061497247
5.223919283393,0.035685356529,3.568535652907,0.829927092752
5.228920415033,0.035682192784,3.568219278388,0.829792718357
5.233921546673,0.035679033182,3.567903318178,0.829658373981
5.238922678314,0.035675877727,3.567587772727,0.829524059546
5.243923809954,0.035672726425,3.567272642477,0.829389774975
5.248924941595,0.035669579279,3.566957927868,0.829255520189
5.253926073235,0.035666436293,3.566643629338,0.829121295109
5.258927204876,0.035663297473,3.566329747320,0.828987099658
5.263928336516,0.035660162822,3.566016282243,0.828852933757
5.268929468156,0.035657032345,3.565703234533,0.828718797330
5.273930599797,0.035653906046,3.565390604613,0.828584690298
5.278931731437,0.035650783929,3.565078392903,0.828450612584
5.283932863078,0.035647665998,3.564766599818,0.828316564110
5.288933994718,0.035644552258,3.564455225770,0.828182544799
5.293935126359,0.035641442712,3.564144271169,0.828048554575
5.298936257999,0.035638337364,3.563833736420,0.827914593359
5.303937389639,0.035635236219,3.563523621924,0.827780661076
5.308938521280,0.035632139281,3.563213928081,0.827646757648
5.313939652920,0.035629046553,3.562904655285,0.827512882999
5.318940784561,0.035625958039,3.562595803929,0.827379037053
5.323941916201,0.035622873744,3.562287374401,0.827245219732
5.328943047842,0.035619793671,3.561979367086,0.827111430962
5.333944179482,0.035616717824,3.561671782366,0.826977670665
5.338945311122,0.035613646206,3.561364620619,0.826843938766
5.343946442763,0.035610578822,3.561057882220,0.826710235190
5.348947574403,0.035607515675,3.560751567542,0.826576559859
5.353948706044,0.035604456770,3.560445676953,0.826442912699
5.358949837684,0.035601402108,3.560140210817,0.826309293635
5.363950969324,0.035598351695,3.559835169498,0.826175702591
5.368952100965,0.035595305534,3.559530553353,0.826042139492
5.373953232605,0.035592263627,3.559226362737,0.825908604262
5.378954364246,0.035589225980,3.558922598004,0.825775096828
5.383955495886,0.035586192595,3.558619259502,0.825641617114
5.388956627527,0.035583163476,3.558316347577,0.825508165045
5.393957759167,0.035580138626,3.558013862571,0.825374740548
5.398958890807,0.035577118048,3.557711804823,0.825241343547
5.403960022448,0.035574101747,3.557410174670,0.825107973968
5.408961154088,0.035571089724,3.557108972444,0.824974631739
5.413962285729,0.035568081985,3.556808198476,0.824841316783
5.418963417369,0.035565078531,3.556507853091,0.824708029028
5.423964549010,0.035562079366,3.556207936613,0.824574768400
5.428965680650,0.035559084494,3.555908449363,0.824441534825
5.433966812290,0.035556093917,3.555609391658,0.824308328230
5.438967943931,0.035553107638,3.555310763811,0.824175148541
5.443969075571,0.035550125661,3.555012566134,0.824041995686
5.448970207212,0.035547147989,3.554714798935,0.823908869591
5.453971338852,0.035544174625,3.554417462518,0.823775770183
5.458972470493,0.035541205572,3.554120557185,0.823642697390
5.463973602133,0.035538240832,3.553824083234,0.823509651139
5.468974733773,0.035535280410,3.553528040962,0.823376631357
5.473975865414,0.035532324307,3.553232430661,0.823243637973
5.478976997054,0.035529372526,3.552937252620,0.823110670913
5.483978128695,0.035526425071,3.552642507126,0.822977730105
5.488979260335,0.035523481945,3.552348194462,0.822844815479
5.493980391976,0.035520543149,3.552054314909,0.822711926961
5.498981523616,0.035517608687,3.551760868744,0.822579064480
5.503982655256,0.035514678562,3.551467856242,0.822446227965
5.508983786897,0.035511752777,3.551175277675,0.822313417343
5.513984918537,0.035508831333,3.550883133310,0.822180632545
5.518986050178,0.035505914234,3.550591423414,0.822047873498
5.523987181818,0.035503001482,3.550300148250,0.821915140131
5.528988313459,0.035500093081,3.550009308076,0.821782432374
5.533989445099,0.035497189032,3.549718903151,0.821649750156
5.538990576739,0.035494289337,3.549428933727,0.821517093406
5.543991708380,0.035491394001,3.549139400057,0.821384462053
5.548992840020,0.035488503024,3.548850302388,0.821251856028
5.553993971661,0.035485616410,3.548561640965,0.821119275259
5.558995103301,0.035482734160,3.548273416032,0.820986719678
5.563996234942,0.035479856278,3.547985627826,0.820854189213
5.568997366582,0.035476982766,3.547698276587,0.820721683795
5.573998498222,0.035474113625,3.547411362546,0.820589203355
5.578999629863,0.035471248859,3.547124885936,0.820456747822
5.584000761503,0.035468388470,3.546838846985,0.820324317127
5.589001893144,0.035465532459,3.546553245917,0.820191911202
5.594003024784,0.035462680830,3.546268082956,0.820059529976
5.599004156425,0.035459833583,3.545983358322,0.819927173380
5.604005288065,0.035456990722,3.545699072231,0.819794841347
5.609006419705,0.035454152249,3.545415224899,0.819662533806
5.614007551346,0.035451318165,3.545131816536,0.819530250690
5.619008682986,0.035448488474,3.544848847351,0.819397991930
5.624009814627,0.035445663176,3.544566317551,0.819265757457
5.629010946267,0.035442842273,3.544284227339,0.819133547203
5.634012077908,0.035440025769,3.544002576916,0.819001361101
5.639013209548,0.035437213665,3.543721366479,0.818869199081
5.644014341188,0.035434405962,3.543440596224,0.818737061077
5.649015472829,0.035431602663,3.543160266343,0.818604947020
5.654016604469,0.035428803770,3.542880377026,0.818472856843
5.659017736110,0.035426009285,3.542600928461,0.818340790479
5.664018867750,0.035423219208,3.542321920831,0.818208747860
5.669019999391,0.035420433543,3.542043354319,0.818076728919
5.674021131031,0.035417652291,3.541765229105,0.817944733589
5.679022262671,0.035414875454,3.541487545364,0.817812761804
5.684023394312,0.035412103033,3.541210303271,0.817680813495
5.689024525952,0.035409335030,3.540933502997,0.817548888597
5.694025657593,0.035406571447,3.540657144710,0.817416987044
5.699026789233,0.035403812286,3.540381228578,0.817285108768
5.704027920874,0.035401057548,3.540105754764,0.817153253704
5.709029052514,0.035398307234,3.539830723428,0.817021421785
5.714030184154,0.035395561347,3.539556134729,0.816889612946
5.719031315795,0.035392819888,3.539281988824,0.816757827121
5.724032447435,0.035390082859,3.539008285865,0.816626064243
5.729033579076,0.035387350260,3.538735026003,0.816494324249
5.734034710716,0.035384622094,3.538462209386,0.816362607071
5.739035842356,0.035381898362,3.538189836161,0.816230912644
5.744036973997,0.035379179065,3.537917906471,0.816099240905
5.749038105637,0.035376464205,3.537646420455,0.815967591786
5.754039237278,0.035373753783,3.537375378253,0.815835965225
5.759040368918,0.035371047800,3.537104780001,0.815704361155
5.764041500559,0.035368346258,3.536834625831,0.815572779513
5.769042632199,0.035365649159,3.536564915875,0.815441220233
5.774043763839,0.035362956503,3.536295650260,0.815309683252
5.779044895480,0.035360268291,3.536026829114,0.815178168505
5.784046027120,0.035357584526,3.535758452558,0.815046675928
5.789047158761,0.035354905207,3.535490520715,0.814915205457
5.794048290401,0.035352230337,3.535223033703,0.814783757029
5.799049422042,0.035349559916,3.534955991637,0.814652330579
5.804050553682,0.035346893946,3.534689394633,0.814520926044
5.809051685322,0.035344232428,3.534423242802,0.814389543361
5.814052816963,0.035341575363,3.534157536251,0.814258182467
5.819053948603,0.035338922751,3.533892275089,0.814126843297
5.824055080244,0.035336274594,3.533627459419,0.813995525790
5.829056211884,0.035333630893,3.533363089344,0.813864229882
5.834057343525,0.035330991650,3.533099164962,0.813732955511
5.839058475165,0.035328356864,3.532835686371,0.813601702614
5.844059606805,0.035325726537,3.532572653667,0.813470471128
5.849060738446,0.035323100669,3.532310066941,0.813339260991
5.854061870086,0.035320479263,3.532047926283,0.813208072142
5.859063001727,0.035317862318,3.531786231783,0.813076904517
5.864064133367,0.035315249835,3.531524983525,0.812945758055
5.869065265008,0.035312641816,3.531264181593,0.812814632694
5.874066396648,0.035310038261,3.531003826067,0.812683528373
5.879067528288,0.035307439170,3.530743917027,0.812552445029
5.884068659929,0.035304844545,3.530484454550,0.812421382602
5.889069791569,0.035302254387,3.530225438708,0.812290341031
5.894070923210,0.035299668696,3.529966869575,0.812159320253
5.899072054850,0.035297087472,3.529708747221,0.812028320208
5.904073186491,0.035294510717,3.529451071712,0.811897340836
5.909074318131,0.035291938431,3.529193843114,0.811766382075
5.914075449771,0.035289370615,3.528937061490,0.811635443865
5.919076581412,0.035286807269,3.528680726901,0.811504526145
5.924077713052,0.035284248394,3.528424839406,0.811373628855
5.929078844693,0.035281693991,3.528169399062,0.811242751935
5.934079976333,0.035279144059,3.527914405921,0.811111895324
5.939081107974,0.035276598600,3.527659860038,0.810981058964
5.944082239614,0.035274057615,3.527405761461,0.810850242793
5.949083371254,0.035271521102,3.527152110239,0.810719446753
5.954084502895,0.035268989064,3.526898906416,0.810588670784
5.959085634535,0.035266461500,3.526646150038,0.810457914825
5.964086766176,0.035263938411,3.526393841144,0.810327178819
5.969087897816,0.035261419798,3.526141979775,0.810196462706
5.974089029457,0.035258905660,3.525890565967,0.810065766427
5.979090161097,0.035256395998,3.525639599755,0.809935089923
5.984091292737,0.035253890812,3.525389081173,0.809804433135
5.989092424378,0.035251390103,3.525139010251,0.809673796004
5.994093556018,0.035248893870,3.524889387019,0.809543178473
5.999094687659,0.035246402115,3.524640211501,0.809412580483
6.004095819299,0.035243914837,3.524391483724,0.809282001975
6.009096950940,0.035241432037,3.524143203709,0.809151442892
6.014098082580,0.035238953715,3.523895371478,0.809020903176
6.019099214220,0.035236479870,3.523647987048,0.808890382768
6.024100345861,0.035234010504,3.523401050436,0.808759881612
6.029101477501,0.035231545617,3.523154561657,0.808629399649
6.034102609142,0.035229085207,3.522908520722,0.808498936822
6.039103740782,0.035226629276,3.522662927642,0.808368493074
6.044104872423,0.035224177824,3.522417782425,0.808238068348
6.049106004063,0.035221730851,3.522173085078,0.808107662586
6.054107135703,0.035219288356,3.521928835604,0.807977275732
6.059108267344,0.035216850340,3.521685034007,0.807846907729
6.064109398984,0.035214416803,3.521441680286,0.807716558520
6.069110530625,0.035211987744,3.521198774440,0.807586228050
6.074111662265,0.035209563165,3.520956316465,0.807455916261
6.079112793906,0.035207143064,3.520714306356,0.807325623097
6.084113925546,0.035204727441,3.520472744105,0.807195348502
6.089115057186,0.035202316297,3.520231629702,0.807065092421
6.094116188827,0.035199909631,3.519990963137,0.806934854797
6.099117320467,0.035197507444,3.519750744396,0.806804635574
6.104118452108,0.035195109735,3.519510973464,0.806674434698
6.109119583748,0.035192716503,3.519271650323,0.806544252112
6.114120715388,0.035190327750,3.519032774955,0.806414087762
6.119121847029,0.035187943473,3.518794347338,0.806283941592
6.124122978669,0.035185563675,3.518556367451,0.806153813547
6.129124110310,0.035183188353,3.518318835267,0.806023703572
6.134125241950,0.035180817508,3.518081750761,0.805893611612
6.139126373591,0.035178451139,3.517845113904,0.805763537614
6.144127505231,0.035176089247,3.517608924666,0.805633481521
6.149128636871,0.035173731830,3.517373183015,0.805503443280
6.154129768512,0.035171378889,3.517137888916,0.805373422837
6.159130900152,0.035169030423,3.516903042333,0.805243420138
6.164132031793,0.035166686432,3.516668643230,0.805113435127
6.169133163433,0.035164346916,3.516434691566,0.804983467752
6.174134295074,0.035162011873,3.516201187301,0.804853517960
6.179135426714,0.035159681304,3.515968130390,0.804723585695
6.184136558354,0.035157355208,3.515735520790,0.804593670905
6.189137689995,0.035155033585,3.515503358453,0.804463773536
6.194138821635,0.035152716433,3.515271643331,0.804333893535
6.199139953276,0.035150403754,3.515040375374,0.804204030850
6.204141084916,0.035148095545,3.514809554529,0.804074185426
6.209142216557,0.035145791807,3.514579180743,0.803944357212
6.214143348197,0.035143492540,3.514349253960,0.803814546154
6.219144479837,0.035141197741,3.514119774122,0.803684752201
6.224145611478,0.035138907412,3.513890741171,0.803554975298
6.229146743118,0.035136621550,3.513662155046,0.803425215395
6.234147874759,0.035134340157,3.513434015684,0.803295472439
6.239149006399,0.035132063230,3.513206323021,0.803165746378
6.244150138040,0.035129790770,3.512979076991,0.803036037160
6.249151269680,0.035127522775,3.512752277526,0.802906344733
6.254152401320,0.035125259246,3.512525924557,0.802776669046
6.259153532961,0.035123000180,3.512300018012,0.802647010047
6.264154664601,0.035120745578,3.512074557819,0.802517367684
6.269155796242,0.035118495439,3.511849543903,0.802387741907
6.274156927882,0.035116249762,3.511624976188,0.802258132664
6.279158059523,0.035114008546,3.511400854596,0.802128539904
6.284159191163,0.035111771790,3.511177179048,0.801998963576
6.289160322803,0.035109539495,3.510953949463,0.801869403630
6.294161454444,0.035107311658,3.510731165756,0.801739860015
6.299162586084,0.035105088278,3.510508827845,0.801610332680
6.304163717725,0.035102869356,3.510286935644,0.801480821575
6.309164849365,0.035100654891,3.510065489063,0.801351326650
6.314165981006,0.035098444880,3.509844488014,0.801221847854
6.319167112646,0.035096239324,3.509623932406,0.801092385138
6.324168244286,0.035094038221,3.509403822146,0.800962938451
6.329169375927,0.035091841571,3.509184157140,0.800833507745
6.334170507567,0.035089649373,3.508964937293,0.800704092968
6.339171639208,0.035087461625,3.508746162506,0.800574694073
6.344172770848,0.035085278327,3.508527832682,0.800445311009
6.349173902489,0.035083099477,3.508309947718,0.800315943728
6.354175034129,0.035080925075,3.508092507514,0.800186592179
6.359176165769,0.035078755120,3.507875511965,0.800057256315
6.364177297410,0.035076589610,3.507658960966,0.799927936086
6.369178429050,0.035074428544,3.507442854410,0.799798631443
6.374179560691,0.035072271922,3.507227192190,0.799669342339
6.379180692331,0.035070119742,3.507011974194,0.799540068724
6.384181823972,0.035067972003,3.506797200312,0.799410810550
6.389182955612,0.035065828704,3.506582870431,0.799281567770
6.394184087252,0.035063689844,3.506368984436,0.799152340334
6.399185218893,0.035061555422,3.506155542211,0.799023128195
6.404186350533,0.035059425436,3.505942543639,0.798893931305
6.409187482174,0.035057299886,3.505729988600,0.798764749616
6.414188613814,0.035055178770,3.505517876974,0.798635583081
6.419189745455,0.035053062086,3.505306208639,0.798506431652
6.424190877095,0.035050949835,3.505094983472,0.798377295282
6.429192008735,0.035048842013,3.504884201348,0.798248173924
6.434193140376,0.035046738621,3.504673862139,0.798119067531
6.439194272016,0.035044639657,3.504463965719,0.797989976055
6.444195403657,0.035042545120,3.504254511958,0.797860899450
6.449196535297,0.035040455007,3.504045500725,0.797731837670
6.454197666938,0.035038369319,3.503836931887,0.797602790666
6.459198798578,0.035036288053,3.503628805312,0.797473758394
6.464199930218,0.035034211209,3.503421120863,0.797344740807
6.469201061859,0.035032138784,3.503213878405,0.797215737858
6.474202193499,0.035030070778,3.503007077799,0.797086749502
6.479203325140,0.035028007189,3.502800718906,0.796957775692
6.484204456780,0.035025948016,3.502594801585,0.796828816382
6.489205588420,0.035023893257,3.502389325694,0.796699871528
6.494206720061,0.035021842911,3.502184291089,0.796570941083
6.499207851701,0.035019796976,3.501979697625,0.796442025002
6.504208983342,0.035017755452,3.501775545156,0.796313123239
6.509210114982,0.035015718335,3.501571833534,0.796184235750
6.514211246623,0.035013685626,3.501368562609,0.796055362489
6.519212378263,0.035011657322,3.501165732232,0.795926503411
6.524213509903,0.035009633423,3.500963342250,0.795797658471
6.529214641544,0.035007613925,3.500761392510,0.795668827626
6.534215773184,0.035005598829,3.500559882858,0.795540010829
6.539216904825,0.035003588131,3.500358813137,0.795411208037
6.544218036465,0.035001581832,3.500158183190,0.795282419205
6.549219168106,0.034999579929,3.499957992858,0.795153644289
6.554220299746,0.034997582420,3.499758241982,0.795024883245
6.559221431386,0.034995589304,3.499558930400,0.794896136029
6.564222563027,0.034993600579,3.499360057950,0.794767402597
6.569223694667,0.034991616245,3.499161624467,0.794638682906
6.574224826308,0.034989636298,3.498963629787,0.794509976911
6.579225957948,0.034987660737,3.498766073742,0.794381284569
6.584227089589,0.034985689562,3.498568956166,0.794252605837
6.589228221229,0.034983722769,3.498372276888,0.794123940672
6.594229352869,0.034981760357,3.498176035739,0.793995289030
6.599230484510,0.034979802325,3.497980232547,0.793866650869
6.604231616150,0.034977848671,3.497784867138,0.793738026145
6.609232747791,0.034975899393,3.497589939339,0.793609414816
6.614233879431,0.034973954490,3.497395448974,0.793480816839
6.619235011072,0.034972013959,3.497201395867,0.793352232172
6.624236142712,0.034970077798,3.497007779838,0.793223660772
6.629237274352,0.034968146007,3.496814600710,0.793095102597
6.634238405993,0.034966218583,3.496621858302,0.792966557605
6.639239537633,0.034964295524,3.496429552431,0.792838025753
6.644240669274,0.034962376829,3.496237682915,0.792709507000
6.649241800914,0.034960462496,3.496046249570,0.792581001305
6.654242932555,0.034958552522,3.495855252211,0.792452508624
6.659244064195,0.034956646906,3.495664690650,0.792324028918
6.664245195835,0.034954745647,3.495474564700,0.792195562143
6.669246327476,0.034952848742,3.495284874172,0.792067108260
6.674247459116,0.034950956189,3.495095618875,0.791938667227
6.679248590757,0.034949067986,3.494906798619,0.791810239002
6.684249722397,0.034947184132,3.494718413211,0.791681823546
6.689250854038,0.034945304625,3.494530462456,0.791553420816
6.694251985678,0.034943429462,3.494342946161,0.791425030772
6.699253117318,0.034941558641,3.494155864128,0.791296653374
6.704254248959,0.034939692162,3.493969216161,0.791168288581
6.709255380599,0.034937830021,3.493783002061,0.791039936353
6.714256512240,0.034935972216,3.493597221629,0.790911596650
6.719257643880,0.034934118747,3.493411874663,0.790783269431
6.724258775521,0.034932269610,3.493226960963,0.790654954657
6.729259907161,0.034930424803,3.493042480324,0.790526652286
6.734261038801,0.034928584325,3.492858432543,0.790398362281
6.739262170442,0.034926748174,3.492674817414,0.790270084601
6.744263302082,0.034924916347,3.492491634731,0.790141819207
6.749264433723,0.034923088843,3.492308884287,0.790013566058
6.754265565363,0.034921265659,3.492126565872,0.789885325117
6.759266697004,0.034919446793,3.491944679277,0.789757096343
6.764267828644,0.034917632243,3.491763224292,0.789628879698
6.769268960284,0.034915822007,3.491582200704,0.789500675142
6.774270091925,0.034914016083,3.491401608300,0.789372482638
6.779271223565,0.034912214469,3.491221446865,0.789244302145
6.784272355206,0.034910417162,3.491041716186,0.789116133626
6.789273486846,0.034908624160,3.490862416045,0.788987977042
6.794274618487,0.034906835462,3.490683546225,0.788859832355
6.799275750127,0.034905051065,3.490505106508,0.788731699527
6.804276881767,0.034903270967,3.490327096674,0.788603578518
6.809278013408,0.034901495165,3.490149516502,0.788475469292
6.814279145048,0.034899723658,3.489972365772,0.788347371811
6.819280276689,0.034897956443,3.489795644259,0.788219286036
6.824281408329,0.034896193517,3.489619351741,0.788091211930
6.829282539970,0.034894434880,3.489443487993,0.787963149456
6.834283671610,0.034892680528,3.489268052789,0.787835098576
6.839284803250,0.034890930459,3.489093045902,0.787707059252
6.844285934891,0.034889184671,3.488918467104,0.787579031448
6.849287066531,0.034887443162,3.488744316167,0.787451015126
6.854288198172,0.034885705929,3.488570592861,0.787323010250
6.859289329812,0.034883972970,3.488397296954,0.787195016782
6.864290461452,0.034882244282,3.488224428215,0.787067034686
6.869291593093,0.034880519864,3.488051986410,0.786939063926
6.874292724733,0.034878799713,3.487879971307,0.786811104464
6.879293856374,0.034877083827,3.487708382670,0.786683156264
6.884294988014,0.034875372203,3.487537220263,0.786555219291
6.889296119655,0.034873664838,3.487366483850,0.786427293507
6.894297251295,0.034871961732,3.487196173192,0.786299378878
6.899298382935,0.034870262881,3.487026288051,0.786171475366
6.904299514576,0.034868568282,3.486856828187,0.786043582936
6.909300646216,0.034866877934,3.486687793360,0.785915701552
6.914301777857,0.034865191833,3.486519183327,0.785787831179
6.919302909497,0.034863509978,3.486350997846,0.785659971782
6.924304041138,0.034861832367,3.486183236673,0.785532123324
6.929305172778,0.034860158996,3.486015899565,0.785404285771
6.934306304418,0.034858489863,3.485848986274,0.785276459088
6.939307436059,0.034856824966,3.485682496556,0.785148643239
6.944308567699,0.034855164302,3.485516430162,0.785020838189
6.949309699340,0.034853507868,3.485350786845,0.784893043904
6.954310830980,0.034851855664,3.485185566355,0.784765260349
6.959311962621,0.034850207684,3.485020768442,0.784637487490
6.964313094261,0.034848563929,3.484856392855,0.784509725291
6.969314225901,0.034846924393,3.484692439342,0.784381973719
6.974315357542,0.034845289077,3.484528907651,0.784254232740
6.979316489182,0.034843657975,3.484365797527,0.784126502318
6.984317620823,0.034842031087,3.484203108716,0.783998782421
6.989318752463,0.034840408410,3.484040840963,0.783871073014
6.994319884104,0.034838789940,3.483878994010,0.783743374064
6.999321015744,0.034837175676,3.483717567602,0.783615685536
7.004322147384,0.034835565615,3.483556561479,0.783488007397
7.009323279025,0.034833959754,3.483395975382,0.783360339614
7.014324410665,0.034832358091,3.483235809053,0.783232682154
7.019325542306,0.034830760622,3.483076062229,0.783105034982
7.024326673946,0.034829167346,3.482916734649,0.782977398067
7.029327805587,0.034827578261,3.482757826051,0.782849771374
7.034328937227,0.034825993362,3.482599336172,0.782722154871
7.039330068867,0.034824412647,3.482441264747,0.782594548526
7.044331200508,0.034822836115,3.482283611512,0.782466952305
7.049332332148,0.034821263762,3.482126376199,0.782339366176
7.054333463789,0.034819695585,3.481969558544,0.782211790106
7.059334595429,0.034818131583,3.481813158277,0.782084224063
7.064335727070,0.034816571751,3.481657175132,0.781956668016
7.069336858710,0.034815016088,3.481501608838,0.781829121930
7.074337990350,0.034813464591,3.481346459126,0.781701585776
7.079339121991,0.034811917257,3.481191725725,0.781574059519
7.084340253631,0.034810374084,3.481037408363,0.781446543130
7.089341385272,0.034808835068,3.480883506768,0.781319036576
7.094342516912,0.034807300207,3.480730020667,0.781191539825
7.099343648553,0.034805769498,3.480576949785,0.781064052846
7.104344780193,0.034804242938,3.480424293848,0.780936575608
7.109345911833,0.034802720526,3.480272052580,0.780809108079
7.114347043474,0.034801202257,3.480120225705,0.780681650228
7.119348175114,0.034799688129,3.479968812946,0.780554202025
7.124349306755,0.034798178140,3.479817814025,0.780426763437
7.129350438395,0.034796672287,3.479667228663,0.780299334434
7.134351570036,0.034795170566,3.479517056580,0.780171914986
7.139352701676,0.034793672975,3.479367297497,0.780044505062
7.144353833316,0.034792179511,3.479217951132,0.779917104630
7.149354964957,0.034790690172,3.479069017203,0.779789713662
7.154356096597,0.034789204954,3.478920495429,0.779662332126
7.159357228238,0.034787723855,3.478772385526,0.779534959993
7.164358359878,0.034786246872,3.478624687209,0.779407597231
7.169359491519,0.034784774002,3.478477400195,0.779280243812
7.174360623159,0.034783305242,3.478330524197,0.779152899705
7.179361754799,0.034781840589,3.478184058929,0.779025564880
7.184362886440,0.034780380041,3.478038004106,0.778898239309
7.189364018080,0.034778923594,3.477892359438,0.778770922960
7.194365149721,0.034777471246,3.477747124637,0.778643615805
7.199366281361,0.034776022994,3.477602299415,0.778516317815
7.204367413002,0.034774578835,3.477457883482,0.778389028959
7.209368544642,0.034773138765,3.477313876546,0.778261749209
7.214369676282,0.034771702783,3.477170278317,0.778134478536
7.219370807923,0.034770270885,3.477027088504,0.778007216911
7.224371939563,0.034768843068,3.476884306812,0.777879964305
7.229373071204,0.034767419330,3.476741932950,0.777752720690
7.234374202844,0.034765999666,3.476599966623,0.777625486036
7.239375334484,0.034764584075,3.476458407536,0.777498260315
7.244376466125,0.034763172554,3.476317255393,0.777371043498
7.249377597765,0.034761765099,3.476176509900,0.777243835558
7.254378729406,0.034760361708,3.476036170759,0.777116636466
7.259379861046,0.034758962377,3.475896237673,0.776989446194
7.264380992687,0.034757567103,3.475756710344,0.776862264714
7.269382124327,0.034756175885,3.475617588472,0.776735091998
7.274383255967,0.034754788718,3.475478871759,0.776607928018
7.279384387608,0.034753405599,3.475340559905,0.776480772747
7.284385519248,0.034752026526,3.475202652609,0.776353626156
7.289386650889,0.034750651496,3.475065149569,0.776226488219
7.294387782529,0.034749280505,3.474928050484,0.776099358907
7.299388914170,0.034747913551,3.474791355050,0.775972238195
7.304390045810,0.034746550630,3.474655062966,0.775845126054
7.309391177450,0.034745191739,3.474519173926,0.775718022457
7.314392309091,0.034743836876,3.474383687627,0.775590927377
7.319393440731,0.034742486038,3.474248603762,0.775463840788
7.324394572372,0.034741139220,3.474113922027,0.775336762662
7.329395704012,0.034739796421,3.473979642116,0.775209692974
7.334396835653,0.034738457637,3.473845763720,0.775082631696
7.339397967293,0.034737122865,3.473712286532,0.774955578801
7.344399098933,0.034735792102,3.473579210244,0.774828534264
7.349400230574,0.034734465345,3.473446534548,0.774701498058
7.354401362214,0.034733142591,3.473314259134,0.774574470158
7.359402493855,0.034731823837,3.473182383691,0.774447450536
7.364403625495,0.034730509079,3.473050907910,0.774320439166
7.369404757136,0.034729198315,3.472919831478,0.774193436024
7.374405888776,0.034727891541,3.472789154085,0.774066441083
7.379407020416,0.034726588754,3.472658875417,0.773939454318
7.384408152057,0.034725289952,3.472528995162,0.773812475702
7.389409283697,0.034723995130,3.472399513007,0.773685505211
7.394410415338,0.034722704286,3.472270428636,0.773558542819
7.399411546978,0.034721417417,3.472141741736,0.773431588500
7.404412678619,0.034720134520,3.472013451991,0.773304642230
7.409413810259,0.034718855591,3.471885559086,0.773177703983
7.414414941899,0.034717580627,3.471758062703,0.773050773735
7.419416073540,0.034716309625,3.471630962526,0.772923851460
7.424417205180,0.034715042582,3.471504258238,0.772796937134
7.429418336821,0.034713779495,3.471377949520,0.772670030732
7.434419468461,0.034712520361,3.471252036054,0.772543132229
7.439420600102,0.034711265175,3.471126517521,0.772416241601
7.444421731742,0.034710013936,3.471001393601,0.772289358824
7.449422863382,0.034708766640,3.470876663974,0.772162483873
7.454423995023,0.034707523283,3.470752328319,0.772035616723
7.459425126663,0.034706283863,3.470628386314,0.771908757351
7.464426258304,0.034705048376,3.470504837639,0.771781905733
7.469427389944,0.034703816820,3.470381681970,0.771655061845
7.474428521585,0.034702589190,3.470258918985,0.771528225663
7.479429653225,0.034701365484,3.470136548361,0.771401397163
7.484430784865,0.034700145698,3.470014569773,0.771274576322
7.489431916506,0.034698929829,3.469892982897,0.771147763115
7.494433048146,0.034697717874,3.469771787409,0.771020957520
7.499434179787,0.034696509830,3.469650982983,0.770894159514
7.504435311427,0.034695305693,3.469530569292,0.770767369073
7.509436443068,0.034694105460,3.469410546011,0.770640586173
7.514437574708,0.034692909128,3.469290912813,0.770513810792
7.519438706348,0.034691716694,3.469171669370,0.770387042907
7.524439837989,0.034690528154,3.469052815355,0.770260282495
7.529440969629,0.034689343504,3.468934350439,0.770133529533
7.534442101270,0.034688162743,3.468816274293,0.770006783998
7.539443232910,0.034686985866,3.468698586588,0.769880045868
7.544444364551,0.034685812870,3.468581286994,0.769753315121
7.549445496191,0.034684643752,3.468464375181,0.769626591734
7.554446627831,0.034683478508,3.468347850818,0.769499875684
7.559447759472,0.034682317136,3.468231713574,0.769373166950
7.564448891112,0.034681159631,3.468115963118,0.769246465509
7.569450022753,0.034680005991,3.468000599116,0.769119771339
7.574451154393,0.034678856212,3.467885621237,0.768993084418
7.579452286034,0.034677710291,3.467771029148,0.768866404726
7.584453417674,0.034676568225,3.467656822515,0.768739732238
7.589454549314,0.034675430010,3.467543001003,0.768613066935
7.594455680955,0.034674295643,3.467429564280,0.768486408795
7.599456812595,0.034673165120,3.467316512009,0.768359757796
7.604457944236,0.034672038439,3.467203843857,0.768233113916
7.609459075876,0.034670915595,3.467091559486,0.768106477134
7.614460207516,0.034669796586,3.466979658561,0.767979847430
7.619461339157,0.034668681407,3.466868140745,0.767853224782
7.624462470797,0.034667570057,3.466757005701,0.767726609169
7.629463602438,0.034666462531,3.466646253093,0.767600000571
7.634464734078,0.034665358826,3.466535882581,0.767473398965
7.639465865719,0.034664258938,3.466425893829,0.767346804333
7.644466997359,0.034663162865,3.466316286496,0.767220216652
7.649468128999,0.034662070602,3.466207060245,0.767093635903
7.654469260640,0.034660982147,3.466098214735,0.766967062064
7.659470392280,0.034659897496,3.465989749626,0.766840495117
7.664471523921,0.034658816646,3.465881664579,0.766713935039
7.669472655561,0.034657739593,3.465773959253,0.766587381812
7.674473787202,0.034656666333,3.465666633307,0.766460835415
7.679474918842,0.034655596864,3.465559686398,0.766334295828
7.684476050482,0.034654531182,3.465453118186,0.766207763031
7.689477182123,0.034653469283,3.465346928328,0.766081237004
7.694478313763,0.034652411165,3.465241116481,0.765954717727
7.699479445404,0.034651356823,3.465135682302,0.765828205182
7.704480577044,0.034650306254,3.465030625449,0.765701699348
7.709481708685,0.034649259456,3.464925945576,0.765575200206
7.714482840325,0.034648216423,3.464821642340,0.765448707736
7.719483971965,0.034647177154,3.464717715396,0.765322221920
7.724485103606,0.034646141644,3.464614164400,0.765195742737
7.729486235246,0.034645109890,3.464510989006,0.765069270169
7.734487366887,0.034644081889,3.464408188869,0.764942804198
7.739488498527,0.034643057636,3.464305763642,0.764816344803
7.744489630168,0.034642037130,3.464203712979,0.764689891966
7.749490761808,0.034641020365,3.464102036534,0.764563445668
7.754491893448,0.034640007340,3.464000733959,0.764437005891
7.759493025089,0.034638998049,3.463899804906,0.764310572616
7.764494156729,0.034637992490,3.463799249029,0.764184145825
7.769495288370,0.034636990660,3.463699065979,0.764057725499
7.774496420010,0.034635992554,3.463599255408,0.763931311619
7.779497551651,0.034634998170,3.463499816966,0.763804904168
7.784498683291,0.034634007503,3.463400750305,0.763678503128
7.789499814931,0.034633020551,3.463302055075,0.763552108479
7.794500946572,0.034632037309,3.463203730926,0.763425720205
7.799502078212,0.034631057775,3.463105777509,0.763299338288
7.804503209853,0.034630081945,3.463008194472,0.763172962709
7.809504341493,0.034629109815,3.462910981465,0.763046593452
7.814505473134,0.034628141381,3.462814138138,0.762920230497
7.819506604774,0.034627176641,3.462717664137,0.762793873828
7.824507736414,0.034626215591,3.462621559113,0.762667523428
7.829508868055,0.034625258227,3.462525822712,0.762541179278
7.834509999695,0.034624304546,3.462430454582,0.762414841362
7.839511131336,0.034623354544,3.462335454371,0.762288509663
7.844512262976,0.034622408217,3.462240821726,0.762162184163
7.849513394617,0.034621465563,3.462146556293,0.762035864845
7.854514526257,0.034620526577,3.462052657719,0.761909551692
7.859515657897,0.034619591256,3.461959125650,0.761783244688
7.864516789538,0.034618659597,3.461865959731,0.761656943816
7.869517921178,0.034617731596,3.461773159609,0.761530649058
7.874519052819,0.034616807249,3.461680724929,0.761404360399
7.879520184459,0.034615886553,3.461588655335,0.761278077822
7.884521316100,0.034614969505,3.461496950472,0.761151801310
7.889522447740,0.034614056100,3.461405609985,0.761025530847
7.894523579380,0.034613146335,3.461314633518,0.760899266417
7.899524711021,0.034612240207,3.461224020714,0.760773008003
7.904525842661,0.034611337712,3.461133771217,0.760646755590
7.909526974302,0.034610438847,3.461043884670,0.760520509161
7.914528105942,0.034609543607,3.460954360717,0.760394268701
7.919529237583,0.034608651990,3.460865199000,0.760268034193
7.924530369223,0.034607763992,3.460776399162,0.760141805622
7.929531500863,0.034606879608,3.460687960844,0.760015582972
7.934532632504,0.034605998837,3.460599883690,0.759889366227
7.939533764144,0.034605121673,3.460512167340,0.759763155373
7.944534895785,0.034604248114,3.460424811435,0.759636950393
7.949536027425,0.034603378156,3.460337815618,0.759510751272
7.954537159065,0.034602511795,3.460251179529,0.759384557995
7.959538290706,0.034601649028,3.460164902809,0.759258370546
7.964539422346,0.034600789851,3.460078985097,0.759132188911
7.969540553987,0.034599934260,3.459993426036,0.759006013075
7.974541685627,0.034599082253,3.459908225263,0.758879843022
7.979542817268,0.034598233824,3.459823382420,0.758753678737
7.984543948908,0.034597388971,3.459738897145,0.758627520207
7.989545080548,0.034596547691,3.459654769078,0.758501367415
7.994546212189,0.034595709979,3.459570997858,0.758375220348
7.999547343829,0.034594875831,3.459487583123,0.758249078990
8.004548475470,0.034594045245,3.459404524512,0.758122943328
8.009549607110,0.034593218217,3.459321821664,0.757996813347
8.014550738751,0.034592394742,3.459239474217,0.757870689033
8.019551870391,0.034591574818,3.459157481808,0.757744570371
8.024553002031,0.034590758441,3.459075844075,0.757618457347
8.029554133672,0.034589945607,3.458994560656,0.757492349948
8.034555265312,0.034589136312,3.458913631187,0.757366248158
8.039556396953,0.034588330553,3.458833055307,0.757240151965
8.044557528593,0.034587528327,3.458752832651,0.757114061354
8.049558660234,0.034586729629,3.458672962856,0.756987976312
8.054559791874,0.034585934456,3.458593445559,0.756861896824
8.059560923514,0.034585142804,3.458514280396,0.756735822878
8.064562055155,0.034584354670,3.458435467002,0.756609754460
8.069563186795,0.034583570050,3.458357005015,0.756483691556
8.074564318436,0.034582788941,3.458278894068,0.756357634153
8.079565450076,0.034582011338,3.458201133798,0.756231582237
8.084566581717,0.034581237238,3.458123723841,0.756105535796
8.089567713357,0.034580466638,3.458046663830,0.755979494816
8.094568844997,0.034579699534,3.457969953401,0.755853459284
8.099569976638,0.034578935922,3.457893592188,0.755727429187
8.104571108278,0.034578175798,3.457817579826,0.755601404513
8.109572239919,0.034577419159,3.457741915949,0.755475385248
8.114573371559,0.034576666002,3.457666600192,0.755349371380
8.119574503200,0.034575916322,3.457591632188,0.755223362895
8.124575634840,0.034575170116,3.457517011571,0.755097359783
8.129576766480,0.034574427380,3.457442737974,0.754971362028
8.134577898121,0.034573688110,3.457368811032,0.754845369621
8.139579029761,0.034572952304,3.457295230377,0.754719382547
8.144580161402,0.034572219956,3.457221995642,0.754593400795
8.149581293042,0.034571491065,3.457149106460,0.754467424352
8.154582424683,0.034570765625,3.457076562464,0.754341453207
8.159583556323,0.034570043633,3.457004363287,0.754215487347
8.164584687963,0.034569325086,3.456932508561,0.754089526760
8.169585819604,0.034568609979,3.456860997918,0.753963571434
8.174586951244,0.034567898310,3.456789830990,0.753837621358
8.179588082885,0.034567190074,3.456719007410,0.753711676519
8.184589214525,0.034566485268,3.456648526810,0.753585736907
8.189590346166,0.034565783888,3.456578388820,0.753459802508
8.194591477806,0.034565085931,3.456508593072,0.753333873313
8.199592609446,0.034564391392,3.456439139199,0.753207949308
8.204593741087,0.034563700268,3.456370026830,0.753082030484
8.209594872727,0.034563012556,3.456301255598,0.752956116828
8.214596004368,0.034562328251,3.456232825133,0.752830208329
8.219597136008,0.034561647351,3.456164735065,0.752704304976
8.224598267649,0.034560969850,3.456096985027,0.752578406759
8.229599399289,0.034560295746,3.456029574647,0.752452513665
8.234600530929,0.034559625036,3.455962503558,0.752326625684
8.239601662570,0.034558957714,3.455895771388,0.752200742805
8.244602794210,0.034558293778,3.455829377768,0.752074865018
8.249603925851,0.034557633223,3.455763322329,0.751948992311
8.254605057491,0.034556976047,3.455697604700,0.751823124673
8.259606189132,0.034556322245,3.455632224511,0.751697262095
8.264607320772,0.034555671814,3.455567181391,0.751571404566
8.269608452412,0.034555024750,3.455502474971,0.751445552074
8.274609584053,0.034554381049,3.455438104879,0.751319704611
8.279610715693,0.034553740707,3.455374070745,0.751193862165
8.284611847334,0.034553103722,3.455310372199,0.751068024726
8.289612978974,0.034552470089,3.455247008869,0.750942192284
8.294614110615,0.034551839804,3.455183980385,0.750816364829
8.299615242255,0.034551212864,3.455121286375,0.750690542351
8.304616373895,0.034550589265,3.455058926468,0.750564724840
8.309617505536,0.034549969003,3.454996900293,0.750438912286
8.314618637176,0.034549352075,3.454935207479,0.750313104679
8.319619768817,0.034548738477,3.454873847654,0.750187302010
8.324620900457,0.034548128204,3.454812820446,0.750061504269
8.329622032097,0.034547521255,3.454752125484,0.749935711445
8.334623163738,0.034546917624,3.454691762396,0.749809923531
8.339624295378,0.034546317308,3.454631730810,0.749684140515
8.344625427019,0.034545720304,3.454572030355,0.749558362389
8.349626558659,0.034545126607,3.454512660657,0.749432589144
8.354627690300,0.034544536213,3.454453621346,0.749306820770
8.359628821940,0.034543949120,3.454394912049,0.749181057258
8.364629953580,0.034543365324,3.454336532393,0.749055298598
8.369631085221,0.034542784820,3.454278482007,0.748929544783
8.374632216861,0.034542207605,3.454220760517,0.748803795802
8.379633348502,0.034541633676,3.454163367552,0.748678051647
8.384634480142,0.034541063027,3.454106302738,0.748552312309
8.389635611783,0.034540495657,3.454049565704,0.748426577779
8.394636743423,0.034539931561,3.453993156076,0.748300848049
8.399637875063,0.034539370735,3.453937073481,0.748175123110
8.404639006704,0.034538813175,3.453881317547,0.748049402953
8.409640138344,0.034538258879,3.453825887901,0.747923687570
8.414641269985,0.034537707842,3.453770784170,0.747797976952
8.419642401625,0.034537160060,3.453716005980,0.747672271091
8.424643533266,0.034536615530,3.453661552959,0.747546569979
8.429644664906,0.034536074247,3.453607424733,0.747420873608
8.434645796546,0.034535536209,3.453553620930,0.747295181968
8.439646928187,0.034535001412,3.453500141175,0.747169495053
8.444648059827,0.034534469851,3.453446985096,0.747043812854
8.449649191468,0.034533941523,3.453394152319,0.746918135363
8.454650323108,0.034533416425,3.453341642471,0.746792462572
8.459651454749,0.034532894552,3.453289455178,0.746666794473
8.464652586389,0.034532375901,3.453237590067,0.746541131059
8.469653718029,0.034531860468,3.453186046764,0.746415472322
8.474654849670,0.034531348249,3.453134824895,0.746289818255
8.479655981310,0.034530839241,3.453083924087,0.746164168849
8.484657112951,0.034530333440,3.453033343966,0.746038524097
8.489658244591,0.034529830842,3.452983084159,0.745912883992
8.494659376232,0.034529331443,3.452933144291,0.745787248526
8.499660507872,0.034528835240,3.452883523989,0.745661617692
8.504661639512,0.034528342229,3.452834222879,0.745535991483
8.509662771153,0.034527852406,3.452785240586,0.745410369891
8.514663902793,0.034527365767,3.452736576738,0.745284752910
8.519665034434,0.034526882310,3.452688230960,0.745159140533
8.524666166074,0.034526402029,3.452640202878,0.745033532751
8.529667297715,0.034525924921,3.452592492118,0.744907929560
8.534668429355,0.034525450983,3.452545098306,0.744782330950
8.539669560995,0.034524980211,3.452498021069,0.744656736917
8.544670692636,0.034524512600,3.452451260031,0.744531147453
8.549671824276,0.034524048148,3.452404814819,0.744405562551
8.554672955917,0.034523586851,3.452358685059,0.744279982205
8.559674087557,0.034523128704,3.452312870377,0.744154406408
8.564675219198,0.034522673704,3.452267370398,0.744028835154
8.569676350838,0.034522221847,3.452222184749,0.743903268436
8.574677482478,0.034521773131,3.452177313055,0.743777706248
8.579678614119,0.034521327549,3.452132754942,0.743652148584
8.584679745759,0.034520885100,3.452088510036,0.743526595437
8.589680877400,0.034520445780,3.452044577962,0.743401046802
8.594682009040,0.034520009583,3.452000958347,0.743275502672
8.599683140681,0.034519576508,3.451957650816,0.743149963041
8.604684272321,0.034519146550,3.451914654996,0.743024427903
8.609685403961,0.034518719705,3.451871970511,0.742898897252
8.614686535602,0.034518295970,3.451829596988,0.742773371082
8.619687667242,0.034517875341,3.451787534052,0.742647849389
8.624688798883,0.034517457813,3.451745781330,0.742522332165
8.629689930523,0.034517043384,3.451704338447,0.742396819405
8.634691062164,0.034516632050,3.451663205029,0.742271311103
8.639692193804,0.034516223807,3.451622380701,0.742145807255
8.644693325444,0.034515818651,3.451581865090,0.742020307854
8.649694457085,0.034515416578,3.451541657821,0.741894812895
8.654695588725,0.034515017585,3.451501758521,0.741769322373
8.659696720366,0.034514621668,3.451462166814,0.741643836282
8.664697852006,0.034514228823,3.451422882328,0.741518354618
8.669698983647,0.034513839047,3.451383904687,0.741392877374
8.674700115287,0.034513452335,3.451345233519,0.741267404546
8.679701246927,0.034513068684,3.451306868448,0.741141936129
8.684702378568,0.034512688091,3.451268809100,0.741016472118
8.689703510208,0.034512310551,3.451231055103,0.740891012507
8.694704641849,0.034511936061,3.451193606080,0.740765557292
8.699705773489,0.034511564617,3.451156461660,0.740640106468
8.704706905129,0.034511196215,3.451119621467,0.740514660031
8.709708036770,0.034510830851,3.451083085128,0.740389217975
8.714709168410,0.034510468523,3.451046852269,0.740263780296
8.719710300051,0.034510109225,3.451010922516,0.740138346990
8.724711431691,0.034509752955,3.450975295495,0.740012918051
8.729712563332,0.034509399708,3.450939970832,0.739887493475
8.734713694972,0.034509049482,3.450904948155,0.739762073259
8.739714826612,0.034508702271,3.450870227087,0.739636657396
8.744715958253,0.034508358073,3.450835807258,0.739511245885
8.749717089893,0.034508016883,3.450801688291,0.739385838719
8.754718221534,0.034507678698,3.450767869815,0.739260435894
8.759719353174,0.034507343515,3.450734351455,0.739135037408
8.764720484815,0.034507011328,3.450701132837,0.739009643255
8.769721616455,0.034506682136,3.450668213589,0.738884253432
8.774722748095,0.034506355933,3.450635593337,0.738758867934
8.779723879736,0.034506032717,3.450603271707,0.738633486758
8.784725011376,0.034505712483,3.450571248326,0.738508109900
8.789726143017,0.034505395228,3.450539522822,0.738382737356
8.794727274657,0.034505080948,3.450508094819,0.738257369122
8.799728406298,0.034504769639,3.450476963946,0.738132005195
8.804729537938,0.034504461298,3.450446129829,0.738006645571
8.809730669578,0.034504155921,3.450415592096,0.737881290246
8.814731801219,0.034503853504,3.450385350372,0.737755939218
8.819732932859,0.034503554043,3.450355404285,0.737630592482
8.824734064500,0.034503257535,3.450325753463,0.737505250035
8.829735196140,0.034502963975,3.450296397532,0.737379911874
8.834736327781,0.034502673361,3.450267336119,0.737254577995
8.839737459421,0.034502385689,3.450238568852,0.737129248396
8.844738591061,0.034502100954,3.450210095358,0.737003923073
8.849739722702,0.034501819153,3.450181915264,0.736878602023
8.854740854342,0.034501540282,3.450154028198,0.736753285243
8.859741985983,0.034501264338,3.450126433788,0.736627972730
8.864743117623,0.034500991317,3.450099131661,0.736502664481
8.869744249264,0.034500721214,3.450072121444,0.736377360493
8.874745380904,0.034500454028,3.450045402765,0.736252060763
8.879746512544,0.034500189753,3.450018975253,0.736126765289
8.884747644185,0.034499928385,3.449992838534,0.736001474067
8.889748775825,0.034499669922,3.449966992238,0.735876187096
8.894749907466,0.034499414360,3.449941435991,0.735750904372
8.899751039106,0.034499161694,3.449916169422,0.735625625893
8.904752170747,0.034498911922,3.449891192160,0.735500351656
8.909753302387,0.034498665038,3.449866503832,0.735375081659
8.914754434027,0.034498421041,3.449842104066,0.735249815900
8.919755565668,0.034498179925,3.449817992492,0.735124554376
8.924756697308,0.034497941687,3.449794168738,0.734999297084
8.929757828949,0.034497706324,3.449770632431,0.734874044023
8.934758960589,0.034497473832,3.449747383202,0.734748795191
8.939760092230,0.034497244207,3.449724420678,0.734623550585
8.944761223870,0.034497017445,3.449701744488,0.734498310202
8.949762355510,0.034496793543,3.449679354262,0.734373074042
8.954763487151,0.034496572496,3.449657249628,0.734247842103
8.959764618791,0.034496354302,3.449635430215,0.734122614381
8.964765750432,0.034496138957,3.449613895653,0.733997390875
8.969766882072,0.034495926456,3.449592645571,0.733872171584
8.974768013713,0.034495716796,3.449571679598,0.733746956506
8.979769145353,0.034495509974,3.449550997363,0.733621745639
8.984770276993,0.034495305985,3.449530598497,0.733496538981
8.989771408634,0.034495104826,3.449510482629,0.733371336530
8.994772540274,0.034494906494,3.449490649388,0.733246138286
8.999773671915,0.034494710984,3.449471098405,0.733120944246
9.004774803555,0.034494518293,3.449451829310,0.732995754410
9.009775935196,0.034494328417,3.449432841732,0.732870568775
9.014777066836,0.034494141353,3.449414135301,0.732745387340
9.019778198476,0.034493957096,3.449395709649,0.732620210104
9.024779330117,0.034493775644,3.449377564404,0.732495037066
9.029780461757,0.034493596992,3.449359699199,0.732369868225
9.034781593398,0.034493421137,3.449342113662,0.732244703579
9.039782725038,0.034493248074,3.449324807426,0.732119543127
9.044783856679,0.034493077801,3.449307780121,0.731994386868
9.049784988319,0.034492910314,3.449291031377,0.731869234801
9.054786119959,0.034492745608,3.449274560826,0.731744086926
9.059787251600,0.034492583681,3.449258368098,0.731618943240
9.064788383240,0.034492424528,3.449242452826,0.731493803745
9.069789514881,0.034492268146,3.449226814640,0.731368668437
9.074790646521,0.034492114532,3.449211453172,0.731243537318
9.079791778161,0.034491963681,3.449196368053,0.731118410385
9.084792909802,0.034491815589,3.449181558915,0.730993287639
9.089794041442,0.034491670254,3.449167025391,0.730868169079
9.094795173083,0.034491527671,3.449152767111,0.730743054704
9.099796304723,0.034491387837,3.449138783708,0.730617944514
9.104797436364,0.034491250748,3.449125074814,0.730492838507
9.109798568004,0.034491116401,3.449111640062,0.730367736685
9.114799699644,0.034490984791,3.449098479083,0.730242639046
9.119800831285,0.034490855915,3.449085591510,0.730117545590
9.124801962925,0.034490729770,3.449072976977,0.729992456317
9.129803094566,0.034490606351,3.449060635115,0.729867371226
9.134804226206,0.034490485656,3.449048565559,0.729742290318
9.139805357847,0.034490367679,3.449036767939,0.729617213592
9.144806489487,0.034490252419,3.449025241891,0.729492141047
9.149807621127,0.034490139870,3.449013987047,0.729367072686
9.154808752768,0.034490030030,3.449003003041,0.729242008506
9.159809884408,0.034489922895,3.448992289506,0.729116948508
9.164811016049,0.034489818461,3.448981846075,0.728991892692
9.169812147689,0.034489716724,3.448971672384,0.728866841059
9.174813279330,0.034489617681,3.448961768065,0.728741793608
9.179814410970,0.034489521328,3.448952132753,0.728616750341
9.184815542610,0.034489427661,3.448942766082,0.728491711256
9.189816674251,0.034489336677,3.448933667687,0.728366676354
9.194817805891,0.034489248372,3.448924837201,0.728241645637
9.199818937532,0.034489162743,3.448916274260,0.728116619103
9.204820069172,0.034489079785,3.448907978499,0.727991596754
9.209821200813,0.034488999496,3.448899949552,0.727866578590
9.214822332453,0.034488921871,3.448892187054,0.727741564612
9.219823464093,0.034488846906,3.448884690641,0.727616554821
9.224824595734,0.034488774599,3.448877459948,0.727491549216
9.229825727374,0.034488704946,3.448870494610,0.727366547799
9.234826859015,0.034488637943,3.448863794264,0.727241550570
9.239827990655,0.034488573585,3.448857358544,0.727116557531
9.244829122296,0.034488511871,3.448851187087,0.726991568681
9.249830253936,0.034488452795,3.448845279530,0.726866584022
9.254831385576,0.034488396355,3.448839635507,0.726741603555
9.259832517217,0.034488342547,3.448834254656,0.726616627281
9.264833648857,0.034488291366,3.448829136614,0.726491655201
9.269834780498,0.034488242810,3.448824281016,0.726366687315
9.274835912138,0.034488196875,3.448819687500,0.726241723626
9.279837043779,0.034488153557,3.448815355703,0.726116764133
9.284838175419,0.034488112853,3.448811285261,0.725991808839
9.289839307059,0.034488074758,3.448807475813,0.725866857744
9.294840438700,0.034488039270,3.448803926995,0.725741910850
9.299841570340,0.034488006384,3.448800638446,0.725616968158
9.304842701981,0.034487976098,3.448797609802,0.725492029669
9.309843833621,0.034487948407,3.448794840703,0.725367095385
9.314844965262,0.034487923308,3.448792330786,0.725242165307
9.319846096902,0.034487900797,3.448790079689,0.725117239437
9.324847228542,0.034487880871,3.448788087051,0.724992317777
9.329848360183,0.034487863525,3.448786352510,0.724867400327
9.334849491823,0.034487848757,3.448784875706,0.724742487089
9.339850623464,0.034487836563,3.448783656276,0.724617578066
9.344851755104,0.034487826939,3.448782693860,0.724492673259
9.349852886745,0.034487819881,3.448781988098,0.724367772669
9.354854018385,0.034487815386,3.448781538629,0.724242876298
9.359855150025,0.034487813451,3.448781345092,0.724117984149
9.364856281666,0.034487814071,3.448781407127,0.723993096222
9.369857413306,0.034487817244,3.448781724373,0.723868212521
9.374858544947,0.034487822965,3.448782296472,0.723743333047
9.379859676587,0.034487831231,3.448783123063,0.723618457801
9.384860808228,0.034487842038,3.448784203787,0.723493586786
9.389861939868,0.034487855383,3.448785538284,0.723368720005
9.394863071508,0.034487871262,3.448787126195,0.723243857458
9.399864203149,0.034487889672,3.448788967161,0.723118999149
9.404865334789,0.034487910608,3.448791060824,0.722994145079
9.409866466430,0.034487934068,3.448793406823,0.722869295251
9.414867598070,0.034487960048,3.448796004801,0.722744449667
9.419868729711,0.034487988544,3.448798854400,0.722619608329
9.424869861351,0.034488019553,3.448801955261,0.722494771241
9.429870992991,0.034488053070,3.448805307026,0.722369938403
9.434872124632,0.034488089093,3.448808909338,0.722245109818
9.439873256272,0.034488127618,3.448812761839,0.722120285490
9.444874387913,0.034488168642,3.448816864170,0.721995465421
9.449875519553,0.034488212160,3.448821215976,0.721870649612
9.454876651193,0.034488258169,3.448825816898,0.721745838067
9.459877782834,0.034488306666,3.448830666581,0.721621030789
9.464878914474,0.034488357647,3.448835764666,0.721496227779
9.469880046115,0.034488411108,3.448841110799,0.721371429042
9.474881177755,0.034488467046,3.448846704621,0.721246634579
9.479882309396,0.034488525458,3.448852545778,0.721121844393
9.484883441036,0.034488586339,3.448858633912,0.720997058488
9.489884572676,0.034488649687,3.448864968669,0.720872276866
9.494885704317,0.034488715497,3.448871549692,0.720747499529
9.499886835957,0.034488783766,3.448878376627,0.720622726482
9.504887967598,0.034488854491,3.448885449117,0.720497957726
9.509889099238,0.034488927668,3.448892766808,0.720373193266
9.514890230879,0.034489003293,3.448900329345,0.720248433104
9.519891362519,0.034489081364,3.448908136373,0.720123677242
9.524892494159,0.034489161875,3.448916187538,0.719998925685
9.529893625800,0.034489244825,3.448924482486,0.719874178436
9.534894757440,0.034489330209,3.448933020861,0.719749435498
9.539895889081,0.034489418023,3.448941802311,0.719624696873
9.544897020721,0.034489508265,3.448950826482,0.719499962566
9.549898152362,0.034489600930,3.448960093019,0.719375232579
9.554899284002,0.034489696016,3.448969601571,0.719250506916
9.559900415642,0.034489793518,3.448979351783,0.719125785581
9.564901547283,0.034489893433,3.448989343303,0.719001068577
9.569902678923,0.034489995758,3.448999575777,0.718876355907
9.574903810564,0.034490100489,3.449010048854,0.718751647575
9.579904942204,0.034490207622,3.449020762181,0.718626943585
9.584906073845,0.034490317154,3.449031715406,0.718502243940
9.589907205485,0.034490429082,3.449042908177,0.718377548643
9.594908337125,0.034490543401,3.449054340141,0.718252857699
9.599909468766,0.034490660109,3.449066010949,0.718128171111
9.604910600406,0.034490779202,3.449077920248,0.718003488882
9.609911732047,0.034490900677,3.449090067686,0.717878811018
9.614912863687,0.034491024529,3.449102452914,0.717754137521
9.619913995328,0.034491150756,3.449115075581,0.717629468395
9.624915126968,0.034491279353,3.449127935335,0.717504803644
9.629916258608,0.034491410318,3.449141031827,0.717380143272
9.634917390249,0.034491543647,3.449154364706,0.717255487284
9.639918521889,0.034491679336,3.449167933623,0.717130835683
9.644919653530,0.034491817382,3.449181738227,0.717006188473
9.649920785170,0.034491957782,3.449195778170,0.716881545658
9.654921916811,0.034492100531,3.449210053102,0.716756907242
9.659923048451,0.034492245627,3.449224562673,0.716632273230
9.664924180091,0.034492393065,3.449239306536,0.716507643625
9.669925311732,0.034492542843,3.449254284341,0.716383018432
9.674926443372,0.034492694957,3.449269495739,0.716258397656
9.679927575013,0.034492849404,3.449284940384,0.716133781299
9.684928706653,0.034493006179,3.449300617926,0.716009169368
9.689929838294,0.034493165280,3.449316528017,0.715884561865
9.694930969934,0.034493326703,3.449332670311,0.715759958796
9.699932101574,0.034493490445,3.449349044460,0.715635360164
9.704933233215,0.034493656501,3.449365650116,0.715510765975
9.709934364855,0.034493824869,3.449382486933,0.715386176233
9.714935496496,0.034493995546,3.449399554563,0.715261590942
9.719936628136,0.034494168527,3.449416852661,0.715137010106
9.724937759777,0.034494343809,3.449434380880,0.715012433732
9.729938891417,0.034494521389,3.449452138873,0.714887861822
9.734940023057,0.034494701263,3.449470126296,0.714763294382
9.739941154698,0.034494883428,3.449488342802,0.714638731416
9.744942286338,0.034495067880,3.449506788045,0.714514172930
9.749943417979,0.034495254617,3.449525461682,0.714389618927
9.754944549619,0.034495443634,3.449544363365,0.714265069413
9.759945681260,0.034495634928,3.449563492752,0.714140524392
9.764946812900,0.034495828495,3.449582849497,0.714015983870
9.769947944540,0.034496024333,3.449602433255,0.713891447851
9.774949076181,0.034496222437,3.449622243684,0.713766916340
9.779950207821,0.034496422804,3.449642280438,0.713642389343
9.784951339462,0.034496625432,3.449662543174,0.713517866863
9.789952471102,0.034496830315,3.449683031549,0.713393348907
9.794953602743,0.034497037452,3.449703745219,0.713268835478
9.799954734383,0.034497246838,3.449724683841,0.713144326583
9.804955866023,0.034497458471,3.449745847073,0.713019822226
9.809956997664,0.034497672346,3.449767234572,0.712895322413
9.814958129304,0.034497888460,3.449788845996,0.712770827148
9.819959260945,0.034498106810,3.449810681003,0.712646336437
9.824960392585,0.034498327392,3.449832739249,0.712521850286
9.829961524225,0.034498550204,3.449855020395,0.712397368699
9.834962655866,0.034498775241,3.449877524099,0.712272891681
9.839963787506,0.034499002500,3.449900250019,0.712148419239
9.844964919147,0.034499231978,3.449923197814,0.712023951376
9.849966050787,0.034499463671,3.449946367144,0.711899488100
9.854967182428,0.034499697577,3.449969757668,0.711775029415
9.859968314068,0.034499933690,3.449993369046,0.711650575327
9.864969445708,0.034500172009,3.450017200937,0.711526125840
9.869970577349,0.034500412530,3.450041253002,0.711401680962
9.874971708989,0.034500655249,3.450065524902,0.711277240697
9.879972840630,0.034500900163,3.450090016297,0.711152805050
9.884973972270,0.034501147268,3.450114726848,0.711028374028
9.889975103911,0.034501396562,3.450139656215,0.710903947636
9.894976235551,0.034501648041,3.450164804061,0.710779525880
9.899977367191,0.034501901700,3.450190170046,0.710655108766
9.904978498832,0.034502157538,3.450215753834,0.710530696298
9.909979630472,0.034502415551,3.450241555085,0.710406288484
9.914980762113,0.034502675735,3.450267573461,0.710281885328
9.919981893753,0.034502938086,3.450293808627,0.710157486837
9.924983025394,0.034503202602,3.450320260243,0.710033093016
9.929984157034,0.034503469280,3.450346927974,0.709908703872
9.934985288674,0.034503738115,3.450373811482,0.709784319410
9.939986420315,0.034504009104,3.450400910431,0.709659939636
9.944987551955,0.034504282245,3.450428224485,0.709535564556
9.949988683596,0.034504557533,3.450455753307,0.709411194176
9.954989815236,0.034504834966,3.450483496562,0.709286828503
9.959990946877,0.034505114539,3.450511453914,0.709162467542
9.964992078517,0.034505396250,3.450539625027,0.709038111299
9.969993210157,0.034505680096,3.450568009568,0.708913759780
9.974994341798,0.034505966072,3.450596607200,0.708789412992
9.979995473438,0.034506254176,3.450625417589,0.708665070941
9.984996605079,0.034506544404,3.450654440401,0.708540733633
9.989997736719,0.034506836753,3.450683675301,0.708416401073
9.994998868360,0.034507131220,3.450713121956,0.708292073270
10.000000000000,0.034507427800,3.450742780033,0.708167750228
