Expiration Date,T_days,T,Strike,K_over_S0,Forward,K_over_F0,Option_type,Root,Contract,Market_price,IV_BDD,r_GSW,Discount_factor
2022-09-14,1,0.0027378507871321013,3880,0.9855943382519013,3936.9814263393455,0.9855266204818427,Put,SPXW,SPXW220914P03880000,5.25,0.3606,0.036499208078335656,0.9999000756072077
2022-09-14,1,0.0027378507871321013,3885,0.9868644340486177,3936.9814263393455,0.9867966290133915,Put,SPXW,SPXW220914P03885000,5.95,0.3566,0.036499208078335656,0.9999000756072077
2022-09-14,1,0.0027378507871321013,3890,0.9881345298453341,3936.9814263393455,0.9880666375449403,Put,SPXW,SPXW220914P03890000,6.85,0.355,0.036499208078335656,0.9999000756072077
2022-09-14,1,0.0027378507871321013,3895,0.9894046256420505,3936.9814263393455,0.9893366460764891,Put,SPXW,SPXW220914P03895000,7.8,0.3523,0.036499208078335656,0.9999000756072077
2022-09-14,1,0.0027378507871321013,3900,0.9906747214387668,3936.9814263393455,0.9906066546080378,Put,SPXW,SPXW220914P03900000,8.95,0.3512,0.036499208078335656,0.9999000756072077
2022-09-14,1,0.0027378507871321013,3905,0.9919448172354832,3936.9814263393455,0.9918766631395866,Put,SPXW,SPXW220914P03905000,10.2,0.3496,0.036499208078335656,0.9999000756072077
2022-09-14,1,0.0027378507871321013,3910,0.9932149130321996,3936.9814263393455,0.9931466716711354,Put,SPXW,SPXW220914P03910000,11.600000000000001,0.3483,0.036499208078335656,0.9999000756072077
2022-09-14,1,0.0027378507871321013,3915,0.9944850088289159,3936.9814263393455,0.9944166802026841,Put,SPXW,SPXW220914P03915000,13.2,0.3479,0.036499208078335656,0.9999000756072077
2022-09-14,1,0.0027378507871321013,3920,0.9957551046256323,3936.9814263393455,0.9956866887342328,Put,SPXW,SPXW220914P03920000,14.85,0.3459,0.036499208078335656,0.9999000756072077
2022-09-14,1,0.0027378507871321013,3925,0.9970252004223487,3936.9814263393455,0.9969566972657816,Put,SPXW,SPXW220914P03925000,16.75,0.3453,0.036499208078335656,0.9999000756072077
2022-09-14,1,0.0027378507871321013,3930,0.998295296219065,3936.9814263393455,0.9982267057973304,Put,SPXW,SPXW220914P03930000,18.75,0.3438,0.036499208078335656,0.9999000756072077
2022-09-14,1,0.0027378507871321013,3935,0.9995653920157814,3936.9814263393455,0.9994967143288792,Put,SPXW,SPXW220914P03935000,20.9,0.3421,0.036499208078335656,0.9999000756072077
2022-09-14,1,0.0027378507871321013,3940,1.0008354878124979,3936.9814263393455,1.000766722860428,Call,SPXW,SPXW220914C03940000,22.450000000000003,0.3317,0.036499208078335656,0.9999000756072077
2022-09-14,1,0.0027378507871321013,3945,1.002105583609214,3936.9814263393455,1.0020367313919767,Call,SPXW,SPXW220914C03945000,19.950000000000003,0.3293,0.036499208078335656,0.9999000756072077
2022-09-14,1,0.0027378507871321013,3950,1.0033756794059305,3936.9814263393455,1.0033067399235254,Call,SPXW,SPXW220914C03950000,17.6,0.3281,0.036499208078335656,0.9999000756072077
2022-09-14,1,0.0027378507871321013,3955,1.004645775202647,3936.9814263393455,1.0045767484550743,Call,SPXW,SPXW220914C03955000,15.45,0.3264,0.036499208078335656,0.9999000756072077
2022-09-14,1,0.0027378507871321013,3960,1.0059158709993632,3936.9814263393455,1.005846756986623,Call,SPXW,SPXW220914C03960000,13.45,0.3243,0.036499208078335656,0.9999000756072077
2022-09-14,1,0.0027378507871321013,3965,1.0071859667960796,3936.9814263393455,1.0071167655181719,Call,SPXW,SPXW220914C03965000,11.600000000000001,0.3217,0.036499208078335656,0.9999000756072077
2022-09-14,1,0.0027378507871321013,3970,1.008456062592796,3936.9814263393455,1.0083867740497205,Call,SPXW,SPXW220914C03970000,10.0,0.3205,0.036499208078335656,0.9999000756072077
2022-09-14,1,0.0027378507871321013,3975,1.0097261583895123,3936.9814263393455,1.0096567825812692,Call,SPXW,SPXW220914C03975000,8.65,0.3208,0.036499208078335656,0.9999000756072077
2022-09-14,1,0.0027378507871321013,3980,1.0109962541862287,3936.9814263393455,1.0109267911128181,Call,SPXW,SPXW220914C03980000,7.3,0.3183,0.036499208078335656,0.9999000756072077
2022-09-14,1,0.0027378507871321013,3985,1.0122663499829452,3936.9814263393455,1.0121967996443668,Call,SPXW,SPXW220914C03985000,6.15,0.3168,0.036499208078335656,0.9999000756072077
2022-09-14,1,0.0027378507871321013,3990,1.0135364457796614,3936.9814263393455,1.0134668081759155,Call,SPXW,SPXW220914C03990000,5.15,0.3155,0.036499208078335656,0.9999000756072077
2022-09-15,2,0.0054757015742642025,3835,0.974163476081454,3937.2520999691696,0.9740295776412259,Put,SPXW,SPXW220915P03835000,5.45,0.3402,0.0365063838392567,0.9998001219148274
2022-09-15,2,0.0054757015742642025,3840,0.9754335718781704,3937.2520999691696,0.9752994988637047,Put,SPXW,SPXW220915P03840000,5.95,0.3375,0.0365063838392567,0.9998001219148274
2022-09-15,2,0.0054757015742642025,3845,0.9767036676748868,3937.2520999691696,0.9765694200861834,Put,SPXW,SPXW220915P03845000,6.45,0.334,0.0365063838392567,0.9998001219148274
2022-09-15,2,0.0054757015742642025,3850,0.9779737634716031,3937.2520999691696,0.9778393413086622,Put,SPXW,SPXW220915P03850000,7.1,0.3322,0.0365063838392567,0.9998001219148274
2022-09-15,2,0.0054757015742642025,3855,0.9792438592683195,3937.2520999691696,0.9791092625311411,Put,SPXW,SPXW220915P03855000,7.75,0.3295,0.0365063838392567,0.9998001219148274
2022-09-15,2,0.0054757015742642025,3860,0.9805139550650359,3937.2520999691696,0.9803791837536198,Put,SPXW,SPXW220915P03860000,8.5,0.3276,0.0365063838392567,0.9998001219148274
2022-09-15,2,0.0054757015742642025,3865,0.9817840508617522,3937.2520999691696,0.9816491049760986,Put,SPXW,SPXW220915P03865000,9.3,0.3254,0.0365063838392567,0.9998001219148274
2022-09-15,2,0.0054757015742642025,3870,0.9830541466584686,3937.2520999691696,0.9829190261985774,Put,SPXW,SPXW220915P03870000,10.100000000000001,0.3224,0.0365063838392567,0.9998001219148274
2022-09-15,2,0.0054757015742642025,3875,0.984324242455185,3937.2520999691696,0.9841889474210561,Put,SPXW,SPXW220915P03875000,11.05,0.3204,0.0365063838392567,0.9998001219148274
2022-09-15,2,0.0054757015742642025,3880,0.9855943382519013,3937.2520999691696,0.9854588686435349,Put,SPXW,SPXW220915P03880000,12.05,0.3181,0.0365063838392567,0.9998001219148274
2022-09-15,2,0.0054757015742642025,3885,0.9868644340486177,3937.2520999691696,0.9867287898660138,Put,SPXW,SPXW220915P03885000,13.15,0.3161,0.0365063838392567,0.9998001219148274
2022-09-15,2,0.0054757015742642025,3890,0.9881345298453341,3937.2520999691696,0.9879987110884925,Put,SPXW,SPXW220915P03890000,14.35,0.3142,0.0365063838392567,0.9998001219148274
2022-09-15,2,0.0054757015742642025,3895,0.9894046256420505,3937.2520999691696,0.9892686323109713,Put,SPXW,SPXW220915P03895000,15.65,0.3125,0.0365063838392567,0.9998001219148274
2022-09-15,2,0.0054757015742642025,3900,0.9906747214387668,3937.2520999691696,0.9905385535334501,Put,SPXW,SPXW220915P03900000,17.049999999999997,0.3108,0.0365063838392567,0.9998001219148274
2022-09-15,2,0.0054757015742642025,3905,0.9919448172354832,3937.2520999691696,0.9918084747559288,Put,SPXW,SPXW220915P03905000,18.5,0.3086,0.0365063838392567,0.9998001219148274
2022-09-15,2,0.0054757015742642025,3910,0.9932149130321996,3937.2520999691696,0.9930783959784076,Put,SPXW,SPXW220915P03910000,20.1,0.3069,0.0365063838392567,0.9998001219148274
2022-09-15,2,0.0054757015742642025,3915,0.9944850088289159,3937.2520999691696,0.9943483172008865,Put,SPXW,SPXW220915P03915000,21.799999999999997,0.3051,0.0365063838392567,0.9998001219148274
2022-09-15,2,0.0054757015742642025,3920,0.9957551046256323,3937.2520999691696,0.9956182384233652,Put,SPXW,SPXW220915P03920000,23.6,0.3032,0.0365063838392567,0.9998001219148274
2022-09-15,2,0.0054757015742642025,3925,0.9970252004223487,3937.2520999691696,0.996888159645844,Put,SPXW,SPXW220915P03925000,25.549999999999997,0.3016,0.0365063838392567,0.9998001219148274
2022-09-15,2,0.0054757015742642025,3930,0.998295296219065,3937.2520999691696,0.9981580808683227,Put,SPXW,SPXW220915P03930000,27.6,0.2999,0.0365063838392567,0.9998001219148274
2022-09-15,2,0.0054757015742642025,3935,0.9995653920157814,3937.2520999691696,0.9994280020908015,Put,SPXW,SPXW220915P03935000,29.799999999999997,0.2984,0.0365063838392567,0.9998001219148274
2022-09-15,2,0.0054757015742642025,3940,1.0008354878124979,3937.2520999691696,1.0006979233132802,Call,SPXW,SPXW220915C03940000,31.049999999999997,0.2951,0.0365063838392567,0.9998001219148274
2022-09-15,2,0.0054757015742642025,3945,1.002105583609214,3937.2520999691696,1.0019678445357592,Call,SPXW,SPXW220915C03945000,28.5,0.2936,0.0365063838392567,0.9998001219148274
2022-09-15,2,0.0054757015742642025,3950,1.0033756794059305,3937.2520999691696,1.0032377657582379,Call,SPXW,SPXW220915C03950000,26.1,0.2924,0.0365063838392567,0.9998001219148274
2022-09-15,2,0.0054757015742642025,3955,1.004645775202647,3937.2520999691696,1.0045076869807166,Call,SPXW,SPXW220915C03955000,23.700000000000003,0.2899,0.0365063838392567,0.9998001219148274
2022-09-15,2,0.0054757015742642025,3960,1.0059158709993632,3937.2520999691696,1.0057776082031955,Call,SPXW,SPXW220915C03960000,21.6,0.2891,0.0365063838392567,0.9998001219148274
2022-09-15,2,0.0054757015742642025,3965,1.0071859667960796,3937.2520999691696,1.0070475294256742,Call,SPXW,SPXW220915C03965000,19.5,0.287,0.0365063838392567,0.9998001219148274
2022-09-15,2,0.0054757015742642025,3970,1.008456062592796,3937.2520999691696,1.008317450648153,Call,SPXW,SPXW220915C03970000,17.65,0.2861,0.0365063838392567,0.9998001219148274
2022-09-15,2,0.0054757015742642025,3975,1.0097261583895123,3937.2520999691696,1.0095873718706319,Call,SPXW,SPXW220915C03975000,15.95,0.2855,0.0365063838392567,0.9998001219148274
2022-09-15,2,0.0054757015742642025,3980,1.0109962541862287,3937.2520999691696,1.0108572930931106,Call,SPXW,SPXW220915C03980000,14.25,0.2837,0.0365063838392567,0.9998001219148274
2022-09-15,2,0.0054757015742642025,3985,1.0122663499829452,3937.2520999691696,1.0121272143155893,Call,SPXW,SPXW220915C03985000,12.85,0.2838,0.0365063838392567,0.9998001219148274
2022-09-15,2,0.0054757015742642025,3990,1.0135364457796614,3937.2520999691696,1.0133971355380682,Call,SPXW,SPXW220915C03990000,11.45,0.2826,0.0365063838392567,0.9998001219148274
2022-09-15,2,0.0054757015742642025,3995,1.0148065415763778,3937.2520999691696,1.014667056760547,Call,SPXW,SPXW220915C03995000,10.15,0.2813,0.0365063838392567,0.9998001219148274
2022-09-15,2,0.0054757015742642025,4000,1.0160766373730943,3937.2520999691696,1.0159369779830256,Call,SPXW,SPXW220915C04000000,9.0,0.2806,0.0365063838392567,0.9998001219148274
2022-09-15,2,0.0054757015742642025,4005,1.0173467331698105,3937.2520999691696,1.0172068992055046,Call,SPXW,SPXW220915C04005000,8.0,0.2805,0.0365063838392567,0.9998001219148274
2022-09-15,2,0.0054757015742642025,4010,1.018616828966527,3937.2520999691696,1.0184768204279833,Call,SPXW,SPXW220915C04010000,7.05,0.2798,0.0365063838392567,0.9998001219148274
2022-09-15,2,0.0054757015742642025,4015,1.0198869247632434,3937.2520999691696,1.019746741650462,Call,SPXW,SPXW220915C04015000,6.2,0.2793,0.0365063838392567,0.9998001219148274
2022-09-15,2,0.0054757015742642025,4020,1.0211570205599596,3937.2520999691696,1.021016662872941,Call,SPXW,SPXW220915C04020000,5.5,0.2791,0.0365063838392567,0.9998001219148274
2022-09-15,2,0.0054757015742642025,4030,1.0236972121533925,3937.2520999691696,1.0235565053178983,Call,SPXW,SPXW220915C04030000,4.2,0.2792,0.0365063838392567,0.9998001219148274
2022-09-16,3,0.007472051106548027,3820,0.9703531886913049,3937.4495750257634,0.9701711545029768,Put,SPX,SPX220916P03820000,6.3,0.327,0.03651160265196319,0.9997272206500565
2022-09-16,3,0.007472051106548027,3830,0.9728933802847377,3937.4495750257634,0.9727108695671207,Put,SPX,SPX220916P03830000,7.3,0.3211,0.03651160265196319,0.9997272206500565
2022-09-16,3,0.007472051106548027,3835,0.974163476081454,3937.4495750257634,0.9739807270991926,Put,SPX,SPX220916P03835000,7.85,0.3191,0.03651160265196319,0.9997272206500565
2022-09-16,3,0.007472051106548027,3840,0.9754335718781704,3937.4495750257634,0.9752505846312646,Put,SPX,SPX220916P03840000,8.45,0.3165,0.03651160265196319,0.9997272206500565
2022-09-16,3,0.007472051106548027,3845,0.9767036676748868,3937.4495750257634,0.9765204421633366,Put,SPX,SPX220916P03845000,9.15,0.3146,0.03651160265196319,0.9997272206500565
2022-09-16,3,0.007472051106548027,3850,0.9779737634716031,3937.4495750257634,0.9777902996954085,Put,SPX,SPX220916P03850000,9.85,0.3122,0.03651160265196319,0.9997272206500565
2022-09-16,3,0.007472051106548027,3855,0.9792438592683195,3937.4495750257634,0.9790601572274804,Put,SPX,SPX220916P03855000,10.65,0.3102,0.03651160265196319,0.9997272206500565
2022-09-16,3,0.007472051106548027,3860,0.9805139550650359,3937.4495750257634,0.9803300147595524,Put,SPX,SPX220916P03860000,11.45,0.3077,0.03651160265196319,0.9997272206500565
2022-09-16,3,0.007472051106548027,3865,0.9817840508617522,3937.4495750257634,0.9815998722916244,Put,SPX,SPX220916P03865000,12.35,0.3056,0.03651160265196319,0.9997272206500565
2022-09-16,3,0.007472051106548027,3870,0.9830541466584686,3937.4495750257634,0.9828697298236964,Put,SPX,SPX220916P03870000,13.3,0.3034,0.03651160265196319,0.9997272206500565
2022-09-16,3,0.007472051106548027,3875,0.984324242455185,3937.4495750257634,0.9841395873557683,Put,SPX,SPX220916P03875000,14.35,0.3015,0.03651160265196319,0.9997272206500565
2022-09-16,3,0.007472051106548027,3880,0.9855943382519013,3937.4495750257634,0.9854094448878402,Put,SPX,SPX220916P03880000,15.45,0.2994,0.03651160265196319,0.9997272206500565
2022-09-16,3,0.007472051106548027,3885,0.9868644340486177,3937.4495750257634,0.9866793024199122,Put,SPX,SPX220916P03885000,16.55,0.2966,0.03651160265196319,0.9997272206500565
2022-09-16,3,0.007472051106548027,3890,0.9881345298453341,3937.4495750257634,0.9879491599519842,Put,SPX,SPX220916P03890000,17.85,0.295,0.03651160265196319,0.9997272206500565
2022-09-16,3,0.007472051106548027,3895,0.9894046256420505,3937.4495750257634,0.9892190174840562,Put,SPX,SPX220916P03895000,19.15,0.2926,0.03651160265196319,0.9997272206500565
2022-09-16,3,0.007472051106548027,3900,0.9906747214387668,3937.4495750257634,0.9904888750161281,Put,SPX,SPX220916P03900000,20.6,0.2908,0.03651160265196319,0.9997272206500565
2022-09-16,3,0.007472051106548027,3905,0.9919448172354832,3937.4495750257634,0.9917587325482,Put,SPX,SPX220916P03905000,22.1,0.2887,0.03651160265196319,0.9997272206500565
2022-09-16,3,0.007472051106548027,3910,0.9932149130321996,3937.4495750257634,0.993028590080272,Put,SPX,SPX220916P03910000,23.8,0.2875,0.03651160265196319,0.9997272206500565
2022-09-16,3,0.007472051106548027,3915,0.9944850088289159,3937.4495750257634,0.994298447612344,Put,SPX,SPX220916P03915000,25.5,0.2855,0.03651160265196319,0.9997272206500565
2022-09-16,3,0.007472051106548027,3920,0.9957551046256323,3937.4495750257634,0.995568305144416,Put,SPX,SPX220916P03920000,27.3,0.2835,0.03651160265196319,0.9997272206500565
2022-09-16,3,0.007472051106548027,3925,0.9970252004223487,3937.4495750257634,0.9968381626764878,Put,SPX,SPX220916P03925000,29.2,0.2814,0.03651160265196319,0.9997272206500565
2022-09-16,3,0.007472051106548027,3930,0.998295296219065,3937.4495750257634,0.9981080202085598,Put,SPX,SPX220916P03930000,31.3,0.2802,0.03651160265196319,0.9997272206500565
2022-09-16,3,0.007472051106548027,3935,0.9995653920157814,3937.4495750257634,0.9993778777406318,Put,SPX,SPX220916P03935000,33.7,0.2804,0.03651160265196319,0.9997272206500565
2022-09-16,3,0.007472051106548027,3940,1.0008354878124979,3937.4495750257634,1.0006477352727037,Call,SPX,SPX220916C03940000,35.0,0.2768,0.03651160265196319,0.9997272206500565
2022-09-16,3,0.007472051106548027,3945,1.002105583609214,3937.4495750257634,1.0019175928047757,Call,SPX,SPX220916C03945000,32.3,0.2745,0.03651160265196319,0.9997272206500565
2022-09-16,3,0.007472051106548027,3950,1.0033756794059305,3937.4495750257634,1.0031874503368476,Call,SPX,SPX220916C03950000,29.9,0.2737,0.03651160265196319,0.9997272206500565
2022-09-16,3,0.007472051106548027,3955,1.004645775202647,3937.4495750257634,1.0044573078689196,Call,SPX,SPX220916C03955000,27.5,0.2719,0.03651160265196319,0.9997272206500565
2022-09-16,3,0.007472051106548027,3960,1.0059158709993632,3937.4495750257634,1.0057271654009916,Call,SPX,SPX220916C03960000,25.3,0.2708,0.03651160265196319,0.9997272206500565
2022-09-16,3,0.007472051106548027,3965,1.0071859667960796,3937.4495750257634,1.0069970229330636,Call,SPX,SPX220916C03965000,23.2,0.2696,0.03651160265196319,0.9997272206500565
2022-09-16,3,0.007472051106548027,3970,1.008456062592796,3937.4495750257634,1.0082668804651356,Call,SPX,SPX220916C03970000,21.15,0.2679,0.03651160265196319,0.9997272206500565
2022-09-16,3,0.007472051106548027,3975,1.0097261583895123,3937.4495750257634,1.0095367379972076,Call,SPX,SPX220916C03975000,19.25,0.2664,0.03651160265196319,0.9997272206500565
2022-09-16,3,0.007472051106548027,3980,1.0109962541862287,3937.4495750257634,1.0108065955292795,Call,SPX,SPX220916C03980000,17.55,0.2657,0.03651160265196319,0.9997272206500565
2022-09-16,3,0.007472051106548027,3985,1.0122663499829452,3937.4495750257634,1.0120764530613513,Call,SPX,SPX220916C03985000,15.850000000000001,0.2641,0.03651160265196319,0.9997272206500565
2022-09-16,3,0.007472051106548027,3990,1.0135364457796614,3937.4495750257634,1.0133463105934233,Call,SPX,SPX220916C03990000,14.350000000000001,0.2632,0.03651160265196319,0.9997272206500565
2022-09-16,3,0.007472051106548027,3995,1.0148065415763778,3937.4495750257634,1.0146161681254953,Call,SPX,SPX220916C03995000,13.0,0.2633,0.03651160265196319,0.9997272206500565
2022-09-16,3,0.007472051106548027,4000,1.0160766373730943,3937.4495750257634,1.0158860256575672,Call,SPX,SPX220916C04000000,11.75,0.262,0.03651160265196319,0.9997272206500565
2022-09-16,3,0.007472051106548027,4005,1.0173467331698105,3937.4495750257634,1.0171558831896392,Call,SPX,SPX220916C04005000,10.55,0.2612,0.03651160265196319,0.9997272206500565
2022-09-16,3,0.007472051106548027,4010,1.018616828966527,3937.4495750257634,1.0184257407217112,Call,SPX,SPX220916C04010000,9.4,0.2604,0.03651160265196319,0.9997272206500565
2022-09-16,3,0.007472051106548027,4015,1.0198869247632434,3937.4495750257634,1.0196955982537832,Call,SPX,SPX220916C04015000,8.45,0.2604,0.03651160265196319,0.9997272206500565
2022-09-16,3,0.007472051106548027,4020,1.0211570205599596,3937.4495750257634,1.0209654557858552,Call,SPX,SPX220916C04020000,7.550000000000001,0.26,0.03651160265196319,0.9997272206500565
2022-09-16,3,0.008213552361396304,3565,0.9055783030587702,3937.522946229548,0.9053915491244909,Put,SPXW,SPXW220916P03565000,0.825,0.5304,0.03651353816886379,0.9997001391096165
2022-09-16,3,0.008213552361396304,3595,0.9131988778390684,3937.522946229548,0.9130105523429298,Put,SPXW,SPXW220916P03595000,0.975,0.5032,0.03651353816886379,0.9997001391096165
2022-09-16,3,0.008213552361396304,3605,0.9157390694325012,3937.522946229548,0.9155502200824095,Put,SPXW,SPXW220916P03605000,1.025,0.4936,0.03651353816886379,0.9997001391096165
2022-09-16,3,0.008213552361396304,3610,0.9170091652292175,3937.522946229548,0.9168200539521493,Put,SPXW,SPXW220916P03610000,1.05,0.4887,0.03651353816886379,0.9997001391096165
2022-09-16,3,0.008213552361396304,3615,0.9182792610259338,3937.522946229548,0.9180898878218892,Put,SPXW,SPXW220916P03615000,1.1,0.4854,0.03651353816886379,0.9997001391096165
2022-09-16,3,0.008213552361396304,3620,0.9195493568226503,3937.522946229548,0.9193597216916289,Put,SPXW,SPXW220916P03620000,1.125,0.4803,0.03651353816886379,0.9997001391096165
2022-09-16,3,0.008213552361396304,3625,0.9208194526193666,3937.522946229548,0.9206295555613687,Put,SPXW,SPXW220916P03625000,1.15,0.4752,0.03651353816886379,0.9997001391096165
2022-09-16,3,0.008213552361396304,3635,0.9233596442127994,3937.522946229548,0.9231692233008484,Put,SPXW,SPXW220916P03635000,1.25,0.4676,0.03651353816886379,0.9997001391096165
2022-09-16,3,0.008213552361396304,3640,0.9246297400095157,3937.522946229548,0.9244390571705883,Put,SPXW,SPXW220916P03640000,1.275,0.4623,0.03651353816886379,0.9997001391096165
2022-09-16,3,0.008213552361396304,3645,0.925899835806232,3937.522946229548,0.925708891040328,Put,SPXW,SPXW220916P03645000,1.3,0.4568,0.03651353816886379,0.9997001391096165
2022-09-16,3,0.008213552361396304,3660,0.9297101231963811,3937.522946229548,0.9295183926495475,Put,SPXW,SPXW220916P03660000,1.45,0.444,0.03651353816886379,0.9997001391096165
2022-09-16,3,0.008213552361396304,3665,0.9309802189930976,3937.522946229548,0.9307882265192873,Put,SPXW,SPXW220916P03665000,1.525,0.4407,0.03651353816886379,0.9997001391096165
2022-09-16,3,0.008213552361396304,3670,0.9322503147898139,3937.522946229548,0.9320580603890272,Put,SPXW,SPXW220916P03670000,1.575,0.4361,0.03651353816886379,0.9997001391096165
2022-09-16,3,0.008213552361396304,3680,0.9347905063832467,3937.522946229548,0.9345977281285068,Put,SPXW,SPXW220916P03680000,1.7,0.4275,0.03651353816886379,0.9997001391096165
2022-09-16,3,0.008213552361396304,3685,0.936060602179963,3937.522946229548,0.9358675619982466,Put,SPXW,SPXW220916P03685000,1.775,0.4236,0.03651353816886379,0.9997001391096165
2022-09-16,3,0.008213552361396304,3690,0.9373306979766793,3937.522946229548,0.9371373958679864,Put,SPXW,SPXW220916P03690000,1.825,0.4185,0.03651353816886379,0.9997001391096165
2022-09-16,3,0.008213552361396304,3695,0.9386007937733958,3937.522946229548,0.9384072297377263,Put,SPXW,SPXW220916P03695000,1.925,0.4152,0.03651353816886379,0.9997001391096165
2022-09-16,3,0.008213552361396304,3705,0.9411409853668284,3937.522946229548,0.9409468974772058,Put,SPXW,SPXW220916P03705000,2.1,0.4071,0.03651353816886379,0.9997001391096165
2022-09-16,3,0.008213552361396304,3710,0.9424110811635449,3937.522946229548,0.9422167313469457,Put,SPXW,SPXW220916P03710000,2.2,0.4033,0.03651353816886379,0.9997001391096165
2022-09-16,3,0.008213552361396304,3715,0.9436811769602612,3937.522946229548,0.9434865652166855,Put,SPXW,SPXW220916P03715000,2.3,0.3992,0.03651353816886379,0.9997001391096165
2022-09-16,3,0.008213552361396304,3720,0.9449512727569775,3937.522946229548,0.9447563990864253,Put,SPXW,SPXW220916P03720000,2.4,0.395,0.03651353816886379,0.9997001391096165
2022-09-16,3,0.008213552361396304,3725,0.946221368553694,3937.522946229548,0.9460262329561652,Put,SPXW,SPXW220916P03725000,2.55,0.3921,0.03651353816886379,0.9997001391096165
2022-09-16,3,0.008213552361396304,3730,0.9474914643504103,3937.522946229548,0.947296066825905,Put,SPXW,SPXW220916P03730000,2.675,0.3883,0.03651353816886379,0.9997001391096165
2022-09-16,3,0.008213552361396304,3735,0.9487615601471266,3937.522946229548,0.9485659006956448,Put,SPXW,SPXW220916P03735000,2.825,0.3849,0.03651353816886379,0.9997001391096165
2022-09-16,3,0.008213552361396304,3740,0.9500316559438431,3937.522946229548,0.9498357345653846,Put,SPXW,SPXW220916P03740000,2.975,0.3812,0.03651353816886379,0.9997001391096165
2022-09-16,3,0.008213552361396304,3745,0.9513017517405594,3937.522946229548,0.9511055684351244,Put,SPXW,SPXW220916P03745000,3.15,0.378,0.03651353816886379,0.9997001391096165
2022-09-16,3,0.008213552361396304,3750,0.9525718475372758,3937.522946229548,0.9523754023048643,Put,SPXW,SPXW220916P03750000,3.35,0.3751,0.03651353816886379,0.9997001391096165
2022-09-16,3,0.008213552361396304,3755,0.9538419433339922,3937.522946229548,0.9536452361746041,Put,SPXW,SPXW220916P03755000,3.55,0.3719,0.03651353816886379,0.9997001391096165
2022-09-16,3,0.008213552361396304,3770,0.9576522307241413,3937.522946229548,0.9574547377838235,Put,SPXW,SPXW220916P03770000,4.2,0.3616,0.03651353816886379,0.9997001391096165
2022-09-16,3,0.008213552361396304,3775,0.9589223265208576,3937.522946229548,0.9587245716535634,Put,SPXW,SPXW220916P03775000,4.5,0.3592,0.03651353816886379,0.9997001391096165
2022-09-16,3,0.008213552361396304,3780,0.960192422317574,3937.522946229548,0.9599944055233032,Put,SPXW,SPXW220916P03780000,4.8,0.3565,0.03651353816886379,0.9997001391096165
2022-09-16,3,0.008213552361396304,3785,0.9614625181142904,3937.522946229548,0.961264239393043,Put,SPXW,SPXW220916P03785000,5.1,0.3534,0.03651353816886379,0.9997001391096165
2022-09-16,3,0.008213552361396304,3790,0.9627326139110067,3937.522946229548,0.9625340732627828,Put,SPXW,SPXW220916P03790000,5.45,0.3508,0.03651353816886379,0.9997001391096165
2022-09-16,3,0.008213552361396304,3795,0.9640027097077231,3937.522946229548,0.9638039071325226,Put,SPXW,SPXW220916P03795000,5.85,0.3487,0.03651353816886379,0.9997001391096165
2022-09-16,3,0.008213552361396304,3800,0.9652728055044395,3937.522946229548,0.9650737410022624,Put,SPXW,SPXW220916P03800000,6.2,0.3453,0.03651353816886379,0.9997001391096165
2022-09-16,3,0.008213552361396304,3805,0.9665429013011558,3937.522946229548,0.9663435748720023,Put,SPXW,SPXW220916P03805000,6.65,0.3431,0.03651353816886379,0.9997001391096165
2022-09-16,3,0.008213552361396304,3810,0.9678129970978722,3937.522946229548,0.9676134087417421,Put,SPXW,SPXW220916P03810000,7.05,0.3397,0.03651353816886379,0.9997001391096165
2022-09-16,3,0.008213552361396304,3815,0.9690830928945886,3937.522946229548,0.9688832426114818,Put,SPXW,SPXW220916P03815000,7.55,0.3373,0.03651353816886379,0.9997001391096165
2022-09-16,3,0.008213552361396304,3820,0.9703531886913049,3937.522946229548,0.9701530764812217,Put,SPXW,SPXW220916P03820000,8.1,0.3352,0.03651353816886379,0.9997001391096165
2022-09-16,3,0.008213552361396304,3825,0.9716232844880213,3937.522946229548,0.9714229103509615,Put,SPXW,SPXW220916P03825000,8.7,0.3326,0.03651353816886379,0.9997001391096165
2022-09-16,3,0.008213552361396304,3830,0.9728933802847377,3937.522946229548,0.9726927442207014,Put,SPXW,SPXW220916P03830000,9.3,0.3307,0.03651353816886379,0.9997001391096165
2022-09-16,3,0.008213552361396304,3835,0.974163476081454,3937.522946229548,0.9739625780904412,Put,SPXW,SPXW220916P03835000,10.0,0.329,0.03651353816886379,0.9997001391096165
2022-09-16,3,0.008213552361396304,3840,0.9754335718781704,3937.522946229548,0.975232411960181,Put,SPXW,SPXW220916P03840000,10.7,0.3267,0.03651353816886379,0.9997001391096165
2022-09-16,3,0.008213552361396304,3845,0.9767036676748868,3937.522946229548,0.9765022458299208,Put,SPXW,SPXW220916P03845000,11.5,0.325,0.03651353816886379,0.9997001391096165
2022-09-16,3,0.008213552361396304,3850,0.9779737634716031,3937.522946229548,0.9777720796996606,Put,SPXW,SPXW220916P03850000,12.3,0.3227,0.03651353816886379,0.9997001391096165
2022-09-16,3,0.008213552361396304,3855,0.9792438592683195,3937.522946229548,0.9790419135694004,Put,SPXW,SPXW220916P03855000,13.2,0.3209,0.03651353816886379,0.9997001391096165
2022-09-16,3,0.008213552361396304,3860,0.9805139550650359,3937.522946229548,0.9803117474391403,Put,SPXW,SPXW220916P03860000,14.15,0.3191,0.03651353816886379,0.9997001391096165
2022-09-16,3,0.008213552361396304,3865,0.9817840508617522,3937.522946229548,0.9815815813088801,Put,SPXW,SPXW220916P03865000,15.2,0.3176,0.03651353816886379,0.9997001391096165
2022-09-16,3,0.008213552361396304,3870,0.9830541466584686,3937.522946229548,0.9828514151786198,Put,SPXW,SPXW220916P03870000,16.25,0.3156,0.03651353816886379,0.9997001391096165
2022-09-16,3,0.008213552361396304,3875,0.984324242455185,3937.522946229548,0.9841212490483597,Put,SPXW,SPXW220916P03875000,17.450000000000003,0.3143,0.03651353816886379,0.9997001391096165
2022-09-16,3,0.008213552361396304,3880,0.9855943382519013,3937.522946229548,0.9853910829180995,Put,SPXW,SPXW220916P03880000,18.7,0.3128,0.03651353816886379,0.9997001391096165
2022-09-16,3,0.008213552361396304,3885,0.9868644340486177,3937.522946229548,0.9866609167878394,Put,SPXW,SPXW220916P03885000,20.0,0.3112,0.03651353816886379,0.9997001391096165
2022-09-16,3,0.008213552361396304,3890,0.9881345298453341,3937.522946229548,0.9879307506575792,Put,SPXW,SPXW220916P03890000,21.450000000000003,0.3101,0.03651353816886379,0.9997001391096165
2022-09-16,3,0.008213552361396304,3895,0.9894046256420505,3937.522946229548,0.989200584527319,Put,SPXW,SPXW220916P03895000,22.9,0.3084,0.03651353816886379,0.9997001391096165
2022-09-16,3,0.008213552361396304,3900,0.9906747214387668,3937.522946229548,0.9904704183970588,Put,SPXW,SPXW220916P03900000,24.450000000000003,0.3069,0.03651353816886379,0.9997001391096165
2022-09-16,3,0.008213552361396304,3905,0.9919448172354832,3937.522946229548,0.9917402522667986,Put,SPXW,SPXW220916P03905000,26.1,0.3055,0.03651353816886379,0.9997001391096165
2022-09-16,3,0.008213552361396304,3910,0.9932149130321996,3937.522946229548,0.9930100861365384,Put,SPXW,SPXW220916P03910000,27.85,0.3041,0.03651353816886379,0.9997001391096165
2022-09-16,3,0.008213552361396304,3915,0.9944850088289159,3937.522946229548,0.9942799200062783,Put,SPXW,SPXW220916P03915000,29.65,0.3026,0.03651353816886379,0.9997001391096165
2022-09-16,3,0.008213552361396304,3920,0.9957551046256323,3937.522946229548,0.9955497538760181,Put,SPXW,SPXW220916P03920000,31.549999999999997,0.301,0.03651353816886379,0.9997001391096165
2022-09-16,3,0.008213552361396304,3925,0.9970252004223487,3937.522946229548,0.996819587745758,Put,SPXW,SPXW220916P03925000,33.55,0.2995,0.03651353816886379,0.9997001391096165
2022-09-16,3,0.008213552361396304,3930,0.998295296219065,3937.522946229548,0.9980894216154977,Put,SPXW,SPXW220916P03930000,35.65,0.2981,0.03651353816886379,0.9997001391096165
2022-09-16,3,0.008213552361396304,3935,0.9995653920157814,3937.522946229548,0.9993592554852375,Put,SPXW,SPXW220916P03935000,37.85,0.2967,0.03651353816886379,0.9997001391096165
2022-09-16,3,0.008213552361396304,3940,1.0008354878124979,3937.522946229548,1.0006290893549774,Call,SPXW,SPXW220916C03940000,39.35,0.2948,0.03651353816886379,0.9997001391096165
2022-09-16,3,0.008213552361396304,3945,1.002105583609214,3937.522946229548,1.0018989232247173,Call,SPXW,SPXW220916C03945000,36.75,0.2934,0.03651353816886379,0.9997001391096165
2022-09-16,3,0.008213552361396304,3950,1.0033756794059305,3937.522946229548,1.003168757094457,Call,SPXW,SPXW220916C03950000,34.25,0.292,0.03651353816886379,0.9997001391096165
2022-09-16,3,0.008213552361396304,3955,1.004645775202647,3937.522946229548,1.0044385909641969,Call,SPXW,SPXW220916C03955000,31.85,0.2906,0.03651353816886379,0.9997001391096165
2022-09-16,3,0.008213552361396304,3960,1.0059158709993632,3937.522946229548,1.0057084248339367,Call,SPXW,SPXW220916C03960000,29.6,0.2895,0.03651353816886379,0.9997001391096165
2022-09-16,3,0.008213552361396304,3965,1.0071859667960796,3937.522946229548,1.0069782587036764,Call,SPXW,SPXW220916C03965000,27.450000000000003,0.2884,0.03651353816886379,0.9997001391096165
2022-09-16,3,0.008213552361396304,3970,1.008456062592796,3937.522946229548,1.0082480925734163,Call,SPXW,SPXW220916C03970000,25.35,0.2869,0.03651353816886379,0.9997001391096165
2022-09-16,3,0.008213552361396304,3975,1.0097261583895123,3937.522946229548,1.0095179264431562,Call,SPXW,SPXW220916C03975000,23.450000000000003,0.2862,0.03651353816886379,0.9997001391096165
2022-09-16,3,0.008213552361396304,3980,1.0109962541862287,3937.522946229548,1.0107877603128959,Call,SPXW,SPXW220916C03980000,21.6,0.2851,0.03651353816886379,0.9997001391096165
2022-09-16,3,0.008213552361396304,3985,1.0122663499829452,3937.522946229548,1.0120575941826357,Call,SPXW,SPXW220916C03985000,19.85,0.284,0.03651353816886379,0.9997001391096165
2022-09-16,3,0.008213552361396304,3990,1.0135364457796614,3937.522946229548,1.0133274280523756,Call,SPXW,SPXW220916C03990000,18.25,0.2833,0.03651353816886379,0.9997001391096165
2022-09-16,3,0.008213552361396304,3995,1.0148065415763778,3937.522946229548,1.0145972619221153,Call,SPXW,SPXW220916C03995000,16.75,0.2827,0.03651353816886379,0.9997001391096165
2022-09-16,3,0.008213552361396304,4000,1.0160766373730943,3937.522946229548,1.0158670957918552,Call,SPXW,SPXW220916C04000000,15.3,0.2817,0.03651353816886379,0.9997001391096165
2022-09-16,3,0.008213552361396304,4005,1.0173467331698105,3937.522946229548,1.017136929661595,Call,SPXW,SPXW220916C04005000,14.0,0.2813,0.03651353816886379,0.9997001391096165
2022-09-16,3,0.008213552361396304,4010,1.018616828966527,3937.522946229548,1.0184067635313347,Call,SPXW,SPXW220916C04010000,12.75,0.2806,0.03651353816886379,0.9997001391096165
2022-09-16,3,0.008213552361396304,4015,1.0198869247632434,3937.522946229548,1.0196765974010746,Call,SPXW,SPXW220916C04015000,11.600000000000001,0.28,0.03651353816886379,0.9997001391096165
2022-09-16,3,0.008213552361396304,4020,1.0211570205599596,3937.522946229548,1.0209464312708145,Call,SPXW,SPXW220916C04020000,10.55,0.2796,0.03651353816886379,0.9997001391096165
2022-09-16,3,0.008213552361396304,4025,1.022427116356676,3937.522946229548,1.0222162651405542,Call,SPXW,SPXW220916C04025000,9.600000000000001,0.2796,0.03651353816886379,0.9997001391096165
2022-09-16,3,0.008213552361396304,4030,1.0236972121533925,3937.522946229548,1.023486099010294,Call,SPXW,SPXW220916C04030000,8.65,0.2787,0.03651353816886379,0.9997001391096165
2022-09-16,3,0.008213552361396304,4035,1.0249673079501087,3937.522946229548,1.024755932880034,Call,SPXW,SPXW220916C04035000,7.85,0.2787,0.03651353816886379,0.9997001391096165
2022-09-16,3,0.008213552361396304,4040,1.0262374037468251,3937.522946229548,1.0260257667497736,Call,SPXW,SPXW220916C04040000,7.05,0.278,0.03651353816886379,0.9997001391096165
2022-09-16,3,0.008213552361396304,4045,1.0275074995435416,3937.522946229548,1.0272956006195135,Call,SPXW,SPXW220916C04045000,6.35,0.2778,0.03651353816886379,0.9997001391096165
2022-09-16,3,0.008213552361396304,4050,1.0287775953402578,3937.522946229548,1.0285654344892534,Call,SPXW,SPXW220916C04050000,5.75,0.2782,0.03651353816886379,0.9997001391096165
2022-09-16,3,0.008213552361396304,4055,1.0300476911369743,3937.522946229548,1.0298352683589933,Call,SPXW,SPXW220916C04055000,5.2,0.2785,0.03651353816886379,0.9997001391096165
2022-09-16,3,0.008213552361396304,4060,1.0313177869336907,3937.522946229548,1.031105102228733,Call,SPXW,SPXW220916C04060000,4.7,0.279,0.03651353816886379,0.9997001391096165
2022-09-16,3,0.008213552361396304,4065,1.032587882730407,3937.522946229548,1.0323749360984729,Call,SPXW,SPXW220916C04065000,4.2,0.2787,0.03651353816886379,0.9997001391096165
2022-09-16,3,0.008213552361396304,4080,1.036398170120556,3937.522946229548,1.0361844377076923,Call,SPXW,SPXW220916C04080000,3.05,0.2799,0.03651353816886379,0.9997001391096165
2022-09-19,6,0.01642710472279261,3750,0.9525718475372758,3938.336514217172,0.9521786638756521,Put,SPXW,SPXW220919P03750000,5.15,0.2854,0.0365348729553828,0.9994000178772278
2022-09-19,6,0.01642710472279261,3755,0.9538419433339922,3938.336514217172,0.9534482354274864,Put,SPXW,SPXW220919P03755000,5.45,0.2835,0.0365348729553828,0.9994000178772278
2022-09-19,6,0.01642710472279261,3760,0.9551120391307085,3938.336514217172,0.9547178069793205,Put,SPXW,SPXW220919P03760000,5.75,0.2814,0.0365348729553828,0.9994000178772278
2022-09-19,6,0.01642710472279261,3765,0.9563821349274249,3938.336514217172,0.9559873785311547,Put,SPXW,SPXW220919P03765000,6.15,0.2804,0.0365348729553828,0.9994000178772278
2022-09-19,6,0.01642710472279261,3770,0.9576522307241413,3938.336514217172,0.9572569500829889,Put,SPXW,SPXW220919P03770000,6.45,0.2778,0.0365348729553828,0.9994000178772278
2022-09-19,6,0.01642710472279261,3775,0.9589223265208576,3938.336514217172,0.9585265216348231,Put,SPXW,SPXW220919P03775000,6.85,0.2762,0.0365348729553828,0.9994000178772278
2022-09-19,6,0.01642710472279261,3780,0.960192422317574,3938.336514217172,0.9597960931866574,Put,SPXW,SPXW220919P03780000,7.3,0.2749,0.0365348729553828,0.9994000178772278
2022-09-19,6,0.01642710472279261,3785,0.9614625181142904,3938.336514217172,0.9610656647384915,Put,SPXW,SPXW220919P03785000,7.7,0.2728,0.0365348729553828,0.9994000178772278
2022-09-19,6,0.01642710472279261,3790,0.9627326139110067,3938.336514217172,0.9623352362903257,Put,SPXW,SPXW220919P03790000,8.2,0.2714,0.0365348729553828,0.9994000178772278
2022-09-19,6,0.01642710472279261,3795,0.9640027097077231,3938.336514217172,0.96360480784216,Put,SPXW,SPXW220919P03795000,8.7,0.2698,0.0365348729553828,0.9994000178772278
2022-09-19,6,0.01642710472279261,3800,0.9652728055044395,3938.336514217172,0.9648743793939941,Put,SPXW,SPXW220919P03800000,9.2,0.2679,0.0365348729553828,0.9994000178772278
2022-09-19,6,0.01642710472279261,3805,0.9665429013011558,3938.336514217172,0.9661439509458284,Put,SPXW,SPXW220919P03805000,9.8,0.2666,0.0365348729553828,0.9994000178772278
2022-09-19,6,0.01642710472279261,3810,0.9678129970978722,3938.336514217172,0.9674135224976625,Put,SPXW,SPXW220919P03810000,10.399999999999999,0.265,0.0365348729553828,0.9994000178772278
2022-09-19,6,0.01642710472279261,3815,0.9690830928945886,3938.336514217172,0.9686830940494967,Put,SPXW,SPXW220919P03815000,11.05,0.2636,0.0365348729553828,0.9994000178772278
2022-09-19,6,0.01642710472279261,3820,0.9703531886913049,3938.336514217172,0.969952665601331,Put,SPXW,SPXW220919P03820000,11.75,0.2622,0.0365348729553828,0.9994000178772278
2022-09-19,6,0.01642710472279261,3825,0.9716232844880213,3938.336514217172,0.9712222371531651,Put,SPXW,SPXW220919P03825000,12.55,0.2614,0.0365348729553828,0.9994000178772278
2022-09-19,6,0.01642710472279261,3830,0.9728933802847377,3938.336514217172,0.9724918087049994,Put,SPXW,SPXW220919P03830000,13.3,0.2598,0.0365348729553828,0.9994000178772278
2022-09-19,6,0.01642710472279261,3835,0.974163476081454,3938.336514217172,0.9737613802568336,Put,SPXW,SPXW220919P03835000,14.15,0.2586,0.0365348729553828,0.9994000178772278
2022-09-19,6,0.01642710472279261,3840,0.9754335718781704,3938.336514217172,0.9750309518086677,Put,SPXW,SPXW220919P03840000,15.05,0.2575,0.0365348729553828,0.9994000178772278
2022-09-19,6,0.01642710472279261,3845,0.9767036676748868,3938.336514217172,0.976300523360502,Put,SPXW,SPXW220919P03845000,16.0,0.2563,0.0365348729553828,0.9994000178772278
2022-09-19,6,0.01642710472279261,3850,0.9779737634716031,3938.336514217172,0.9775700949123362,Put,SPXW,SPXW220919P03850000,16.950000000000003,0.2548,0.0365348729553828,0.9994000178772278
2022-09-19,6,0.01642710472279261,3855,0.9792438592683195,3938.336514217172,0.9788396664641704,Put,SPXW,SPXW220919P03855000,18.049999999999997,0.254,0.0365348729553828,0.9994000178772278
2022-09-19,6,0.01642710472279261,3860,0.9805139550650359,3938.336514217172,0.9801092380160046,Put,SPXW,SPXW220919P03860000,19.200000000000003,0.2531,0.0365348729553828,0.9994000178772278
2022-09-19,6,0.01642710472279261,3865,0.9817840508617522,3938.336514217172,0.9813788095678387,Put,SPXW,SPXW220919P03865000,20.3,0.2515,0.0365348729553828,0.9994000178772278
2022-09-19,6,0.01642710472279261,3870,0.9830541466584686,3938.336514217172,0.982648381119673,Put,SPXW,SPXW220919P03870000,21.6,0.2508,0.0365348729553828,0.9994000178772278
2022-09-19,6,0.01642710472279261,3875,0.984324242455185,3938.336514217172,0.9839179526715072,Put,SPXW,SPXW220919P03875000,22.9,0.2498,0.0365348729553828,0.9994000178772278
2022-09-19,6,0.01642710472279261,3880,0.9855943382519013,3938.336514217172,0.9851875242233414,Put,SPXW,SPXW220919P03880000,24.25,0.2486,0.0365348729553828,0.9994000178772278
2022-09-19,6,0.01642710472279261,3885,0.9868644340486177,3938.336514217172,0.9864570957751756,Put,SPXW,SPXW220919P03885000,25.75,0.2479,0.0365348729553828,0.9994000178772278
2022-09-19,6,0.01642710472279261,3890,0.9881345298453341,3938.336514217172,0.9877266673270098,Put,SPXW,SPXW220919P03890000,27.15,0.2463,0.0365348729553828,0.9994000178772278
2022-09-19,6,0.01642710472279261,3895,0.9894046256420505,3938.336514217172,0.988996238878844,Put,SPXW,SPXW220919P03895000,28.799999999999997,0.2456,0.0365348729553828,0.9994000178772278
2022-09-19,6,0.01642710472279261,3900,0.9906747214387668,3938.336514217172,0.9902658104306782,Put,SPXW,SPXW220919P03900000,30.4,0.2443,0.0365348729553828,0.9994000178772278
2022-09-19,6,0.01642710472279261,3905,0.9919448172354832,3938.336514217172,0.9915353819825125,Put,SPXW,SPXW220919P03905000,32.1,0.2432,0.0365348729553828,0.9994000178772278
2022-09-19,6,0.01642710472279261,3910,0.9932149130321996,3938.336514217172,0.9928049535343466,Put,SPXW,SPXW220919P03910000,33.85,0.2419,0.0365348729553828,0.9994000178772278
2022-09-19,6,0.01642710472279261,3915,0.9944850088289159,3938.336514217172,0.9940745250861808,Put,SPXW,SPXW220919P03915000,35.75,0.241,0.0365348729553828,0.9994000178772278
2022-09-19,6,0.01642710472279261,3920,0.9957551046256323,3938.336514217172,0.995344096638015,Put,SPXW,SPXW220919P03920000,37.7,0.2399,0.0365348729553828,0.9994000178772278
2022-09-19,6,0.01642710472279261,3925,0.9970252004223487,3938.336514217172,0.9966136681898492,Put,SPXW,SPXW220919P03925000,39.8,0.2392,0.0365348729553828,0.9994000178772278
2022-09-19,6,0.01642710472279261,3930,0.998295296219065,3938.336514217172,0.9978832397416835,Put,SPXW,SPXW220919P03930000,42.1,0.2391,0.0365348729553828,0.9994000178772278
2022-09-19,6,0.01642710472279261,3935,0.9995653920157814,3938.336514217172,0.9991528112935176,Put,SPXW,SPXW220919P03935000,44.2,0.2375,0.0365348729553828,0.9994000178772278
2022-09-19,6,0.01642710472279261,3940,1.0008354878124979,3938.336514217172,1.0004223828453518,Call,SPXW,SPXW220919C03940000,45.9,0.2348,0.0365348729553828,0.9994000178772278
2022-09-19,6,0.01642710472279261,3945,1.002105583609214,3938.336514217172,1.001691954397186,Call,SPXW,SPXW220919C03945000,43.3,0.2338,0.0365348729553828,0.9994000178772278
2022-09-19,6,0.01642710472279261,3950,1.0033756794059305,3938.336514217172,1.0029615259490203,Call,SPXW,SPXW220919C03950000,40.65,0.2322,0.0365348729553828,0.9994000178772278
2022-09-19,6,0.01642710472279261,3955,1.004645775202647,3938.336514217172,1.0042310975008544,Call,SPXW,SPXW220919C03955000,38.349999999999994,0.232,0.0365348729553828,0.9994000178772278
2022-09-19,6,0.01642710472279261,3960,1.0059158709993632,3938.336514217172,1.0055006690526886,Call,SPXW,SPXW220919C03960000,35.95,0.2308,0.0365348729553828,0.9994000178772278
2022-09-19,6,0.01642710472279261,3965,1.0071859667960796,3938.336514217172,1.006770240604523,Call,SPXW,SPXW220919C03965000,33.75,0.2301,0.0365348729553828,0.9994000178772278
2022-09-19,6,0.01642710472279261,3970,1.008456062592796,3938.336514217172,1.008039812156357,Call,SPXW,SPXW220919C03970000,31.55,0.229,0.0365348729553828,0.9994000178772278
2022-09-19,6,0.01642710472279261,3975,1.0097261583895123,3938.336514217172,1.0093093837081912,Call,SPXW,SPXW220919C03975000,29.55,0.2285,0.0365348729553828,0.9994000178772278
2022-09-19,6,0.01642710472279261,3980,1.0109962541862287,3938.336514217172,1.0105789552600255,Call,SPXW,SPXW220919C03980000,27.55,0.2275,0.0365348729553828,0.9994000178772278
2022-09-19,6,0.01642710472279261,3985,1.0122663499829452,3938.336514217172,1.0118485268118595,Call,SPXW,SPXW220919C03985000,25.65,0.2266,0.0365348729553828,0.9994000178772278
2022-09-19,6,0.01642710472279261,3990,1.0135364457796614,3938.336514217172,1.0131180983636938,Call,SPXW,SPXW220919C03990000,23.9,0.226,0.0365348729553828,0.9994000178772278
2022-09-19,6,0.01642710472279261,3995,1.0148065415763778,3938.336514217172,1.014387669915528,Call,SPXW,SPXW220919C03995000,22.200000000000003,0.2252,0.0365348729553828,0.9994000178772278
2022-09-19,6,0.01642710472279261,4000,1.0160766373730943,3938.336514217172,1.0156572414673624,Call,SPXW,SPXW220919C04000000,20.549999999999997,0.2243,0.0365348729553828,0.9994000178772278
2022-09-19,6,0.01642710472279261,4005,1.0173467331698105,3938.336514217172,1.0169268130191964,Call,SPXW,SPXW220919C04005000,19.049999999999997,0.2238,0.0365348729553828,0.9994000178772278
2022-09-19,6,0.01642710472279261,4010,1.018616828966527,3938.336514217172,1.0181963845710307,Call,SPXW,SPXW220919C04010000,17.6,0.223,0.0365348729553828,0.9994000178772278
2022-09-19,6,0.01642710472279261,4015,1.0198869247632434,3938.336514217172,1.019465956122865,Call,SPXW,SPXW220919C04015000,16.3,0.2227,0.0365348729553828,0.9994000178772278
2022-09-19,6,0.01642710472279261,4020,1.0211570205599596,3938.336514217172,1.020735527674699,Call,SPXW,SPXW220919C04020000,14.95,0.2216,0.0365348729553828,0.9994000178772278
2022-09-19,6,0.01642710472279261,4025,1.022427116356676,3938.336514217172,1.0220050992265333,Call,SPXW,SPXW220919C04025000,13.75,0.221,0.0365348729553828,0.9994000178772278
2022-09-19,6,0.01642710472279261,4030,1.0236972121533925,3938.336514217172,1.0232746707783675,Call,SPXW,SPXW220919C04030000,12.65,0.2206,0.0365348729553828,0.9994000178772278
2022-09-19,6,0.01642710472279261,4035,1.0249673079501087,3938.336514217172,1.0245442423302016,Call,SPXW,SPXW220919C04035000,11.65,0.2204,0.0365348729553828,0.9994000178772278
2022-09-19,6,0.01642710472279261,4040,1.0262374037468251,3938.336514217172,1.0258138138820359,Call,SPXW,SPXW220919C04040000,10.7,0.2202,0.0365348729553828,0.9994000178772278
2022-09-19,6,0.01642710472279261,4045,1.0275074995435416,3938.336514217172,1.0270833854338701,Call,SPXW,SPXW220919C04045000,9.8,0.2198,0.0365348729553828,0.9994000178772278
2022-09-19,6,0.01642710472279261,4050,1.0287775953402578,3938.336514217172,1.0283529569857044,Call,SPXW,SPXW220919C04050000,8.95,0.2194,0.0365348729553828,0.9994000178772278
2022-09-19,6,0.01642710472279261,4055,1.0300476911369743,3938.336514217172,1.0296225285375384,Call,SPXW,SPXW220919C04055000,8.2,0.2193,0.0365348729553828,0.9994000178772278
2022-09-19,6,0.01642710472279261,4060,1.0313177869336907,3938.336514217172,1.0308921000893727,Call,SPXW,SPXW220919C04060000,7.5,0.2192,0.0365348729553828,0.9994000178772278
2022-09-19,6,0.01642710472279261,4065,1.032587882730407,3938.336514217172,1.032161671641207,Call,SPXW,SPXW220919C04065000,6.85,0.2191,0.0365348729553828,0.9994000178772278
2022-09-19,6,0.01642710472279261,4070,1.0338579785271234,3938.336514217172,1.033431243193041,Call,SPXW,SPXW220919C04070000,6.25,0.2191,0.0365348729553828,0.9994000178772278
2022-09-19,6,0.01642710472279261,4075,1.0351280743238398,3938.336514217172,1.0347008147448753,Call,SPXW,SPXW220919C04075000,5.65,0.2185,0.0365348729553828,0.9994000178772278
2022-09-19,6,0.01642710472279261,4080,1.036398170120556,3938.336514217172,1.0359703862967096,Call,SPXW,SPXW220919C04080000,5.15,0.2186,0.0365348729553828,0.9994000178772278
2022-09-19,6,0.01642710472279261,4085,1.0376682659172725,3938.336514217172,1.0372399578485436,Call,SPXW,SPXW220919C04085000,4.7,0.2188,0.0365348729553828,0.9994000178772278
2022-09-20,7,0.019164955509924708,3720,0.9449512727569775,3938.608044430406,0.9444961158956804,Put,SPXW,SPXW220920P03720000,5.25,0.297,0.036541941945302046,0.9992999204784726
2022-09-20,7,0.019164955509924708,3725,0.946221368553694,3938.608044430406,0.9457655999224219,Put,SPXW,SPXW220920P03725000,5.5,0.2949,0.036541941945302046,0.9992999204784726
2022-09-20,7,0.019164955509924708,3730,0.9474914643504103,3938.608044430406,0.9470350839491634,Put,SPXW,SPXW220920P03730000,5.75,0.2927,0.036541941945302046,0.9992999204784726
2022-09-20,7,0.019164955509924708,3735,0.9487615601471266,3938.608044430406,0.9483045679759049,Put,SPXW,SPXW220920P03735000,6.05,0.2909,0.036541941945302046,0.9992999204784726
2022-09-20,7,0.019164955509924708,3740,0.9500316559438431,3938.608044430406,0.9495740520026464,Put,SPXW,SPXW220920P03740000,6.35,0.289,0.036541941945302046,0.9992999204784726
2022-09-20,7,0.019164955509924708,3745,0.9513017517405594,3938.608044430406,0.9508435360293879,Put,SPXW,SPXW220920P03745000,6.7,0.2874,0.036541941945302046,0.9992999204784726
2022-09-20,7,0.019164955509924708,3750,0.9525718475372758,3938.608044430406,0.9521130200561294,Put,SPXW,SPXW220920P03750000,7.05,0.2857,0.036541941945302046,0.9992999204784726
2022-09-20,7,0.019164955509924708,3755,0.9538419433339922,3938.608044430406,0.953382504082871,Put,SPXW,SPXW220920P03755000,7.4,0.2837,0.036541941945302046,0.9992999204784726
2022-09-20,7,0.019164955509924708,3760,0.9551120391307085,3938.608044430406,0.9546519881096125,Put,SPXW,SPXW220920P03760000,7.8,0.2821,0.036541941945302046,0.9992999204784726
2022-09-20,7,0.019164955509924708,3765,0.9563821349274249,3938.608044430406,0.9559214721363539,Put,SPXW,SPXW220920P03765000,8.25,0.2808,0.036541941945302046,0.9992999204784726
2022-09-20,7,0.019164955509924708,3770,0.9576522307241413,3938.608044430406,0.9571909561630955,Put,SPXW,SPXW220920P03770000,8.7,0.2792,0.036541941945302046,0.9992999204784726
2022-09-20,7,0.019164955509924708,3775,0.9589223265208576,3938.608044430406,0.958460440189837,Put,SPXW,SPXW220920P03775000,9.15,0.2774,0.036541941945302046,0.9992999204784726
2022-09-20,7,0.019164955509924708,3780,0.960192422317574,3938.608044430406,0.9597299242165784,Put,SPXW,SPXW220920P03780000,9.65,0.2758,0.036541941945302046,0.9992999204784726
2022-09-20,7,0.019164955509924708,3785,0.9614625181142904,3938.608044430406,0.96099940824332,Put,SPXW,SPXW220920P03785000,10.15,0.2741,0.036541941945302046,0.9992999204784726
2022-09-20,7,0.019164955509924708,3790,0.9627326139110067,3938.608044430406,0.9622688922700615,Put,SPXW,SPXW220920P03790000,10.75,0.2729,0.036541941945302046,0.9992999204784726
2022-09-20,7,0.019164955509924708,3795,0.9640027097077231,3938.608044430406,0.963538376296803,Put,SPXW,SPXW220920P03795000,11.35,0.2715,0.036541941945302046,0.9992999204784726
2022-09-20,7,0.019164955509924708,3800,0.9652728055044395,3938.608044430406,0.9648078603235445,Put,SPXW,SPXW220920P03800000,12.0,0.2702,0.036541941945302046,0.9992999204784726
2022-09-20,7,0.019164955509924708,3805,0.9665429013011558,3938.608044430406,0.966077344350286,Put,SPXW,SPXW220920P03805000,12.65,0.2687,0.036541941945302046,0.9992999204784726
2022-09-20,7,0.019164955509924708,3810,0.9678129970978722,3938.608044430406,0.9673468283770275,Put,SPXW,SPXW220920P03810000,13.4,0.2676,0.036541941945302046,0.9992999204784726
2022-09-20,7,0.019164955509924708,3815,0.9690830928945886,3938.608044430406,0.968616312403769,Put,SPXW,SPXW220920P03815000,14.1,0.2663,0.036541941945302046,0.9992999204784726
2022-09-20,7,0.019164955509924708,3820,0.9703531886913049,3938.608044430406,0.9698857964305105,Put,SPXW,SPXW220920P03820000,14.9,0.2648,0.036541941945302046,0.9992999204784726
2022-09-20,7,0.019164955509924708,3825,0.9716232844880213,3938.608044430406,0.971155280457252,Put,SPXW,SPXW220920P03825000,15.8,0.264,0.036541941945302046,0.9992999204784726
2022-09-20,7,0.019164955509924708,3830,0.9728933802847377,3938.608044430406,0.9724247644839935,Put,SPXW,SPXW220920P03830000,16.700000000000003,0.2628,0.036541941945302046,0.9992999204784726
2022-09-20,7,0.019164955509924708,3835,0.974163476081454,3938.608044430406,0.973694248510735,Put,SPXW,SPXW220920P03835000,17.6,0.2614,0.036541941945302046,0.9992999204784726
2022-09-20,7,0.019164955509924708,3840,0.9754335718781704,3938.608044430406,0.9749637325374765,Put,SPXW,SPXW220920P03840000,18.6,0.2604,0.036541941945302046,0.9992999204784726
2022-09-20,7,0.019164955509924708,3845,0.9767036676748868,3938.608044430406,0.976233216564218,Put,SPXW,SPXW220920P03845000,19.65,0.2594,0.036541941945302046,0.9992999204784726
2022-09-20,7,0.019164955509924708,3850,0.9779737634716031,3938.608044430406,0.9775027005909596,Put,SPXW,SPXW220920P03850000,20.75,0.2583,0.036541941945302046,0.9992999204784726
2022-09-20,7,0.019164955509924708,3855,0.9792438592683195,3938.608044430406,0.9787721846177011,Put,SPXW,SPXW220920P03855000,21.85,0.257,0.036541941945302046,0.9992999204784726
2022-09-20,7,0.019164955509924708,3860,0.9805139550650359,3938.608044430406,0.9800416686444425,Put,SPXW,SPXW220920P03860000,23.05,0.256,0.036541941945302046,0.9992999204784726
2022-09-20,7,0.019164955509924708,3865,0.9817840508617522,3938.608044430406,0.9813111526711841,Put,SPXW,SPXW220920P03865000,24.35,0.2549,0.036541941945302046,0.9992999204784726
2022-09-20,7,0.019164955509924708,3870,0.9830541466584686,3938.608044430406,0.9825806366979256,Put,SPXW,SPXW220920P03870000,25.65,0.2537,0.036541941945302046,0.9992999204784726
2022-09-20,7,0.019164955509924708,3875,0.984324242455185,3938.608044430406,0.983850120724667,Put,SPXW,SPXW220920P03875000,27.05,0.2531,0.036541941945302046,0.9992999204784726
2022-09-20,7,0.019164955509924708,3880,0.9855943382519013,3938.608044430406,0.9851196047514086,Put,SPXW,SPXW220920P03880000,28.4,0.2522,0.036541941945302046,0.9992999204784726
2022-09-20,7,0.019164955509924708,3885,0.9868644340486177,3938.608044430406,0.9863890887781501,Put,SPXW,SPXW220920P03885000,30.0,0.2512,0.036541941945302046,0.9992999204784726
2022-09-20,7,0.019164955509924708,3890,0.9881345298453341,3938.608044430406,0.9876585728048916,Put,SPXW,SPXW220920P03890000,31.55,0.2501,0.036541941945302046,0.9992999204784726
2022-09-20,7,0.019164955509924708,3895,0.9894046256420505,3938.608044430406,0.9889280568316331,Put,SPXW,SPXW220920P03895000,33.150000000000006,0.2489,0.036541941945302046,0.9992999204784726
2022-09-20,7,0.019164955509924708,3900,0.9906747214387668,3938.608044430406,0.9901975408583746,Put,SPXW,SPXW220920P03900000,34.8,0.2477,0.036541941945302046,0.9992999204784726
2022-09-20,7,0.019164955509924708,3905,0.9919448172354832,3938.608044430406,0.9914670248851161,Put,SPXW,SPXW220920P03905000,36.6,0.2468,0.036541941945302046,0.9992999204784726
2022-09-20,7,0.019164955509924708,3910,0.9932149130321996,3938.608044430406,0.9927365089118576,Put,SPXW,SPXW220920P03910000,38.5,0.2461,0.036541941945302046,0.9992999204784726
2022-09-20,7,0.019164955509924708,3915,0.9944850088289159,3938.608044430406,0.9940059929385991,Put,SPXW,SPXW220920P03915000,40.4,0.2451,0.036541941945302046,0.9992999204784726
2022-09-20,7,0.019164955509924708,3920,0.9957551046256323,3938.608044430406,0.9952754769653406,Put,SPXW,SPXW220920P03920000,42.4,0.2442,0.036541941945302046,0.9992999204784726
2022-09-20,7,0.019164955509924708,3925,0.9970252004223487,3938.608044430406,0.9965449609920821,Put,SPXW,SPXW220920P03925000,44.4,0.243,0.036541941945302046,0.9992999204784726
2022-09-20,7,0.019164955509924708,3930,0.998295296219065,3938.608044430406,0.9978144450188237,Put,SPXW,SPXW220920P03930000,46.4,0.2418,0.036541941945302046,0.9992999204784726
2022-09-20,7,0.019164955509924708,3935,0.9995653920157814,3938.608044430406,0.9990839290455652,Put,SPXW,SPXW220920P03935000,48.7,0.2408,0.036541941945302046,0.9992999204784726
2022-09-20,7,0.019164955509924708,3940,1.0008354878124979,3938.608044430406,1.0003534130723066,Call,SPXW,SPXW220920C03940000,50.55,0.2378,0.036541941945302046,0.9992999204784726
2022-09-20,7,0.019164955509924708,3945,1.002105583609214,3938.608044430406,1.0016228970990482,Call,SPXW,SPXW220920C03945000,47.95,0.237,0.036541941945302046,0.9992999204784726
2022-09-20,7,0.019164955509924708,3950,1.0033756794059305,3938.608044430406,1.0028923811257897,Call,SPXW,SPXW220920C03950000,45.3,0.2356,0.036541941945302046,0.9992999204784726
2022-09-20,7,0.019164955509924708,3955,1.004645775202647,3938.608044430406,1.0041618651525313,Call,SPXW,SPXW220920C03955000,42.9,0.2349,0.036541941945302046,0.9992999204784726
2022-09-20,7,0.019164955509924708,3960,1.0059158709993632,3938.608044430406,1.0054313491792726,Call,SPXW,SPXW220920C03960000,40.5,0.2339,0.036541941945302046,0.9992999204784726
2022-09-20,7,0.019164955509924708,3965,1.0071859667960796,3938.608044430406,1.0067008332060141,Call,SPXW,SPXW220920C03965000,38.2,0.233,0.036541941945302046,0.9992999204784726
2022-09-20,7,0.019164955509924708,3970,1.008456062592796,3938.608044430406,1.0079703172327557,Call,SPXW,SPXW220920C03970000,35.95,0.232,0.036541941945302046,0.9992999204784726
2022-09-20,7,0.019164955509924708,3975,1.0097261583895123,3938.608044430406,1.0092398012594972,Call,SPXW,SPXW220920C03975000,33.8,0.231,0.036541941945302046,0.9992999204784726
2022-09-20,7,0.019164955509924708,3980,1.0109962541862287,3938.608044430406,1.0105092852862387,Call,SPXW,SPXW220920C03980000,31.799999999999997,0.2304,0.036541941945302046,0.9992999204784726
2022-09-20,7,0.019164955509924708,3985,1.0122663499829452,3938.608044430406,1.0117787693129803,Call,SPXW,SPXW220920C03985000,29.8,0.2294,0.036541941945302046,0.9992999204784726
2022-09-20,7,0.019164955509924708,3990,1.0135364457796614,3938.608044430406,1.0130482533397218,Call,SPXW,SPXW220920C03990000,27.95,0.2287,0.036541941945302046,0.9992999204784726
2022-09-20,7,0.019164955509924708,3995,1.0148065415763778,3938.608044430406,1.0143177373664631,Call,SPXW,SPXW220920C03995000,26.15,0.2279,0.036541941945302046,0.9992999204784726
2022-09-20,7,0.019164955509924708,4000,1.0160766373730943,3938.608044430406,1.0155872213932047,Call,SPXW,SPXW220920C04000000,24.4,0.227,0.036541941945302046,0.9992999204784726
2022-09-20,7,0.019164955509924708,4005,1.0173467331698105,3938.608044430406,1.0168567054199462,Call,SPXW,SPXW220920C04005000,22.799999999999997,0.2264,0.036541941945302046,0.9992999204784726
2022-09-20,7,0.019164955509924708,4010,1.018616828966527,3938.608044430406,1.0181261894466878,Call,SPXW,SPXW220920C04010000,21.25,0.2257,0.036541941945302046,0.9992999204784726
2022-09-20,7,0.019164955509924708,4015,1.0198869247632434,3938.608044430406,1.0193956734734293,Call,SPXW,SPXW220920C04015000,19.799999999999997,0.2251,0.036541941945302046,0.9992999204784726
2022-09-20,7,0.019164955509924708,4020,1.0211570205599596,3938.608044430406,1.0206651575001708,Call,SPXW,SPXW220920C04020000,18.4,0.2245,0.036541941945302046,0.9992999204784726
2022-09-20,7,0.019164955509924708,4025,1.022427116356676,3938.608044430406,1.0219346415269122,Call,SPXW,SPXW220920C04025000,17.1,0.224,0.036541941945302046,0.9992999204784726
2022-09-20,7,0.019164955509924708,4030,1.0236972121533925,3938.608044430406,1.0232041255536537,Call,SPXW,SPXW220920C04030000,15.8,0.223,0.036541941945302046,0.9992999204784726
2022-09-20,7,0.019164955509924708,4035,1.0249673079501087,3938.608044430406,1.0244736095803952,Call,SPXW,SPXW220920C04035000,14.7,0.2229,0.036541941945302046,0.9992999204784726
2022-09-20,7,0.019164955509924708,4040,1.0262374037468251,3938.608044430406,1.0257430936071368,Call,SPXW,SPXW220920C04040000,13.6,0.2224,0.036541941945302046,0.9992999204784726
2022-09-20,7,0.019164955509924708,4045,1.0275074995435416,3938.608044430406,1.0270125776338783,Call,SPXW,SPXW220920C04045000,12.55,0.2218,0.036541941945302046,0.9992999204784726
2022-09-20,7,0.019164955509924708,4050,1.0287775953402578,3938.608044430406,1.0282820616606199,Call,SPXW,SPXW220920C04050000,11.6,0.2215,0.036541941945302046,0.9992999204784726
2022-09-20,7,0.019164955509924708,4055,1.0300476911369743,3938.608044430406,1.0295515456873612,Call,SPXW,SPXW220920C04055000,10.7,0.2211,0.036541941945302046,0.9992999204784726
2022-09-20,7,0.019164955509924708,4060,1.0313177869336907,3938.608044430406,1.0308210297141027,Call,SPXW,SPXW220920C04060000,9.85,0.2207,0.036541941945302046,0.9992999204784726
2022-09-20,7,0.019164955509924708,4065,1.032587882730407,3938.608044430406,1.0320905137408443,Call,SPXW,SPXW220920C04065000,9.05,0.2203,0.036541941945302046,0.9992999204784726
2022-09-20,7,0.019164955509924708,4070,1.0338579785271234,3938.608044430406,1.0333599977675858,Call,SPXW,SPXW220920C04070000,8.35,0.2203,0.036541941945302046,0.9992999204784726
2022-09-20,7,0.019164955509924708,4075,1.0351280743238398,3938.608044430406,1.0346294817943273,Call,SPXW,SPXW220920C04075000,7.7,0.2203,0.036541941945302046,0.9992999204784726
2022-09-20,7,0.019164955509924708,4080,1.036398170120556,3938.608044430406,1.0358989658210689,Call,SPXW,SPXW220920C04080000,7.05,0.22,0.036541941945302046,0.9992999204784726
2022-09-20,7,0.019164955509924708,4085,1.0376682659172725,3938.608044430406,1.0371684498478104,Call,SPXW,SPXW220920C04085000,6.5,0.2201,0.036541941945302046,0.9992999204784726
2022-09-20,7,0.019164955509924708,4090,1.038938361713989,3938.608044430406,1.0384379338745517,Call,SPXW,SPXW220920C04090000,5.95,0.2199,0.036541941945302046,0.9992999204784726
2022-09-20,7,0.019164955509924708,4095,1.0402084575107051,3938.608044430406,1.0397074179012933,Call,SPXW,SPXW220920C04095000,5.45,0.2198,0.036541941945302046,0.9992999204784726
2022-09-20,7,0.019164955509924708,4100,1.0414785533074216,3938.608044430406,1.0409769019280348,Call,SPXW,SPXW220920C04100000,5.05,0.2205,0.036541941945302046,0.9992999204784726
2022-09-20,7,0.019164955509924708,4110,1.0440187449008542,3938.608044430406,1.043515869981518,Call,SPXW,SPXW220920C04110000,4.2,0.2201,0.036541941945302046,0.9992999204784726
2022-09-21,8,0.02190280629705681,3670,0.9322503147898139,3938.8797439969744,0.9317370010072639,Put,SPXW,SPXW220921P03670000,5.45,0.3292,0.03654898969651557,0.999199794893331
2022-09-21,8,0.02190280629705681,3690,0.9373306979766793,3938.8797439969744,0.9368145868438157,Put,SPXW,SPXW220921P03690000,6.4,0.3214,0.03654898969651557,0.999199794893331
2022-09-21,8,0.02190280629705681,3700,0.9398708895701121,3938.8797439969744,0.9393533797620915,Put,SPXW,SPXW220921P03700000,7.0,0.3182,0.03654898969651557,0.999199794893331
2022-09-21,8,0.02190280629705681,3710,0.9424110811635449,3938.8797439969744,0.9418921726803675,Put,SPXW,SPXW220921P03710000,7.6,0.3145,0.03654898969651557,0.999199794893331
2022-09-21,8,0.02190280629705681,3715,0.9436811769602612,3938.8797439969744,0.9431615691395054,Put,SPXW,SPXW220921P03715000,7.95,0.3129,0.03654898969651557,0.999199794893331
2022-09-21,8,0.02190280629705681,3720,0.9449512727569775,3938.8797439969744,0.9444309655986435,Put,SPXW,SPXW220921P03720000,8.3,0.3112,0.03654898969651557,0.999199794893331
2022-09-21,8,0.02190280629705681,3725,0.946221368553694,3938.8797439969744,0.9457003620577814,Put,SPXW,SPXW220921P03725000,8.7,0.3098,0.03654898969651557,0.999199794893331
2022-09-21,8,0.02190280629705681,3730,0.9474914643504103,3938.8797439969744,0.9469697585169193,Put,SPXW,SPXW220921P03730000,9.1,0.3082,0.03654898969651557,0.999199794893331
2022-09-21,8,0.02190280629705681,3735,0.9487615601471266,3938.8797439969744,0.9482391549760574,Put,SPXW,SPXW220921P03735000,9.5,0.3065,0.03654898969651557,0.999199794893331
2022-09-21,8,0.02190280629705681,3740,0.9500316559438431,3938.8797439969744,0.9495085514351953,Put,SPXW,SPXW220921P03740000,10.0,0.3055,0.03654898969651557,0.999199794893331
2022-09-21,8,0.02190280629705681,3745,0.9513017517405594,3938.8797439969744,0.9507779478943332,Put,SPXW,SPXW220921P03745000,10.4,0.3034,0.03654898969651557,0.999199794893331
2022-09-21,8,0.02190280629705681,3750,0.9525718475372758,3938.8797439969744,0.9520473443534712,Put,SPXW,SPXW220921P03750000,10.9,0.302,0.03654898969651557,0.999199794893331
2022-09-21,8,0.02190280629705681,3755,0.9538419433339922,3938.8797439969744,0.9533167408126092,Put,SPXW,SPXW220921P03755000,11.45,0.3009,0.03654898969651557,0.999199794893331
2022-09-21,8,0.02190280629705681,3760,0.9551120391307085,3938.8797439969744,0.9545861372717471,Put,SPXW,SPXW220921P03760000,12.0,0.2996,0.03654898969651557,0.999199794893331
2022-09-21,8,0.02190280629705681,3765,0.9563821349274249,3938.8797439969744,0.955855533730885,Put,SPXW,SPXW220921P03765000,12.5,0.2977,0.03654898969651557,0.999199794893331
2022-09-21,8,0.02190280629705681,3770,0.9576522307241413,3938.8797439969744,0.9571249301900231,Put,SPXW,SPXW220921P03770000,13.149999999999999,0.2967,0.03654898969651557,0.999199794893331
2022-09-21,8,0.02190280629705681,3775,0.9589223265208576,3938.8797439969744,0.958394326649161,Put,SPXW,SPXW220921P03775000,13.75,0.2955,0.03654898969651557,0.999199794893331
2022-09-21,8,0.02190280629705681,3780,0.960192422317574,3938.8797439969744,0.959663723108299,Put,SPXW,SPXW220921P03780000,14.45,0.2942,0.03654898969651557,0.999199794893331
2022-09-21,8,0.02190280629705681,3785,0.9614625181142904,3938.8797439969744,0.960933119567437,Put,SPXW,SPXW220921P03785000,15.149999999999999,0.2929,0.03654898969651557,0.999199794893331
2022-09-21,8,0.02190280629705681,3790,0.9627326139110067,3938.8797439969744,0.9622025160265749,Put,SPXW,SPXW220921P03790000,15.899999999999999,0.2918,0.03654898969651557,0.999199794893331
2022-09-21,8,0.02190280629705681,3795,0.9640027097077231,3938.8797439969744,0.9634719124857128,Put,SPXW,SPXW220921P03795000,16.65,0.2905,0.03654898969651557,0.999199794893331
2022-09-21,8,0.02190280629705681,3800,0.9652728055044395,3938.8797439969744,0.9647413089448508,Put,SPXW,SPXW220921P03800000,17.45,0.2893,0.03654898969651557,0.999199794893331
2022-09-21,8,0.02190280629705681,3805,0.9665429013011558,3938.8797439969744,0.9660107054039888,Put,SPXW,SPXW220921P03805000,18.3,0.2886,0.03654898969651557,0.999199794893331
2022-09-21,8,0.02190280629705681,3810,0.9678129970978722,3938.8797439969744,0.9672801018631267,Put,SPXW,SPXW220921P03810000,19.2,0.2872,0.03654898969651557,0.999199794893331
2022-09-21,8,0.02190280629705681,3815,0.9690830928945886,3938.8797439969744,0.9685494983222647,Put,SPXW,SPXW220921P03815000,20.1,0.286,0.03654898969651557,0.999199794893331
2022-09-21,8,0.02190280629705681,3820,0.9703531886913049,3938.8797439969744,0.9698188947814027,Put,SPXW,SPXW220921P03820000,21.1,0.2851,0.03654898969651557,0.999199794893331
2022-09-21,8,0.02190280629705681,3825,0.9716232844880213,3938.8797439969744,0.9710882912405406,Put,SPXW,SPXW220921P03825000,22.1,0.284,0.03654898969651557,0.999199794893331
2022-09-21,8,0.02190280629705681,3830,0.9728933802847377,3938.8797439969744,0.9723576876996786,Put,SPXW,SPXW220921P03830000,23.1,0.2827,0.03654898969651557,0.999199794893331
2022-09-21,8,0.02190280629705681,3835,0.974163476081454,3938.8797439969744,0.9736270841588166,Put,SPXW,SPXW220921P03835000,24.25,0.2817,0.03654898969651557,0.999199794893331
2022-09-21,8,0.02190280629705681,3840,0.9754335718781704,3938.8797439969744,0.9748964806179545,Put,SPXW,SPXW220921P03840000,25.4,0.281,0.03654898969651557,0.999199794893331
2022-09-21,8,0.02190280629705681,3845,0.9767036676748868,3938.8797439969744,0.9761658770770925,Put,SPXW,SPXW220921P03845000,26.65,0.2803,0.03654898969651557,0.999199794893331
2022-09-21,8,0.02190280629705681,3850,0.9779737634716031,3938.8797439969744,0.9774352735362304,Put,SPXW,SPXW220921P03850000,27.85,0.2791,0.03654898969651557,0.999199794893331
2022-09-21,8,0.02190280629705681,3855,0.9792438592683195,3938.8797439969744,0.9787046699953684,Put,SPXW,SPXW220921P03855000,29.1,0.2779,0.03654898969651557,0.999199794893331
2022-09-21,8,0.02190280629705681,3860,0.9805139550650359,3938.8797439969744,0.9799740664545064,Put,SPXW,SPXW220921P03860000,30.45,0.2769,0.03654898969651557,0.999199794893331
2022-09-21,8,0.02190280629705681,3865,0.9817840508617522,3938.8797439969744,0.9812434629136443,Put,SPXW,SPXW220921P03865000,31.9,0.2762,0.03654898969651557,0.999199794893331
2022-09-21,8,0.02190280629705681,3870,0.9830541466584686,3938.8797439969744,0.9825128593727823,Put,SPXW,SPXW220921P03870000,33.3,0.2751,0.03654898969651557,0.999199794893331
2022-09-21,8,0.02190280629705681,3875,0.984324242455185,3938.8797439969744,0.9837822558319202,Put,SPXW,SPXW220921P03875000,34.8,0.2741,0.03654898969651557,0.999199794893331
2022-09-21,8,0.02190280629705681,3880,0.9855943382519013,3938.8797439969744,0.9850516522910582,Put,SPXW,SPXW220921P03880000,36.4,0.2734,0.03654898969651557,0.999199794893331
2022-09-21,8,0.02190280629705681,3885,0.9868644340486177,3938.8797439969744,0.9863210487501962,Put,SPXW,SPXW220921P03885000,38.0,0.2724,0.03654898969651557,0.999199794893331
2022-09-21,8,0.02190280629705681,3890,0.9881345298453341,3938.8797439969744,0.9875904452093341,Put,SPXW,SPXW220921P03890000,39.6,0.2711,0.03654898969651557,0.999199794893331
2022-09-21,8,0.02190280629705681,3895,0.9894046256420505,3938.8797439969744,0.9888598416684721,Put,SPXW,SPXW220921P03895000,41.3,0.27,0.03654898969651557,0.999199794893331
2022-09-21,8,0.02190280629705681,3900,0.9906747214387668,3938.8797439969744,0.99012923812761,Put,SPXW,SPXW220921P03900000,43.150000000000006,0.2694,0.03654898969651557,0.999199794893331
2022-09-21,8,0.02190280629705681,3905,0.9919448172354832,3938.8797439969744,0.991398634586748,Put,SPXW,SPXW220921P03905000,44.95,0.2682,0.03654898969651557,0.999199794893331
2022-09-21,8,0.02190280629705681,3910,0.9932149130321996,3938.8797439969744,0.992668031045886,Put,SPXW,SPXW220921P03910000,46.9,0.2675,0.03654898969651557,0.999199794893331
2022-09-21,8,0.02190280629705681,3915,0.9944850088289159,3938.8797439969744,0.9939374275050239,Put,SPXW,SPXW220921P03915000,48.75,0.2665,0.03654898969651557,0.999199794893331
2022-09-21,8,0.02190280629705681,3920,0.9957551046256323,3938.8797439969744,0.9952068239641619,Put,SPXW,SPXW220921P03920000,50.9,0.2656,0.03654898969651557,0.999199794893331
2022-09-21,8,0.02190280629705681,3925,0.9970252004223487,3938.8797439969744,0.9964762204232999,Put,SPXW,SPXW220921P03925000,52.95,0.2645,0.03654898969651557,0.999199794893331
2022-09-21,8,0.02190280629705681,3930,0.998295296219065,3938.8797439969744,0.9977456168824378,Put,SPXW,SPXW220921P03930000,55.1,0.2635,0.03654898969651557,0.999199794893331
2022-09-21,8,0.02190280629705681,3935,0.9995653920157814,3938.8797439969744,0.9990150133415758,Put,SPXW,SPXW220921P03935000,57.35,0.2627,0.03654898969651557,0.999199794893331
2022-09-21,8,0.02190280629705681,3940,1.0008354878124979,3938.8797439969744,1.0002844098007138,Call,SPXW,SPXW220921C03940000,59.2,0.2597,0.03654898969651557,0.999199794893331
2022-09-21,8,0.02190280629705681,3945,1.002105583609214,3938.8797439969744,1.0015538062598517,Call,SPXW,SPXW220921C03945000,56.55,0.2587,0.03654898969651557,0.999199794893331
2022-09-21,8,0.02190280629705681,3950,1.0033756794059305,3938.8797439969744,1.0028232027189896,Call,SPXW,SPXW220921C03950000,53.95,0.2576,0.03654898969651557,0.999199794893331
2022-09-21,8,0.02190280629705681,3955,1.004645775202647,3938.8797439969744,1.0040925991781275,Call,SPXW,SPXW220921C03955000,51.5,0.2569,0.03654898969651557,0.999199794893331
2022-09-21,8,0.02190280629705681,3960,1.0059158709993632,3938.8797439969744,1.0053619956372657,Call,SPXW,SPXW220921C03960000,49.0,0.2557,0.03654898969651557,0.999199794893331
2022-09-21,8,0.02190280629705681,3965,1.0071859667960796,3938.8797439969744,1.0066313920964036,Call,SPXW,SPXW220921C03965000,46.7,0.2551,0.03654898969651557,0.999199794893331
2022-09-21,8,0.02190280629705681,3970,1.008456062592796,3938.8797439969744,1.0079007885555415,Call,SPXW,SPXW220921C03970000,44.4,0.2539,0.03654898969651557,0.999199794893331
2022-09-21,8,0.02190280629705681,3975,1.0097261583895123,3938.8797439969744,1.0091701850146795,Call,SPXW,SPXW220921C03975000,42.1,0.2529,0.03654898969651557,0.999199794893331
2022-09-21,8,0.02190280629705681,3980,1.0109962541862287,3938.8797439969744,1.0104395814738174,Call,SPXW,SPXW220921C03980000,40.05,0.2525,0.03654898969651557,0.999199794893331
2022-09-21,8,0.02190280629705681,3985,1.0122663499829452,3938.8797439969744,1.0117089779329553,Call,SPXW,SPXW220921C03985000,37.95,0.2515,0.03654898969651557,0.999199794893331
2022-09-21,8,0.02190280629705681,3990,1.0135364457796614,3938.8797439969744,1.0129783743920933,Call,SPXW,SPXW220921C03990000,35.95,0.2507,0.03654898969651557,0.999199794893331
2022-09-21,8,0.02190280629705681,3995,1.0148065415763778,3938.8797439969744,1.0142477708512314,Call,SPXW,SPXW220921C03995000,33.95,0.2496,0.03654898969651557,0.999199794893331
2022-09-21,8,0.02190280629705681,4000,1.0160766373730943,3938.8797439969744,1.0155171673103693,Call,SPXW,SPXW220921C04000000,32.1,0.249,0.03654898969651557,0.999199794893331
2022-09-21,8,0.02190280629705681,4005,1.0173467331698105,3938.8797439969744,1.0167865637695073,Call,SPXW,SPXW220921C04005000,30.299999999999997,0.2479,0.03654898969651557,0.999199794893331
2022-09-21,8,0.02190280629705681,4010,1.018616828966527,3938.8797439969744,1.0180559602286452,Call,SPXW,SPXW220921C04010000,28.55,0.247,0.03654898969651557,0.999199794893331
2022-09-21,8,0.02190280629705681,4015,1.0198869247632434,3938.8797439969744,1.0193253566877831,Call,SPXW,SPXW220921C04015000,27.0,0.2468,0.03654898969651557,0.999199794893331
2022-09-21,8,0.02190280629705681,4020,1.0211570205599596,3938.8797439969744,1.020594753146921,Call,SPXW,SPXW220921C04020000,25.35,0.2457,0.03654898969651557,0.999199794893331
2022-09-21,8,0.02190280629705681,4025,1.022427116356676,3938.8797439969744,1.0218641496060592,Call,SPXW,SPXW220921C04025000,23.9,0.2453,0.03654898969651557,0.999199794893331
2022-09-21,8,0.02190280629705681,4030,1.0236972121533925,3938.8797439969744,1.0231335460651971,Call,SPXW,SPXW220921C04030000,22.45,0.2445,0.03654898969651557,0.999199794893331
2022-09-21,8,0.02190280629705681,4035,1.0249673079501087,3938.8797439969744,1.024402942524335,Call,SPXW,SPXW220921C04035000,21.0,0.2435,0.03654898969651557,0.999199794893331
2022-09-21,8,0.02190280629705681,4040,1.0262374037468251,3938.8797439969744,1.025672338983473,Call,SPXW,SPXW220921C04040000,19.7,0.2429,0.03654898969651557,0.999199794893331
2022-09-21,8,0.02190280629705681,4045,1.0275074995435416,3938.8797439969744,1.026941735442611,Call,SPXW,SPXW220921C04045000,18.5,0.2426,0.03654898969651557,0.999199794893331
2022-09-21,8,0.02190280629705681,4050,1.0287775953402578,3938.8797439969744,1.0282111319017488,Call,SPXW,SPXW220921C04050000,17.3,0.2416,0.03654898969651557,0.999199794893331
2022-09-21,8,0.02190280629705681,4055,1.0300476911369743,3938.8797439969744,1.0294805283608868,Call,SPXW,SPXW220921C04055000,16.2,0.2412,0.03654898969651557,0.999199794893331
2022-09-21,8,0.02190280629705681,4060,1.0313177869336907,3938.8797439969744,1.030749924820025,Call,SPXW,SPXW220921C04060000,15.149999999999999,0.241,0.03654898969651557,0.999199794893331
2022-09-21,8,0.02190280629705681,4065,1.032587882730407,3938.8797439969744,1.0320193212791628,Call,SPXW,SPXW220921C04065000,14.149999999999999,0.2403,0.03654898969651557,0.999199794893331
2022-09-21,8,0.02190280629705681,4070,1.0338579785271234,3938.8797439969744,1.0332887177383008,Call,SPXW,SPXW220921C04070000,13.149999999999999,0.2398,0.03654898969651557,0.999199794893331
2022-09-21,8,0.02190280629705681,4075,1.0351280743238398,3938.8797439969744,1.0345581141974387,Call,SPXW,SPXW220921C04075000,12.25,0.2394,0.03654898969651557,0.999199794893331
2022-09-21,8,0.02190280629705681,4080,1.036398170120556,3938.8797439969744,1.0358275106565766,Call,SPXW,SPXW220921C04080000,11.45,0.2389,0.03654898969651557,0.999199794893331
2022-09-21,8,0.02190280629705681,4085,1.0376682659172725,3938.8797439969744,1.0370969071157146,Call,SPXW,SPXW220921C04085000,10.649999999999999,0.2385,0.03654898969651557,0.999199794893331
2022-09-21,8,0.02190280629705681,4090,1.038938361713989,3938.8797439969744,1.0383663035748525,Call,SPXW,SPXW220921C04090000,9.9,0.2385,0.03654898969651557,0.999199794893331
2022-09-21,8,0.02190280629705681,4095,1.0402084575107051,3938.8797439969744,1.0396357000339906,Call,SPXW,SPXW220921C04095000,9.2,0.2382,0.03654898969651557,0.999199794893331
2022-09-21,8,0.02190280629705681,4100,1.0414785533074216,3938.8797439969744,1.0409050964931286,Call,SPXW,SPXW220921C04100000,8.55,0.238,0.03654898969651557,0.999199794893331
2022-09-21,8,0.02190280629705681,4105,1.042748649104138,3938.8797439969744,1.0421744929522665,Call,SPXW,SPXW220921C04105000,7.95,0.2379,0.03654898969651557,0.999199794893331
2022-09-21,8,0.02190280629705681,4110,1.0440187449008542,3938.8797439969744,1.0434438894114044,Call,SPXW,SPXW220921C04110000,7.35,0.2375,0.03654898969651557,0.999199794893331
2022-09-21,8,0.02190280629705681,4120,1.046558936494287,3938.8797439969744,1.0459826823296803,Call,SPXW,SPXW220921C04120000,6.3,0.237,0.03654898969651557,0.999199794893331
2022-09-22,9,0.024640657084188913,3600,0.9144689736357847,3939.1516122659013,0.9139023714624651,Put,SPXW,SPXW220922P03600000,4.2,0.355,0.036556016247393464,0.9990996413056282
2022-09-22,9,0.024640657084188913,3625,0.9208194526193666,3939.1516122659013,0.9202489157087322,Put,SPXW,SPXW220922P03625000,5.0,0.3452,0.036556016247393464,0.9990996413056282
2022-09-22,9,0.024640657084188913,3650,0.9271699316029485,3939.1516122659013,0.9265954599549994,Put,SPXW,SPXW220922P03650000,6.0,0.3359,0.036556016247393464,0.9990996413056282
2022-09-22,9,0.024640657084188913,3675,0.9335204105865302,3939.1516122659013,0.9329420042012664,Put,SPXW,SPXW220922P03675000,7.25,0.327,0.036556016247393464,0.9990996413056282
2022-09-22,9,0.024640657084188913,3700,0.9398708895701121,3939.1516122659013,0.9392885484475335,Put,SPXW,SPXW220922P03700000,8.85,0.3189,0.036556016247393464,0.9990996413056282
2022-09-22,9,0.024640657084188913,3710,0.9424110811635449,3939.1516122659013,0.9418271661460405,Put,SPXW,SPXW220922P03710000,9.600000000000001,0.3157,0.036556016247393464,0.9990996413056282
2022-09-22,9,0.024640657084188913,3720,0.9449512727569775,3939.1516122659013,0.9443657838445473,Put,SPXW,SPXW220922P03720000,10.45,0.3129,0.036556016247393464,0.9990996413056282
2022-09-22,9,0.024640657084188913,3725,0.946221368553694,3939.1516122659013,0.9456350926938006,Put,SPXW,SPXW220922P03725000,10.899999999999999,0.3115,0.036556016247393464,0.9990996413056282
2022-09-22,9,0.024640657084188913,3730,0.9474914643504103,3939.1516122659013,0.9469044015430541,Put,SPXW,SPXW220922P03730000,11.35,0.3099,0.036556016247393464,0.9990996413056282
2022-09-22,9,0.024640657084188913,3750,0.9525718475372758,3939.1516122659013,0.9519816369400678,Put,SPXW,SPXW220922P03750000,13.45,0.3044,0.036556016247393464,0.9990996413056282
2022-09-22,9,0.024640657084188913,3760,0.9551120391307085,3939.1516122659013,0.9545202546385746,Put,SPXW,SPXW220922P03760000,14.65,0.3018,0.036556016247393464,0.9990996413056282
2022-09-22,9,0.024640657084188913,3770,0.9576522307241413,3939.1516122659013,0.9570588723370815,Put,SPXW,SPXW220922P03770000,15.95,0.2992,0.036556016247393464,0.9990996413056282
2022-09-22,9,0.024640657084188913,3775,0.9589223265208576,3939.1516122659013,0.9583281811863349,Put,SPXW,SPXW220922P03775000,16.700000000000003,0.2982,0.036556016247393464,0.9990996413056282
2022-09-22,9,0.024640657084188913,3780,0.960192422317574,3939.1516122659013,0.9595974900355884,Put,SPXW,SPXW220922P03780000,17.4,0.2968,0.036556016247393464,0.9990996413056282
2022-09-22,9,0.024640657084188913,3790,0.9627326139110067,3939.1516122659013,0.9621361077340952,Put,SPXW,SPXW220922P03790000,19.0,0.2947,0.036556016247393464,0.9990996413056282
2022-09-22,9,0.024640657084188913,3795,0.9640027097077231,3939.1516122659013,0.9634054165833487,Put,SPXW,SPXW220922P03795000,19.85,0.2936,0.036556016247393464,0.9990996413056282
2022-09-22,9,0.024640657084188913,3800,0.9652728055044395,3939.1516122659013,0.964674725432602,Put,SPXW,SPXW220922P03800000,20.700000000000003,0.2923,0.036556016247393464,0.9990996413056282
2022-09-22,9,0.024640657084188913,3805,0.9665429013011558,3939.1516122659013,0.9659440342818555,Put,SPXW,SPXW220922P03805000,21.65,0.2914,0.036556016247393464,0.9990996413056282
2022-09-22,9,0.024640657084188913,3810,0.9678129970978722,3939.1516122659013,0.9672133431311088,Put,SPXW,SPXW220922P03810000,22.6,0.2904,0.036556016247393464,0.9990996413056282
2022-09-22,9,0.024640657084188913,3815,0.9690830928945886,3939.1516122659013,0.9684826519803623,Put,SPXW,SPXW220922P03815000,23.6,0.2894,0.036556016247393464,0.9990996413056282
2022-09-22,9,0.024640657084188913,3820,0.9703531886913049,3939.1516122659013,0.9697519608296157,Put,SPXW,SPXW220922P03820000,24.65,0.2884,0.036556016247393464,0.9990996413056282
2022-09-22,9,0.024640657084188913,3825,0.9716232844880213,3939.1516122659013,0.9710212696788691,Put,SPXW,SPXW220922P03825000,25.75,0.2875,0.036556016247393464,0.9990996413056282
2022-09-22,9,0.024640657084188913,3830,0.9728933802847377,3939.1516122659013,0.9722905785281226,Put,SPXW,SPXW220922P03830000,26.85,0.2864,0.036556016247393464,0.9990996413056282
2022-09-22,9,0.024640657084188913,3835,0.974163476081454,3939.1516122659013,0.973559887377376,Put,SPXW,SPXW220922P03835000,28.05,0.2856,0.036556016247393464,0.9990996413056282
2022-09-22,9,0.024640657084188913,3840,0.9754335718781704,3939.1516122659013,0.9748291962266294,Put,SPXW,SPXW220922P03840000,29.25,0.2846,0.036556016247393464,0.9990996413056282
2022-09-22,9,0.024640657084188913,3845,0.9767036676748868,3939.1516122659013,0.9760985050758828,Put,SPXW,SPXW220922P03845000,30.5,0.2836,0.036556016247393464,0.9990996413056282
2022-09-22,9,0.024640657084188913,3850,0.9779737634716031,3939.1516122659013,0.9773678139251363,Put,SPXW,SPXW220922P03850000,31.849999999999998,0.2829,0.036556016247393464,0.9990996413056282
2022-09-22,9,0.024640657084188913,3855,0.9792438592683195,3939.1516122659013,0.9786371227743897,Put,SPXW,SPXW220922P03855000,33.1,0.2815,0.036556016247393464,0.9990996413056282
2022-09-22,9,0.024640657084188913,3860,0.9805139550650359,3939.1516122659013,0.9799064316236431,Put,SPXW,SPXW220922P03860000,34.5,0.2806,0.036556016247393464,0.9990996413056282
2022-09-22,9,0.024640657084188913,3865,0.9817840508617522,3939.1516122659013,0.9811757404728966,Put,SPXW,SPXW220922P03865000,35.9,0.2794,0.036556016247393464,0.9990996413056282
2022-09-22,9,0.024640657084188913,3870,0.9830541466584686,3939.1516122659013,0.9824450493221499,Put,SPXW,SPXW220922P03870000,37.45,0.2788,0.036556016247393464,0.9990996413056282
2022-09-22,9,0.024640657084188913,3875,0.984324242455185,3939.1516122659013,0.9837143581714034,Put,SPXW,SPXW220922P03875000,38.95,0.2776,0.036556016247393464,0.9990996413056282
2022-09-22,9,0.024640657084188913,3880,0.9855943382519013,3939.1516122659013,0.9849836670206568,Put,SPXW,SPXW220922P03880000,40.55,0.2768,0.036556016247393464,0.9990996413056282
2022-09-22,9,0.024640657084188913,3885,0.9868644340486177,3939.1516122659013,0.9862529758699102,Put,SPXW,SPXW220922P03885000,42.1,0.2754,0.036556016247393464,0.9990996413056282
2022-09-22,9,0.024640657084188913,3890,0.9881345298453341,3939.1516122659013,0.9875222847191637,Put,SPXW,SPXW220922P03890000,43.8,0.2745,0.036556016247393464,0.9990996413056282
2022-09-22,9,0.024640657084188913,3895,0.9894046256420505,3939.1516122659013,0.9887915935684171,Put,SPXW,SPXW220922P03895000,45.650000000000006,0.274,0.036556016247393464,0.9990996413056282
2022-09-22,9,0.024640657084188913,3900,0.9906747214387668,3939.1516122659013,0.9900609024176705,Put,SPXW,SPXW220922P03900000,47.45,0.273,0.036556016247393464,0.9990996413056282
2022-09-22,9,0.024640657084188913,3910,0.9932149130321996,3939.1516122659013,0.9925995201161774,Put,SPXW,SPXW220922P03910000,51.150000000000006,0.2708,0.036556016247393464,0.9990996413056282
2022-09-22,9,0.024640657084188913,3915,0.9944850088289159,3939.1516122659013,0.9938688289654308,Put,SPXW,SPXW220922P03915000,53.150000000000006,0.27,0.036556016247393464,0.9990996413056282
2022-09-22,9,0.024640657084188913,3920,0.9957551046256323,3939.1516122659013,0.9951381378146842,Put,SPXW,SPXW220922P03920000,55.1,0.2687,0.036556016247393464,0.9990996413056282
2022-09-22,9,0.024640657084188913,3925,0.9970252004223487,3939.1516122659013,0.9964074466639377,Put,SPXW,SPXW220922P03925000,57.25,0.268,0.036556016247393464,0.9990996413056282
2022-09-22,9,0.024640657084188913,3930,0.998295296219065,3939.1516122659013,0.997676755513191,Put,SPXW,SPXW220922P03930000,59.4,0.267,0.036556016247393464,0.9990996413056282
2022-09-22,9,0.024640657084188913,3940,1.0008354878124979,3939.1516122659013,1.0002153732116978,Call,SPXW,SPXW220922C03940000,64.15,0.2633,0.036556016247393464,0.9990996413056282
2022-09-22,9,0.024640657084188913,3945,1.002105583609214,3939.1516122659013,1.0014846820609513,Call,SPXW,SPXW220922C03945000,61.5,0.2624,0.036556016247393464,0.9990996413056282
2022-09-22,9,0.024640657084188913,3950,1.0033756794059305,3939.1516122659013,1.0027539909102048,Call,SPXW,SPXW220922C03950000,58.75,0.2608,0.036556016247393464,0.9990996413056282
2022-09-22,9,0.024640657084188913,3960,1.0059158709993632,3939.1516122659013,1.0052926086087115,Call,SPXW,SPXW220922C03960000,53.8,0.2592,0.036556016247393464,0.9990996413056282
2022-09-22,9,0.024640657084188913,3965,1.0071859667960796,3939.1516122659013,1.006561917457965,Call,SPXW,SPXW220922C03965000,51.4,0.2583,0.036556016247393464,0.9990996413056282
2022-09-22,9,0.024640657084188913,3970,1.008456062592796,3939.1516122659013,1.0078312263072184,Call,SPXW,SPXW220922C03970000,49.1,0.2576,0.036556016247393464,0.9990996413056282
2022-09-22,9,0.024640657084188913,3980,1.0109962541862287,3939.1516122659013,1.0103698440057254,Call,SPXW,SPXW220922C03980000,44.55,0.2555,0.036556016247393464,0.9990996413056282
2022-09-22,9,0.024640657084188913,3985,1.0122663499829452,3939.1516122659013,1.0116391528549786,Call,SPXW,SPXW220922C03985000,42.4,0.2545,0.036556016247393464,0.9990996413056282
2022-09-22,9,0.024640657084188913,3990,1.0135364457796614,3939.1516122659013,1.012908461704232,Call,SPXW,SPXW220922C03990000,40.3,0.2536,0.036556016247393464,0.9990996413056282
2022-09-22,9,0.024640657084188913,3995,1.0148065415763778,3939.1516122659013,1.0141777705534856,Call,SPXW,SPXW220922C03995000,38.3,0.2527,0.036556016247393464,0.9990996413056282
2022-09-22,9,0.024640657084188913,4000,1.0160766373730943,3939.1516122659013,1.015447079402739,Call,SPXW,SPXW220922C04000000,36.25,0.2514,0.036556016247393464,0.9990996413056282
2022-09-22,9,0.024640657084188913,4005,1.0173467331698105,3939.1516122659013,1.0167163882519925,Call,SPXW,SPXW220922C04005000,34.5,0.2511,0.036556016247393464,0.9990996413056282
2022-09-22,9,0.024640657084188913,4010,1.018616828966527,3939.1516122659013,1.0179856971012458,Call,SPXW,SPXW220922C04010000,32.650000000000006,0.2501,0.036556016247393464,0.9990996413056282
2022-09-22,9,0.024640657084188913,4015,1.0198869247632434,3939.1516122659013,1.0192550059504992,Call,SPXW,SPXW220922C04015000,30.95,0.2495,0.036556016247393464,0.9990996413056282
2022-09-22,9,0.024640657084188913,4020,1.0211570205599596,3939.1516122659013,1.0205243147997527,Call,SPXW,SPXW220922C04020000,29.25,0.2486,0.036556016247393464,0.9990996413056282
2022-09-22,9,0.024640657084188913,4025,1.022427116356676,3939.1516122659013,1.0217936236490062,Call,SPXW,SPXW220922C04025000,27.65,0.2478,0.036556016247393464,0.9990996413056282
2022-09-22,9,0.024640657084188913,4030,1.0236972121533925,3939.1516122659013,1.0230629324982594,Call,SPXW,SPXW220922C04030000,26.1,0.2471,0.036556016247393464,0.9990996413056282
2022-09-22,9,0.024640657084188913,4035,1.0249673079501087,3939.1516122659013,1.0243322413475129,Call,SPXW,SPXW220922C04035000,24.6,0.2462,0.036556016247393464,0.9990996413056282
2022-09-22,9,0.024640657084188913,4040,1.0262374037468251,3939.1516122659013,1.0256015501967664,Call,SPXW,SPXW220922C04040000,23.200000000000003,0.2456,0.036556016247393464,0.9990996413056282
2022-09-22,9,0.024640657084188913,4045,1.0275074995435416,3939.1516122659013,1.0268708590460198,Call,SPXW,SPXW220922C04045000,21.85,0.245,0.036556016247393464,0.9990996413056282
2022-09-22,9,0.024640657084188913,4050,1.0287775953402578,3939.1516122659013,1.0281401678952733,Call,SPXW,SPXW220922C04050000,20.5,0.244,0.036556016247393464,0.9990996413056282
2022-09-22,9,0.024640657084188913,4055,1.0300476911369743,3939.1516122659013,1.0294094767445265,Call,SPXW,SPXW220922C04055000,19.299999999999997,0.2435,0.036556016247393464,0.9990996413056282
2022-09-22,9,0.024640657084188913,4060,1.0313177869336907,3939.1516122659013,1.03067878559378,Call,SPXW,SPXW220922C04060000,18.1,0.2428,0.036556016247393464,0.9990996413056282
2022-09-22,9,0.024640657084188913,4065,1.032587882730407,3939.1516122659013,1.0319480944430335,Call,SPXW,SPXW220922C04065000,17.0,0.2423,0.036556016247393464,0.9990996413056282
2022-09-22,9,0.024640657084188913,4070,1.0338579785271234,3939.1516122659013,1.033217403292287,Call,SPXW,SPXW220922C04070000,15.95,0.2418,0.036556016247393464,0.9990996413056282
2022-09-22,9,0.024640657084188913,4075,1.0351280743238398,3939.1516122659013,1.0344867121415404,Call,SPXW,SPXW220922C04075000,14.95,0.2413,0.036556016247393464,0.9990996413056282
2022-09-22,9,0.024640657084188913,4080,1.036398170120556,3939.1516122659013,1.0357560209907937,Call,SPXW,SPXW220922C04080000,13.95,0.2405,0.036556016247393464,0.9990996413056282
2022-09-22,9,0.024640657084188913,4085,1.0376682659172725,3939.1516122659013,1.0370253298400471,Call,SPXW,SPXW220922C04085000,13.05,0.2401,0.036556016247393464,0.9990996413056282
2022-09-22,9,0.024640657084188913,4090,1.038938361713989,3939.1516122659013,1.0382946386893006,Call,SPXW,SPXW220922C04090000,12.25,0.24,0.036556016247393464,0.9990996413056282
2022-09-22,9,0.024640657084188913,4095,1.0402084575107051,3939.1516122659013,1.039563947538554,Call,SPXW,SPXW220922C04095000,11.399999999999999,0.2393,0.036556016247393464,0.9990996413056282
2022-09-22,9,0.024640657084188913,4100,1.0414785533074216,3939.1516122659013,1.0408332563878075,Call,SPXW,SPXW220922C04100000,10.65,0.239,0.036556016247393464,0.9990996413056282
2022-09-22,9,0.024640657084188913,4105,1.042748649104138,3939.1516122659013,1.0421025652370608,Call,SPXW,SPXW220922C04105000,9.95,0.2387,0.036556016247393464,0.9990996413056282
2022-09-22,9,0.024640657084188913,4110,1.0440187449008542,3939.1516122659013,1.0433718740863143,Call,SPXW,SPXW220922C04110000,9.3,0.2386,0.036556016247393464,0.9990996413056282
2022-09-22,9,0.024640657084188913,4115,1.0452888406975707,3939.1516122659013,1.0446411829355677,Call,SPXW,SPXW220922C04115000,8.600000000000001,0.2377,0.036556016247393464,0.9990996413056282
2022-09-22,9,0.024640657084188913,4120,1.046558936494287,3939.1516122659013,1.0459104917848212,Call,SPXW,SPXW220922C04120000,8.05,0.2378,0.036556016247393464,0.9990996413056282
2022-09-22,9,0.024640657084188913,4125,1.0478290322910033,3939.1516122659013,1.0471798006340747,Call,SPXW,SPXW220922C04125000,7.45,0.2372,0.036556016247393464,0.9990996413056282
2022-09-22,9,0.024640657084188913,4130,1.0490991280877198,3939.1516122659013,1.048449109483328,Call,SPXW,SPXW220922C04130000,6.95,0.2372,0.036556016247393464,0.9990996413056282
2022-09-22,9,0.024640657084188913,4145,1.0529094154778689,3939.1516122659013,1.0522570360310883,Call,SPXW,SPXW220922C04145000,5.55,0.2365,0.036556016247393464,0.9990996413056282
2022-09-22,9,0.024640657084188913,4150,1.0541795112745853,3939.1516122659013,1.0535263448803418,Call,SPXW,SPXW220922C04150000,5.15,0.2363,0.036556016247393464,0.9990996413056282
2022-09-23,10,0.02737850787132101,3510,0.8916072492948901,3939.42364858769,0.8909932805166458,Put,SPXW,SPXW220923P03510000,3.15,0.3901,0.03656302163625234,0.9989994598987042
2022-09-23,10,0.02737850787132101,3560,0.9043082072620539,3939.42364858769,0.9036854924898174,Put,SPXW,SPXW220923P03560000,4.2,0.3696,0.03656302163625234,0.9989994598987042
2022-09-23,10,0.02737850787132101,3570,0.9068483988554865,3939.42364858769,0.9062239348844517,Put,SPXW,SPXW220923P03570000,4.4,0.3646,0.03656302163625234,0.9989994598987042
2022-09-23,10,0.02737850787132101,3580,0.9093885904489193,3939.42364858769,0.908762377279086,Put,SPXW,SPXW220923P03580000,4.7,0.361,0.03656302163625234,0.9989994598987042
2022-09-23,10,0.02737850787132101,3590,0.9119287820423521,3939.42364858769,0.9113008196737203,Put,SPXW,SPXW220923P03590000,5.0,0.357,0.03656302163625234,0.9989994598987042
2022-09-23,10,0.02737850787132101,3600,0.9144689736357847,3939.42364858769,0.9138392620683546,Put,SPXW,SPXW220923P03600000,5.3,0.3528,0.03656302163625234,0.9989994598987042
2022-09-23,10,0.02737850787132101,3610,0.9170091652292175,3939.42364858769,0.916377704462989,Put,SPXW,SPXW220923P03610000,5.7,0.3496,0.03656302163625234,0.9989994598987042
2022-09-23,10,0.02737850787132101,3620,0.9195493568226503,3939.42364858769,0.9189161468576234,Put,SPXW,SPXW220923P03620000,6.05,0.3454,0.03656302163625234,0.9989994598987042
2022-09-23,10,0.02737850787132101,3625,0.9208194526193666,3939.42364858769,0.9201853680549404,Put,SPXW,SPXW220923P03625000,6.25,0.3435,0.03656302163625234,0.9989994598987042
2022-09-23,10,0.02737850787132101,3630,0.9220895484160829,3939.42364858769,0.9214545892522576,Put,SPXW,SPXW220923P03630000,6.5,0.3421,0.03656302163625234,0.9989994598987042
2022-09-23,10,0.02737850787132101,3635,0.9233596442127994,3939.42364858769,0.9227238104495747,Put,SPXW,SPXW220923P03635000,6.7,0.34,0.03656302163625234,0.9989994598987042
2022-09-23,10,0.02737850787132101,3640,0.9246297400095157,3939.42364858769,0.923993031646892,Put,SPXW,SPXW220923P03640000,6.95,0.3384,0.03656302163625234,0.9989994598987042
2022-09-23,10,0.02737850787132101,3650,0.9271699316029485,3939.42364858769,0.9265314740415262,Put,SPXW,SPXW220923P03650000,7.45,0.3349,0.03656302163625234,0.9989994598987042
2022-09-23,10,0.02737850787132101,3655,0.9284400273996648,3939.42364858769,0.9278006952388435,Put,SPXW,SPXW220923P03655000,7.75,0.3335,0.03656302163625234,0.9989994598987042
2022-09-23,10,0.02737850787132101,3660,0.9297101231963811,3939.42364858769,0.9290699164361605,Put,SPXW,SPXW220923P03660000,8.0,0.3315,0.03656302163625234,0.9989994598987042
2022-09-23,10,0.02737850787132101,3665,0.9309802189930976,3939.42364858769,0.9303391376334778,Put,SPXW,SPXW220923P03665000,8.3,0.3299,0.03656302163625234,0.9989994598987042
2022-09-23,10,0.02737850787132101,3670,0.9322503147898139,3939.42364858769,0.931608358830795,Put,SPXW,SPXW220923P03670000,8.65,0.3287,0.03656302163625234,0.9989994598987042
2022-09-23,10,0.02737850787132101,3675,0.9335204105865302,3939.42364858769,0.932877580028112,Put,SPXW,SPXW220923P03675000,8.95,0.3269,0.03656302163625234,0.9989994598987042
2022-09-23,10,0.02737850787132101,3680,0.9347905063832467,3939.42364858769,0.9341468012254293,Put,SPXW,SPXW220923P03680000,9.25,0.325,0.03656302163625234,0.9989994598987042
2022-09-23,10,0.02737850787132101,3685,0.936060602179963,3939.42364858769,0.9354160224227464,Put,SPXW,SPXW220923P03685000,9.600000000000001,0.3234,0.03656302163625234,0.9989994598987042
2022-09-23,10,0.02737850787132101,3690,0.9373306979766793,3939.42364858769,0.9366852436200636,Put,SPXW,SPXW220923P03690000,10.0,0.3221,0.03656302163625234,0.9989994598987042
2022-09-23,10,0.02737850787132101,3695,0.9386007937733958,3939.42364858769,0.9379544648173808,Put,SPXW,SPXW220923P03695000,10.399999999999999,0.3207,0.03656302163625234,0.9989994598987042
2022-09-23,10,0.02737850787132101,3700,0.9398708895701121,3939.42364858769,0.9392236860146979,Put,SPXW,SPXW220923P03700000,10.8,0.3192,0.03656302163625234,0.9989994598987042
2022-09-23,10,0.02737850787132101,3705,0.9411409853668284,3939.42364858769,0.9404929072120151,Put,SPXW,SPXW220923P03705000,11.2,0.3176,0.03656302163625234,0.9989994598987042
2022-09-23,10,0.02737850787132101,3710,0.9424110811635449,3939.42364858769,0.9417621284093322,Put,SPXW,SPXW220923P03710000,11.600000000000001,0.3158,0.03656302163625234,0.9989994598987042
2022-09-23,10,0.02737850787132101,3715,0.9436811769602612,3939.42364858769,0.9430313496066494,Put,SPXW,SPXW220923P03715000,12.100000000000001,0.3147,0.03656302163625234,0.9989994598987042
2022-09-23,10,0.02737850787132101,3720,0.9449512727569775,3939.42364858769,0.9443005708039665,Put,SPXW,SPXW220923P03720000,12.600000000000001,0.3134,0.03656302163625234,0.9989994598987042
2022-09-23,10,0.02737850787132101,3725,0.946221368553694,3939.42364858769,0.9455697920012837,Put,SPXW,SPXW220923P03725000,13.100000000000001,0.312,0.03656302163625234,0.9989994598987042
2022-09-23,10,0.02737850787132101,3730,0.9474914643504103,3939.42364858769,0.9468390131986009,Put,SPXW,SPXW220923P03730000,13.600000000000001,0.3105,0.03656302163625234,0.9989994598987042
2022-09-23,10,0.02737850787132101,3735,0.9487615601471266,3939.42364858769,0.948108234395918,Put,SPXW,SPXW220923P03735000,14.100000000000001,0.3088,0.03656302163625234,0.9989994598987042
2022-09-23,10,0.02737850787132101,3740,0.9500316559438431,3939.42364858769,0.9493774555932352,Put,SPXW,SPXW220923P03740000,14.75,0.3081,0.03656302163625234,0.9989994598987042
2022-09-23,10,0.02737850787132101,3745,0.9513017517405594,3939.42364858769,0.9506466767905523,Put,SPXW,SPXW220923P03745000,15.3,0.3065,0.03656302163625234,0.9989994598987042
2022-09-23,10,0.02737850787132101,3750,0.9525718475372758,3939.42364858769,0.9519158979878695,Put,SPXW,SPXW220923P03750000,15.899999999999999,0.3051,0.03656302163625234,0.9989994598987042
2022-09-23,10,0.02737850787132101,3755,0.9538419433339922,3939.42364858769,0.9531851191851867,Put,SPXW,SPXW220923P03755000,16.549999999999997,0.3038,0.03656302163625234,0.9989994598987042
2022-09-23,10,0.02737850787132101,3760,0.9551120391307085,3939.42364858769,0.9544543403825038,Put,SPXW,SPXW220923P03760000,17.2,0.3024,0.03656302163625234,0.9989994598987042
2022-09-23,10,0.02737850787132101,3765,0.9563821349274249,3939.42364858769,0.955723561579821,Put,SPXW,SPXW220923P03765000,17.9,0.3012,0.03656302163625234,0.9989994598987042
2022-09-23,10,0.02737850787132101,3770,0.9576522307241413,3939.42364858769,0.9569927827771381,Put,SPXW,SPXW220923P03770000,18.700000000000003,0.3004,0.03656302163625234,0.9989994598987042
2022-09-23,10,0.02737850787132101,3775,0.9589223265208576,3939.42364858769,0.9582620039744553,Put,SPXW,SPXW220923P03775000,19.450000000000003,0.2989,0.03656302163625234,0.9989994598987042
2022-09-23,10,0.02737850787132101,3780,0.960192422317574,3939.42364858769,0.9595312251717725,Put,SPXW,SPXW220923P03780000,20.25,0.2978,0.03656302163625234,0.9989994598987042
2022-09-23,10,0.02737850787132101,3785,0.9614625181142904,3939.42364858769,0.9608004463690896,Put,SPXW,SPXW220923P03785000,21.049999999999997,0.2968,0.03656302163625234,0.9989994598987042
2022-09-23,10,0.02737850787132101,3790,0.9627326139110067,3939.42364858769,0.9620696675664068,Put,SPXW,SPXW220923P03790000,21.950000000000003,0.2958,0.03656302163625234,0.9989994598987042
2022-09-23,10,0.02737850787132101,3795,0.9640027097077231,3939.42364858769,0.9633388887637239,Put,SPXW,SPXW220923P03795000,22.85,0.2948,0.03656302163625234,0.9989994598987042
2022-09-23,10,0.02737850787132101,3800,0.9652728055044395,3939.42364858769,0.9646081099610411,Put,SPXW,SPXW220923P03800000,23.75,0.2935,0.03656302163625234,0.9989994598987042
2022-09-23,10,0.02737850787132101,3805,0.9665429013011558,3939.42364858769,0.9658773311583582,Put,SPXW,SPXW220923P03805000,24.799999999999997,0.2929,0.03656302163625234,0.9989994598987042
2022-09-23,10,0.02737850787132101,3810,0.9678129970978722,3939.42364858769,0.9671465523556754,Put,SPXW,SPXW220923P03810000,25.75,0.2918,0.03656302163625234,0.9989994598987042
2022-09-23,10,0.02737850787132101,3815,0.9690830928945886,3939.42364858769,0.9684157735529926,Put,SPXW,SPXW220923P03815000,26.799999999999997,0.2905,0.03656302163625234,0.9989994598987042
2022-09-23,10,0.02737850787132101,3820,0.9703531886913049,3939.42364858769,0.9696849947503097,Put,SPXW,SPXW220923P03820000,27.9,0.2896,0.03656302163625234,0.9989994598987042
2022-09-23,10,0.02737850787132101,3825,0.9716232844880213,3939.42364858769,0.9709542159476269,Put,SPXW,SPXW220923P03825000,29.05,0.2887,0.03656302163625234,0.9989994598987042
2022-09-23,10,0.02737850787132101,3830,0.9728933802847377,3939.42364858769,0.972223437144944,Put,SPXW,SPXW220923P03830000,30.200000000000003,0.2876,0.03656302163625234,0.9989994598987042
2022-09-23,10,0.02737850787132101,3835,0.974163476081454,3939.42364858769,0.9734926583422612,Put,SPXW,SPXW220923P03835000,31.4,0.2866,0.03656302163625234,0.9989994598987042
2022-09-23,10,0.02737850787132101,3840,0.9754335718781704,3939.42364858769,0.9747618795395784,Put,SPXW,SPXW220923P03840000,32.65,0.2856,0.03656302163625234,0.9989994598987042
2022-09-23,10,0.02737850787132101,3845,0.9767036676748868,3939.42364858769,0.9760311007368955,Put,SPXW,SPXW220923P03845000,33.85,0.2842,0.03656302163625234,0.9989994598987042
2022-09-23,10,0.02737850787132101,3850,0.9779737634716031,3939.42364858769,0.9773003219342127,Put,SPXW,SPXW220923P03850000,35.25,0.2835,0.03656302163625234,0.9989994598987042
2022-09-23,10,0.02737850787132101,3855,0.9792438592683195,3939.42364858769,0.9785695431315298,Put,SPXW,SPXW220923P03855000,36.55,0.2822,0.03656302163625234,0.9989994598987042
2022-09-23,10,0.02737850787132101,3860,0.9805139550650359,3939.42364858769,0.979838764328847,Put,SPXW,SPXW220923P03860000,38.0,0.2813,0.03656302163625234,0.9989994598987042
2022-09-23,10,0.02737850787132101,3865,0.9817840508617522,3939.42364858769,0.9811079855261641,Put,SPXW,SPXW220923P03865000,39.5,0.2805,0.03656302163625234,0.9989994598987042
2022-09-23,10,0.02737850787132101,3870,0.9830541466584686,3939.42364858769,0.9823772067234813,Put,SPXW,SPXW220923P03870000,41.05,0.2797,0.03656302163625234,0.9989994598987042
2022-09-23,10,0.02737850787132101,3875,0.984324242455185,3939.42364858769,0.9836464279207985,Put,SPXW,SPXW220923P03875000,42.6,0.2787,0.03656302163625234,0.9989994598987042
2022-09-23,10,0.02737850787132101,3880,0.9855943382519013,3939.42364858769,0.9849156491181156,Put,SPXW,SPXW220923P03880000,44.2,0.2776,0.03656302163625234,0.9989994598987042
2022-09-23,10,0.02737850787132101,3885,0.9868644340486177,3939.42364858769,0.9861848703154328,Put,SPXW,SPXW220923P03885000,45.75,0.2762,0.03656302163625234,0.9989994598987042
2022-09-23,10,0.02737850787132101,3890,0.9881345298453341,3939.42364858769,0.9874540915127499,Put,SPXW,SPXW220923P03890000,47.55,0.2756,0.03656302163625234,0.9989994598987042
2022-09-23,10,0.02737850787132101,3895,0.9894046256420505,3939.42364858769,0.9887233127100671,Put,SPXW,SPXW220923P03895000,49.2,0.2742,0.03656302163625234,0.9989994598987042
2022-09-23,10,0.02737850787132101,3900,0.9906747214387668,3939.42364858769,0.9899925339073843,Put,SPXW,SPXW220923P03900000,51.1,0.2736,0.03656302163625234,0.9989994598987042
2022-09-23,10,0.02737850787132101,3905,0.9919448172354832,3939.42364858769,0.9912617551047014,Put,SPXW,SPXW220923P03905000,52.8,0.2719,0.03656302163625234,0.9989994598987042
2022-09-23,10,0.02737850787132101,3910,0.9932149130321996,3939.42364858769,0.9925309763020186,Put,SPXW,SPXW220923P03910000,54.7,0.2709,0.03656302163625234,0.9989994598987042
2022-09-23,10,0.02737850787132101,3915,0.9944850088289159,3939.42364858769,0.9938001974993357,Put,SPXW,SPXW220923P03915000,56.7,0.27,0.03656302163625234,0.9989994598987042
2022-09-23,10,0.02737850787132101,3920,0.9957551046256323,3939.42364858769,0.9950694186966529,Put,SPXW,SPXW220923P03920000,58.7,0.269,0.03656302163625234,0.9989994598987042
2022-09-23,10,0.02737850787132101,3925,0.9970252004223487,3939.42364858769,0.9963386398939701,Put,SPXW,SPXW220923P03925000,60.9,0.2684,0.03656302163625234,0.9989994598987042
2022-09-23,10,0.02737850787132101,3930,0.998295296219065,3939.42364858769,0.9976078610912872,Put,SPXW,SPXW220923P03930000,63.0,0.2673,0.03656302163625234,0.9989994598987042
2022-09-23,10,0.02737850787132101,3935,0.9995653920157814,3939.42364858769,0.9988770822886044,Put,SPXW,SPXW220923P03935000,65.2,0.2664,0.03656302163625234,0.9989994598987042
2022-09-23,10,0.02737850787132101,3940,1.0008354878124979,3939.42364858769,1.0001463034859215,Call,SPXW,SPXW220923C03940000,68.0,0.264,0.03656302163625234,0.9989994598987042
2022-09-23,10,0.02737850787132101,3945,1.002105583609214,3939.42364858769,1.0014155246832386,Call,SPXW,SPXW220923C03945000,65.25,0.2628,0.03656302163625234,0.9989994598987042
2022-09-23,10,0.02737850787132101,3950,1.0033756794059305,3939.42364858769,1.002684745880556,Call,SPXW,SPXW220923C03950000,62.5,0.2612,0.03656302163625234,0.9989994598987042
2022-09-23,10,0.02737850787132101,3955,1.004645775202647,3939.42364858769,1.003953967077873,Call,SPXW,SPXW220923C03955000,60.0,0.2606,0.03656302163625234,0.9989994598987042
2022-09-23,10,0.02737850787132101,3960,1.0059158709993632,3939.42364858769,1.00522318827519,Call,SPXW,SPXW220923C03960000,57.5,0.2597,0.03656302163625234,0.9989994598987042
2022-09-23,10,0.02737850787132101,3965,1.0071859667960796,3939.42364858769,1.0064924094725074,Call,SPXW,SPXW220923C03965000,55.05,0.2587,0.03656302163625234,0.9989994598987042
2022-09-23,10,0.02737850787132101,3970,1.008456062592796,3939.42364858769,1.0077616306698245,Call,SPXW,SPXW220923C03970000,52.650000000000006,0.2577,0.03656302163625234,0.9989994598987042
2022-09-23,10,0.02737850787132101,3975,1.0097261583895123,3939.42364858769,1.0090308518671416,Call,SPXW,SPXW220923C03975000,50.3,0.2566,0.03656302163625234,0.9989994598987042
2022-09-23,10,0.02737850787132101,3980,1.0109962541862287,3939.42364858769,1.0103000730644587,Call,SPXW,SPXW220923C03980000,48.05,0.2557,0.03656302163625234,0.9989994598987042
2022-09-23,10,0.02737850787132101,3985,1.0122663499829452,3939.42364858769,1.011569294261776,Call,SPXW,SPXW220923C03985000,45.849999999999994,0.2547,0.03656302163625234,0.9989994598987042
2022-09-23,10,0.02737850787132101,3990,1.0135364457796614,3939.42364858769,1.012838515459093,Call,SPXW,SPXW220923C03990000,43.7,0.2537,0.03656302163625234,0.9989994598987042
2022-09-23,10,0.02737850787132101,3995,1.0148065415763778,3939.42364858769,1.0141077366564102,Call,SPXW,SPXW220923C03995000,41.650000000000006,0.2529,0.03656302163625234,0.9989994598987042
2022-09-23,10,0.02737850787132101,4000,1.0160766373730943,3939.42364858769,1.0153769578537275,Call,SPXW,SPXW220923C04000000,39.6,0.2518,0.03656302163625234,0.9989994598987042
2022-09-23,10,0.02737850787132101,4005,1.0173467331698105,3939.42364858769,1.0166461790510446,Call,SPXW,SPXW220923C04005000,37.650000000000006,0.2508,0.03656302163625234,0.9989994598987042
2022-09-23,10,0.02737850787132101,4010,1.018616828966527,3939.42364858769,1.0179154002483617,Call,SPXW,SPXW220923C04010000,35.8,0.25,0.03656302163625234,0.9989994598987042
2022-09-23,10,0.02737850787132101,4015,1.0198869247632434,3939.42364858769,1.019184621445679,Call,SPXW,SPXW220923C04015000,34.0,0.2492,0.03656302163625234,0.9989994598987042
2022-09-23,10,0.02737850787132101,4020,1.0211570205599596,3939.42364858769,1.020453842642996,Call,SPXW,SPXW220923C04020000,32.25,0.2484,0.03656302163625234,0.9989994598987042
2022-09-23,10,0.02737850787132101,4025,1.022427116356676,3939.42364858769,1.0217230638403132,Call,SPXW,SPXW220923C04025000,30.55,0.2472,0.03656302163625234,0.9989994598987042
2022-09-23,10,0.02737850787132101,4030,1.0236972121533925,3939.42364858769,1.0229922850376303,Call,SPXW,SPXW220923C04030000,28.95,0.2467,0.03656302163625234,0.9989994598987042
2022-09-23,10,0.02737850787132101,4035,1.0249673079501087,3939.42364858769,1.0242615062349476,Call,SPXW,SPXW220923C04035000,27.4,0.246,0.03656302163625234,0.9989994598987042
2022-09-23,10,0.02737850787132101,4040,1.0262374037468251,3939.42364858769,1.0255307274322647,Call,SPXW,SPXW220923C04040000,25.9,0.2452,0.03656302163625234,0.9989994598987042
2022-09-23,10,0.02737850787132101,4045,1.0275074995435416,3939.42364858769,1.0267999486295818,Call,SPXW,SPXW220923C04045000,24.5,0.2446,0.03656302163625234,0.9989994598987042
2022-09-23,10,0.02737850787132101,4050,1.0287775953402578,3939.42364858769,1.028069169826899,Call,SPXW,SPXW220923C04050000,23.1,0.2437,0.03656302163625234,0.9989994598987042
2022-09-23,10,0.02737850787132101,4055,1.0300476911369743,3939.42364858769,1.0293383910242162,Call,SPXW,SPXW220923C04055000,21.799999999999997,0.2431,0.03656302163625234,0.9989994598987042
2022-09-23,10,0.02737850787132101,4060,1.0313177869336907,3939.42364858769,1.0306076122215333,Call,SPXW,SPXW220923C04060000,20.5,0.2422,0.03656302163625234,0.9989994598987042
2022-09-23,10,0.02737850787132101,4065,1.032587882730407,3939.42364858769,1.0318768334188504,Call,SPXW,SPXW220923C04065000,19.299999999999997,0.2415,0.03656302163625234,0.9989994598987042
2022-09-23,10,0.02737850787132101,4070,1.0338579785271234,3939.42364858769,1.0331460546161677,Call,SPXW,SPXW220923C04070000,18.15,0.2409,0.03656302163625234,0.9989994598987042
2022-09-23,10,0.02737850787132101,4075,1.0351280743238398,3939.42364858769,1.0344152758134848,Call,SPXW,SPXW220923C04075000,17.1,0.2405,0.03656302163625234,0.9989994598987042
2022-09-23,10,0.02737850787132101,4080,1.036398170120556,3939.42364858769,1.035684497010802,Call,SPXW,SPXW220923C04080000,16.049999999999997,0.2398,0.03656302163625234,0.9989994598987042
2022-09-23,10,0.02737850787132101,4085,1.0376682659172725,3939.42364858769,1.0369537182081192,Call,SPXW,SPXW220923C04085000,15.05,0.2392,0.03656302163625234,0.9989994598987042
2022-09-23,10,0.02737850787132101,4090,1.038938361713989,3939.42364858769,1.0382229394054363,Call,SPXW,SPXW220923C04090000,14.15,0.2389,0.03656302163625234,0.9989994598987042
2022-09-23,10,0.02737850787132101,4095,1.0402084575107051,3939.42364858769,1.0394921606027534,Call,SPXW,SPXW220923C04095000,13.25,0.2383,0.03656302163625234,0.9989994598987042
2022-09-23,10,0.02737850787132101,4100,1.0414785533074216,3939.42364858769,1.0407613818000707,Call,SPXW,SPXW220923C04100000,12.45,0.238,0.03656302163625234,0.9989994598987042
2022-09-23,10,0.02737850787132101,4105,1.042748649104138,3939.42364858769,1.0420306029973878,Call,SPXW,SPXW220923C04105000,11.65,0.2376,0.03656302163625234,0.9989994598987042
2022-09-23,10,0.02737850787132101,4110,1.0440187449008542,3939.42364858769,1.043299824194705,Call,SPXW,SPXW220923C04110000,10.899999999999999,0.2372,0.03656302163625234,0.9989994598987042
2022-09-23,10,0.02737850787132101,4115,1.0452888406975707,3939.42364858769,1.044569045392022,Call,SPXW,SPXW220923C04115000,10.2,0.2368,0.03656302163625234,0.9989994598987042
2022-09-23,10,0.02737850787132101,4120,1.046558936494287,3939.42364858769,1.0458382665893393,Call,SPXW,SPXW220923C04120000,9.55,0.2366,0.03656302163625234,0.9989994598987042
2022-09-23,10,0.02737850787132101,4125,1.0478290322910033,3939.42364858769,1.0471074877866564,Call,SPXW,SPXW220923C04125000,8.899999999999999,0.2361,0.03656302163625234,0.9989994598987042
2022-09-23,10,0.02737850787132101,4130,1.0490991280877198,3939.42364858769,1.0483767089839735,Call,SPXW,SPXW220923C04130000,8.35,0.2362,0.03656302163625234,0.9989994598987042
2022-09-23,10,0.02737850787132101,4135,1.0503692238844362,3939.42364858769,1.0496459301812908,Call,SPXW,SPXW220923C04135000,7.75,0.2355,0.03656302163625234,0.9989994598987042
2022-09-23,10,0.02737850787132101,4140,1.0516393196811524,3939.42364858769,1.050915151378608,Call,SPXW,SPXW220923C04140000,7.25,0.2355,0.03656302163625234,0.9989994598987042
2022-09-23,10,0.02737850787132101,4145,1.0529094154778689,3939.42364858769,1.052184372575925,Call,SPXW,SPXW220923C04145000,6.75,0.2352,0.03656302163625234,0.9989994598987042
2022-09-23,10,0.02737850787132101,4150,1.0541795112745853,3939.42364858769,1.053453593773242,Call,SPXW,SPXW220923C04150000,6.35,0.2356,0.03656302163625234,0.9989994598987042
2022-09-23,10,0.02737850787132101,4155,1.0554496070713015,3939.42364858769,1.0547228149705594,Call,SPXW,SPXW220923C04155000,5.9,0.2352,0.03656302163625234,0.9989994598987042
2022-09-23,10,0.02737850787132101,4160,1.056719702868018,3939.42364858769,1.0559920361678765,Call,SPXW,SPXW220923C04160000,5.5,0.2352,0.03656302163625234,0.9989994598987042
2022-09-23,10,0.02737850787132101,4165,1.0579897986647344,3939.42364858769,1.0572612573651936,Call,SPXW,SPXW220923C04165000,5.1,0.2348,0.03656302163625234,0.9989994598987042
2022-09-23,10,0.02737850787132101,4170,1.0592598944614506,3939.42364858769,1.058530478562511,Call,SPXW,SPXW220923C04170000,4.8,0.2354,0.03656302163625234,0.9989994598987042
2022-09-23,10,0.02737850787132101,4195,1.0656103734450326,3939.42364858769,1.0648765845490966,Call,SPXW,SPXW220923C04195000,3.35,0.2354,0.03656302163625234,0.9989994598987042
2022-09-26,13,0.03559206023271732,3500,0.8890670577014574,3940.240759397461,0.888270594037309,Put,SPXW,SPXW220926P03500000,3.85,0.3609,0.036583911213063,0.9986987505887358
2022-09-26,13,0.03559206023271732,3550,0.9017680156686211,3940.240759397461,0.9009601739521277,Put,SPXW,SPXW220926P03550000,5.05,0.3428,0.036583911213063,0.9986987505887358
2022-09-26,13,0.03559206023271732,3600,0.9144689736357847,3940.240759397461,0.9136497538669464,Put,SPXW,SPXW220926P03600000,6.75,0.3253,0.036583911213063,0.9986987505887358
2022-09-26,13,0.03559206023271732,3625,0.9208194526193666,3940.240759397461,0.9199945438243557,Put,SPXW,SPXW220926P03625000,7.85,0.3168,0.036583911213063,0.9986987505887358
2022-09-26,13,0.03559206023271732,3650,0.9271699316029485,3940.240759397461,0.9263393337817651,Put,SPXW,SPXW220926P03650000,9.25,0.3092,0.036583911213063,0.9986987505887358
2022-09-26,13,0.03559206023271732,3675,0.9335204105865302,3940.240759397461,0.9326841237391744,Put,SPXW,SPXW220926P03675000,11.0,0.3023,0.036583911213063,0.9986987505887358
2022-09-26,13,0.03559206023271732,3680,0.9347905063832467,3940.240759397461,0.9339530817306563,Put,SPXW,SPXW220926P03680000,11.399999999999999,0.301,0.036583911213063,0.9986987505887358
2022-09-26,13,0.03559206023271732,3690,0.9373306979766793,3940.240759397461,0.9364909977136201,Put,SPXW,SPXW220926P03690000,12.2,0.2981,0.036583911213063,0.9986987505887358
2022-09-26,13,0.03559206023271732,3700,0.9398708895701121,3940.240759397461,0.9390289136965838,Put,SPXW,SPXW220926P03700000,13.100000000000001,0.2955,0.036583911213063,0.9986987505887358
2022-09-26,13,0.03559206023271732,3710,0.9424110811635449,3940.240759397461,0.9415668296795475,Put,SPXW,SPXW220926P03710000,14.05,0.2928,0.036583911213063,0.9986987505887358
2022-09-26,13,0.03559206023271732,3720,0.9449512727569775,3940.240759397461,0.9441047456625112,Put,SPXW,SPXW220926P03720000,15.05,0.29,0.036583911213063,0.9986987505887358
2022-09-26,13,0.03559206023271732,3725,0.946221368553694,3940.240759397461,0.9453737036539931,Put,SPXW,SPXW220926P03725000,15.65,0.289,0.036583911213063,0.9986987505887358
2022-09-26,13,0.03559206023271732,3730,0.9474914643504103,3940.240759397461,0.9466426616454751,Put,SPXW,SPXW220926P03730000,16.25,0.2879,0.036583911213063,0.9986987505887358
2022-09-26,13,0.03559206023271732,3740,0.9500316559438431,3940.240759397461,0.9491805776284388,Put,SPXW,SPXW220926P03740000,17.450000000000003,0.2854,0.036583911213063,0.9986987505887358
2022-09-26,13,0.03559206023271732,3750,0.9525718475372758,3940.240759397461,0.9517184936114025,Put,SPXW,SPXW220926P03750000,18.799999999999997,0.2832,0.036583911213063,0.9986987505887358
2022-09-26,13,0.03559206023271732,3755,0.9538419433339922,3940.240759397461,0.9529874516028843,Put,SPXW,SPXW220926P03755000,19.5,0.282,0.036583911213063,0.9986987505887358
2022-09-26,13,0.03559206023271732,3760,0.9551120391307085,3940.240759397461,0.9542564095943662,Put,SPXW,SPXW220926P03760000,20.200000000000003,0.2808,0.036583911213063,0.9986987505887358
2022-09-26,13,0.03559206023271732,3765,0.9563821349274249,3940.240759397461,0.955525367585848,Put,SPXW,SPXW220926P03765000,21.0,0.2799,0.036583911213063,0.9986987505887358
2022-09-26,13,0.03559206023271732,3770,0.9576522307241413,3940.240759397461,0.95679432557733,Put,SPXW,SPXW220926P03770000,21.799999999999997,0.2788,0.036583911213063,0.9986987505887358
2022-09-26,13,0.03559206023271732,3775,0.9589223265208576,3940.240759397461,0.9580632835688119,Put,SPXW,SPXW220926P03775000,22.6,0.2777,0.036583911213063,0.9986987505887358
2022-09-26,13,0.03559206023271732,3780,0.960192422317574,3940.240759397461,0.9593322415602937,Put,SPXW,SPXW220926P03780000,23.4,0.2764,0.036583911213063,0.9986987505887358
2022-09-26,13,0.03559206023271732,3785,0.9614625181142904,3940.240759397461,0.9606011995517756,Put,SPXW,SPXW220926P03785000,24.299999999999997,0.2754,0.036583911213063,0.9986987505887358
2022-09-26,13,0.03559206023271732,3790,0.9627326139110067,3940.240759397461,0.9618701575432574,Put,SPXW,SPXW220926P03790000,25.25,0.2746,0.036583911213063,0.9986987505887358
2022-09-26,13,0.03559206023271732,3795,0.9640027097077231,3940.240759397461,0.9631391155347393,Put,SPXW,SPXW220926P03795000,26.200000000000003,0.2736,0.036583911213063,0.9986987505887358
2022-09-26,13,0.03559206023271732,3800,0.9652728055044395,3940.240759397461,0.9644080735262212,Put,SPXW,SPXW220926P03800000,27.200000000000003,0.2726,0.036583911213063,0.9986987505887358
2022-09-26,13,0.03559206023271732,3805,0.9665429013011558,3940.240759397461,0.965677031517703,Put,SPXW,SPXW220926P03805000,28.200000000000003,0.2716,0.036583911213063,0.9986987505887358
2022-09-26,13,0.03559206023271732,3810,0.9678129970978722,3940.240759397461,0.966945989509185,Put,SPXW,SPXW220926P03810000,29.25,0.2706,0.036583911213063,0.9986987505887358
2022-09-26,13,0.03559206023271732,3815,0.9690830928945886,3940.240759397461,0.9682149475006668,Put,SPXW,SPXW220926P03815000,30.35,0.2697,0.036583911213063,0.9986987505887358
2022-09-26,13,0.03559206023271732,3820,0.9703531886913049,3940.240759397461,0.9694839054921487,Put,SPXW,SPXW220926P03820000,31.45,0.2686,0.036583911213063,0.9986987505887358
2022-09-26,13,0.03559206023271732,3825,0.9716232844880213,3940.240759397461,0.9707528634836305,Put,SPXW,SPXW220926P03825000,32.650000000000006,0.2678,0.036583911213063,0.9986987505887358
2022-09-26,13,0.03559206023271732,3830,0.9728933802847377,3940.240759397461,0.9720218214751124,Put,SPXW,SPXW220926P03830000,33.849999999999994,0.2668,0.036583911213063,0.9986987505887358
2022-09-26,13,0.03559206023271732,3835,0.974163476081454,3940.240759397461,0.9732907794665943,Put,SPXW,SPXW220926P03835000,35.05,0.2657,0.036583911213063,0.9986987505887358
2022-09-26,13,0.03559206023271732,3840,0.9754335718781704,3940.240759397461,0.9745597374580761,Put,SPXW,SPXW220926P03840000,36.349999999999994,0.2648,0.036583911213063,0.9986987505887358
2022-09-26,13,0.03559206023271732,3845,0.9767036676748868,3940.240759397461,0.975828695449558,Put,SPXW,SPXW220926P03845000,37.7,0.264,0.036583911213063,0.9986987505887358
2022-09-26,13,0.03559206023271732,3850,0.9779737634716031,3940.240759397461,0.9770976534410399,Put,SPXW,SPXW220926P03850000,39.05,0.263,0.036583911213063,0.9986987505887358
2022-09-26,13,0.03559206023271732,3855,0.9792438592683195,3940.240759397461,0.9783666114325218,Put,SPXW,SPXW220926P03855000,40.45,0.2621,0.036583911213063,0.9986987505887358
2022-09-26,13,0.03559206023271732,3860,0.9805139550650359,3940.240759397461,0.9796355694240036,Put,SPXW,SPXW220926P03860000,41.9,0.2612,0.036583911213063,0.9986987505887358
2022-09-26,13,0.03559206023271732,3865,0.9817840508617522,3940.240759397461,0.9809045274154855,Put,SPXW,SPXW220926P03865000,43.4,0.2603,0.036583911213063,0.9986987505887358
2022-09-26,13,0.03559206023271732,3870,0.9830541466584686,3940.240759397461,0.9821734854069674,Put,SPXW,SPXW220926P03870000,44.9,0.2592,0.036583911213063,0.9986987505887358
2022-09-26,13,0.03559206023271732,3875,0.984324242455185,3940.240759397461,0.9834424433984492,Put,SPXW,SPXW220926P03875000,46.45,0.2582,0.036583911213063,0.9986987505887358
2022-09-26,13,0.03559206023271732,3880,0.9855943382519013,3940.240759397461,0.9847114013899311,Put,SPXW,SPXW220926P03880000,48.05,0.2572,0.036583911213063,0.9986987505887358
2022-09-26,13,0.03559206023271732,3885,0.9868644340486177,3940.240759397461,0.9859803593814129,Put,SPXW,SPXW220926P03885000,49.8,0.2565,0.036583911213063,0.9986987505887358
2022-09-26,13,0.03559206023271732,3890,0.9881345298453341,3940.240759397461,0.9872493173728949,Put,SPXW,SPXW220926P03890000,51.5,0.2555,0.036583911213063,0.9986987505887358
2022-09-26,13,0.03559206023271732,3895,0.9894046256420505,3940.240759397461,0.9885182753643768,Put,SPXW,SPXW220926P03895000,53.2,0.2543,0.036583911213063,0.9986987505887358
2022-09-26,13,0.03559206023271732,3900,0.9906747214387668,3940.240759397461,0.9897872333558586,Put,SPXW,SPXW220926P03900000,55.0,0.2534,0.036583911213063,0.9986987505887358
2022-09-26,13,0.03559206023271732,3905,0.9919448172354832,3940.240759397461,0.9910561913473405,Put,SPXW,SPXW220926P03905000,56.9,0.2526,0.036583911213063,0.9986987505887358
2022-09-26,13,0.03559206023271732,3910,0.9932149130321996,3940.240759397461,0.9923251493388223,Put,SPXW,SPXW220926P03910000,58.8,0.2516,0.036583911213063,0.9986987505887358
2022-09-26,13,0.03559206023271732,3915,0.9944850088289159,3940.240759397461,0.9935941073303042,Put,SPXW,SPXW220926P03915000,60.650000000000006,0.2503,0.036583911213063,0.9986987505887358
2022-09-26,13,0.03559206023271732,3920,0.9957551046256323,3940.240759397461,0.994863065321786,Put,SPXW,SPXW220926P03920000,62.650000000000006,0.2493,0.036583911213063,0.9986987505887358
2022-09-26,13,0.03559206023271732,3925,0.9970252004223487,3940.240759397461,0.9961320233132679,Put,SPXW,SPXW220926P03925000,64.8,0.2486,0.036583911213063,0.9986987505887358
2022-09-26,13,0.03559206023271732,3930,0.998295296219065,3940.240759397461,0.9974009813047499,Put,SPXW,SPXW220926P03930000,66.9,0.2476,0.036583911213063,0.9986987505887358
2022-09-26,13,0.03559206023271732,3935,0.9995653920157814,3940.240759397461,0.9986699392962317,Put,SPXW,SPXW220926P03935000,69.0,0.2464,0.036583911213063,0.9986987505887358
2022-09-26,13,0.03559206023271732,3940,1.0008354878124979,3940.240759397461,0.9999388972877136,Put,SPXW,SPXW220926P03940000,71.3,0.2458,0.036583911213063,0.9986987505887358
2022-09-26,13,0.03559206023271732,3945,1.002105583609214,3940.240759397461,1.0012078552791954,Call,SPXW,SPXW220926C03945000,69.4,0.2432,0.036583911213063,0.9986987505887358
2022-09-26,13,0.03559206023271732,3950,1.0033756794059305,3940.240759397461,1.0024768132706774,Call,SPXW,SPXW220926C03950000,66.75,0.2423,0.036583911213063,0.9986987505887358
2022-09-26,13,0.03559206023271732,3955,1.004645775202647,3940.240759397461,1.0037457712621591,Call,SPXW,SPXW220926C03955000,64.1,0.2412,0.036583911213063,0.9986987505887358
2022-09-26,13,0.03559206023271732,3960,1.0059158709993632,3940.240759397461,1.005014729253641,Call,SPXW,SPXW220926C03960000,61.55,0.2403,0.036583911213063,0.9986987505887358
2022-09-26,13,0.03559206023271732,3965,1.0071859667960796,3940.240759397461,1.0062836872451228,Call,SPXW,SPXW220926C03965000,59.05,0.2393,0.036583911213063,0.9986987505887358
2022-09-26,13,0.03559206023271732,3970,1.008456062592796,3940.240759397461,1.0075526452366048,Call,SPXW,SPXW220926C03970000,56.650000000000006,0.2384,0.036583911213063,0.9986987505887358
2022-09-26,13,0.03559206023271732,3975,1.0097261583895123,3940.240759397461,1.0088216032280866,Call,SPXW,SPXW220926C03975000,54.2,0.2372,0.036583911213063,0.9986987505887358
2022-09-26,13,0.03559206023271732,3980,1.0109962541862287,3940.240759397461,1.0100905612195685,Call,SPXW,SPXW220926C03980000,51.9,0.2364,0.036583911213063,0.9986987505887358
2022-09-26,13,0.03559206023271732,3985,1.0122663499829452,3940.240759397461,1.0113595192110503,Call,SPXW,SPXW220926C03985000,49.7,0.2356,0.036583911213063,0.9986987505887358
2022-09-26,13,0.03559206023271732,3990,1.0135364457796614,3940.240759397461,1.0126284772025322,Call,SPXW,SPXW220926C03990000,47.5,0.2347,0.036583911213063,0.9986987505887358
2022-09-26,13,0.03559206023271732,3995,1.0148065415763778,3940.240759397461,1.0138974351940142,Call,SPXW,SPXW220926C03995000,45.3,0.2335,0.036583911213063,0.9986987505887358
2022-09-26,13,0.03559206023271732,4000,1.0160766373730943,3940.240759397461,1.015166393185496,Call,SPXW,SPXW220926C04000000,43.3,0.2329,0.036583911213063,0.9986987505887358
2022-09-26,13,0.03559206023271732,4005,1.0173467331698105,3940.240759397461,1.016435351176978,Call,SPXW,SPXW220926C04005000,41.3,0.232,0.036583911213063,0.9986987505887358
2022-09-26,13,0.03559206023271732,4010,1.018616828966527,3940.240759397461,1.0177043091684597,Call,SPXW,SPXW220926C04010000,39.349999999999994,0.2311,0.036583911213063,0.9986987505887358
2022-09-26,13,0.03559206023271732,4015,1.0198869247632434,3940.240759397461,1.0189732671599416,Call,SPXW,SPXW220926C04015000,37.45,0.2302,0.036583911213063,0.9986987505887358
2022-09-26,13,0.03559206023271732,4020,1.0211570205599596,3940.240759397461,1.0202422251514234,Call,SPXW,SPXW220926C04020000,35.650000000000006,0.2294,0.036583911213063,0.9986987505887358
2022-09-26,13,0.03559206023271732,4025,1.022427116356676,3940.240759397461,1.0215111831429053,Call,SPXW,SPXW220926C04025000,33.849999999999994,0.2285,0.036583911213063,0.9986987505887358
2022-09-26,13,0.03559206023271732,4030,1.0236972121533925,3940.240759397461,1.0227801411343873,Call,SPXW,SPXW220926C04030000,32.15,0.2277,0.036583911213063,0.9986987505887358
2022-09-26,13,0.03559206023271732,4035,1.0249673079501087,3940.240759397461,1.024049099125869,Call,SPXW,SPXW220926C04035000,30.55,0.227,0.036583911213063,0.9986987505887358
2022-09-26,13,0.03559206023271732,4040,1.0262374037468251,3940.240759397461,1.025318057117351,Call,SPXW,SPXW220926C04040000,28.95,0.2262,0.036583911213063,0.9986987505887358
2022-09-26,13,0.03559206023271732,4045,1.0275074995435416,3940.240759397461,1.0265870151088328,Call,SPXW,SPXW220926C04045000,27.45,0.2255,0.036583911213063,0.9986987505887358
2022-09-26,13,0.03559206023271732,4050,1.0287775953402578,3940.240759397461,1.0278559731003147,Call,SPXW,SPXW220926C04050000,26.0,0.2248,0.036583911213063,0.9986987505887358
2022-09-26,13,0.03559206023271732,4055,1.0300476911369743,3940.240759397461,1.0291249310917965,Call,SPXW,SPXW220926C04055000,24.6,0.2241,0.036583911213063,0.9986987505887358
2022-09-26,13,0.03559206023271732,4060,1.0313177869336907,3940.240759397461,1.0303938890832784,Call,SPXW,SPXW220926C04060000,23.299999999999997,0.2236,0.036583911213063,0.9986987505887358
2022-09-26,13,0.03559206023271732,4065,1.032587882730407,3940.240759397461,1.0316628470747602,Call,SPXW,SPXW220926C04065000,22.0,0.2229,0.036583911213063,0.9986987505887358
2022-09-26,13,0.03559206023271732,4070,1.0338579785271234,3940.240759397461,1.0329318050662422,Call,SPXW,SPXW220926C04070000,20.799999999999997,0.2224,0.036583911213063,0.9986987505887358
2022-09-26,13,0.03559206023271732,4075,1.0351280743238398,3940.240759397461,1.0342007630577241,Call,SPXW,SPXW220926C04075000,19.6,0.2216,0.036583911213063,0.9986987505887358
2022-09-26,13,0.03559206023271732,4080,1.036398170120556,3940.240759397461,1.0354697210492059,Call,SPXW,SPXW220926C04080000,18.5,0.2211,0.036583911213063,0.9986987505887358
2022-09-26,13,0.03559206023271732,4085,1.0376682659172725,3940.240759397461,1.0367386790406878,Call,SPXW,SPXW220926C04085000,17.450000000000003,0.2207,0.036583911213063,0.9986987505887358
2022-09-26,13,0.03559206023271732,4090,1.038938361713989,3940.240759397461,1.0380076370321696,Call,SPXW,SPXW220926C04090000,16.450000000000003,0.2202,0.036583911213063,0.9986987505887358
2022-09-26,13,0.03559206023271732,4095,1.0402084575107051,3940.240759397461,1.0392765950236516,Call,SPXW,SPXW220926C04095000,15.45,0.2196,0.036583911213063,0.9986987505887358
2022-09-26,13,0.03559206023271732,4100,1.0414785533074216,3940.240759397461,1.0405455530151333,Call,SPXW,SPXW220926C04100000,14.55,0.2192,0.036583911213063,0.9986987505887358
2022-09-26,13,0.03559206023271732,4105,1.042748649104138,3940.240759397461,1.0418145110066153,Call,SPXW,SPXW220926C04105000,13.65,0.2186,0.036583911213063,0.9986987505887358
2022-09-26,13,0.03559206023271732,4110,1.0440187449008542,3940.240759397461,1.0430834689980972,Call,SPXW,SPXW220926C04110000,12.85,0.2183,0.036583911213063,0.9986987505887358
2022-09-26,13,0.03559206023271732,4115,1.0452888406975707,3940.240759397461,1.044352426989579,Call,SPXW,SPXW220926C04115000,12.05,0.2178,0.036583911213063,0.9986987505887358
2022-09-26,13,0.03559206023271732,4120,1.046558936494287,3940.240759397461,1.045621384981061,Call,SPXW,SPXW220926C04120000,11.35,0.2177,0.036583911213063,0.9986987505887358
2022-09-26,13,0.03559206023271732,4125,1.0478290322910033,3940.240759397461,1.0468903429725427,Call,SPXW,SPXW220926C04125000,10.65,0.2174,0.036583911213063,0.9986987505887358
2022-09-26,13,0.03559206023271732,4130,1.0490991280877198,3940.240759397461,1.0481593009640247,Call,SPXW,SPXW220926C04130000,10.0,0.2172,0.036583911213063,0.9986987505887358
2022-09-26,13,0.03559206023271732,4135,1.0503692238844362,3940.240759397461,1.0494282589555064,Call,SPXW,SPXW220926C04135000,9.35,0.2167,0.036583911213063,0.9986987505887358
2022-09-26,13,0.03559206023271732,4140,1.0516393196811524,3940.240759397461,1.0506972169469884,Call,SPXW,SPXW220926C04140000,8.8,0.2168,0.036583911213063,0.9986987505887358
2022-09-26,13,0.03559206023271732,4145,1.0529094154778689,3940.240759397461,1.0519661749384701,Call,SPXW,SPXW220926C04145000,8.25,0.2166,0.036583911213063,0.9986987505887358
2022-09-26,13,0.03559206023271732,4150,1.0541795112745853,3940.240759397461,1.053235132929952,Call,SPXW,SPXW220926C04150000,7.7,0.2162,0.036583911213063,0.9986987505887358
2022-09-26,13,0.03559206023271732,4160,1.056719702868018,3940.240759397461,1.0557730489129158,Call,SPXW,SPXW220926C04160000,6.75,0.2159,0.036583911213063,0.9986987505887358
2022-09-26,13,0.03559206023271732,4170,1.0592598944614506,3940.240759397461,1.0583109648958795,Call,SPXW,SPXW220926C04170000,5.95,0.2161,0.036583911213063,0.9986987505887358
2022-09-26,13,0.03559206023271732,4175,1.060529990258167,3940.240759397461,1.0595799228873615,Call,SPXW,SPXW220926C04175000,5.55,0.2159,0.036583911213063,0.9986987505887358
2022-09-26,13,0.03559206023271732,4180,1.0618000860548835,3940.240759397461,1.0608488808788432,Call,SPXW,SPXW220926C04180000,5.2,0.216,0.036583911213063,0.9986987505887358
2022-09-27,14,0.038329911019849415,3600,0.9144689736357847,3940.5134614652925,0.9135865250061418,Put,SPXW,SPXW220927P03600000,8.05,0.3264,0.03659083233584921,0.9985984597286455
2022-09-27,14,0.038329911019849415,3650,0.9271699316029485,3940.5134614652925,0.9262752267423383,Put,SPXW,SPXW220927P03650000,10.899999999999999,0.311,0.03659083233584921,0.9985984597286455
2022-09-27,14,0.038329911019849415,3700,0.9398708895701121,3940.5134614652925,0.9389639284785347,Put,SPXW,SPXW220927P03700000,15.100000000000001,0.2973,0.03659083233584921,0.9985984597286455
2022-09-27,14,0.038329911019849415,3750,0.9525718475372758,3940.5134614652925,0.9516526302147311,Put,SPXW,SPXW220927P03750000,21.25,0.2854,0.03659083233584921,0.9985984597286455
2022-09-27,14,0.038329911019849415,3800,0.9652728055044395,3940.5134614652925,0.9643413319509275,Put,SPXW,SPXW220927P03800000,30.05,0.2748,0.03659083233584921,0.9985984597286455
2022-09-27,14,0.038329911019849415,3825,0.9716232844880213,3940.5134614652925,0.9706856828190257,Put,SPXW,SPXW220927P03825000,35.7,0.27,0.03659083233584921,0.9985984597286455
2022-09-27,14,0.038329911019849415,3850,0.9779737634716031,3940.5134614652925,0.9770300336871239,Put,SPXW,SPXW220927P03850000,42.2,0.2651,0.03659083233584921,0.9985984597286455
2022-09-27,14,0.038329911019849415,3875,0.984324242455185,3940.5134614652925,0.9833743845552221,Put,SPXW,SPXW220927P03875000,49.75,0.2604,0.03659083233584921,0.9985984597286455
2022-09-27,14,0.038329911019849415,3900,0.9906747214387668,3940.5134614652925,0.9897187354233203,Put,SPXW,SPXW220927P03900000,58.349999999999994,0.2555,0.03659083233584921,0.9985984597286455
2022-09-27,14,0.038329911019849415,3910,0.9932149130321996,3940.5134614652925,0.9922564757705596,Put,SPXW,SPXW220927P03910000,62.05,0.2533,0.03659083233584921,0.9985984597286455
2022-09-27,14,0.038329911019849415,3920,0.9957551046256323,3940.5134614652925,0.994794216117799,Put,SPXW,SPXW220927P03920000,66.05,0.2515,0.03659083233584921,0.9985984597286455
2022-09-27,14,0.038329911019849415,3940,1.0008354878124979,3940.5134614652925,0.9998696968122774,Put,SPXW,SPXW220927P03940000,74.55,0.2475,0.03659083233584921,0.9985984597286455
2022-09-27,14,0.038329911019849415,4020,1.0211570205599596,3940.5134614652925,1.0201716195901918,Call,SPXW,SPXW220927C04020000,38.5,0.231,0.03659083233584921,0.9985984597286455
2022-09-27,14,0.038329911019849415,4060,1.0313177869336907,3940.5134614652925,1.0303225809791487,Call,SPXW,SPXW220927C04060000,25.65,0.2248,0.03659083233584921,0.9985984597286455
2022-09-27,14,0.038329911019849415,4080,1.036398170120556,3940.5134614652925,1.0353980616736274,Call,SPXW,SPXW220927C04080000,20.6,0.2223,0.03659083233584921,0.9985984597286455
2022-09-27,14,0.038329911019849415,4090,1.038938361713989,3940.5134614652925,1.0379358020208667,Call,SPXW,SPXW220927C04090000,18.4,0.2212,0.03659083233584921,0.9985984597286455
2022-09-27,14,0.038329911019849415,4100,1.0414785533074216,3940.5134614652925,1.040473542368106,Call,SPXW,SPXW220927C04100000,16.4,0.2203,0.03659083233584921,0.9985984597286455
2022-09-27,14,0.038329911019849415,4110,1.0440187449008542,3940.5134614652925,1.0430112827153453,Call,SPXW,SPXW220927C04110000,14.6,0.2195,0.03659083233584921,0.9985984597286455
2022-09-27,14,0.038329911019849415,4120,1.046558936494287,3940.5134614652925,1.0455490230625846,Call,SPXW,SPXW220927C04120000,12.95,0.2186,0.03659083233584921,0.9985984597286455
2022-09-27,14,0.038329911019849415,4125,1.0478290322910033,3940.5134614652925,1.0468178932362042,Call,SPXW,SPXW220927C04125000,12.2,0.2181,0.03659083233584921,0.9985984597286455
2022-09-27,14,0.038329911019849415,4130,1.0490991280877198,3940.5134614652925,1.0480867634098239,Call,SPXW,SPXW220927C04130000,11.45,0.2178,0.03659083233584921,0.9985984597286455
2022-09-27,14,0.038329911019849415,4140,1.0516393196811524,3940.5134614652925,1.0506245037570632,Call,SPXW,SPXW220927C04140000,10.100000000000001,0.2171,0.03659083233584921,0.9985984597286455
2022-09-27,14,0.038329911019849415,4150,1.0541795112745853,3940.5134614652925,1.0531622441043025,Call,SPXW,SPXW220927C04150000,8.95,0.2169,0.03659083233584921,0.9985984597286455
2022-09-27,14,0.038329911019849415,4175,1.060529990258167,3940.5134614652925,1.0595065949724005,Call,SPXW,SPXW220927C04175000,6.55,0.2163,0.03659083233584921,0.9985984597286455
2022-09-27,14,0.038329911019849415,4200,1.0668804692417488,3940.5134614652925,1.0658509458404988,Call,SPXW,SPXW220927C04200000,4.7,0.2156,0.03659083233584921,0.9985984597286455
2022-09-28,15,0.04106776180698152,3450,0.8763660997342937,3940.786328360648,0.8754597972418329,Put,SPXW,SPXW220928P03450000,4.2,0.3748,0.0365977324873474,0.9984981419587812
2022-09-28,15,0.04106776180698152,3500,0.8890670577014574,3940.786328360648,0.8881476203902653,Put,SPXW,SPXW220928P03500000,5.35,0.3574,0.0365977324873474,0.9984981419587812
2022-09-28,15,0.04106776180698152,3550,0.9017680156686211,3940.786328360648,0.9008354435386976,Put,SPXW,SPXW220928P03550000,6.95,0.3409,0.0365977324873474,0.9984981419587812
2022-09-28,15,0.04106776180698152,3600,0.9144689736357847,3940.786328360648,0.91352326668713,Put,SPXW,SPXW220928P03600000,9.2,0.3254,0.0365977324873474,0.9984981419587812
2022-09-28,15,0.04106776180698152,3625,0.9208194526193666,3940.786328360648,0.9198671782613461,Put,SPXW,SPXW220928P03625000,10.65,0.318,0.0365977324873474,0.9984981419587812
2022-09-28,15,0.04106776180698152,3650,0.9271699316029485,3940.786328360648,0.9262110898355623,Put,SPXW,SPXW220928P03650000,12.399999999999999,0.3111,0.0365977324873474,0.9984981419587812
2022-09-28,15,0.04106776180698152,3675,0.9335204105865302,3940.786328360648,0.9325550014097785,Put,SPXW,SPXW220928P03675000,14.45,0.3041,0.0365977324873474,0.9984981419587812
2022-09-28,15,0.04106776180698152,3680,0.9347905063832467,3940.786328360648,0.9338237837246217,Put,SPXW,SPXW220928P03680000,14.95,0.3031,0.0365977324873474,0.9984981419587812
2022-09-28,15,0.04106776180698152,3690,0.9373306979766793,3940.786328360648,0.9363613483543082,Put,SPXW,SPXW220928P03690000,15.85,0.3,0.0365977324873474,0.9984981419587812
2022-09-28,15,0.04106776180698152,3700,0.9398708895701121,3940.786328360648,0.9388989129839947,Put,SPXW,SPXW220928P03700000,16.950000000000003,0.2978,0.0365977324873474,0.9984981419587812
2022-09-28,15,0.04106776180698152,3710,0.9424110811635449,3940.786328360648,0.9414364776136812,Put,SPXW,SPXW220928P03710000,18.049999999999997,0.2952,0.0365977324873474,0.9984981419587812
2022-09-28,15,0.04106776180698152,3720,0.9449512727569775,3940.786328360648,0.9439740422433677,Put,SPXW,SPXW220928P03720000,19.25,0.2928,0.0365977324873474,0.9984981419587812
2022-09-28,15,0.04106776180698152,3725,0.946221368553694,3940.786328360648,0.9452428245582108,Put,SPXW,SPXW220928P03725000,19.9,0.2917,0.0365977324873474,0.9984981419587812
2022-09-28,15,0.04106776180698152,3730,0.9474914643504103,3940.786328360648,0.9465116068730541,Put,SPXW,SPXW220928P03730000,20.549999999999997,0.2905,0.0365977324873474,0.9984981419587812
2022-09-28,15,0.04106776180698152,3740,0.9500316559438431,3940.786328360648,0.9490491715027406,Put,SPXW,SPXW220928P03740000,21.9,0.288,0.0365977324873474,0.9984981419587812
2022-09-28,15,0.04106776180698152,3750,0.9525718475372758,3940.786328360648,0.9515867361324271,Put,SPXW,SPXW220928P03750000,23.4,0.2858,0.0365977324873474,0.9984981419587812
2022-09-28,15,0.04106776180698152,3755,0.9538419433339922,3940.786328360648,0.9528555184472703,Put,SPXW,SPXW220928P03755000,24.200000000000003,0.2848,0.0365977324873474,0.9984981419587812
2022-09-28,15,0.04106776180698152,3760,0.9551120391307085,3940.786328360648,0.9541243007621135,Put,SPXW,SPXW220928P03760000,25.0,0.2837,0.0365977324873474,0.9984981419587812
2022-09-28,15,0.04106776180698152,3765,0.9563821349274249,3940.786328360648,0.9553930830769568,Put,SPXW,SPXW220928P03765000,25.9,0.2829,0.0365977324873474,0.9984981419587812
2022-09-28,15,0.04106776180698152,3770,0.9576522307241413,3940.786328360648,0.9566618653918,Put,SPXW,SPXW220928P03770000,26.700000000000003,0.2815,0.0365977324873474,0.9984981419587812
2022-09-28,15,0.04106776180698152,3775,0.9589223265208576,3940.786328360648,0.9579306477066433,Put,SPXW,SPXW220928P03775000,27.65,0.2807,0.0365977324873474,0.9984981419587812
2022-09-28,15,0.04106776180698152,3780,0.960192422317574,3940.786328360648,0.9591994300214864,Put,SPXW,SPXW220928P03780000,28.55,0.2796,0.0365977324873474,0.9984981419587812
2022-09-28,15,0.04106776180698152,3785,0.9614625181142904,3940.786328360648,0.9604682123363297,Put,SPXW,SPXW220928P03785000,29.55,0.2787,0.0365977324873474,0.9984981419587812
2022-09-28,15,0.04106776180698152,3790,0.9627326139110067,3940.786328360648,0.9617369946511729,Put,SPXW,SPXW220928P03790000,30.55,0.2777,0.0365977324873474,0.9984981419587812
2022-09-28,15,0.04106776180698152,3795,0.9640027097077231,3940.786328360648,0.9630057769660162,Put,SPXW,SPXW220928P03795000,31.55,0.2766,0.0365977324873474,0.9984981419587812
2022-09-28,15,0.04106776180698152,3800,0.9652728055044395,3940.786328360648,0.9642745592808594,Put,SPXW,SPXW220928P03800000,32.650000000000006,0.2758,0.0365977324873474,0.9984981419587812
2022-09-28,15,0.04106776180698152,3805,0.9665429013011558,3940.786328360648,0.9655433415957027,Put,SPXW,SPXW220928P03805000,33.7,0.2747,0.0365977324873474,0.9984981419587812
2022-09-28,15,0.04106776180698152,3810,0.9678129970978722,3940.786328360648,0.9668121239105459,Put,SPXW,SPXW220928P03810000,34.849999999999994,0.2738,0.0365977324873474,0.9984981419587812
2022-09-28,15,0.04106776180698152,3815,0.9690830928945886,3940.786328360648,0.9680809062253891,Put,SPXW,SPXW220928P03815000,35.95,0.2726,0.0365977324873474,0.9984981419587812
2022-09-28,15,0.04106776180698152,3820,0.9703531886913049,3940.786328360648,0.9693496885402324,Put,SPXW,SPXW220928P03820000,37.150000000000006,0.2717,0.0365977324873474,0.9984981419587812
2022-09-28,15,0.04106776180698152,3825,0.9716232844880213,3940.786328360648,0.9706184708550756,Put,SPXW,SPXW220928P03825000,38.4,0.2709,0.0365977324873474,0.9984981419587812
2022-09-28,15,0.04106776180698152,3830,0.9728933802847377,3940.786328360648,0.9718872531699189,Put,SPXW,SPXW220928P03830000,39.650000000000006,0.2699,0.0365977324873474,0.9984981419587812
2022-09-28,15,0.04106776180698152,3835,0.974163476081454,3940.786328360648,0.973156035484762,Put,SPXW,SPXW220928P03835000,40.95,0.2689,0.0365977324873474,0.9984981419587812
2022-09-28,15,0.04106776180698152,3840,0.9754335718781704,3940.786328360648,0.9744248177996053,Put,SPXW,SPXW220928P03840000,42.3,0.268,0.0365977324873474,0.9984981419587812
2022-09-28,15,0.04106776180698152,3845,0.9767036676748868,3940.786328360648,0.9756936001144485,Put,SPXW,SPXW220928P03845000,43.650000000000006,0.267,0.0365977324873474,0.9984981419587812
2022-09-28,15,0.04106776180698152,3850,0.9779737634716031,3940.786328360648,0.9769623824292918,Put,SPXW,SPXW220928P03850000,45.05,0.266,0.0365977324873474,0.9984981419587812
2022-09-28,15,0.04106776180698152,3855,0.9792438592683195,3940.786328360648,0.9782311647441351,Put,SPXW,SPXW220928P03855000,46.5,0.265,0.0365977324873474,0.9984981419587812
2022-09-28,15,0.04106776180698152,3860,0.9805139550650359,3940.786328360648,0.9794999470589782,Put,SPXW,SPXW220928P03860000,47.95,0.264,0.0365977324873474,0.9984981419587812
2022-09-28,15,0.04106776180698152,3865,0.9817840508617522,3940.786328360648,0.9807687293738215,Put,SPXW,SPXW220928P03865000,49.5,0.2631,0.0365977324873474,0.9984981419587812
2022-09-28,15,0.04106776180698152,3870,0.9830541466584686,3940.786328360648,0.9820375116886647,Put,SPXW,SPXW220928P03870000,51.0,0.2619,0.0365977324873474,0.9984981419587812
2022-09-28,15,0.04106776180698152,3875,0.984324242455185,3940.786328360648,0.983306294003508,Put,SPXW,SPXW220928P03875000,52.6,0.2609,0.0365977324873474,0.9984981419587812
2022-09-28,15,0.04106776180698152,3880,0.9855943382519013,3940.786328360648,0.9845750763183512,Put,SPXW,SPXW220928P03880000,54.2,0.2598,0.0365977324873474,0.9984981419587812
2022-09-28,15,0.04106776180698152,3885,0.9868644340486177,3940.786328360648,0.9858438586331945,Put,SPXW,SPXW220928P03885000,55.9,0.2589,0.0365977324873474,0.9984981419587812
2022-09-28,15,0.04106776180698152,3890,0.9881345298453341,3940.786328360648,0.9871126409480376,Put,SPXW,SPXW220928P03890000,57.6,0.2578,0.0365977324873474,0.9984981419587812
2022-09-28,15,0.04106776180698152,3895,0.9894046256420505,3940.786328360648,0.9883814232628809,Put,SPXW,SPXW220928P03895000,59.4,0.2569,0.0365977324873474,0.9984981419587812
2022-09-28,15,0.04106776180698152,3900,0.9906747214387668,3940.786328360648,0.9896502055777241,Put,SPXW,SPXW220928P03900000,61.2,0.2559,0.0365977324873474,0.9984981419587812
2022-09-28,15,0.04106776180698152,3905,0.9919448172354832,3940.786328360648,0.9909189878925674,Put,SPXW,SPXW220928P03905000,63.05,0.2549,0.0365977324873474,0.9984981419587812
2022-09-28,15,0.04106776180698152,3910,0.9932149130321996,3940.786328360648,0.9921877702074107,Put,SPXW,SPXW220928P03910000,64.95,0.2538,0.0365977324873474,0.9984981419587812
2022-09-28,15,0.04106776180698152,3915,0.9944850088289159,3940.786328360648,0.9934565525222538,Put,SPXW,SPXW220928P03915000,66.9,0.2528,0.0365977324873474,0.9984981419587812
2022-09-28,15,0.04106776180698152,3920,0.9957551046256323,3940.786328360648,0.9947253348370971,Put,SPXW,SPXW220928P03920000,68.8,0.2515,0.0365977324873474,0.9984981419587812
2022-09-28,15,0.04106776180698152,3925,0.9970252004223487,3940.786328360648,0.9959941171519403,Put,SPXW,SPXW220928P03925000,70.9,0.2507,0.0365977324873474,0.9984981419587812
2022-09-28,15,0.04106776180698152,3930,0.998295296219065,3940.786328360648,0.9972628994667836,Put,SPXW,SPXW220928P03930000,73.0,0.2497,0.0365977324873474,0.9984981419587812
2022-09-28,15,0.04106776180698152,3935,0.9995653920157814,3940.786328360648,0.9985316817816268,Put,SPXW,SPXW220928P03935000,75.15,0.2488,0.0365977324873474,0.9984981419587812
2022-09-28,15,0.04106776180698152,3940,1.0008354878124979,3940.786328360648,0.99980046409647,Put,SPXW,SPXW220928P03940000,77.3,0.2476,0.0365977324873474,0.9984981419587812
2022-09-28,15,0.04106776180698152,3945,1.002105583609214,3940.786328360648,1.0010692464113133,Call,SPXW,SPXW220928C03945000,75.6,0.2457,0.0365977324873474,0.9984981419587812
2022-09-28,15,0.04106776180698152,3950,1.0033756794059305,3940.786328360648,1.0023380287261565,Call,SPXW,SPXW220928C03950000,72.85,0.2445,0.0365977324873474,0.9984981419587812
2022-09-28,15,0.04106776180698152,3955,1.004645775202647,3940.786328360648,1.0036068110409997,Call,SPXW,SPXW220928C03955000,70.2,0.2435,0.0365977324873474,0.9984981419587812
2022-09-28,15,0.04106776180698152,3960,1.0059158709993632,3940.786328360648,1.0048755933558429,Call,SPXW,SPXW220928C03960000,67.6,0.2425,0.0365977324873474,0.9984981419587812
2022-09-28,15,0.04106776180698152,3965,1.0071859667960796,3940.786328360648,1.0061443756706863,Call,SPXW,SPXW220928C03965000,65.05,0.2415,0.0365977324873474,0.9984981419587812
2022-09-28,15,0.04106776180698152,3970,1.008456062592796,3940.786328360648,1.0074131579855294,Call,SPXW,SPXW220928C03970000,62.55,0.2404,0.0365977324873474,0.9984981419587812
2022-09-28,15,0.04106776180698152,3975,1.0097261583895123,3940.786328360648,1.0086819403003726,Call,SPXW,SPXW220928C03975000,60.1,0.2394,0.0365977324873474,0.9984981419587812
2022-09-28,15,0.04106776180698152,3980,1.0109962541862287,3940.786328360648,1.009950722615216,Call,SPXW,SPXW220928C03980000,57.7,0.2383,0.0365977324873474,0.9984981419587812
2022-09-28,15,0.04106776180698152,3985,1.0122663499829452,3940.786328360648,1.0112195049300592,Call,SPXW,SPXW220928C03985000,55.4,0.2374,0.0365977324873474,0.9984981419587812
2022-09-28,15,0.04106776180698152,3990,1.0135364457796614,3940.786328360648,1.0124882872449024,Call,SPXW,SPXW220928C03990000,53.1,0.2364,0.0365977324873474,0.9984981419587812
2022-09-28,15,0.04106776180698152,3995,1.0148065415763778,3940.786328360648,1.0137570695597455,Call,SPXW,SPXW220928C03995000,50.9,0.2354,0.0365977324873474,0.9984981419587812
2022-09-28,15,0.04106776180698152,4000,1.0160766373730943,3940.786328360648,1.015025851874589,Call,SPXW,SPXW220928C04000000,48.8,0.2346,0.0365977324873474,0.9984981419587812
2022-09-28,15,0.04106776180698152,4005,1.0173467331698105,3940.786328360648,1.0162946341894321,Call,SPXW,SPXW220928C04005000,46.7,0.2337,0.0365977324873474,0.9984981419587812
2022-09-28,15,0.04106776180698152,4010,1.018616828966527,3940.786328360648,1.0175634165042753,Call,SPXW,SPXW220928C04010000,44.650000000000006,0.2327,0.0365977324873474,0.9984981419587812
2022-09-28,15,0.04106776180698152,4015,1.0198869247632434,3940.786328360648,1.0188321988191187,Call,SPXW,SPXW220928C04015000,42.7,0.2319,0.0365977324873474,0.9984981419587812
2022-09-28,15,0.04106776180698152,4020,1.0211570205599596,3940.786328360648,1.0201009811339619,Call,SPXW,SPXW220928C04020000,40.75,0.2309,0.0365977324873474,0.9984981419587812
2022-09-28,15,0.04106776180698152,4025,1.022427116356676,3940.786328360648,1.021369763448805,Call,SPXW,SPXW220928C04025000,38.9,0.23,0.0365977324873474,0.9984981419587812
2022-09-28,15,0.04106776180698152,4030,1.0236972121533925,3940.786328360648,1.0226385457636482,Call,SPXW,SPXW220928C04030000,37.150000000000006,0.2294,0.0365977324873474,0.9984981419587812
2022-09-28,15,0.04106776180698152,4035,1.0249673079501087,3940.786328360648,1.0239073280784916,Call,SPXW,SPXW220928C04035000,35.349999999999994,0.2283,0.0365977324873474,0.9984981419587812
2022-09-28,15,0.04106776180698152,4040,1.0262374037468251,3940.786328360648,1.0251761103933348,Call,SPXW,SPXW220928C04040000,33.75,0.2278,0.0365977324873474,0.9984981419587812
2022-09-28,15,0.04106776180698152,4045,1.0275074995435416,3940.786328360648,1.026444892708178,Call,SPXW,SPXW220928C04045000,32.05,0.2267,0.0365977324873474,0.9984981419587812
2022-09-28,15,0.04106776180698152,4050,1.0287775953402578,3940.786328360648,1.0277136750230211,Call,SPXW,SPXW220928C04050000,30.55,0.2262,0.0365977324873474,0.9984981419587812
2022-09-28,15,0.04106776180698152,4055,1.0300476911369743,3940.786328360648,1.0289824573378645,Call,SPXW,SPXW220928C04055000,29.05,0.2256,0.0365977324873474,0.9984981419587812
2022-09-28,15,0.04106776180698152,4060,1.0313177869336907,3940.786328360648,1.0302512396527077,Call,SPXW,SPXW220928C04060000,27.6,0.2247,0.0365977324873474,0.9984981419587812
2022-09-28,15,0.04106776180698152,4065,1.032587882730407,3940.786328360648,1.0315200219675509,Call,SPXW,SPXW220928C04065000,26.200000000000003,0.224,0.0365977324873474,0.9984981419587812
2022-09-28,15,0.04106776180698152,4070,1.0338579785271234,3940.786328360648,1.0327888042823943,Call,SPXW,SPXW220928C04070000,24.85,0.2233,0.0365977324873474,0.9984981419587812
2022-09-28,15,0.04106776180698152,4075,1.0351280743238398,3940.786328360648,1.0340575865972375,Call,SPXW,SPXW220928C04075000,23.6,0.2228,0.0365977324873474,0.9984981419587812
2022-09-28,15,0.04106776180698152,4080,1.036398170120556,3940.786328360648,1.0353263689120806,Call,SPXW,SPXW220928C04080000,22.4,0.2223,0.0365977324873474,0.9984981419587812
2022-09-28,15,0.04106776180698152,4085,1.0376682659172725,3940.786328360648,1.0365951512269238,Call,SPXW,SPXW220928C04085000,21.200000000000003,0.2216,0.0365977324873474,0.9984981419587812
2022-09-28,15,0.04106776180698152,4090,1.038938361713989,3940.786328360648,1.0378639335417672,Call,SPXW,SPXW220928C04090000,20.1,0.2212,0.0365977324873474,0.9984981419587812
2022-09-28,15,0.04106776180698152,4100,1.0414785533074216,3940.786328360648,1.0404014981714536,Call,SPXW,SPXW220928C04100000,17.950000000000003,0.22,0.0365977324873474,0.9984981419587812
2022-09-28,15,0.04106776180698152,4105,1.042748649104138,3940.786328360648,1.0416702804862967,Call,SPXW,SPXW220928C04105000,17.0,0.2196,0.0365977324873474,0.9984981419587812
2022-09-28,15,0.04106776180698152,4110,1.0440187449008542,3940.786328360648,1.0429390628011401,Call,SPXW,SPXW220928C04110000,16.049999999999997,0.2191,0.0365977324873474,0.9984981419587812
2022-09-28,15,0.04106776180698152,4115,1.0452888406975707,3940.786328360648,1.0442078451159833,Call,SPXW,SPXW220928C04115000,15.15,0.2186,0.0365977324873474,0.9984981419587812
2022-09-28,15,0.04106776180698152,4120,1.046558936494287,3940.786328360648,1.0454766274308265,Call,SPXW,SPXW220928C04120000,14.35,0.2185,0.0365977324873474,0.9984981419587812
2022-09-28,15,0.04106776180698152,4125,1.0478290322910033,3940.786328360648,1.0467454097456699,Call,SPXW,SPXW220928C04125000,13.55,0.2182,0.0365977324873474,0.9984981419587812
2022-09-28,15,0.04106776180698152,4130,1.0490991280877198,3940.786328360648,1.048014192060513,Call,SPXW,SPXW220928C04130000,12.75,0.2176,0.0365977324873474,0.9984981419587812
2022-09-28,15,0.04106776180698152,4140,1.0516393196811524,3940.786328360648,1.0505517566901994,Call,SPXW,SPXW220928C04140000,11.399999999999999,0.2174,0.0365977324873474,0.9984981419587812
2022-09-28,15,0.04106776180698152,4150,1.0541795112745853,3940.786328360648,1.053089321319886,Call,SPXW,SPXW220928C04150000,10.100000000000001,0.2168,0.0365977324873474,0.9984981419587812
2022-09-28,15,0.04106776180698152,4160,1.056719702868018,3940.786328360648,1.0556268859495723,Call,SPXW,SPXW220928C04160000,9.0,0.2163,0.0365977324873474,0.9984981419587812
2022-09-28,15,0.04106776180698152,4175,1.060529990258167,3940.786328360648,1.059433232894102,Call,SPXW,SPXW220928C04175000,7.55,0.2166,0.0365977324873474,0.9984981419587812
2022-09-28,15,0.04106776180698152,4180,1.0618000860548835,3940.786328360648,1.0607020152089455,Call,SPXW,SPXW220928C04180000,7.05,0.216,0.0365977324873474,0.9984981419587812
2022-09-28,15,0.04106776180698152,4190,1.0643402776483162,3940.786328360648,1.0632395798386318,Call,SPXW,SPXW220928C04190000,6.25,0.216,0.0365977324873474,0.9984981419587812
2022-09-28,15,0.04106776180698152,4200,1.0668804692417488,3940.786328360648,1.0657771444683184,Call,SPXW,SPXW220928C04200000,5.55,0.2162,0.0365977324873474,0.9984981419587812
2022-09-28,15,0.04106776180698152,4225,1.0732309482253308,3940.786328360648,1.0721210560425345,Call,SPXW,SPXW220928C04225000,4.1,0.2167,0.0365977324873474,0.9984981419587812
2022-09-30,17,0.04654346338124572,3310,0.8408034174262354,3941.3325540727437,0.8398174867481402,Put,SPXW,SPXW220930P03310000,3.05,0.418,0.03661147002828655,0.9982974264110369
2022-09-30,17,0.04654346338124572,3320,0.8433436090196682,3941.3325540727437,0.8423546996990409,Put,SPXW,SPXW220930P03320000,3.15,0.4141,0.03661147002828655,0.9982974264110369
2022-09-30,17,0.04654346338124572,3325,0.8446137048163845,3941.3325540727437,0.8436233061744913,Put,SPXW,SPXW220930P03325000,3.25,0.4131,0.03661147002828655,0.9982974264110369
2022-09-30,17,0.04654346338124572,3340,0.8484239922065336,3941.3325540727437,0.8474291256008424,Put,SPXW,SPXW220930P03340000,3.45,0.4078,0.03661147002828655,0.9982974264110369
2022-09-30,17,0.04654346338124572,3360,0.8535043753933991,3941.3325540727437,0.8525035515026438,Put,SPXW,SPXW220930P03360000,3.75,0.401,0.03661147002828655,0.9982974264110369
2022-09-30,17,0.04654346338124572,3365,0.8547744711901155,3941.3325540727437,0.8537721579780941,Put,SPXW,SPXW220930P03365000,3.85,0.3997,0.03661147002828655,0.9982974264110369
2022-09-30,17,0.04654346338124572,3380,0.8585847585802646,3941.3325540727437,0.8575779774044453,Put,SPXW,SPXW220930P03380000,4.1,0.3946,0.03661147002828655,0.9982974264110369
2022-09-30,17,0.04654346338124572,3385,0.859854854376981,3941.3325540727437,0.8588465838798957,Put,SPXW,SPXW220930P03385000,4.2,0.393,0.03661147002828655,0.9982974264110369
2022-09-30,17,0.04654346338124572,3390,0.8611249501736973,3941.3325540727437,0.860115190355346,Put,SPXW,SPXW220930P03390000,4.3,0.3914,0.03661147002828655,0.9982974264110369
2022-09-30,17,0.04654346338124572,3395,0.8623950459704137,3941.3325540727437,0.8613837968307964,Put,SPXW,SPXW220930P03395000,4.4,0.3899,0.03661147002828655,0.9982974264110369
2022-09-30,17,0.04654346338124572,3400,0.86366514176713,3941.3325540727437,0.8626524033062467,Put,SPXW,SPXW220930P03400000,4.5,0.3882,0.03661147002828655,0.9982974264110369
2022-09-30,17,0.04654346338124572,3405,0.8649352375638464,3941.3325540727437,0.8639210097816971,Put,SPXW,SPXW220930P03405000,4.6,0.3865,0.03661147002828655,0.9982974264110369
2022-09-30,17,0.04654346338124572,3410,0.8662053333605628,3941.3325540727437,0.8651896162571474,Put,SPXW,SPXW220930P03410000,4.7,0.385,0.03661147002828655,0.9982974264110369
2022-09-30,17,0.04654346338124572,3415,0.8674754291572792,3941.3325540727437,0.8664582227325978,Put,SPXW,SPXW220930P03415000,4.8,0.3832,0.03661147002828655,0.9982974264110369
2022-09-30,17,0.04654346338124572,3420,0.8687455249539955,3941.3325540727437,0.8677268292080482,Put,SPXW,SPXW220930P03420000,4.9,0.3814,0.03661147002828655,0.9982974264110369
2022-09-30,17,0.04654346338124572,3425,0.8700156207507119,3941.3325540727437,0.8689954356834986,Put,SPXW,SPXW220930P03425000,5.0,0.3796,0.03661147002828655,0.9982974264110369
2022-09-30,17,0.04654346338124572,3430,0.8712857165474283,3941.3325540727437,0.8702640421589489,Put,SPXW,SPXW220930P03430000,5.1,0.3778,0.03661147002828655,0.9982974264110369
2022-09-30,17,0.04654346338124572,3435,0.8725558123441446,3941.3325540727437,0.8715326486343993,Put,SPXW,SPXW220930P03435000,5.2,0.3759,0.03661147002828655,0.9982974264110369
2022-09-30,17,0.04654346338124572,3440,0.873825908140861,3941.3325540727437,0.8728012551098496,Put,SPXW,SPXW220930P03440000,5.4,0.3754,0.03661147002828655,0.9982974264110369
2022-09-30,17,0.04654346338124572,3445,0.8750960039375774,3941.3325540727437,0.8740698615853,Put,SPXW,SPXW220930P03445000,5.5,0.3734,0.03661147002828655,0.9982974264110369
2022-09-30,17,0.04654346338124572,3450,0.8763660997342937,3941.3325540727437,0.8753384680607503,Put,SPXW,SPXW220930P03450000,5.6,0.3715,0.03661147002828655,0.9982974264110369
2022-09-30,17,0.04654346338124572,3455,0.8776361955310101,3941.3325540727437,0.8766070745362007,Put,SPXW,SPXW220930P03455000,5.75,0.3701,0.03661147002828655,0.9982974264110369
2022-09-30,17,0.04654346338124572,3460,0.8789062913277265,3941.3325540727437,0.877875681011651,Put,SPXW,SPXW220930P03460000,5.9,0.3687,0.03661147002828655,0.9982974264110369
2022-09-30,17,0.04654346338124572,3465,0.8801763871244428,3941.3325540727437,0.8791442874871015,Put,SPXW,SPXW220930P03465000,6.0,0.3666,0.03661147002828655,0.9982974264110369
2022-09-30,17,0.04654346338124572,3470,0.8814464829211592,3941.3325540727437,0.8804128939625518,Put,SPXW,SPXW220930P03470000,6.15,0.3651,0.03661147002828655,0.9982974264110369
2022-09-30,17,0.04654346338124572,3475,0.8827165787178756,3941.3325540727437,0.8816815004380022,Put,SPXW,SPXW220930P03475000,6.3,0.3635,0.03661147002828655,0.9982974264110369
2022-09-30,17,0.04654346338124572,3480,0.8839866745145919,3941.3325540727437,0.8829501069134525,Put,SPXW,SPXW220930P03480000,6.45,0.3619,0.03661147002828655,0.9982974264110369
2022-09-30,17,0.04654346338124572,3485,0.8852567703113083,3941.3325540727437,0.8842187133889029,Put,SPXW,SPXW220930P03485000,6.6,0.3603,0.03661147002828655,0.9982974264110369
2022-09-30,17,0.04654346338124572,3490,0.8865268661080247,3941.3325540727437,0.8854873198643533,Put,SPXW,SPXW220930P03490000,6.8,0.3592,0.03661147002828655,0.9982974264110369
2022-09-30,17,0.04654346338124572,3495,0.887796961904741,3941.3325540727437,0.8867559263398036,Put,SPXW,SPXW220930P03495000,6.95,0.3574,0.03661147002828655,0.9982974264110369
2022-09-30,17,0.04654346338124572,3500,0.8890670577014574,3941.3325540727437,0.888024532815254,Put,SPXW,SPXW220930P03500000,7.1,0.3556,0.03661147002828655,0.9982974264110369
2022-09-30,17,0.04654346338124572,3505,0.8903371534981738,3941.3325540727437,0.8892931392907043,Put,SPXW,SPXW220930P03505000,7.3,0.3543,0.03661147002828655,0.9982974264110369
2022-09-30,17,0.04654346338124572,3510,0.8916072492948901,3941.3325540727437,0.8905617457661547,Put,SPXW,SPXW220930P03510000,7.45,0.3525,0.03661147002828655,0.9982974264110369
2022-09-30,17,0.04654346338124572,3515,0.8928773450916065,3941.3325540727437,0.8918303522416051,Put,SPXW,SPXW220930P03515000,7.65,0.3511,0.03661147002828655,0.9982974264110369
2022-09-30,17,0.04654346338124572,3520,0.8941474408883229,3941.3325540727437,0.8930989587170555,Put,SPXW,SPXW220930P03520000,7.85,0.3496,0.03661147002828655,0.9982974264110369
2022-09-30,17,0.04654346338124572,3525,0.8954175366850392,3941.3325540727437,0.8943675651925058,Put,SPXW,SPXW220930P03525000,8.0,0.3476,0.03661147002828655,0.9982974264110369
2022-09-30,17,0.04654346338124572,3530,0.8966876324817556,3941.3325540727437,0.8956361716679562,Put,SPXW,SPXW220930P03530000,8.25,0.3465,0.03661147002828655,0.9982974264110369
2022-09-30,17,0.04654346338124572,3535,0.897957728278472,3941.3325540727437,0.8969047781434065,Put,SPXW,SPXW220930P03535000,8.45,0.3449,0.03661147002828655,0.9982974264110369
2022-09-30,17,0.04654346338124572,3540,0.8992278240751883,3941.3325540727437,0.8981733846188569,Put,SPXW,SPXW220930P03540000,8.65,0.3433,0.03661147002828655,0.9982974264110369
2022-09-30,17,0.04654346338124572,3545,0.9004979198719048,3941.3325540727437,0.8994419910943072,Put,SPXW,SPXW220930P03545000,8.85,0.3416,0.03661147002828655,0.9982974264110369
2022-09-30,17,0.04654346338124572,3550,0.9017680156686211,3941.3325540727437,0.9007105975697576,Put,SPXW,SPXW220930P03550000,9.100000000000001,0.3403,0.03661147002828655,0.9982974264110369
2022-09-30,17,0.04654346338124572,3555,0.9030381114653374,3941.3325540727437,0.9019792040452079,Put,SPXW,SPXW220930P03555000,9.35,0.3389,0.03661147002828655,0.9982974264110369
2022-09-30,17,0.04654346338124572,3560,0.9043082072620539,3941.3325540727437,0.9032478105206584,Put,SPXW,SPXW220930P03560000,9.55,0.337,0.03661147002828655,0.9982974264110369
2022-09-30,17,0.04654346338124572,3565,0.9055783030587702,3941.3325540727437,0.9045164169961087,Put,SPXW,SPXW220930P03565000,9.85,0.336,0.03661147002828655,0.9982974264110369
2022-09-30,17,0.04654346338124572,3570,0.9068483988554865,3941.3325540727437,0.9057850234715591,Put,SPXW,SPXW220930P03570000,10.15,0.3348,0.03661147002828655,0.9982974264110369
2022-09-30,17,0.04654346338124572,3575,0.908118494652203,3941.3325540727437,0.9070536299470094,Put,SPXW,SPXW220930P03575000,10.3,0.3324,0.03661147002828655,0.9982974264110369
2022-09-30,17,0.04654346338124572,3580,0.9093885904489193,3941.3325540727437,0.9083222364224598,Put,SPXW,SPXW220930P03580000,10.65,0.3315,0.03661147002828655,0.9982974264110369
2022-09-30,17,0.04654346338124572,3585,0.9106586862456356,3941.3325540727437,0.9095908428979101,Put,SPXW,SPXW220930P03585000,10.95,0.3302,0.03661147002828655,0.9982974264110369
2022-09-30,17,0.04654346338124572,3590,0.9119287820423521,3941.3325540727437,0.9108594493733605,Put,SPXW,SPXW220930P03590000,11.25,0.3288,0.03661147002828655,0.9982974264110369
2022-09-30,17,0.04654346338124572,3595,0.9131988778390684,3941.3325540727437,0.9121280558488108,Put,SPXW,SPXW220930P03595000,11.55,0.3273,0.03661147002828655,0.9982974264110369
2022-09-30,17,0.04654346338124572,3600,0.9144689736357847,3941.3325540727437,0.9133966623242612,Put,SPXW,SPXW220930P03600000,11.8,0.3255,0.03661147002828655,0.9982974264110369
2022-09-30,17,0.04654346338124572,3605,0.9157390694325012,3941.3325540727437,0.9146652687997116,Put,SPXW,SPXW220930P03605000,12.15,0.3243,0.03661147002828655,0.9982974264110369
2022-09-30,17,0.04654346338124572,3610,0.9170091652292175,3941.3325540727437,0.915933875275162,Put,SPXW,SPXW220930P03610000,12.45,0.3226,0.03661147002828655,0.9982974264110369
2022-09-30,17,0.04654346338124572,3615,0.9182792610259338,3941.3325540727437,0.9172024817506124,Put,SPXW,SPXW220930P03615000,12.7,0.3213,0.03661147002828655,0.9982974264110369
2022-09-30,17,0.04654346338124572,3620,0.9195493568226503,3941.3325540727437,0.9184710882260627,Put,SPXW,SPXW220930P03620000,13.15,0.3199,0.03661147002828655,0.9982974264110369
2022-09-30,17,0.04654346338124572,3625,0.9208194526193666,3941.3325540727437,0.9197396947015131,Put,SPXW,SPXW220930P03625000,13.5,0.3184,0.03661147002828655,0.9982974264110369
2022-09-30,17,0.04654346338124572,3630,0.9220895484160829,3941.3325540727437,0.9210083011769634,Put,SPXW,SPXW220930P03630000,13.85,0.3168,0.03661147002828655,0.9982974264110369
2022-09-30,17,0.04654346338124572,3635,0.9233596442127994,3941.3325540727437,0.9222769076524138,Put,SPXW,SPXW220930P03635000,14.25,0.3155,0.03661147002828655,0.9982974264110369
2022-09-30,17,0.04654346338124572,3640,0.9246297400095157,3941.3325540727437,0.9235455141278641,Put,SPXW,SPXW220930P03640000,14.65,0.3142,0.03661147002828655,0.9982974264110369
2022-09-30,17,0.04654346338124572,3645,0.925899835806232,3941.3325540727437,0.9248141206033145,Put,SPXW,SPXW220930P03645000,15.05,0.3127,0.03661147002828655,0.9982974264110369
2022-09-30,17,0.04654346338124572,3650,0.9271699316029485,3941.3325540727437,0.9260827270787648,Put,SPXW,SPXW220930P03650000,15.5,0.3115,0.03661147002828655,0.9982974264110369
2022-09-30,17,0.04654346338124572,3655,0.9284400273996648,3941.3325540727437,0.9273513335542152,Put,SPXW,SPXW220930P03655000,15.95,0.3103,0.03661147002828655,0.9982974264110369
2022-09-30,17,0.04654346338124572,3660,0.9297101231963811,3941.3325540727437,0.9286199400296656,Put,SPXW,SPXW220930P03660000,16.4,0.3089,0.03661147002828655,0.9982974264110369
2022-09-30,17,0.04654346338124572,3665,0.9309802189930976,3941.3325540727437,0.929888546505116,Put,SPXW,SPXW220930P03665000,16.9,0.3078,0.03661147002828655,0.9982974264110369
2022-09-30,17,0.04654346338124572,3670,0.9322503147898139,3941.3325540727437,0.9311571529805663,Put,SPXW,SPXW220930P03670000,17.4,0.3065,0.03661147002828655,0.9982974264110369
2022-09-30,17,0.04654346338124572,3675,0.9335204105865302,3941.3325540727437,0.9324257594560167,Put,SPXW,SPXW220930P03675000,17.950000000000003,0.3055,0.03661147002828655,0.9982974264110369
2022-09-30,17,0.04654346338124572,3680,0.9347905063832467,3941.3325540727437,0.933694365931467,Put,SPXW,SPXW220930P03680000,18.450000000000003,0.3041,0.03661147002828655,0.9982974264110369
2022-09-30,17,0.04654346338124572,3685,0.936060602179963,3941.3325540727437,0.9349629724069174,Put,SPXW,SPXW220930P03685000,18.950000000000003,0.3026,0.03661147002828655,0.9982974264110369
2022-09-30,17,0.04654346338124572,3690,0.9373306979766793,3941.3325540727437,0.9362315788823677,Put,SPXW,SPXW220930P03690000,19.549999999999997,0.3016,0.03661147002828655,0.9982974264110369
2022-09-30,17,0.04654346338124572,3695,0.9386007937733958,3941.3325540727437,0.9375001853578181,Put,SPXW,SPXW220930P03695000,20.15,0.3005,0.03661147002828655,0.9982974264110369
2022-09-30,17,0.04654346338124572,3700,0.9398708895701121,3941.3325540727437,0.9387687918332684,Put,SPXW,SPXW220930P03700000,20.75,0.2993,0.03661147002828655,0.9982974264110369
2022-09-30,17,0.04654346338124572,3705,0.9411409853668284,3941.3325540727437,0.9400373983087189,Put,SPXW,SPXW220930P03705000,21.35,0.298,0.03661147002828655,0.9982974264110369
2022-09-30,17,0.04654346338124572,3710,0.9424110811635449,3941.3325540727437,0.9413060047841693,Put,SPXW,SPXW220930P03710000,21.950000000000003,0.2967,0.03661147002828655,0.9982974264110369
2022-09-30,17,0.04654346338124572,3715,0.9436811769602612,3941.3325540727437,0.9425746112596196,Put,SPXW,SPXW220930P03715000,22.65,0.2957,0.03661147002828655,0.9982974264110369
2022-09-30,17,0.04654346338124572,3720,0.9449512727569775,3941.3325540727437,0.94384321773507,Put,SPXW,SPXW220930P03720000,23.299999999999997,0.2944,0.03661147002828655,0.9982974264110369
2022-09-30,17,0.04654346338124572,3725,0.946221368553694,3941.3325540727437,0.9451118242105203,Put,SPXW,SPXW220930P03725000,24.0,0.2933,0.03661147002828655,0.9982974264110369
2022-09-30,17,0.04654346338124572,3730,0.9474914643504103,3941.3325540727437,0.9463804306859707,Put,SPXW,SPXW220930P03730000,24.75,0.2923,0.03661147002828655,0.9982974264110369
2022-09-30,17,0.04654346338124572,3735,0.9487615601471266,3941.3325540727437,0.947649037161421,Put,SPXW,SPXW220930P03735000,25.5,0.2912,0.03661147002828655,0.9982974264110369
2022-09-30,17,0.04654346338124572,3740,0.9500316559438431,3941.3325540727437,0.9489176436368714,Put,SPXW,SPXW220930P03740000,26.299999999999997,0.2902,0.03661147002828655,0.9982974264110369
2022-09-30,17,0.04654346338124572,3745,0.9513017517405594,3941.3325540727437,0.9501862501123217,Put,SPXW,SPXW220930P03745000,27.1,0.2891,0.03661147002828655,0.9982974264110369
2022-09-30,17,0.04654346338124572,3750,0.9525718475372758,3941.3325540727437,0.9514548565877721,Put,SPXW,SPXW220930P03750000,27.9,0.2879,0.03661147002828655,0.9982974264110369
2022-09-30,17,0.04654346338124572,3755,0.9538419433339922,3941.3325540727437,0.9527234630632225,Put,SPXW,SPXW220930P03755000,28.75,0.2868,0.03661147002828655,0.9982974264110369
2022-09-30,17,0.04654346338124572,3760,0.9551120391307085,3941.3325540727437,0.9539920695386729,Put,SPXW,SPXW220930P03760000,29.6,0.2857,0.03661147002828655,0.9982974264110369
2022-09-30,17,0.04654346338124572,3765,0.9563821349274249,3941.3325540727437,0.9552606760141232,Put,SPXW,SPXW220930P03765000,30.55,0.2848,0.03661147002828655,0.9982974264110369
2022-09-30,17,0.04654346338124572,3770,0.9576522307241413,3941.3325540727437,0.9565292824895736,Put,SPXW,SPXW220930P03770000,31.5,0.2838,0.03661147002828655,0.9982974264110369
2022-09-30,17,0.04654346338124572,3775,0.9589223265208576,3941.3325540727437,0.9577978889650239,Put,SPXW,SPXW220930P03775000,32.45,0.2828,0.03661147002828655,0.9982974264110369
2022-09-30,17,0.04654346338124572,3780,0.960192422317574,3941.3325540727437,0.9590664954404743,Put,SPXW,SPXW220930P03780000,33.45,0.2818,0.03661147002828655,0.9982974264110369
2022-09-30,17,0.04654346338124572,3785,0.9614625181142904,3941.3325540727437,0.9603351019159246,Put,SPXW,SPXW220930P03785000,34.45,0.2807,0.03661147002828655,0.9982974264110369
2022-09-30,17,0.04654346338124572,3790,0.9627326139110067,3941.3325540727437,0.961603708391375,Put,SPXW,SPXW220930P03790000,35.5,0.2797,0.03661147002828655,0.9982974264110369
2022-09-30,17,0.04654346338124572,3795,0.9640027097077231,3941.3325540727437,0.9628723148668253,Put,SPXW,SPXW220930P03795000,36.6,0.2788,0.03661147002828655,0.9982974264110369
2022-09-30,17,0.04654346338124572,3800,0.9652728055044395,3941.3325540727437,0.9641409213422758,Put,SPXW,SPXW220930P03800000,37.75,0.278,0.03661147002828655,0.9982974264110369
2022-09-30,17,0.04654346338124572,3805,0.9665429013011558,3941.3325540727437,0.9654095278177262,Put,SPXW,SPXW220930P03805000,38.849999999999994,0.2769,0.03661147002828655,0.9982974264110369
2022-09-30,17,0.04654346338124572,3810,0.9678129970978722,3941.3325540727437,0.9666781342931765,Put,SPXW,SPXW220930P03810000,40.05,0.276,0.03661147002828655,0.9982974264110369
2022-09-30,17,0.04654346338124572,3815,0.9690830928945886,3941.3325540727437,0.9679467407686269,Put,SPXW,SPXW220930P03815000,41.2,0.275,0.03661147002828655,0.9982974264110369
2022-09-30,17,0.04654346338124572,3820,0.9703531886913049,3941.3325540727437,0.9692153472440772,Put,SPXW,SPXW220930P03820000,42.45,0.2739,0.03661147002828655,0.9982974264110369
2022-09-30,17,0.04654346338124572,3825,0.9716232844880213,3941.3325540727437,0.9704839537195276,Put,SPXW,SPXW220930P03825000,43.7,0.2728,0.03661147002828655,0.9982974264110369
2022-09-30,17,0.04654346338124572,3830,0.9728933802847377,3941.3325540727437,0.9717525601949779,Put,SPXW,SPXW220930P03830000,45.0,0.2719,0.03661147002828655,0.9982974264110369
2022-09-30,17,0.04654346338124572,3835,0.974163476081454,3941.3325540727437,0.9730211666704283,Put,SPXW,SPXW220930P03835000,46.349999999999994,0.2709,0.03661147002828655,0.9982974264110369
2022-09-30,17,0.04654346338124572,3840,0.9754335718781704,3941.3325540727437,0.9742897731458786,Put,SPXW,SPXW220930P03840000,47.75,0.2701,0.03661147002828655,0.9982974264110369
2022-09-30,17,0.04654346338124572,3845,0.9767036676748868,3941.3325540727437,0.975558379621329,Put,SPXW,SPXW220930P03845000,49.1,0.2689,0.03661147002828655,0.9982974264110369
2022-09-30,17,0.04654346338124572,3850,0.9779737634716031,3941.3325540727437,0.9768269860967794,Put,SPXW,SPXW220930P03850000,50.5,0.268,0.03661147002828655,0.9982974264110369
2022-09-30,17,0.04654346338124572,3855,0.9792438592683195,3941.3325540727437,0.9780955925722298,Put,SPXW,SPXW220930P03855000,52.0,0.2669,0.03661147002828655,0.9982974264110369
2022-09-30,17,0.04654346338124572,3860,0.9805139550650359,3941.3325540727437,0.9793641990476801,Put,SPXW,SPXW220930P03860000,53.5,0.2659,0.03661147002828655,0.9982974264110369
2022-09-30,17,0.04654346338124572,3865,0.9817840508617522,3941.3325540727437,0.9806328055231305,Put,SPXW,SPXW220930P03865000,55.05,0.2649,0.03661147002828655,0.9982974264110369
2022-09-30,17,0.04654346338124572,3870,0.9830541466584686,3941.3325540727437,0.9819014119985808,Put,SPXW,SPXW220930P03870000,56.6,0.2638,0.03661147002828655,0.9982974264110369
2022-09-30,17,0.04654346338124572,3875,0.984324242455185,3941.3325540727437,0.9831700184740312,Put,SPXW,SPXW220930P03875000,58.25,0.2629,0.03661147002828655,0.9982974264110369
2022-09-30,17,0.04654346338124572,3880,0.9855943382519013,3941.3325540727437,0.9844386249494815,Put,SPXW,SPXW220930P03880000,59.849999999999994,0.2618,0.03661147002828655,0.9982974264110369
2022-09-30,17,0.04654346338124572,3885,0.9868644340486177,3941.3325540727437,0.9857072314249319,Put,SPXW,SPXW220930P03885000,61.55,0.2608,0.03661147002828655,0.9982974264110369
2022-09-30,17,0.04654346338124572,3890,0.9881345298453341,3941.3325540727437,0.9869758379003822,Put,SPXW,SPXW220930P03890000,63.3,0.2598,0.03661147002828655,0.9982974264110369
2022-09-30,17,0.04654346338124572,3895,0.9894046256420505,3941.3325540727437,0.9882444443758327,Put,SPXW,SPXW220930P03895000,65.05,0.2587,0.03661147002828655,0.9982974264110369
2022-09-30,17,0.04654346338124572,3900,0.9906747214387668,3941.3325540727437,0.989513050851283,Put,SPXW,SPXW220930P03900000,66.9,0.2578,0.03661147002828655,0.9982974264110369
2022-09-30,17,0.04654346338124572,3905,0.9919448172354832,3941.3325540727437,0.9907816573267334,Put,SPXW,SPXW220930P03905000,68.7,0.2566,0.03661147002828655,0.9982974264110369
2022-09-30,17,0.04654346338124572,3910,0.9932149130321996,3941.3325540727437,0.9920502638021838,Put,SPXW,SPXW220930P03910000,70.6,0.2556,0.03661147002828655,0.9982974264110369
2022-09-30,17,0.04654346338124572,3915,0.9944850088289159,3941.3325540727437,0.9933188702776341,Put,SPXW,SPXW220930P03915000,72.5,0.2544,0.03661147002828655,0.9982974264110369
2022-09-30,17,0.04654346338124572,3920,0.9957551046256323,3941.3325540727437,0.9945874767530845,Put,SPXW,SPXW220930P03920000,74.5,0.2535,0.03661147002828655,0.9982974264110369
2022-09-30,17,0.04654346338124572,3925,0.9970252004223487,3941.3325540727437,0.9958560832285348,Put,SPXW,SPXW220930P03925000,76.55,0.2525,0.03661147002828655,0.9982974264110369
2022-09-30,17,0.04654346338124572,3930,0.998295296219065,3941.3325540727437,0.9971246897039852,Put,SPXW,SPXW220930P03930000,78.65,0.2516,0.03661147002828655,0.9982974264110369
2022-09-30,17,0.04654346338124572,3935,0.9995653920157814,3941.3325540727437,0.9983932961794355,Put,SPXW,SPXW220930P03935000,80.75,0.2505,0.03661147002828655,0.9982974264110369
2022-09-30,17,0.04654346338124572,3940,1.0008354878124979,3941.3325540727437,0.9996619026548859,Put,SPXW,SPXW220930P03940000,82.9,0.2494,0.03661147002828655,0.9982974264110369
2022-09-30,17,0.04654346338124572,3945,1.002105583609214,3941.3325540727437,1.0009305091303362,Call,SPXW,SPXW220930C03945000,81.6,0.248,0.03661147002828655,0.9982974264110369
2022-09-30,17,0.04654346338124572,3950,1.0033756794059305,3941.3325540727437,1.0021991156057866,Call,SPXW,SPXW220930C03950000,78.75,0.2466,0.03661147002828655,0.9982974264110369
2022-09-30,17,0.04654346338124572,3955,1.004645775202647,3941.3325540727437,1.003467722081237,Call,SPXW,SPXW220930C03955000,76.2,0.246,0.03661147002828655,0.9982974264110369
2022-09-30,17,0.04654346338124572,3960,1.0059158709993632,3941.3325540727437,1.0047363285566873,Call,SPXW,SPXW220930C03960000,73.55,0.2449,0.03661147002828655,0.9982974264110369
2022-09-30,17,0.04654346338124572,3965,1.0071859667960796,3941.3325540727437,1.0060049350321376,Call,SPXW,SPXW220930C03965000,70.9,0.2437,0.03661147002828655,0.9982974264110369
2022-09-30,17,0.04654346338124572,3970,1.008456062592796,3941.3325540727437,1.0072735415075882,Call,SPXW,SPXW220930C03970000,68.4,0.2428,0.03661147002828655,0.9982974264110369
2022-09-30,17,0.04654346338124572,3975,1.0097261583895123,3941.3325540727437,1.0085421479830385,Call,SPXW,SPXW220930C03975000,65.85,0.2416,0.03661147002828655,0.9982974264110369
2022-09-30,17,0.04654346338124572,3980,1.0109962541862287,3941.3325540727437,1.009810754458489,Call,SPXW,SPXW220930C03980000,63.4,0.2406,0.03661147002828655,0.9982974264110369
2022-09-30,17,0.04654346338124572,3985,1.0122663499829452,3941.3325540727437,1.0110793609339392,Call,SPXW,SPXW220930C03985000,61.05,0.2396,0.03661147002828655,0.9982974264110369
2022-09-30,17,0.04654346338124572,3990,1.0135364457796614,3941.3325540727437,1.0123479674093896,Call,SPXW,SPXW220930C03990000,58.7,0.2386,0.03661147002828655,0.9982974264110369
2022-09-30,17,0.04654346338124572,3995,1.0148065415763778,3941.3325540727437,1.01361657388484,Call,SPXW,SPXW220930C03995000,56.45,0.2376,0.03661147002828655,0.9982974264110369
2022-09-30,17,0.04654346338124572,4000,1.0160766373730943,3941.3325540727437,1.0148851803602903,Call,SPXW,SPXW220930C04000000,54.2,0.2366,0.03661147002828655,0.9982974264110369
2022-09-30,17,0.04654346338124572,4005,1.0173467331698105,3941.3325540727437,1.0161537868357406,Call,SPXW,SPXW220930C04005000,52.05,0.2357,0.03661147002828655,0.9982974264110369
2022-09-30,17,0.04654346338124572,4010,1.018616828966527,3941.3325540727437,1.017422393311191,Call,SPXW,SPXW220930C04010000,49.95,0.2347,0.03661147002828655,0.9982974264110369
2022-09-30,17,0.04654346338124572,4015,1.0198869247632434,3941.3325540727437,1.0186909997866413,Call,SPXW,SPXW220930C04015000,47.9,0.2338,0.03661147002828655,0.9982974264110369
2022-09-30,17,0.04654346338124572,4020,1.0211570205599596,3941.3325540727437,1.0199596062620917,Call,SPXW,SPXW220930C04020000,45.95,0.233,0.03661147002828655,0.9982974264110369
2022-09-30,17,0.04654346338124572,4025,1.022427116356676,3941.3325540727437,1.021228212737542,Call,SPXW,SPXW220930C04025000,44.0,0.2321,0.03661147002828655,0.9982974264110369
2022-09-30,17,0.04654346338124572,4030,1.0236972121533925,3941.3325540727437,1.0224968192129924,Call,SPXW,SPXW220930C04030000,42.150000000000006,0.2313,0.03661147002828655,0.9982974264110369
2022-09-30,17,0.04654346338124572,4035,1.0249673079501087,3941.3325540727437,1.0237654256884428,Call,SPXW,SPXW220930C04035000,40.25,0.2302,0.03661147002828655,0.9982974264110369
2022-09-30,17,0.04654346338124572,4040,1.0262374037468251,3941.3325540727437,1.025034032163893,Call,SPXW,SPXW220930C04040000,38.55,0.2296,0.03661147002828655,0.9982974264110369
2022-09-30,17,0.04654346338124572,4045,1.0275074995435416,3941.3325540727437,1.0263026386393435,Call,SPXW,SPXW220930C04045000,36.849999999999994,0.2289,0.03661147002828655,0.9982974264110369
2022-09-30,17,0.04654346338124572,4050,1.0287775953402578,3941.3325540727437,1.0275712451147938,Call,SPXW,SPXW220930C04050000,35.150000000000006,0.2279,0.03661147002828655,0.9982974264110369
2022-09-30,17,0.04654346338124572,4055,1.0300476911369743,3941.3325540727437,1.0288398515902442,Call,SPXW,SPXW220930C04055000,33.55,0.2272,0.03661147002828655,0.9982974264110369
2022-09-30,17,0.04654346338124572,4060,1.0313177869336907,3941.3325540727437,1.0301084580656945,Call,SPXW,SPXW220930C04060000,32.0,0.2264,0.03661147002828655,0.9982974264110369
2022-09-30,17,0.04654346338124572,4065,1.032587882730407,3941.3325540727437,1.031377064541145,Call,SPXW,SPXW220930C04065000,30.55,0.2258,0.03661147002828655,0.9982974264110369
2022-09-30,17,0.04654346338124572,4070,1.0338579785271234,3941.3325540727437,1.0326456710165954,Call,SPXW,SPXW220930C04070000,29.1,0.2251,0.03661147002828655,0.9982974264110369
2022-09-30,17,0.04654346338124572,4075,1.0351280743238398,3941.3325540727437,1.0339142774920458,Call,SPXW,SPXW220930C04075000,27.700000000000003,0.2246,0.03661147002828655,0.9982974264110369
2022-09-30,17,0.04654346338124572,4080,1.036398170120556,3941.3325540727437,1.0351828839674961,Call,SPXW,SPXW220930C04080000,26.4,0.2238,0.03661147002828655,0.9982974264110369
2022-09-30,17,0.04654346338124572,4085,1.0376682659172725,3941.3325540727437,1.0364514904429465,Call,SPXW,SPXW220930C04085000,25.1,0.2234,0.03661147002828655,0.9982974264110369
2022-09-30,17,0.04654346338124572,4090,1.038938361713989,3941.3325540727437,1.0377200969183968,Call,SPXW,SPXW220930C04090000,23.9,0.2227,0.03661147002828655,0.9982974264110369
2022-09-30,17,0.04654346338124572,4095,1.0402084575107051,3941.3325540727437,1.0389887033938472,Call,SPXW,SPXW220930C04095000,22.700000000000003,0.222,0.03661147002828655,0.9982974264110369
2022-09-30,17,0.04654346338124572,4100,1.0414785533074216,3941.3325540727437,1.0402573098692975,Call,SPXW,SPXW220930C04100000,21.6,0.2216,0.03661147002828655,0.9982974264110369
2022-09-30,17,0.04654346338124572,4105,1.042748649104138,3941.3325540727437,1.041525916344748,Call,SPXW,SPXW220930C04105000,20.5,0.221,0.03661147002828655,0.9982974264110369
2022-09-30,17,0.04654346338124572,4110,1.0440187449008542,3941.3325540727437,1.0427945228201982,Call,SPXW,SPXW220930C04110000,19.450000000000003,0.2205,0.03661147002828655,0.9982974264110369
2022-09-30,17,0.04654346338124572,4115,1.0452888406975707,3941.3325540727437,1.0440631292956486,Call,SPXW,SPXW220930C04115000,18.450000000000003,0.22,0.03661147002828655,0.9982974264110369
2022-09-30,17,0.04654346338124572,4120,1.046558936494287,3941.3325540727437,1.045331735771099,Call,SPXW,SPXW220930C04120000,17.549999999999997,0.2198,0.03661147002828655,0.9982974264110369
2022-09-30,17,0.04654346338124572,4125,1.0478290322910033,3941.3325540727437,1.0466003422465493,Call,SPXW,SPXW220930C04125000,16.65,0.2194,0.03661147002828655,0.9982974264110369
2022-09-30,17,0.04654346338124572,4130,1.0490991280877198,3941.3325540727437,1.0478689487219996,Call,SPXW,SPXW220930C04130000,15.75,0.2189,0.03661147002828655,0.9982974264110369
2022-09-30,17,0.04654346338124572,4135,1.0503692238844362,3941.3325540727437,1.04913755519745,Call,SPXW,SPXW220930C04135000,14.95,0.2186,0.03661147002828655,0.9982974264110369
2022-09-30,17,0.04654346338124572,4140,1.0516393196811524,3941.3325540727437,1.0504061616729004,Call,SPXW,SPXW220930C04140000,14.15,0.2182,0.03661147002828655,0.9982974264110369
2022-09-30,17,0.04654346338124572,4145,1.0529094154778689,3941.3325540727437,1.0516747681483507,Call,SPXW,SPXW220930C04145000,13.45,0.2182,0.03661147002828655,0.9982974264110369
2022-09-30,17,0.04654346338124572,4150,1.0541795112745853,3941.3325540727437,1.052943374623801,Call,SPXW,SPXW220930C04150000,12.7,0.2177,0.03661147002828655,0.9982974264110369
2022-09-30,17,0.04654346338124572,4155,1.0554496070713015,3941.3325540727437,1.0542119810992514,Call,SPXW,SPXW220930C04155000,12.05,0.2176,0.03661147002828655,0.9982974264110369
2022-09-30,17,0.04654346338124572,4160,1.056719702868018,3941.3325540727437,1.055480587574702,Call,SPXW,SPXW220930C04160000,11.399999999999999,0.2174,0.03661147002828655,0.9982974264110369
2022-09-30,17,0.04654346338124572,4165,1.0579897986647344,3941.3325540727437,1.0567491940501523,Call,SPXW,SPXW220930C04165000,10.8,0.2172,0.03661147002828655,0.9982974264110369
2022-09-30,17,0.04654346338124572,4170,1.0592598944614506,3941.3325540727437,1.0580178005256027,Call,SPXW,SPXW220930C04170000,10.25,0.2173,0.03661147002828655,0.9982974264110369
2022-09-30,17,0.04654346338124572,4175,1.060529990258167,3941.3325540727437,1.059286407001053,Call,SPXW,SPXW220930C04175000,9.65,0.2168,0.03661147002828655,0.9982974264110369
2022-09-30,17,0.04654346338124572,4180,1.0618000860548835,3941.3325540727437,1.0605550134765034,Call,SPXW,SPXW220930C04180000,9.15,0.2169,0.03661147002828655,0.9982974264110369
2022-09-30,17,0.04654346338124572,4185,1.0630701818515997,3941.3325540727437,1.0618236199519537,Call,SPXW,SPXW220930C04185000,8.65,0.2167,0.03661147002828655,0.9982974264110369
2022-09-30,17,0.04654346338124572,4190,1.0643402776483162,3941.3325540727437,1.063092226427404,Call,SPXW,SPXW220930C04190000,8.25,0.2171,0.03661147002828655,0.9982974264110369
2022-09-30,17,0.04654346338124572,4195,1.0656103734450326,3941.3325540727437,1.0643608329028544,Call,SPXW,SPXW220930C04195000,7.75,0.2167,0.03661147002828655,0.9982974264110369
2022-09-30,17,0.04654346338124572,4200,1.0668804692417488,3941.3325540727437,1.0656294393783048,Call,SPXW,SPXW220930C04200000,7.35,0.2168,0.03661147002828655,0.9982974264110369
2022-09-30,17,0.04654346338124572,4205,1.0681505650384653,3941.3325540727437,1.0668980458537551,Call,SPXW,SPXW220930C04205000,6.95,0.2168,0.03661147002828655,0.9982974264110369
2022-09-30,17,0.04654346338124572,4210,1.0694206608351817,3941.3325540727437,1.0681666523292055,Call,SPXW,SPXW220930C04210000,6.6,0.2171,0.03661147002828655,0.9982974264110369
2022-09-30,17,0.04654346338124572,4215,1.070690756631898,3941.3325540727437,1.0694352588046558,Call,SPXW,SPXW220930C04215000,6.25,0.2172,0.03661147002828655,0.9982974264110369
2022-09-30,17,0.04654346338124572,4220,1.0719608524286144,3941.3325540727437,1.0707038652801062,Call,SPXW,SPXW220930C04220000,5.9,0.2172,0.03661147002828655,0.9982974264110369
2022-09-30,17,0.04654346338124572,4225,1.0732309482253308,3941.3325540727437,1.0719724717555565,Call,SPXW,SPXW220930C04225000,5.6,0.2174,0.03661147002828655,0.9982974264110369
2022-09-30,17,0.04654346338124572,4230,1.074501044022047,3941.3325540727437,1.073241078231007,Call,SPXW,SPXW220930C04230000,5.3,0.2176,0.03661147002828655,0.9982974264110369
2022-09-30,17,0.04654346338124572,4235,1.0757711398187635,3941.3325540727437,1.0745096847064572,Call,SPXW,SPXW220930C04235000,5.0,0.2176,0.03661147002828655,0.9982974264110369
2022-09-30,17,0.04654346338124572,4245,1.0783113314121962,3941.3325540727437,1.077046897657358,Call,SPXW,SPXW220930C04245000,4.5,0.2181,0.03661147002828655,0.9982974264110369
2022-09-30,17,0.04654346338124572,4275,1.0859319061924944,3941.3325540727437,1.0846585365100603,Call,SPXW,SPXW220930C04275000,3.25,0.2197,0.03661147002828655,0.9982974264110369
2022-10-03,20,0.05475701574264202,3350,0.8509641837999664,3942.153112878259,0.8497894181370561,Put,SPXW,SPXW221003P03350000,4.1,0.3811,0.036631920002409724,0.997996155761721
2022-10-03,20,0.05475701574264202,3400,0.86366514176713,3942.153112878259,0.8624728422883554,Put,SPXW,SPXW221003P03400000,5.1,0.3661,0.036631920002409724,0.997996155761721
2022-10-03,20,0.05475701574264202,3450,0.8763660997342937,3942.153112878259,0.8751562664396547,Put,SPXW,SPXW221003P03450000,6.35,0.351,0.036631920002409724,0.997996155761721
2022-10-03,20,0.05475701574264202,3500,0.8890670577014574,3942.153112878259,0.8878396905909541,Put,SPXW,SPXW221003P03500000,7.949999999999999,0.3359,0.036631920002409724,0.997996155761721
2022-10-03,20,0.05475701574264202,3550,0.9017680156686211,3942.153112878259,0.9005231147422534,Put,SPXW,SPXW221003P03550000,10.15,0.3219,0.036631920002409724,0.997996155761721
2022-10-03,20,0.05475701574264202,3600,0.9144689736357847,3942.153112878259,0.9132065388935527,Put,SPXW,SPXW221003P03600000,13.100000000000001,0.3085,0.036631920002409724,0.997996155761721
2022-10-03,20,0.05475701574264202,3650,0.9271699316029485,3942.153112878259,0.9258899630448522,Put,SPXW,SPXW221003P03650000,17.049999999999997,0.2956,0.036631920002409724,0.997996155761721
2022-10-03,20,0.05475701574264202,3675,0.9335204105865302,3942.153112878259,0.9322316751205018,Put,SPXW,SPXW221003P03675000,19.65,0.2901,0.036631920002409724,0.997996155761721
2022-10-03,20,0.05475701574264202,3700,0.9398708895701121,3942.153112878259,0.9385733871961515,Put,SPXW,SPXW221003P03700000,22.6,0.2844,0.036631920002409724,0.997996155761721
2022-10-03,20,0.05475701574264202,3725,0.946221368553694,3942.153112878259,0.9449150992718012,Put,SPXW,SPXW221003P03725000,26.1,0.2792,0.036631920002409724,0.997996155761721
2022-10-03,20,0.05475701574264202,3750,0.9525718475372758,3942.153112878259,0.9512568113474508,Put,SPXW,SPXW221003P03750000,30.1,0.274,0.036631920002409724,0.997996155761721
2022-10-03,20,0.05475701574264202,3760,0.9551120391307085,3942.153112878259,0.9537934961777107,Put,SPXW,SPXW221003P03760000,31.9,0.2721,0.036631920002409724,0.997996155761721
2022-10-03,20,0.05475701574264202,3770,0.9576522307241413,3942.153112878259,0.9563301810079705,Put,SPXW,SPXW221003P03770000,33.849999999999994,0.2704,0.036631920002409724,0.997996155761721
2022-10-03,20,0.05475701574264202,3775,0.9589223265208576,3942.153112878259,0.9575985234231005,Put,SPXW,SPXW221003P03775000,34.849999999999994,0.2695,0.036631920002409724,0.997996155761721
2022-10-03,20,0.05475701574264202,3780,0.960192422317574,3942.153112878259,0.9588668658382304,Put,SPXW,SPXW221003P03780000,35.849999999999994,0.2684,0.036631920002409724,0.997996155761721
2022-10-03,20,0.05475701574264202,3790,0.9627326139110067,3942.153112878259,0.9614035506684903,Put,SPXW,SPXW221003P03790000,37.95,0.2665,0.036631920002409724,0.997996155761721
2022-10-03,20,0.05475701574264202,3800,0.9652728055044395,3942.153112878259,0.9639402354987502,Put,SPXW,SPXW221003P03800000,40.25,0.2648,0.036631920002409724,0.997996155761721
2022-10-03,20,0.05475701574264202,3810,0.9678129970978722,3942.153112878259,0.96647692032901,Put,SPXW,SPXW221003P03810000,42.6,0.263,0.036631920002409724,0.997996155761721
2022-10-03,20,0.05475701574264202,3820,0.9703531886913049,3942.153112878259,0.9690136051592699,Put,SPXW,SPXW221003P03820000,45.1,0.2612,0.036631920002409724,0.997996155761721
2022-10-03,20,0.05475701574264202,3825,0.9716232844880213,3942.153112878259,0.9702819475743998,Put,SPXW,SPXW221003P03825000,46.4,0.2603,0.036631920002409724,0.997996155761721
2022-10-03,20,0.05475701574264202,3830,0.9728933802847377,3942.153112878259,0.9715502899895297,Put,SPXW,SPXW221003P03830000,47.7,0.2593,0.036631920002409724,0.997996155761721
2022-10-03,20,0.05475701574264202,3840,0.9754335718781704,3942.153112878259,0.9740869748197897,Put,SPXW,SPXW221003P03840000,50.45,0.2575,0.036631920002409724,0.997996155761721
2022-10-03,20,0.05475701574264202,3845,0.9767036676748868,3942.153112878259,0.9753553172349195,Put,SPXW,SPXW221003P03845000,51.9,0.2567,0.036631920002409724,0.997996155761721
2022-10-03,20,0.05475701574264202,3850,0.9779737634716031,3942.153112878259,0.9766236596500495,Put,SPXW,SPXW221003P03850000,53.3,0.2554,0.036631920002409724,0.997996155761721
2022-10-03,20,0.05475701574264202,3855,0.9792438592683195,3942.153112878259,0.9778920020651795,Put,SPXW,SPXW221003P03855000,54.8,0.2547,0.036631920002409724,0.997996155761721
2022-10-03,20,0.05475701574264202,3860,0.9805139550650359,3942.153112878259,0.9791603444803094,Put,SPXW,SPXW221003P03860000,56.3,0.2537,0.036631920002409724,0.997996155761721
2022-10-03,20,0.05475701574264202,3865,0.9817840508617522,3942.153112878259,0.9804286868954393,Put,SPXW,SPXW221003P03865000,57.849999999999994,0.2528,0.036631920002409724,0.997996155761721
2022-10-03,20,0.05475701574264202,3870,0.9830541466584686,3942.153112878259,0.9816970293105692,Put,SPXW,SPXW221003P03870000,59.45,0.2518,0.036631920002409724,0.997996155761721
2022-10-03,20,0.05475701574264202,3875,0.984324242455185,3942.153112878259,0.9829653717256992,Put,SPXW,SPXW221003P03875000,61.1,0.251,0.036631920002409724,0.997996155761721
2022-10-03,20,0.05475701574264202,3880,0.9855943382519013,3942.153112878259,0.9842337141408292,Put,SPXW,SPXW221003P03880000,62.75,0.25,0.036631920002409724,0.997996155761721
2022-10-03,20,0.05475701574264202,3885,0.9868644340486177,3942.153112878259,0.985502056555959,Put,SPXW,SPXW221003P03885000,64.35,0.2487,0.036631920002409724,0.997996155761721
2022-10-03,20,0.05475701574264202,3890,0.9881345298453341,3942.153112878259,0.986770398971089,Put,SPXW,SPXW221003P03890000,66.2,0.2481,0.036631920002409724,0.997996155761721
2022-10-03,20,0.05475701574264202,3895,0.9894046256420505,3942.153112878259,0.9880387413862189,Put,SPXW,SPXW221003P03895000,67.9,0.2469,0.036631920002409724,0.997996155761721
2022-10-03,20,0.05475701574264202,3900,0.9906747214387668,3942.153112878259,0.9893070838013489,Put,SPXW,SPXW221003P03900000,69.75,0.2461,0.036631920002409724,0.997996155761721
2022-10-03,20,0.05475701574264202,3905,0.9919448172354832,3942.153112878259,0.9905754262164788,Put,SPXW,SPXW221003P03905000,71.65,0.2452,0.036631920002409724,0.997996155761721
2022-10-03,20,0.05475701574264202,3910,0.9932149130321996,3942.153112878259,0.9918437686316087,Put,SPXW,SPXW221003P03910000,73.55,0.2442,0.036631920002409724,0.997996155761721
2022-10-03,20,0.05475701574264202,3915,0.9944850088289159,3942.153112878259,0.9931121110467387,Put,SPXW,SPXW221003P03915000,75.45,0.2432,0.036631920002409724,0.997996155761721
2022-10-03,20,0.05475701574264202,3920,0.9957551046256323,3942.153112878259,0.9943804534618685,Put,SPXW,SPXW221003P03920000,77.45,0.2423,0.036631920002409724,0.997996155761721
2022-10-03,20,0.05475701574264202,3925,0.9970252004223487,3942.153112878259,0.9956487958769985,Put,SPXW,SPXW221003P03925000,79.45,0.2412,0.036631920002409724,0.997996155761721
2022-10-03,20,0.05475701574264202,3930,0.998295296219065,3942.153112878259,0.9969171382921285,Put,SPXW,SPXW221003P03930000,81.5,0.2402,0.036631920002409724,0.997996155761721
2022-10-03,20,0.05475701574264202,3935,0.9995653920157814,3942.153112878259,0.9981854807072584,Put,SPXW,SPXW221003P03935000,83.65,0.2394,0.036631920002409724,0.997996155761721
2022-10-03,20,0.05475701574264202,3940,1.0008354878124979,3942.153112878259,0.9994538231223883,Put,SPXW,SPXW221003P03940000,85.85,0.2385,0.036631920002409724,0.997996155761721
2022-10-03,20,0.05475701574264202,3950,1.0033756794059305,3942.153112878259,1.001990507952648,Call,SPXW,SPXW221003C03950000,82.05,0.2354,0.036631920002409724,0.997996155761721
2022-10-03,20,0.05475701574264202,3960,1.0059158709993632,3942.153112878259,1.004527192782908,Call,SPXW,SPXW221003C03960000,76.75,0.2336,0.036631920002409724,0.997996155761721
2022-10-03,20,0.05475701574264202,3965,1.0071859667960796,3942.153112878259,1.005795535198038,Call,SPXW,SPXW221003C03965000,74.2,0.2328,0.036631920002409724,0.997996155761721
2022-10-03,20,0.05475701574264202,3970,1.008456062592796,3942.153112878259,1.007063877613168,Call,SPXW,SPXW221003C03970000,71.6,0.2318,0.036631920002409724,0.997996155761721
2022-10-03,20,0.05475701574264202,3975,1.0097261583895123,3942.153112878259,1.0083322200282978,Call,SPXW,SPXW221003C03975000,69.05,0.2307,0.036631920002409724,0.997996155761721
2022-10-03,20,0.05475701574264202,3980,1.0109962541862287,3942.153112878259,1.0096005624434279,Call,SPXW,SPXW221003C03980000,66.6,0.2297,0.036631920002409724,0.997996155761721
2022-10-03,20,0.05475701574264202,3990,1.0135364457796614,3942.153112878259,1.0121372472736876,Call,SPXW,SPXW221003C03990000,61.849999999999994,0.2279,0.036631920002409724,0.997996155761721
2022-10-03,20,0.05475701574264202,3995,1.0148065415763778,3942.153112878259,1.0134055896888177,Call,SPXW,SPXW221003C03995000,59.55,0.227,0.036631920002409724,0.997996155761721
2022-10-03,20,0.05475701574264202,4000,1.0160766373730943,3942.153112878259,1.0146739321039475,Call,SPXW,SPXW221003C04000000,57.3,0.226,0.036631920002409724,0.997996155761721
2022-10-03,20,0.05475701574264202,4005,1.0173467331698105,3942.153112878259,1.0159422745190774,Call,SPXW,SPXW221003C04005000,55.150000000000006,0.2252,0.036631920002409724,0.997996155761721
2022-10-03,20,0.05475701574264202,4010,1.018616828966527,3942.153112878259,1.0172106169342074,Call,SPXW,SPXW221003C04010000,53.0,0.2243,0.036631920002409724,0.997996155761721
2022-10-03,20,0.05475701574264202,4015,1.0198869247632434,3942.153112878259,1.0184789593493373,Call,SPXW,SPXW221003C04015000,50.9,0.2234,0.036631920002409724,0.997996155761721
2022-10-03,20,0.05475701574264202,4020,1.0211570205599596,3942.153112878259,1.0197473017644674,Call,SPXW,SPXW221003C04020000,48.8,0.2224,0.036631920002409724,0.997996155761721
2022-10-03,20,0.05475701574264202,4025,1.022427116356676,3942.153112878259,1.0210156441795972,Call,SPXW,SPXW221003C04025000,46.9,0.2217,0.036631920002409724,0.997996155761721
2022-10-03,20,0.05475701574264202,4030,1.0236972121533925,3942.153112878259,1.022283986594727,Call,SPXW,SPXW221003C04030000,44.95,0.2208,0.036631920002409724,0.997996155761721
2022-10-03,20,0.05475701574264202,4040,1.0262374037468251,3942.153112878259,1.024820671424987,Call,SPXW,SPXW221003C04040000,41.25,0.2192,0.036631920002409724,0.997996155761721
2022-10-03,20,0.05475701574264202,4045,1.0275074995435416,3942.153112878259,1.0260890138401169,Call,SPXW,SPXW221003C04045000,39.5,0.2184,0.036631920002409724,0.997996155761721
2022-10-03,20,0.05475701574264202,4050,1.0287775953402578,3942.153112878259,1.027357356255247,Call,SPXW,SPXW221003C04050000,37.8,0.2177,0.036631920002409724,0.997996155761721
2022-10-03,20,0.05475701574264202,4055,1.0300476911369743,3942.153112878259,1.0286256986703768,Call,SPXW,SPXW221003C04055000,36.150000000000006,0.217,0.036631920002409724,0.997996155761721
2022-10-03,20,0.05475701574264202,4060,1.0313177869336907,3942.153112878259,1.0298940410855069,Call,SPXW,SPXW221003C04060000,34.55,0.2162,0.036631920002409724,0.997996155761721
2022-10-03,20,0.05475701574264202,4065,1.032587882730407,3942.153112878259,1.0311623835006367,Call,SPXW,SPXW221003C04065000,32.95,0.2153,0.036631920002409724,0.997996155761721
2022-10-03,20,0.05475701574264202,4070,1.0338579785271234,3942.153112878259,1.0324307259157666,Call,SPXW,SPXW221003C04070000,31.5,0.2148,0.036631920002409724,0.997996155761721
2022-10-03,20,0.05475701574264202,4075,1.0351280743238398,3942.153112878259,1.0336990683308966,Call,SPXW,SPXW221003C04075000,30.05,0.2141,0.036631920002409724,0.997996155761721
2022-10-03,20,0.05475701574264202,4080,1.036398170120556,3942.153112878259,1.0349674107460265,Call,SPXW,SPXW221003C04080000,28.65,0.2134,0.036631920002409724,0.997996155761721
2022-10-03,20,0.05475701574264202,4085,1.0376682659172725,3942.153112878259,1.0362357531611563,Call,SPXW,SPXW221003C04085000,27.35,0.213,0.036631920002409724,0.997996155761721
2022-10-03,20,0.05475701574264202,4090,1.038938361713989,3942.153112878259,1.0375040955762864,Call,SPXW,SPXW221003C04090000,26.05,0.2123,0.036631920002409724,0.997996155761721
2022-10-03,20,0.05475701574264202,4095,1.0402084575107051,3942.153112878259,1.0387724379914163,Call,SPXW,SPXW221003C04095000,24.799999999999997,0.2117,0.036631920002409724,0.997996155761721
2022-10-03,20,0.05475701574264202,4100,1.0414785533074216,3942.153112878259,1.0400407804065461,Call,SPXW,SPXW221003C04100000,23.6,0.2111,0.036631920002409724,0.997996155761721
2022-10-03,20,0.05475701574264202,4105,1.042748649104138,3942.153112878259,1.0413091228216762,Call,SPXW,SPXW221003C04105000,22.5,0.2108,0.036631920002409724,0.997996155761721
2022-10-03,20,0.05475701574264202,4110,1.0440187449008542,3942.153112878259,1.042577465236806,Call,SPXW,SPXW221003C04110000,21.4,0.2103,0.036631920002409724,0.997996155761721
2022-10-03,20,0.05475701574264202,4115,1.0452888406975707,3942.153112878259,1.0438458076519361,Call,SPXW,SPXW221003C04115000,20.299999999999997,0.2096,0.036631920002409724,0.997996155761721
2022-10-03,20,0.05475701574264202,4120,1.046558936494287,3942.153112878259,1.045114150067066,Call,SPXW,SPXW221003C04120000,19.299999999999997,0.2092,0.036631920002409724,0.997996155761721
2022-10-03,20,0.05475701574264202,4125,1.0478290322910033,3942.153112878259,1.0463824924821958,Call,SPXW,SPXW221003C04125000,18.35,0.2088,0.036631920002409724,0.997996155761721
2022-10-03,20,0.05475701574264202,4130,1.0490991280877198,3942.153112878259,1.047650834897326,Call,SPXW,SPXW221003C04130000,17.450000000000003,0.2085,0.036631920002409724,0.997996155761721
2022-10-03,20,0.05475701574264202,4140,1.0516393196811524,3942.153112878259,1.0501875197275856,Call,SPXW,SPXW221003C04140000,15.75,0.2079,0.036631920002409724,0.997996155761721
2022-10-03,20,0.05475701574264202,4145,1.0529094154778689,3942.153112878259,1.0514558621427157,Call,SPXW,SPXW221003C04145000,14.95,0.2076,0.036631920002409724,0.997996155761721
2022-10-03,20,0.05475701574264202,4150,1.0541795112745853,3942.153112878259,1.0527242045578455,Call,SPXW,SPXW221003C04150000,14.15,0.2071,0.036631920002409724,0.997996155761721
2022-10-03,20,0.05475701574264202,4160,1.056719702868018,3942.153112878259,1.0552608893881055,Call,SPXW,SPXW221003C04160000,12.7,0.2064,0.036631920002409724,0.997996155761721
2022-10-03,20,0.05475701574264202,4175,1.060529990258167,3942.153112878259,1.0590659166334953,Call,SPXW,SPXW221003C04175000,10.899999999999999,0.206,0.036631920002409724,0.997996155761721
2022-10-03,20,0.05475701574264202,4180,1.0618000860548835,3942.153112878259,1.060334259048625,Call,SPXW,SPXW221003C04180000,10.3,0.206,0.036631920002409724,0.997996155761721
2022-10-03,20,0.05475701574264202,4190,1.0643402776483162,3942.153112878259,1.062870943878885,Call,SPXW,SPXW221003C04190000,9.25,0.2058,0.036631920002409724,0.997996155761721
2022-10-03,20,0.05475701574264202,4200,1.0668804692417488,3942.153112878259,1.065407628709145,Call,SPXW,SPXW221003C04200000,8.3,0.2056,0.036631920002409724,0.997996155761721
2022-10-03,20,0.05475701574264202,4225,1.0732309482253308,3942.153112878259,1.0717493407847947,Call,SPXW,SPXW221003C04225000,6.35,0.2058,0.036631920002409724,0.997996155761721
2022-10-05,22,0.06023271731690623,3300,0.8382632258328027,3942.700958167204,0.8369896766236188,Put,SPXW,SPXW221005P03300000,4.2,0.3928,0.036645449534075544,0.9977951791932934
2022-10-05,22,0.06023271731690623,3350,0.8509641837999664,3942.700958167204,0.8496713383906432,Put,SPXW,SPXW221005P03350000,5.1,0.3776,0.036645449534075544,0.9977951791932934
2022-10-05,22,0.06023271731690623,3400,0.86366514176713,3942.700958167204,0.8623530001576678,Put,SPXW,SPXW221005P03400000,6.2,0.3622,0.036645449534075544,0.9977951791932934
2022-10-05,22,0.06023271731690623,3450,0.8763660997342937,3942.700958167204,0.8750346619246924,Put,SPXW,SPXW221005P03450000,7.65,0.3476,0.036645449534075544,0.9977951791932934
2022-10-05,22,0.06023271731690623,3500,0.8890670577014574,3942.700958167204,0.8877163236917168,Put,SPXW,SPXW221005P03500000,9.45,0.3328,0.036645449534075544,0.9977951791932934
2022-10-05,22,0.06023271731690623,3550,0.9017680156686211,3942.700958167204,0.9003979854587414,Put,SPXW,SPXW221005P03550000,11.95,0.3195,0.036645449534075544,0.9977951791932934
2022-10-05,22,0.06023271731690623,3600,0.9144689736357847,3942.700958167204,0.913079647225766,Put,SPXW,SPXW221005P03600000,15.3,0.307,0.036645449534075544,0.9977951791932934
2022-10-05,22,0.06023271731690623,3625,0.9208194526193666,3942.700958167204,0.9194204781092782,Put,SPXW,SPXW221005P03625000,17.35,0.3009,0.036645449534075544,0.9977951791932934
2022-10-05,22,0.06023271731690623,3650,0.9271699316029485,3942.700958167204,0.9257613089927904,Put,SPXW,SPXW221005P03650000,19.799999999999997,0.2954,0.036645449534075544,0.9977951791932934
2022-10-05,22,0.06023271731690623,3675,0.9335204105865302,3942.700958167204,0.9321021398763027,Put,SPXW,SPXW221005P03675000,22.6,0.2899,0.036645449534075544,0.9977951791932934
2022-10-05,22,0.06023271731690623,3680,0.9347905063832467,3942.700958167204,0.9333703060530052,Put,SPXW,SPXW221005P03680000,23.200000000000003,0.2887,0.036645449534075544,0.9977951791932934
2022-10-05,22,0.06023271731690623,3690,0.9373306979766793,3942.700958167204,0.9359066384064101,Put,SPXW,SPXW221005P03690000,24.5,0.2867,0.036645449534075544,0.9977951791932934
2022-10-05,22,0.06023271731690623,3700,0.9398708895701121,3942.700958167204,0.938442970759815,Put,SPXW,SPXW221005P03700000,25.799999999999997,0.2844,0.036645449534075544,0.9977951791932934
2022-10-05,22,0.06023271731690623,3710,0.9424110811635449,3942.700958167204,0.9409793031132199,Put,SPXW,SPXW221005P03710000,27.299999999999997,0.2827,0.036645449534075544,0.9977951791932934
2022-10-05,22,0.06023271731690623,3720,0.9449512727569775,3942.700958167204,0.9435156354666248,Put,SPXW,SPXW221005P03720000,28.799999999999997,0.2806,0.036645449534075544,0.9977951791932934
2022-10-05,22,0.06023271731690623,3725,0.946221368553694,3942.700958167204,0.9447838016433272,Put,SPXW,SPXW221005P03725000,29.6,0.2796,0.036645449534075544,0.9977951791932934
2022-10-05,22,0.06023271731690623,3730,0.9474914643504103,3942.700958167204,0.9460519678200296,Put,SPXW,SPXW221005P03730000,30.4,0.2786,0.036645449534075544,0.9977951791932934
2022-10-05,22,0.06023271731690623,3740,0.9500316559438431,3942.700958167204,0.9485883001734345,Put,SPXW,SPXW221005P03740000,32.15,0.2769,0.036645449534075544,0.9977951791932934
2022-10-05,22,0.06023271731690623,3750,0.9525718475372758,3942.700958167204,0.9511246325268395,Put,SPXW,SPXW221005P03750000,33.95,0.275,0.036645449534075544,0.9977951791932934
2022-10-05,22,0.06023271731690623,3755,0.9538419433339922,3942.700958167204,0.952392798703542,Put,SPXW,SPXW221005P03755000,34.849999999999994,0.2739,0.036645449534075544,0.9977951791932934
2022-10-05,22,0.06023271731690623,3760,0.9551120391307085,3942.700958167204,0.9536609648802444,Put,SPXW,SPXW221005P03760000,35.849999999999994,0.2731,0.036645449534075544,0.9977951791932934
2022-10-05,22,0.06023271731690623,3765,0.9563821349274249,3942.700958167204,0.9549291310569469,Put,SPXW,SPXW221005P03765000,36.849999999999994,0.2722,0.036645449534075544,0.9977951791932934
2022-10-05,22,0.06023271731690623,3770,0.9576522307241413,3942.700958167204,0.9561972972336493,Put,SPXW,SPXW221005P03770000,37.849999999999994,0.2713,0.036645449534075544,0.9977951791932934
2022-10-05,22,0.06023271731690623,3775,0.9589223265208576,3942.700958167204,0.9574654634103518,Put,SPXW,SPXW221005P03775000,38.95,0.2706,0.036645449534075544,0.9977951791932934
2022-10-05,22,0.06023271731690623,3780,0.960192422317574,3942.700958167204,0.9587336295870542,Put,SPXW,SPXW221005P03780000,40.0,0.2696,0.036645449534075544,0.9977951791932934
2022-10-05,22,0.06023271731690623,3785,0.9614625181142904,3942.700958167204,0.9600017957637567,Put,SPXW,SPXW221005P03785000,41.1,0.2687,0.036645449534075544,0.9977951791932934
2022-10-05,22,0.06023271731690623,3790,0.9627326139110067,3942.700958167204,0.9612699619404591,Put,SPXW,SPXW221005P03790000,42.25,0.2679,0.036645449534075544,0.9977951791932934
2022-10-05,22,0.06023271731690623,3795,0.9640027097077231,3942.700958167204,0.9625381281171616,Put,SPXW,SPXW221005P03795000,43.349999999999994,0.2668,0.036645449534075544,0.9977951791932934
2022-10-05,22,0.06023271731690623,3800,0.9652728055044395,3942.700958167204,0.963806294293864,Put,SPXW,SPXW221005P03800000,44.6,0.2661,0.036645449534075544,0.9977951791932934
2022-10-05,22,0.06023271731690623,3805,0.9665429013011558,3942.700958167204,0.9650744604705664,Put,SPXW,SPXW221005P03805000,45.8,0.2652,0.036645449534075544,0.9977951791932934
2022-10-05,22,0.06023271731690623,3810,0.9678129970978722,3942.700958167204,0.9663426266472689,Put,SPXW,SPXW221005P03810000,47.0,0.2642,0.036645449534075544,0.9977951791932934
2022-10-05,22,0.06023271731690623,3815,0.9690830928945886,3942.700958167204,0.9676107928239713,Put,SPXW,SPXW221005P03815000,48.3,0.2634,0.036645449534075544,0.9977951791932934
2022-10-05,22,0.06023271731690623,3820,0.9703531886913049,3942.700958167204,0.9688789590006738,Put,SPXW,SPXW221005P03820000,49.6,0.2625,0.036645449534075544,0.9977951791932934
2022-10-05,22,0.06023271731690623,3825,0.9716232844880213,3942.700958167204,0.9701471251773763,Put,SPXW,SPXW221005P03825000,50.9,0.2615,0.036645449534075544,0.9977951791932934
2022-10-05,22,0.06023271731690623,3830,0.9728933802847377,3942.700958167204,0.9714152913540788,Put,SPXW,SPXW221005P03830000,52.3,0.2608,0.036645449534075544,0.9977951791932934
2022-10-05,22,0.06023271731690623,3835,0.974163476081454,3942.700958167204,0.9726834575307812,Put,SPXW,SPXW221005P03835000,53.7,0.2599,0.036645449534075544,0.9977951791932934
2022-10-05,22,0.06023271731690623,3840,0.9754335718781704,3942.700958167204,0.9739516237074837,Put,SPXW,SPXW221005P03840000,55.05,0.2588,0.036645449534075544,0.9977951791932934
2022-10-05,22,0.06023271731690623,3845,0.9767036676748868,3942.700958167204,0.9752197898841861,Put,SPXW,SPXW221005P03845000,56.55,0.258,0.036645449534075544,0.9977951791932934
2022-10-05,22,0.06023271731690623,3850,0.9779737634716031,3942.700958167204,0.9764879560608886,Put,SPXW,SPXW221005P03850000,58.0,0.257,0.036645449534075544,0.9977951791932934
2022-10-05,22,0.06023271731690623,3855,0.9792438592683195,3942.700958167204,0.977756122237591,Put,SPXW,SPXW221005P03855000,59.55,0.2562,0.036645449534075544,0.9977951791932934
2022-10-05,22,0.06023271731690623,3860,0.9805139550650359,3942.700958167204,0.9790242884142935,Put,SPXW,SPXW221005P03860000,61.1,0.2553,0.036645449534075544,0.9977951791932934
2022-10-05,22,0.06023271731690623,3865,0.9817840508617522,3942.700958167204,0.9802924545909959,Put,SPXW,SPXW221005P03865000,62.650000000000006,0.2543,0.036645449534075544,0.9977951791932934
2022-10-05,22,0.06023271731690623,3870,0.9830541466584686,3942.700958167204,0.9815606207676983,Put,SPXW,SPXW221005P03870000,64.3,0.2535,0.036645449534075544,0.9977951791932934
2022-10-05,22,0.06023271731690623,3875,0.984324242455185,3942.700958167204,0.9828287869444008,Put,SPXW,SPXW221005P03875000,65.95,0.2525,0.036645449534075544,0.9977951791932934
2022-10-05,22,0.06023271731690623,3880,0.9855943382519013,3942.700958167204,0.9840969531211032,Put,SPXW,SPXW221005P03880000,67.65,0.2516,0.036645449534075544,0.9977951791932934
2022-10-05,22,0.06023271731690623,3885,0.9868644340486177,3942.700958167204,0.9853651192978057,Put,SPXW,SPXW221005P03885000,69.35,0.2507,0.036645449534075544,0.9977951791932934
2022-10-05,22,0.06023271731690623,3890,0.9881345298453341,3942.700958167204,0.9866332854745081,Put,SPXW,SPXW221005P03890000,71.1,0.2497,0.036645449534075544,0.9977951791932934
2022-10-05,22,0.06023271731690623,3895,0.9894046256420505,3942.700958167204,0.9879014516512106,Put,SPXW,SPXW221005P03895000,72.85,0.2487,0.036645449534075544,0.9977951791932934
2022-10-05,22,0.06023271731690623,3900,0.9906747214387668,3942.700958167204,0.989169617827913,Put,SPXW,SPXW221005P03900000,74.75,0.2479,0.036645449534075544,0.9977951791932934
2022-10-05,22,0.06023271731690623,3905,0.9919448172354832,3942.700958167204,0.9904377840046156,Put,SPXW,SPXW221005P03905000,76.55,0.2468,0.036645449534075544,0.9977951791932934
2022-10-05,22,0.06023271731690623,3910,0.9932149130321996,3942.700958167204,0.991705950181318,Put,SPXW,SPXW221005P03910000,78.45,0.2458,0.036645449534075544,0.9977951791932934
2022-10-05,22,0.06023271731690623,3915,0.9944850088289159,3942.700958167204,0.9929741163580205,Put,SPXW,SPXW221005P03915000,80.4,0.2449,0.036645449534075544,0.9977951791932934
2022-10-05,22,0.06023271731690623,3920,0.9957551046256323,3942.700958167204,0.9942422825347229,Put,SPXW,SPXW221005P03920000,82.45,0.2441,0.036645449534075544,0.9977951791932934
2022-10-05,22,0.06023271731690623,3925,0.9970252004223487,3942.700958167204,0.9955104487114254,Put,SPXW,SPXW221005P03925000,84.4,0.243,0.036645449534075544,0.9977951791932934
2022-10-05,22,0.06023271731690623,3930,0.998295296219065,3942.700958167204,0.9967786148881278,Put,SPXW,SPXW221005P03930000,86.55,0.2422,0.036645449534075544,0.9977951791932934
2022-10-05,22,0.06023271731690623,3935,0.9995653920157814,3942.700958167204,0.9980467810648302,Put,SPXW,SPXW221005P03935000,88.65,0.2413,0.036645449534075544,0.9977951791932934
2022-10-05,22,0.06023271731690623,3940,1.0008354878124979,3942.700958167204,0.9993149472415327,Put,SPXW,SPXW221005P03940000,90.7,0.2401,0.036645449534075544,0.9977951791932934
2022-10-05,22,0.06023271731690623,3950,1.0033756794059305,3942.700958167204,1.0018512795949377,Call,SPXW,SPXW221005C03950000,87.15,0.2376,0.036645449534075544,0.9977951791932934
2022-10-05,22,0.06023271731690623,3955,1.004645775202647,3942.700958167204,1.0031194457716401,Call,SPXW,SPXW221005C03955000,84.5,0.2368,0.036645449534075544,0.9977951791932934
2022-10-05,22,0.06023271731690623,3960,1.0059158709993632,3942.700958167204,1.0043876119483426,Call,SPXW,SPXW221005C03960000,81.75,0.2357,0.036645449534075544,0.9977951791932934
2022-10-05,22,0.06023271731690623,3970,1.008456062592796,3942.700958167204,1.0069239443017475,Call,SPXW,SPXW221005C03970000,76.55,0.2338,0.036645449534075544,0.9977951791932934
2022-10-05,22,0.06023271731690623,3975,1.0097261583895123,3942.700958167204,1.00819211047845,Call,SPXW,SPXW221005C03975000,74.05,0.2329,0.036645449534075544,0.9977951791932934
2022-10-05,22,0.06023271731690623,3980,1.0109962541862287,3942.700958167204,1.0094602766551524,Call,SPXW,SPXW221005C03980000,71.6,0.232,0.036645449534075544,0.9977951791932934
2022-10-05,22,0.06023271731690623,3990,1.0135364457796614,3942.700958167204,1.0119966090085573,Call,SPXW,SPXW221005C03990000,66.7,0.23,0.036645449534075544,0.9977951791932934
2022-10-05,22,0.06023271731690623,4000,1.0160766373730943,3942.700958167204,1.0145329413619621,Call,SPXW,SPXW221005C04000000,62.05,0.2281,0.036645449534075544,0.9977951791932934
2022-10-05,22,0.06023271731690623,4010,1.018616828966527,3942.700958167204,1.017069273715367,Call,SPXW,SPXW221005C04010000,57.650000000000006,0.2264,0.036645449534075544,0.9977951791932934
2022-10-05,22,0.06023271731690623,4015,1.0198869247632434,3942.700958167204,1.0183374398920695,Call,SPXW,SPXW221005C04015000,55.5,0.2255,0.036645449534075544,0.9977951791932934
2022-10-05,22,0.06023271731690623,4020,1.0211570205599596,3942.700958167204,1.019605606068772,Call,SPXW,SPXW221005C04020000,53.4,0.2246,0.036645449534075544,0.9977951791932934
2022-10-05,22,0.06023271731690623,4025,1.022427116356676,3942.700958167204,1.0208737722454744,Call,SPXW,SPXW221005C04025000,51.3,0.2235,0.036645449534075544,0.9977951791932934
2022-10-05,22,0.06023271731690623,4030,1.0236972121533925,3942.700958167204,1.0221419384221768,Call,SPXW,SPXW221005C04030000,49.4,0.2229,0.036645449534075544,0.9977951791932934
2022-10-05,22,0.06023271731690623,4035,1.0249673079501087,3942.700958167204,1.0234101045988793,Call,SPXW,SPXW221005C04035000,47.4,0.2219,0.036645449534075544,0.9977951791932934
2022-10-05,22,0.06023271731690623,4040,1.0262374037468251,3942.700958167204,1.0246782707755817,Call,SPXW,SPXW221005C04040000,45.5,0.221,0.036645449534075544,0.9977951791932934
2022-10-05,22,0.06023271731690623,4045,1.0275074995435416,3942.700958167204,1.0259464369522842,Call,SPXW,SPXW221005C04045000,43.7,0.2203,0.036645449534075544,0.9977951791932934
2022-10-05,22,0.06023271731690623,4050,1.0287775953402578,3942.700958167204,1.0272146031289866,Call,SPXW,SPXW221005C04050000,41.9,0.2195,0.036645449534075544,0.9977951791932934
2022-10-05,22,0.06023271731690623,4055,1.0300476911369743,3942.700958167204,1.028482769305689,Call,SPXW,SPXW221005C04055000,40.2,0.2188,0.036645449534075544,0.9977951791932934
2022-10-05,22,0.06023271731690623,4060,1.0313177869336907,3942.700958167204,1.0297509354823915,Call,SPXW,SPXW221005C04060000,38.55,0.2181,0.036645449534075544,0.9977951791932934
2022-10-05,22,0.06023271731690623,4065,1.032587882730407,3942.700958167204,1.031019101659094,Call,SPXW,SPXW221005C04065000,36.9,0.2173,0.036645449534075544,0.9977951791932934
2022-10-05,22,0.06023271731690623,4070,1.0338579785271234,3942.700958167204,1.0322872678357964,Call,SPXW,SPXW221005C04070000,35.349999999999994,0.2166,0.036645449534075544,0.9977951791932934
2022-10-05,22,0.06023271731690623,4075,1.0351280743238398,3942.700958167204,1.0335554340124988,Call,SPXW,SPXW221005C04075000,33.8,0.2158,0.036645449534075544,0.9977951791932934
2022-10-05,22,0.06023271731690623,4080,1.036398170120556,3942.700958167204,1.0348236001892013,Call,SPXW,SPXW221005C04080000,32.349999999999994,0.2152,0.036645449534075544,0.9977951791932934
2022-10-05,22,0.06023271731690623,4085,1.0376682659172725,3942.700958167204,1.0360917663659037,Call,SPXW,SPXW221005C04085000,30.95,0.2147,0.036645449534075544,0.9977951791932934
2022-10-05,22,0.06023271731690623,4090,1.038938361713989,3942.700958167204,1.0373599325426062,Call,SPXW,SPXW221005C04090000,29.55,0.214,0.036645449534075544,0.9977951791932934
2022-10-05,22,0.06023271731690623,4095,1.0402084575107051,3942.700958167204,1.0386280987193088,Call,SPXW,SPXW221005C04095000,28.25,0.2132,0.036645449534075544,0.9977951791932934
2022-10-05,22,0.06023271731690623,4100,1.0414785533074216,3942.700958167204,1.0398962648960113,Call,SPXW,SPXW221005C04100000,26.95,0.2128,0.036645449534075544,0.9977951791932934
2022-10-05,22,0.06023271731690623,4105,1.042748649104138,3942.700958167204,1.0411644310727137,Call,SPXW,SPXW221005C04105000,25.700000000000003,0.2121,0.036645449534075544,0.9977951791932934
2022-10-05,22,0.06023271731690623,4110,1.0440187449008542,3942.700958167204,1.0424325972494162,Call,SPXW,SPXW221005C04110000,24.5,0.2115,0.036645449534075544,0.9977951791932934
2022-10-05,22,0.06023271731690623,4115,1.0452888406975707,3942.700958167204,1.0437007634261186,Call,SPXW,SPXW221005C04115000,23.4,0.2111,0.036645449534075544,0.9977951791932934
2022-10-05,22,0.06023271731690623,4120,1.046558936494287,3942.700958167204,1.044968929602821,Call,SPXW,SPXW221005C04120000,22.299999999999997,0.2106,0.036645449534075544,0.9977951791932934
2022-10-05,22,0.06023271731690623,4125,1.0478290322910033,3942.700958167204,1.0462370957795235,Call,SPXW,SPXW221005C04125000,21.299999999999997,0.2103,0.036645449534075544,0.9977951791932934
2022-10-05,22,0.06023271731690623,4135,1.0503692238844362,3942.700958167204,1.0487734281329284,Call,SPXW,SPXW221005C04135000,19.299999999999997,0.2093,0.036645449534075544,0.9977951791932934
2022-10-05,22,0.06023271731690623,4140,1.0516393196811524,3942.700958167204,1.0500415943096308,Call,SPXW,SPXW221005C04140000,18.35,0.2088,0.036645449534075544,0.9977951791932934
2022-10-05,22,0.06023271731690623,4150,1.0541795112745853,3942.700958167204,1.0525779266630357,Call,SPXW,SPXW221005C04150000,16.65,0.2082,0.036645449534075544,0.9977951791932934
2022-10-05,22,0.06023271731690623,4160,1.056719702868018,3942.700958167204,1.0551142590164406,Call,SPXW,SPXW221005C04160000,15.05,0.2075,0.036645449534075544,0.9977951791932934
2022-10-05,22,0.06023271731690623,4175,1.060529990258167,3942.700958167204,1.058918757546548,Call,SPXW,SPXW221005C04175000,12.899999999999999,0.2066,0.036645449534075544,0.9977951791932934
2022-10-05,22,0.06023271731690623,4180,1.0618000860548835,3942.700958167204,1.0601869237232504,Call,SPXW,SPXW221005C04180000,12.3,0.2066,0.036645449534075544,0.9977951791932934
2022-10-05,22,0.06023271731690623,4200,1.0668804692417488,3942.700958167204,1.0652595884300602,Call,SPXW,SPXW221005C04200000,10.05,0.2061,0.036645449534075544,0.9977951791932934
2022-10-05,22,0.06023271731690623,4225,1.0732309482253308,3942.700958167204,1.0716004193135724,Call,SPXW,SPXW221005C04225000,7.75,0.2056,0.036645449534075544,0.9977951791932934
2022-10-05,22,0.06023271731690623,4250,1.0795814272089126,3942.700958167204,1.0779412501970849,Call,SPXW,SPXW221005C04250000,6.0,0.2059,0.036645449534075544,0.9977951791932934
2022-10-07,24,0.06570841889117043,3150,0.8001603519313116,3943.249442429767,0.7988335625197022,Put,SPXW,SPXW221007P03150000,3.05,0.4353,0.03665889638935794,0.9975941007061221
2022-10-07,24,0.06570841889117043,3250,0.825562267865639,3943.249442429767,0.8241933581552483,Put,SPXW,SPXW221007P03250000,4.25,0.404,0.03665889638935794,0.9975941007061221
2022-10-07,24,0.06570841889117043,3300,0.8382632258328027,3943.249442429767,0.8368732559730213,Put,SPXW,SPXW221007P03300000,5.0,0.3878,0.03665889638935794,0.9975941007061221
2022-10-07,24,0.06570841889117043,3325,0.8446137048163845,3943.249442429767,0.8432132048819079,Put,SPXW,SPXW221007P03325000,5.5,0.3806,0.03665889638935794,0.9975941007061221
2022-10-07,24,0.06570841889117043,3350,0.8509641837999664,3943.249442429767,0.8495531537907943,Put,SPXW,SPXW221007P03350000,6.05,0.3734,0.03665889638935794,0.9975941007061221
2022-10-07,24,0.06570841889117043,3375,0.8573146627835482,3943.249442429767,0.8558931026996809,Put,SPXW,SPXW221007P03375000,6.6,0.3654,0.03665889638935794,0.9975941007061221
2022-10-07,24,0.06570841889117043,3400,0.86366514176713,3943.249442429767,0.8622330516085674,Put,SPXW,SPXW221007P03400000,7.3,0.3585,0.03665889638935794,0.9975941007061221
2022-10-07,24,0.06570841889117043,3425,0.8700156207507119,3943.249442429767,0.8685730005174539,Put,SPXW,SPXW221007P03425000,8.05,0.3512,0.03665889638935794,0.9975941007061221
2022-10-07,24,0.06570841889117043,3450,0.8763660997342937,3943.249442429767,0.8749129494263405,Put,SPXW,SPXW221007P03450000,8.95,0.3445,0.03665889638935794,0.9975941007061221
2022-10-07,24,0.06570841889117043,3470,0.8814464829211592,3943.249442429767,0.8799849085534497,Put,SPXW,SPXW221007P03470000,9.7,0.3387,0.03665889638935794,0.9975941007061221
2022-10-07,24,0.06570841889117043,3475,0.8827165787178756,3943.249442429767,0.881252898335227,Put,SPXW,SPXW221007P03475000,9.95,0.3377,0.03665889638935794,0.9975941007061221
2022-10-07,24,0.06570841889117043,3480,0.8839866745145919,3943.249442429767,0.8825208881170044,Put,SPXW,SPXW221007P03480000,10.15,0.3362,0.03665889638935794,0.9975941007061221
2022-10-07,24,0.06570841889117043,3490,0.8865268661080247,3943.249442429767,0.8850568676805589,Put,SPXW,SPXW221007P03490000,10.55,0.3332,0.03665889638935794,0.9975941007061221
2022-10-07,24,0.06570841889117043,3500,0.8890670577014574,3943.249442429767,0.8875928472441136,Put,SPXW,SPXW221007P03500000,11.05,0.3308,0.03665889638935794,0.9975941007061221
2022-10-07,24,0.06570841889117043,3510,0.8916072492948901,3943.249442429767,0.8901288268076681,Put,SPXW,SPXW221007P03510000,11.55,0.3282,0.03665889638935794,0.9975941007061221
2022-10-07,24,0.06570841889117043,3520,0.8941474408883229,3943.249442429767,0.8926648063712227,Put,SPXW,SPXW221007P03520000,12.05,0.3254,0.03665889638935794,0.9975941007061221
2022-10-07,24,0.06570841889117043,3525,0.8954175366850392,3943.249442429767,0.893932796153,Put,SPXW,SPXW221007P03525000,12.35,0.3243,0.03665889638935794,0.9975941007061221
2022-10-07,24,0.06570841889117043,3530,0.8966876324817556,3943.249442429767,0.8952007859347774,Put,SPXW,SPXW221007P03530000,12.65,0.3231,0.03665889638935794,0.9975941007061221
2022-10-07,24,0.06570841889117043,3540,0.8992278240751883,3943.249442429767,0.8977367654983319,Put,SPXW,SPXW221007P03540000,13.25,0.3207,0.03665889638935794,0.9975941007061221
2022-10-07,24,0.06570841889117043,3550,0.9017680156686211,3943.249442429767,0.9002727450618866,Put,SPXW,SPXW221007P03550000,13.85,0.318,0.03665889638935794,0.9975941007061221
2022-10-07,24,0.06570841889117043,3560,0.9043082072620539,3943.249442429767,0.9028087246254412,Put,SPXW,SPXW221007P03560000,14.5,0.3155,0.03665889638935794,0.9975941007061221
2022-10-07,24,0.06570841889117043,3570,0.9068483988554865,3943.249442429767,0.9053447041889958,Put,SPXW,SPXW221007P03570000,15.2,0.3131,0.03665889638935794,0.9975941007061221
2022-10-07,24,0.06570841889117043,3575,0.908118494652203,3943.249442429767,0.9066126939707732,Put,SPXW,SPXW221007P03575000,15.600000000000001,0.3121,0.03665889638935794,0.9975941007061221
2022-10-07,24,0.06570841889117043,3580,0.9093885904489193,3943.249442429767,0.9078806837525504,Put,SPXW,SPXW221007P03580000,15.95,0.3108,0.03665889638935794,0.9975941007061221
2022-10-07,24,0.06570841889117043,3590,0.9119287820423521,3943.249442429767,0.910416663316105,Put,SPXW,SPXW221007P03590000,16.75,0.3085,0.03665889638935794,0.9975941007061221
2022-10-07,24,0.06570841889117043,3600,0.9144689736357847,3943.249442429767,0.9129526428796596,Put,SPXW,SPXW221007P03600000,17.549999999999997,0.306,0.03665889638935794,0.9975941007061221
2022-10-07,24,0.06570841889117043,3610,0.9170091652292175,3943.249442429767,0.9154886224432143,Put,SPXW,SPXW221007P03610000,18.450000000000003,0.3039,0.03665889638935794,0.9975941007061221
2022-10-07,24,0.06570841889117043,3620,0.9195493568226503,3943.249442429767,0.9180246020067688,Put,SPXW,SPXW221007P03620000,19.35,0.3015,0.03665889638935794,0.9975941007061221
2022-10-07,24,0.06570841889117043,3625,0.9208194526193666,3943.249442429767,0.9192925917885462,Put,SPXW,SPXW221007P03625000,19.85,0.3005,0.03665889638935794,0.9975941007061221
2022-10-07,24,0.06570841889117043,3630,0.9220895484160829,3943.249442429767,0.9205605815703235,Put,SPXW,SPXW221007P03630000,20.35,0.2994,0.03665889638935794,0.9975941007061221
2022-10-07,24,0.06570841889117043,3640,0.9246297400095157,3943.249442429767,0.9230965611338781,Put,SPXW,SPXW221007P03640000,21.4,0.2973,0.03665889638935794,0.9975941007061221
2022-10-07,24,0.06570841889117043,3650,0.9271699316029485,3943.249442429767,0.9256325406974327,Put,SPXW,SPXW221007P03650000,22.5,0.2951,0.03665889638935794,0.9975941007061221
2022-10-07,24,0.06570841889117043,3660,0.9297101231963811,3943.249442429767,0.9281685202609873,Put,SPXW,SPXW221007P03660000,23.700000000000003,0.2932,0.03665889638935794,0.9975941007061221
2022-10-07,24,0.06570841889117043,3670,0.9322503147898139,3943.249442429767,0.9307044998245418,Put,SPXW,SPXW221007P03670000,24.9,0.291,0.03665889638935794,0.9975941007061221
2022-10-07,24,0.06570841889117043,3675,0.9335204105865302,3943.249442429767,0.9319724896063192,Put,SPXW,SPXW221007P03675000,25.549999999999997,0.29,0.03665889638935794,0.9975941007061221
2022-10-07,24,0.06570841889117043,3680,0.9347905063832467,3943.249442429767,0.9332404793880965,Put,SPXW,SPXW221007P03680000,26.200000000000003,0.289,0.03665889638935794,0.9975941007061221
2022-10-07,24,0.06570841889117043,3690,0.9373306979766793,3943.249442429767,0.9357764589516511,Put,SPXW,SPXW221007P03690000,27.6,0.2871,0.03665889638935794,0.9975941007061221
2022-10-07,24,0.06570841889117043,3700,0.9398708895701121,3943.249442429767,0.9383124385152057,Put,SPXW,SPXW221007P03700000,29.1,0.2853,0.03665889638935794,0.9975941007061221
2022-10-07,24,0.06570841889117043,3710,0.9424110811635449,3943.249442429767,0.9408484180787603,Put,SPXW,SPXW221007P03710000,30.65,0.2834,0.03665889638935794,0.9975941007061221
2022-10-07,24,0.06570841889117043,3720,0.9449512727569775,3943.249442429767,0.943384397642315,Put,SPXW,SPXW221007P03720000,32.3,0.2816,0.03665889638935794,0.9975941007061221
2022-10-07,24,0.06570841889117043,3725,0.946221368553694,3943.249442429767,0.9446523874240923,Put,SPXW,SPXW221007P03725000,33.1,0.2805,0.03665889638935794,0.9975941007061221
2022-10-07,24,0.06570841889117043,3730,0.9474914643504103,3943.249442429767,0.9459203772058695,Put,SPXW,SPXW221007P03730000,34.0,0.2797,0.03665889638935794,0.9975941007061221
2022-10-07,24,0.06570841889117043,3740,0.9500316559438431,3943.249442429767,0.9484563567694242,Put,SPXW,SPXW221007P03740000,35.8,0.2779,0.03665889638935794,0.9975941007061221
2022-10-07,24,0.06570841889117043,3745,0.9513017517405594,3943.249442429767,0.9497243465512015,Put,SPXW,SPXW221007P03745000,36.75,0.277,0.03665889638935794,0.9975941007061221
2022-10-07,24,0.06570841889117043,3750,0.9525718475372758,3943.249442429767,0.9509923363329787,Put,SPXW,SPXW221007P03750000,37.75,0.2763,0.03665889638935794,0.9975941007061221
2022-10-07,24,0.06570841889117043,3755,0.9538419433339922,3943.249442429767,0.9522603261147561,Put,SPXW,SPXW221007P03755000,38.75,0.2754,0.03665889638935794,0.9975941007061221
2022-10-07,24,0.06570841889117043,3760,0.9551120391307085,3943.249442429767,0.9535283158965334,Put,SPXW,SPXW221007P03760000,39.75,0.2745,0.03665889638935794,0.9975941007061221
2022-10-07,24,0.06570841889117043,3765,0.9563821349274249,3943.249442429767,0.9547963056783106,Put,SPXW,SPXW221007P03765000,40.75,0.2735,0.03665889638935794,0.9975941007061221
2022-10-07,24,0.06570841889117043,3770,0.9576522307241413,3943.249442429767,0.956064295460088,Put,SPXW,SPXW221007P03770000,41.849999999999994,0.2727,0.03665889638935794,0.9975941007061221
2022-10-07,24,0.06570841889117043,3775,0.9589223265208576,3943.249442429767,0.9573322852418653,Put,SPXW,SPXW221007P03775000,42.95,0.2719,0.03665889638935794,0.9975941007061221
2022-10-07,24,0.06570841889117043,3780,0.960192422317574,3943.249442429767,0.9586002750236426,Put,SPXW,SPXW221007P03780000,44.05,0.271,0.03665889638935794,0.9975941007061221
2022-10-07,24,0.06570841889117043,3785,0.9614625181142904,3943.249442429767,0.9598682648054199,Put,SPXW,SPXW221007P03785000,45.25,0.2703,0.03665889638935794,0.9975941007061221
2022-10-07,24,0.06570841889117043,3790,0.9627326139110067,3943.249442429767,0.9611362545871972,Put,SPXW,SPXW221007P03790000,46.4,0.2694,0.03665889638935794,0.9975941007061221
2022-10-07,24,0.06570841889117043,3795,0.9640027097077231,3943.249442429767,0.9624042443689745,Put,SPXW,SPXW221007P03795000,47.6,0.2686,0.03665889638935794,0.9975941007061221
2022-10-07,24,0.06570841889117043,3800,0.9652728055044395,3943.249442429767,0.9636722341507519,Put,SPXW,SPXW221007P03800000,48.849999999999994,0.2678,0.03665889638935794,0.9975941007061221
2022-10-07,24,0.06570841889117043,3805,0.9665429013011558,3943.249442429767,0.9649402239325291,Put,SPXW,SPXW221007P03805000,50.1,0.2669,0.03665889638935794,0.9975941007061221
2022-10-07,24,0.06570841889117043,3810,0.9678129970978722,3943.249442429767,0.9662082137143064,Put,SPXW,SPXW221007P03810000,51.349999999999994,0.266,0.03665889638935794,0.9975941007061221
2022-10-07,24,0.06570841889117043,3815,0.9690830928945886,3943.249442429767,0.9674762034960838,Put,SPXW,SPXW221007P03815000,52.7,0.2652,0.03665889638935794,0.9975941007061221
2022-10-07,24,0.06570841889117043,3820,0.9703531886913049,3943.249442429767,0.9687441932778611,Put,SPXW,SPXW221007P03820000,54.0,0.2643,0.03665889638935794,0.9975941007061221
2022-10-07,24,0.06570841889117043,3825,0.9716232844880213,3943.249442429767,0.9700121830596383,Put,SPXW,SPXW221007P03825000,55.4,0.2635,0.03665889638935794,0.9975941007061221
2022-10-07,24,0.06570841889117043,3830,0.9728933802847377,3943.249442429767,0.9712801728414157,Put,SPXW,SPXW221007P03830000,56.8,0.2626,0.03665889638935794,0.9975941007061221
2022-10-07,24,0.06570841889117043,3835,0.974163476081454,3943.249442429767,0.972548162623193,Put,SPXW,SPXW221007P03835000,58.2,0.2617,0.03665889638935794,0.9975941007061221
2022-10-07,24,0.06570841889117043,3840,0.9754335718781704,3943.249442429767,0.9738161524049702,Put,SPXW,SPXW221007P03840000,59.6,0.2607,0.03665889638935794,0.9975941007061221
2022-10-07,24,0.06570841889117043,3845,0.9767036676748868,3943.249442429767,0.9750841421867475,Put,SPXW,SPXW221007P03845000,61.1,0.2599,0.03665889638935794,0.9975941007061221
2022-10-07,24,0.06570841889117043,3850,0.9779737634716031,3943.249442429767,0.9763521319685249,Put,SPXW,SPXW221007P03850000,62.6,0.259,0.03665889638935794,0.9975941007061221
2022-10-07,24,0.06570841889117043,3855,0.9792438592683195,3943.249442429767,0.9776201217503022,Put,SPXW,SPXW221007P03855000,64.2,0.2582,0.03665889638935794,0.9975941007061221
2022-10-07,24,0.06570841889117043,3860,0.9805139550650359,3943.249442429767,0.9788881115320794,Put,SPXW,SPXW221007P03860000,65.75,0.2573,0.03665889638935794,0.9975941007061221
2022-10-07,24,0.06570841889117043,3865,0.9817840508617522,3943.249442429767,0.9801561013138568,Put,SPXW,SPXW221007P03865000,67.35,0.2564,0.03665889638935794,0.9975941007061221
2022-10-07,24,0.06570841889117043,3870,0.9830541466584686,3943.249442429767,0.9814240910956341,Put,SPXW,SPXW221007P03870000,69.0,0.2555,0.03665889638935794,0.9975941007061221
2022-10-07,24,0.06570841889117043,3875,0.984324242455185,3943.249442429767,0.9826920808774114,Put,SPXW,SPXW221007P03875000,70.65,0.2546,0.03665889638935794,0.9975941007061221
2022-10-07,24,0.06570841889117043,3880,0.9855943382519013,3943.249442429767,0.9839600706591887,Put,SPXW,SPXW221007P03880000,72.35,0.2536,0.03665889638935794,0.9975941007061221
2022-10-07,24,0.06570841889117043,3885,0.9868644340486177,3943.249442429767,0.985228060440966,Put,SPXW,SPXW221007P03885000,74.1,0.2528,0.03665889638935794,0.9975941007061221
2022-10-07,24,0.06570841889117043,3890,0.9881345298453341,3943.249442429767,0.9864960502227433,Put,SPXW,SPXW221007P03890000,75.8,0.2517,0.03665889638935794,0.9975941007061221
2022-10-07,24,0.06570841889117043,3895,0.9894046256420505,3943.249442429767,0.9877640400045207,Put,SPXW,SPXW221007P03895000,77.7,0.251,0.03665889638935794,0.9975941007061221
2022-10-07,24,0.06570841889117043,3900,0.9906747214387668,3943.249442429767,0.9890320297862979,Put,SPXW,SPXW221007P03900000,79.55,0.2501,0.03665889638935794,0.9975941007061221
2022-10-07,24,0.06570841889117043,3905,0.9919448172354832,3943.249442429767,0.9903000195680752,Put,SPXW,SPXW221007P03905000,81.4,0.2491,0.03665889638935794,0.9975941007061221
2022-10-07,24,0.06570841889117043,3910,0.9932149130321996,3943.249442429767,0.9915680093498526,Put,SPXW,SPXW221007P03910000,83.25,0.248,0.03665889638935794,0.9975941007061221
2022-10-07,24,0.06570841889117043,3915,0.9944850088289159,3943.249442429767,0.9928359991316299,Put,SPXW,SPXW221007P03915000,85.25,0.2472,0.03665889638935794,0.9975941007061221
2022-10-07,24,0.06570841889117043,3920,0.9957551046256323,3943.249442429767,0.9941039889134071,Put,SPXW,SPXW221007P03920000,87.2,0.2462,0.03665889638935794,0.9975941007061221
2022-10-07,24,0.06570841889117043,3925,0.9970252004223487,3943.249442429767,0.9953719786951845,Put,SPXW,SPXW221007P03925000,89.25,0.2454,0.03665889638935794,0.9975941007061221
2022-10-07,24,0.06570841889117043,3930,0.998295296219065,3943.249442429767,0.9966399684769618,Put,SPXW,SPXW221007P03930000,91.3,0.2444,0.03665889638935794,0.9975941007061221
2022-10-07,24,0.06570841889117043,3935,0.9995653920157814,3943.249442429767,0.997907958258739,Put,SPXW,SPXW221007P03935000,93.4,0.2435,0.03665889638935794,0.9975941007061221
2022-10-07,24,0.06570841889117043,3940,1.0008354878124979,3943.249442429767,0.9991759480405163,Put,SPXW,SPXW221007P03940000,95.55,0.2426,0.03665889638935794,0.9975941007061221
2022-10-07,24,0.06570841889117043,3945,1.002105583609214,3943.249442429767,1.0004439378222936,Call,SPXW,SPXW221007C03945000,95.35,0.2412,0.03665889638935794,0.9975941007061221
2022-10-07,24,0.06570841889117043,3950,1.0033756794059305,3943.249442429767,1.001711927604071,Call,SPXW,SPXW221007C03950000,92.55,0.2402,0.03665889638935794,0.9975941007061221
2022-10-07,24,0.06570841889117043,3955,1.004645775202647,3943.249442429767,1.0029799173858482,Call,SPXW,SPXW221007C03955000,89.85,0.2394,0.03665889638935794,0.9975941007061221
2022-10-07,24,0.06570841889117043,3960,1.0059158709993632,3943.249442429767,1.0042479071676256,Call,SPXW,SPXW221007C03960000,87.15,0.2384,0.03665889638935794,0.9975941007061221
2022-10-07,24,0.06570841889117043,3965,1.0071859667960796,3943.249442429767,1.005515896949403,Call,SPXW,SPXW221007C03965000,84.55,0.2376,0.03665889638935794,0.9975941007061221
2022-10-07,24,0.06570841889117043,3970,1.008456062592796,3943.249442429767,1.0067838867311802,Call,SPXW,SPXW221007C03970000,81.95,0.2366,0.03665889638935794,0.9975941007061221
2022-10-07,24,0.06570841889117043,3975,1.0097261583895123,3943.249442429767,1.0080518765129576,Call,SPXW,SPXW221007C03975000,79.35,0.2356,0.03665889638935794,0.9975941007061221
2022-10-07,24,0.06570841889117043,3980,1.0109962541862287,3943.249442429767,1.009319866294735,Call,SPXW,SPXW221007C03980000,76.9,0.2348,0.03665889638935794,0.9975941007061221
2022-10-07,24,0.06570841889117043,3985,1.0122663499829452,3943.249442429767,1.010587856076512,Call,SPXW,SPXW221007C03985000,74.35,0.2337,0.03665889638935794,0.9975941007061221
2022-10-07,24,0.06570841889117043,3990,1.0135364457796614,3943.249442429767,1.0118558458582894,Call,SPXW,SPXW221007C03990000,71.95,0.2328,0.03665889638935794,0.9975941007061221
2022-10-07,24,0.06570841889117043,3995,1.0148065415763778,3943.249442429767,1.0131238356400667,Call,SPXW,SPXW221007C03995000,69.55,0.2319,0.03665889638935794,0.9975941007061221
2022-10-07,24,0.06570841889117043,4000,1.0160766373730943,3943.249442429767,1.014391825421844,Call,SPXW,SPXW221007C04000000,67.2,0.2309,0.03665889638935794,0.9975941007061221
2022-10-07,24,0.06570841889117043,4005,1.0173467331698105,3943.249442429767,1.0156598152036214,Call,SPXW,SPXW221007C04005000,64.9,0.23,0.03665889638935794,0.9975941007061221
2022-10-07,24,0.06570841889117043,4010,1.018616828966527,3943.249442429767,1.0169278049853987,Call,SPXW,SPXW221007C04010000,62.7,0.2292,0.03665889638935794,0.9975941007061221
2022-10-07,24,0.06570841889117043,4015,1.0198869247632434,3943.249442429767,1.018195794767176,Call,SPXW,SPXW221007C04015000,60.5,0.2283,0.03665889638935794,0.9975941007061221
2022-10-07,24,0.06570841889117043,4020,1.0211570205599596,3943.249442429767,1.0194637845489531,Call,SPXW,SPXW221007C04020000,58.3,0.2272,0.03665889638935794,0.9975941007061221
2022-10-07,24,0.06570841889117043,4025,1.022427116356676,3943.249442429767,1.0207317743307305,Call,SPXW,SPXW221007C04025000,56.2,0.2264,0.03665889638935794,0.9975941007061221
2022-10-07,24,0.06570841889117043,4030,1.0236972121533925,3943.249442429767,1.0219997641125078,Call,SPXW,SPXW221007C04030000,54.2,0.2256,0.03665889638935794,0.9975941007061221
2022-10-07,24,0.06570841889117043,4035,1.0249673079501087,3943.249442429767,1.0232677538942851,Call,SPXW,SPXW221007C04035000,52.2,0.2248,0.03665889638935794,0.9975941007061221
2022-10-07,24,0.06570841889117043,4040,1.0262374037468251,3943.249442429767,1.0245357436760625,Call,SPXW,SPXW221007C04040000,50.25,0.2239,0.03665889638935794,0.9975941007061221
2022-10-07,24,0.06570841889117043,4045,1.0275074995435416,3943.249442429767,1.0258037334578398,Call,SPXW,SPXW221007C04045000,48.349999999999994,0.2231,0.03665889638935794,0.9975941007061221
2022-10-07,24,0.06570841889117043,4050,1.0287775953402578,3943.249442429767,1.0270717232396172,Call,SPXW,SPXW221007C04050000,46.5,0.2223,0.03665889638935794,0.9975941007061221
2022-10-07,24,0.06570841889117043,4055,1.0300476911369743,3943.249442429767,1.0283397130213945,Call,SPXW,SPXW221007C04055000,44.7,0.2215,0.03665889638935794,0.9975941007061221
2022-10-07,24,0.06570841889117043,4060,1.0313177869336907,3943.249442429767,1.0296077028031716,Call,SPXW,SPXW221007C04060000,42.95,0.2208,0.03665889638935794,0.9975941007061221
2022-10-07,24,0.06570841889117043,4065,1.032587882730407,3943.249442429767,1.030875692584949,Call,SPXW,SPXW221007C04065000,41.25,0.22,0.03665889638935794,0.9975941007061221
2022-10-07,24,0.06570841889117043,4070,1.0338579785271234,3943.249442429767,1.0321436823667263,Call,SPXW,SPXW221007C04070000,39.55,0.2191,0.03665889638935794,0.9975941007061221
2022-10-07,24,0.06570841889117043,4075,1.0351280743238398,3943.249442429767,1.0334116721485036,Call,SPXW,SPXW221007C04075000,37.95,0.2184,0.03665889638935794,0.9975941007061221
2022-10-07,24,0.06570841889117043,4080,1.036398170120556,3943.249442429767,1.034679661930281,Call,SPXW,SPXW221007C04080000,36.45,0.2178,0.03665889638935794,0.9975941007061221
2022-10-07,24,0.06570841889117043,4085,1.0376682659172725,3943.249442429767,1.0359476517120583,Call,SPXW,SPXW221007C04085000,34.95,0.2172,0.03665889638935794,0.9975941007061221
2022-10-07,24,0.06570841889117043,4090,1.038938361713989,3943.249442429767,1.0372156414938356,Call,SPXW,SPXW221007C04090000,33.45,0.2164,0.03665889638935794,0.9975941007061221
2022-10-07,24,0.06570841889117043,4095,1.0402084575107051,3943.249442429767,1.0384836312756127,Call,SPXW,SPXW221007C04095000,32.05,0.2158,0.03665889638935794,0.9975941007061221
2022-10-07,24,0.06570841889117043,4100,1.0414785533074216,3943.249442429767,1.03975162105739,Call,SPXW,SPXW221007C04100000,30.700000000000003,0.2152,0.03665889638935794,0.9975941007061221
2022-10-07,24,0.06570841889117043,4105,1.042748649104138,3943.249442429767,1.0410196108391674,Call,SPXW,SPXW221007C04105000,29.35,0.2145,0.03665889638935794,0.9975941007061221
2022-10-07,24,0.06570841889117043,4110,1.0440187449008542,3943.249442429767,1.0422876006209447,Call,SPXW,SPXW221007C04110000,28.1,0.214,0.03665889638935794,0.9975941007061221
2022-10-07,24,0.06570841889117043,4115,1.0452888406975707,3943.249442429767,1.043555590402722,Call,SPXW,SPXW221007C04115000,26.9,0.2135,0.03665889638935794,0.9975941007061221
2022-10-07,24,0.06570841889117043,4120,1.046558936494287,3943.249442429767,1.0448235801844994,Call,SPXW,SPXW221007C04120000,25.700000000000003,0.2129,0.03665889638935794,0.9975941007061221
2022-10-07,24,0.06570841889117043,4125,1.0478290322910033,3943.249442429767,1.0460915699662767,Call,SPXW,SPXW221007C04125000,24.5,0.2122,0.03665889638935794,0.9975941007061221
2022-10-07,24,0.06570841889117043,4130,1.0490991280877198,3943.249442429767,1.047359559748054,Call,SPXW,SPXW221007C04130000,23.450000000000003,0.2118,0.03665889638935794,0.9975941007061221
2022-10-07,24,0.06570841889117043,4135,1.0503692238844362,3943.249442429767,1.0486275495298312,Call,SPXW,SPXW221007C04135000,22.4,0.2114,0.03665889638935794,0.9975941007061221
2022-10-07,24,0.06570841889117043,4140,1.0516393196811524,3943.249442429767,1.0498955393116085,Call,SPXW,SPXW221007C04140000,21.4,0.211,0.03665889638935794,0.9975941007061221
2022-10-07,24,0.06570841889117043,4145,1.0529094154778689,3943.249442429767,1.0511635290933858,Call,SPXW,SPXW221007C04145000,20.4,0.2104,0.03665889638935794,0.9975941007061221
2022-10-07,24,0.06570841889117043,4150,1.0541795112745853,3943.249442429767,1.0524315188751632,Call,SPXW,SPXW221007C04150000,19.450000000000003,0.21,0.03665889638935794,0.9975941007061221
2022-10-07,24,0.06570841889117043,4155,1.0554496070713015,3943.249442429767,1.0536995086569405,Call,SPXW,SPXW221007C04155000,18.549999999999997,0.2095,0.03665889638935794,0.9975941007061221
2022-10-07,24,0.06570841889117043,4160,1.056719702868018,3943.249442429767,1.0549674984387178,Call,SPXW,SPXW221007C04160000,17.75,0.2094,0.03665889638935794,0.9975941007061221
2022-10-07,24,0.06570841889117043,4165,1.0579897986647344,3943.249442429767,1.0562354882204952,Call,SPXW,SPXW221007C04165000,16.85,0.2088,0.03665889638935794,0.9975941007061221
2022-10-07,24,0.06570841889117043,4170,1.0592598944614506,3943.249442429767,1.0575034780022723,Call,SPXW,SPXW221007C04170000,16.1,0.2086,0.03665889638935794,0.9975941007061221
2022-10-07,24,0.06570841889117043,4175,1.060529990258167,3943.249442429767,1.0587714677840496,Call,SPXW,SPXW221007C04175000,15.35,0.2083,0.03665889638935794,0.9975941007061221
2022-10-07,24,0.06570841889117043,4180,1.0618000860548835,3943.249442429767,1.060039457565827,Call,SPXW,SPXW221007C04180000,14.65,0.2082,0.03665889638935794,0.9975941007061221
2022-10-07,24,0.06570841889117043,4185,1.0630701818515997,3943.249442429767,1.0613074473476043,Call,SPXW,SPXW221007C04185000,13.899999999999999,0.2076,0.03665889638935794,0.9975941007061221
2022-10-07,24,0.06570841889117043,4190,1.0643402776483162,3943.249442429767,1.0625754371293816,Call,SPXW,SPXW221007C04190000,13.3,0.2077,0.03665889638935794,0.9975941007061221
2022-10-07,24,0.06570841889117043,4195,1.0656103734450326,3943.249442429767,1.063843426911159,Call,SPXW,SPXW221007C04195000,12.65,0.2074,0.03665889638935794,0.9975941007061221
2022-10-07,24,0.06570841889117043,4200,1.0668804692417488,3943.249442429767,1.0651114166929363,Call,SPXW,SPXW221007C04200000,12.05,0.2072,0.03665889638935794,0.9975941007061221
2022-10-07,24,0.06570841889117043,4205,1.0681505650384653,3943.249442429767,1.0663794064747136,Call,SPXW,SPXW221007C04205000,11.45,0.2069,0.03665889638935794,0.9975941007061221
2022-10-07,24,0.06570841889117043,4210,1.0694206608351817,3943.249442429767,1.0676473962564907,Call,SPXW,SPXW221007C04210000,10.95,0.207,0.03665889638935794,0.9975941007061221
2022-10-07,24,0.06570841889117043,4220,1.0719608524286144,3943.249442429767,1.0701833758200454,Call,SPXW,SPXW221007C04220000,9.899999999999999,0.2066,0.03665889638935794,0.9975941007061221
2022-10-07,24,0.06570841889117043,4225,1.0732309482253308,3943.249442429767,1.0714513656018227,Call,SPXW,SPXW221007C04225000,9.45,0.2066,0.03665889638935794,0.9975941007061221
2022-10-07,24,0.06570841889117043,4230,1.074501044022047,3943.249442429767,1.0727193553836,Call,SPXW,SPXW221007C04230000,8.95,0.2063,0.03665889638935794,0.9975941007061221
2022-10-07,24,0.06570841889117043,4240,1.07704123561548,3943.249442429767,1.0752553349471548,Call,SPXW,SPXW221007C04240000,8.15,0.2065,0.03665889638935794,0.9975941007061221
2022-10-07,24,0.06570841889117043,4250,1.0795814272089126,3943.249442429767,1.0777913145107092,Call,SPXW,SPXW221007C04250000,7.35,0.2062,0.03665889638935794,0.9975941007061221
2022-10-07,24,0.06570841889117043,4260,1.0821216188023453,3943.249442429767,1.0803272940742639,Call,SPXW,SPXW221007C04260000,6.65,0.2062,0.03665889638935794,0.9975941007061221
2022-10-07,24,0.06570841889117043,4270,1.0846618103957781,3943.249442429767,1.0828632736378185,Call,SPXW,SPXW221007C04270000,6.05,0.2065,0.03665889638935794,0.9975941007061221
2022-10-07,24,0.06570841889117043,4275,1.0859319061924944,3943.249442429767,1.0841312634195959,Call,SPXW,SPXW221007C04275000,5.75,0.2065,0.03665889638935794,0.9975941007061221
2022-10-07,24,0.06570841889117043,4280,1.0872020019892108,3943.249442429767,1.0853992532013732,Call,SPXW,SPXW221007C04280000,5.45,0.2064,0.03665889638935794,0.9975941007061221
2022-10-07,24,0.06570841889117043,4300,1.0922823851760763,3943.249442429767,1.0904712123284823,Call,SPXW,SPXW221007C04300000,4.5,0.2071,0.03665889638935794,0.9975941007061221
2022-10-07,24,0.06570841889117043,4310,1.094822576769509,3943.249442429767,1.093007191892037,Call,SPXW,SPXW221007C04310000,4.1,0.2076,0.03665889638935794,0.9975941007061221
2022-10-10,27,0.07392197125256673,3250,0.825562267865639,3944.0733559099517,0.8240211848823944,Put,SPXW,SPXW221010P03250000,4.7,0.3873,0.036678912310065884,0.997292294962722
2022-10-10,27,0.07392197125256673,3300,0.8382632258328027,3944.0733559099517,0.8366984338805851,Put,SPXW,SPXW221010P03300000,5.6,0.373,0.036678912310065884,0.997292294962722
2022-10-10,27,0.07392197125256673,3350,0.8509641837999664,3944.0733559099517,0.8493756828787757,Put,SPXW,SPXW221010P03350000,6.65,0.3583,0.036678912310065884,0.997292294962722
2022-10-10,27,0.07392197125256673,3400,0.86366514176713,3944.0733559099517,0.8620529318769664,Put,SPXW,SPXW221010P03400000,8.0,0.3442,0.036678912310065884,0.997292294962722
2022-10-10,27,0.07392197125256673,3450,0.8763660997342937,3944.0733559099517,0.8747301808751571,Put,SPXW,SPXW221010P03450000,9.75,0.3309,0.036678912310065884,0.997292294962722
2022-10-10,27,0.07392197125256673,3500,0.8890670577014574,3944.0733559099517,0.8874074298733478,Put,SPXW,SPXW221010P03500000,12.05,0.3183,0.036678912310065884,0.997292294962722
2022-10-10,27,0.07392197125256673,3550,0.9017680156686211,3944.0733559099517,0.9000846788715385,Put,SPXW,SPXW221010P03550000,15.05,0.3064,0.036678912310065884,0.997292294962722
2022-10-10,27,0.07392197125256673,3600,0.9144689736357847,3944.0733559099517,0.9127619278697292,Put,SPXW,SPXW221010P03600000,19.0,0.2953,0.036678912310065884,0.997292294962722
2022-10-10,27,0.07392197125256673,3650,0.9271699316029485,3944.0733559099517,0.9254391768679199,Put,SPXW,SPXW221010P03650000,24.200000000000003,0.2851,0.036678912310065884,0.997292294962722
2022-10-10,27,0.07392197125256673,3700,0.9398708895701121,3944.0733559099517,0.9381164258661105,Put,SPXW,SPXW221010P03700000,31.05,0.2757,0.036678912310065884,0.997292294962722
2022-10-10,27,0.07392197125256673,3750,0.9525718475372758,3944.0733559099517,0.9507936748643012,Put,SPXW,SPXW221010P03750000,40.0,0.2673,0.036678912310065884,0.997292294962722
2022-10-10,27,0.07392197125256673,3775,0.9589223265208576,3944.0733559099517,0.9571322993633966,Put,SPXW,SPXW221010P03775000,45.349999999999994,0.2632,0.036678912310065884,0.997292294962722
2022-10-10,27,0.07392197125256673,3800,0.9652728055044395,3944.0733559099517,0.9634709238624919,Put,SPXW,SPXW221010P03800000,51.3,0.2591,0.036678912310065884,0.997292294962722
2022-10-10,27,0.07392197125256673,3825,0.9716232844880213,3944.0733559099517,0.9698095483615873,Put,SPXW,SPXW221010P03825000,57.9,0.2549,0.036678912310065884,0.997292294962722
2022-10-10,27,0.07392197125256673,3850,0.9779737634716031,3944.0733559099517,0.9761481728606826,Put,SPXW,SPXW221010P03850000,65.25,0.2508,0.036678912310065884,0.997292294962722
2022-10-10,27,0.07392197125256673,3860,0.9805139550650359,3944.0733559099517,0.9786836226603207,Put,SPXW,SPXW221010P03860000,68.4,0.2491,0.036678912310065884,0.997292294962722
2022-10-10,27,0.07392197125256673,3870,0.9830541466584686,3944.0733559099517,0.9812190724599589,Put,SPXW,SPXW221010P03870000,71.65,0.2474,0.036678912310065884,0.997292294962722
2022-10-10,27,0.07392197125256673,3875,0.984324242455185,3944.0733559099517,0.982486797359778,Put,SPXW,SPXW221010P03875000,73.35,0.2465,0.036678912310065884,0.997292294962722
2022-10-10,27,0.07392197125256673,3880,0.9855943382519013,3944.0733559099517,0.983754522259597,Put,SPXW,SPXW221010P03880000,75.0,0.2455,0.036678912310065884,0.997292294962722
2022-10-10,27,0.07392197125256673,3890,0.9881345298453341,3944.0733559099517,0.9862899720592351,Put,SPXW,SPXW221010P03890000,78.55,0.2439,0.036678912310065884,0.997292294962722
2022-10-10,27,0.07392197125256673,3900,0.9906747214387668,3944.0733559099517,0.9888254218588732,Put,SPXW,SPXW221010P03900000,82.2,0.2421,0.036678912310065884,0.997292294962722
2022-10-10,27,0.07392197125256673,3910,0.9932149130321996,3944.0733559099517,0.9913608716585114,Put,SPXW,SPXW221010P03910000,86.0,0.2403,0.036678912310065884,0.997292294962722
2022-10-10,27,0.07392197125256673,3920,0.9957551046256323,3944.0733559099517,0.9938963214581495,Put,SPXW,SPXW221010P03920000,89.95,0.2386,0.036678912310065884,0.997292294962722
2022-10-10,27,0.07392197125256673,3925,0.9970252004223487,3944.0733559099517,0.9951640463579686,Put,SPXW,SPXW221010P03925000,92.0,0.2378,0.036678912310065884,0.997292294962722
2022-10-10,27,0.07392197125256673,3930,0.998295296219065,3944.0733559099517,0.9964317712577877,Put,SPXW,SPXW221010P03930000,94.05,0.2369,0.036678912310065884,0.997292294962722
2022-10-10,27,0.07392197125256673,3940,1.0008354878124979,3944.0733559099517,0.9989672210574259,Put,SPXW,SPXW221010P03940000,98.30000000000001,0.2351,0.036678912310065884,0.997292294962722
2022-10-10,27,0.07392197125256673,3950,1.0033756794059305,3944.0733559099517,1.001502670857064,Call,SPXW,SPXW221010C03950000,95.35,0.233,0.036678912310065884,0.997292294962722
2022-10-10,27,0.07392197125256673,3980,1.0109962541862287,3944.0733559099517,1.0091090202559783,Call,SPXW,SPXW221010C03980000,79.45,0.2273,0.036678912310065884,0.997292294962722
2022-10-10,27,0.07392197125256673,3990,1.0135364457796614,3944.0733559099517,1.0116444700556164,Call,SPXW,SPXW221010C03990000,74.6,0.2257,0.036678912310065884,0.997292294962722
2022-10-10,27,0.07392197125256673,4000,1.0160766373730943,3944.0733559099517,1.0141799198552546,Call,SPXW,SPXW221010C04000000,69.75,0.2237,0.036678912310065884,0.997292294962722
2022-10-10,27,0.07392197125256673,4030,1.0236972121533925,3944.0733559099517,1.021786269254169,Call,SPXW,SPXW221010C04030000,56.6,0.2186,0.036678912310065884,0.997292294962722
2022-10-10,27,0.07392197125256673,4040,1.0262374037468251,3944.0733559099517,1.0243217190538072,Call,SPXW,SPXW221010C04040000,52.6,0.217,0.036678912310065884,0.997292294962722
2022-10-10,27,0.07392197125256673,4050,1.0287775953402578,3944.0733559099517,1.0268571688534454,Call,SPXW,SPXW221010C04050000,48.7,0.2152,0.036678912310065884,0.997292294962722
2022-10-10,27,0.07392197125256673,4060,1.0313177869336907,3944.0733559099517,1.0293926186530835,Call,SPXW,SPXW221010C04060000,45.1,0.2137,0.036678912310065884,0.997292294962722
2022-10-10,27,0.07392197125256673,4070,1.0338579785271234,3944.0733559099517,1.0319280684527217,Call,SPXW,SPXW221010C04070000,41.650000000000006,0.2122,0.036678912310065884,0.997292294962722
2022-10-10,27,0.07392197125256673,4075,1.0351280743238398,3944.0733559099517,1.0331957933525406,Call,SPXW,SPXW221010C04075000,40.0,0.2114,0.036678912310065884,0.997292294962722
2022-10-10,27,0.07392197125256673,4080,1.036398170120556,3944.0733559099517,1.0344635182523598,Call,SPXW,SPXW221010C04080000,38.4,0.2107,0.036678912310065884,0.997292294962722
2022-10-10,27,0.07392197125256673,4100,1.0414785533074216,3944.0733559099517,1.039534417851636,Call,SPXW,SPXW221010C04100000,32.5,0.2081,0.036678912310065884,0.997292294962722
2022-10-10,27,0.07392197125256673,4125,1.0478290322910033,3944.0733559099517,1.0458730423507314,Call,SPXW,SPXW221010C04125000,26.1,0.2051,0.036678912310065884,0.997292294962722
2022-10-10,27,0.07392197125256673,4150,1.0541795112745853,3944.0733559099517,1.0522116668498267,Call,SPXW,SPXW221010C04150000,20.85,0.2028,0.036678912310065884,0.997292294962722
2022-10-10,27,0.07392197125256673,4200,1.0668804692417488,3944.0733559099517,1.0648889158480173,Call,SPXW,SPXW221010C04200000,12.95,0.1993,0.036678912310065884,0.997292294962722
2022-10-10,27,0.07392197125256673,4300,1.0922823851760763,3944.0733559099517,1.0902434138443988,Call,SPXW,SPXW221010C04300000,4.8,0.1977,0.036678912310065884,0.997292294962722
2022-10-14,31,0.08487337440109514,3100,0.787459393964148,3945.174096903203,0.7857701393794942,Put,SPXW,SPXW221014P03100000,4.2,0.4273,0.03670531362949347,0.996889543697636
2022-10-14,31,0.08487337440109514,3150,0.8001603519313116,3945.174096903203,0.7984438513049699,Put,SPXW,SPXW221014P03150000,4.8,0.412,0.03670531362949347,0.996889543697636
2022-10-14,31,0.08487337440109514,3200,0.8128613098984754,3945.174096903203,0.8111175632304456,Put,SPXW,SPXW221014P03200000,5.6,0.398,0.03670531362949347,0.996889543697636
2022-10-14,31,0.08487337440109514,3250,0.825562267865639,3945.174096903203,0.8237912751559213,Put,SPXW,SPXW221014P03250000,6.5,0.3835,0.03670531362949347,0.996889543697636
2022-10-14,31,0.08487337440109514,3300,0.8382632258328027,3945.174096903203,0.836464987081397,Put,SPXW,SPXW221014P03300000,7.6,0.3694,0.03670531362949347,0.996889543697636
2022-10-14,31,0.08487337440109514,3350,0.8509641837999664,3945.174096903203,0.8491386990068728,Put,SPXW,SPXW221014P03350000,8.95,0.3555,0.03670531362949347,0.996889543697636
2022-10-14,31,0.08487337440109514,3375,0.8573146627835482,3945.174096903203,0.8554755549696106,Put,SPXW,SPXW221014P03375000,9.75,0.3488,0.03670531362949347,0.996889543697636
2022-10-14,31,0.08487337440109514,3400,0.86366514176713,3945.174096903203,0.8618124109323485,Put,SPXW,SPXW221014P03400000,10.65,0.3423,0.03670531362949347,0.996889543697636
2022-10-14,31,0.08487337440109514,3425,0.8700156207507119,3945.174096903203,0.8681492668950863,Put,SPXW,SPXW221014P03425000,11.75,0.3365,0.03670531362949347,0.996889543697636
2022-10-14,31,0.08487337440109514,3440,0.873825908140861,3945.174096903203,0.871951380472729,Put,SPXW,SPXW221014P03440000,12.45,0.3328,0.03670531362949347,0.996889543697636
2022-10-14,31,0.08487337440109514,3450,0.8763660997342937,3945.174096903203,0.8744861228578242,Put,SPXW,SPXW221014P03450000,12.95,0.3305,0.03670531362949347,0.996889543697636
2022-10-14,31,0.08487337440109514,3460,0.8789062913277265,3945.174096903203,0.8770208652429193,Put,SPXW,SPXW221014P03460000,13.45,0.328,0.03670531362949347,0.996889543697636
2022-10-14,31,0.08487337440109514,3470,0.8814464829211592,3945.174096903203,0.8795556076280144,Put,SPXW,SPXW221014P03470000,13.95,0.3254,0.03670531362949347,0.996889543697636
2022-10-14,31,0.08487337440109514,3475,0.8827165787178756,3945.174096903203,0.880822978820562,Put,SPXW,SPXW221014P03475000,14.25,0.3244,0.03670531362949347,0.996889543697636
2022-10-14,31,0.08487337440109514,3480,0.8839866745145919,3945.174096903203,0.8820903500131096,Put,SPXW,SPXW221014P03480000,14.55,0.3233,0.03670531362949347,0.996889543697636
2022-10-14,31,0.08487337440109514,3490,0.8865268661080247,3945.174096903203,0.8846250923982047,Put,SPXW,SPXW221014P03490000,15.15,0.321,0.03670531362949347,0.996889543697636
2022-10-14,31,0.08487337440109514,3500,0.8890670577014574,3945.174096903203,0.8871598347833,Put,SPXW,SPXW221014P03500000,15.8,0.3189,0.03670531362949347,0.996889543697636
2022-10-14,31,0.08487337440109514,3510,0.8916072492948901,3945.174096903203,0.8896945771683951,Put,SPXW,SPXW221014P03510000,16.450000000000003,0.3166,0.03670531362949347,0.996889543697636
2022-10-14,31,0.08487337440109514,3520,0.8941474408883229,3945.174096903203,0.8922293195534902,Put,SPXW,SPXW221014P03520000,17.15,0.3144,0.03670531362949347,0.996889543697636
2022-10-14,31,0.08487337440109514,3525,0.8954175366850392,3945.174096903203,0.8934966907460378,Put,SPXW,SPXW221014P03525000,17.5,0.3133,0.03670531362949347,0.996889543697636
2022-10-14,31,0.08487337440109514,3530,0.8966876324817556,3945.174096903203,0.8947640619385854,Put,SPXW,SPXW221014P03530000,17.9,0.3124,0.03670531362949347,0.996889543697636
2022-10-14,31,0.08487337440109514,3540,0.8992278240751883,3945.174096903203,0.8972988043236805,Put,SPXW,SPXW221014P03540000,18.65,0.3101,0.03670531362949347,0.996889543697636
2022-10-14,31,0.08487337440109514,3550,0.9017680156686211,3945.174096903203,0.8998335467087756,Put,SPXW,SPXW221014P03550000,19.450000000000003,0.308,0.03670531362949347,0.996889543697636
2022-10-14,31,0.08487337440109514,3560,0.9043082072620539,3945.174096903203,0.9023682890938708,Put,SPXW,SPXW221014P03560000,20.35,0.3061,0.03670531362949347,0.996889543697636
2022-10-14,31,0.08487337440109514,3570,0.9068483988554865,3945.174096903203,0.9049030314789659,Put,SPXW,SPXW221014P03570000,21.25,0.3041,0.03670531362949347,0.996889543697636
2022-10-14,31,0.08487337440109514,3575,0.908118494652203,3945.174096903203,0.9061704026715135,Put,SPXW,SPXW221014P03575000,21.75,0.3032,0.03670531362949347,0.996889543697636
2022-10-14,31,0.08487337440109514,3580,0.9093885904489193,3945.174096903203,0.9074377738640611,Put,SPXW,SPXW221014P03580000,22.25,0.3023,0.03670531362949347,0.996889543697636
2022-10-14,31,0.08487337440109514,3590,0.9119287820423521,3945.174096903203,0.9099725162491562,Put,SPXW,SPXW221014P03590000,23.200000000000003,0.3001,0.03670531362949347,0.996889543697636
2022-10-14,31,0.08487337440109514,3600,0.9144689736357847,3945.174096903203,0.9125072586342513,Put,SPXW,SPXW221014P03600000,24.25,0.2982,0.03670531362949347,0.996889543697636
2022-10-14,31,0.08487337440109514,3610,0.9170091652292175,3945.174096903203,0.9150420010193465,Put,SPXW,SPXW221014P03610000,25.4,0.2965,0.03670531362949347,0.996889543697636
2022-10-14,31,0.08487337440109514,3620,0.9195493568226503,3945.174096903203,0.9175767434044416,Put,SPXW,SPXW221014P03620000,26.549999999999997,0.2945,0.03670531362949347,0.996889543697636
2022-10-14,31,0.08487337440109514,3625,0.9208194526193666,3945.174096903203,0.9188441145969892,Put,SPXW,SPXW221014P03625000,27.15,0.2936,0.03670531362949347,0.996889543697636
2022-10-14,31,0.08487337440109514,3630,0.9220895484160829,3945.174096903203,0.9201114857895367,Put,SPXW,SPXW221014P03630000,27.799999999999997,0.2928,0.03670531362949347,0.996889543697636
2022-10-14,31,0.08487337440109514,3640,0.9246297400095157,3945.174096903203,0.9226462281746319,Put,SPXW,SPXW221014P03640000,29.1,0.2911,0.03670531362949347,0.996889543697636
2022-10-14,31,0.08487337440109514,3650,0.9271699316029485,3945.174096903203,0.925180970559727,Put,SPXW,SPXW221014P03650000,30.4,0.2891,0.03670531362949347,0.996889543697636
2022-10-14,31,0.08487337440109514,3660,0.9297101231963811,3945.174096903203,0.9277157129448221,Put,SPXW,SPXW221014P03660000,31.9,0.2878,0.03670531362949347,0.996889543697636
2022-10-14,31,0.08487337440109514,3670,0.9322503147898139,3945.174096903203,0.9302504553299173,Put,SPXW,SPXW221014P03670000,33.349999999999994,0.2858,0.03670531362949347,0.996889543697636
2022-10-14,31,0.08487337440109514,3675,0.9335204105865302,3945.174096903203,0.931517826522465,Put,SPXW,SPXW221014P03675000,34.15,0.2851,0.03670531362949347,0.996889543697636
2022-10-14,31,0.08487337440109514,3680,0.9347905063832467,3945.174096903203,0.9327851977150124,Put,SPXW,SPXW221014P03680000,34.95,0.2842,0.03670531362949347,0.996889543697636
2022-10-14,31,0.08487337440109514,3690,0.9373306979766793,3945.174096903203,0.9353199401001077,Put,SPXW,SPXW221014P03690000,36.6,0.2826,0.03670531362949347,0.996889543697636
2022-10-14,31,0.08487337440109514,3700,0.9398708895701121,3945.174096903203,0.9378546824852028,Put,SPXW,SPXW221014P03700000,38.3,0.2809,0.03670531362949347,0.996889543697636
2022-10-14,31,0.08487337440109514,3710,0.9424110811635449,3945.174096903203,0.9403894248702979,Put,SPXW,SPXW221014P03710000,40.150000000000006,0.2795,0.03670531362949347,0.996889543697636
2022-10-14,31,0.08487337440109514,3715,0.9436811769602612,3945.174096903203,0.9416567960628455,Put,SPXW,SPXW221014P03715000,41.05,0.2788,0.03670531362949347,0.996889543697636
2022-10-14,31,0.08487337440109514,3720,0.9449512727569775,3945.174096903203,0.9429241672553931,Put,SPXW,SPXW221014P03720000,42.05,0.278,0.03670531362949347,0.996889543697636
2022-10-14,31,0.08487337440109514,3725,0.946221368553694,3945.174096903203,0.9441915384479406,Put,SPXW,SPXW221014P03725000,42.95,0.2771,0.03670531362949347,0.996889543697636
2022-10-14,31,0.08487337440109514,3730,0.9474914643504103,3945.174096903203,0.9454589096404882,Put,SPXW,SPXW221014P03730000,43.95,0.2762,0.03670531362949347,0.996889543697636
2022-10-14,31,0.08487337440109514,3735,0.9487615601471266,3945.174096903203,0.9467262808330358,Put,SPXW,SPXW221014P03735000,45.05,0.2757,0.03670531362949347,0.996889543697636
2022-10-14,31,0.08487337440109514,3740,0.9500316559438431,3945.174096903203,0.9479936520255833,Put,SPXW,SPXW221014P03740000,46.05,0.2748,0.03670531362949347,0.996889543697636
2022-10-14,31,0.08487337440109514,3745,0.9513017517405594,3945.174096903203,0.9492610232181309,Put,SPXW,SPXW221014P03745000,47.150000000000006,0.2741,0.03670531362949347,0.996889543697636
2022-10-14,31,0.08487337440109514,3750,0.9525718475372758,3945.174096903203,0.9505283944106785,Put,SPXW,SPXW221014P03750000,48.2,0.2732,0.03670531362949347,0.996889543697636
2022-10-14,31,0.08487337440109514,3755,0.9538419433339922,3945.174096903203,0.9517957656032261,Put,SPXW,SPXW221014P03755000,49.349999999999994,0.2726,0.03670531362949347,0.996889543697636
2022-10-14,31,0.08487337440109514,3760,0.9551120391307085,3945.174096903203,0.9530631367957736,Put,SPXW,SPXW221014P03760000,50.45,0.2718,0.03670531362949347,0.996889543697636
2022-10-14,31,0.08487337440109514,3765,0.9563821349274249,3945.174096903203,0.9543305079883212,Put,SPXW,SPXW221014P03765000,51.6,0.271,0.03670531362949347,0.996889543697636
2022-10-14,31,0.08487337440109514,3770,0.9576522307241413,3945.174096903203,0.9555978791808688,Put,SPXW,SPXW221014P03770000,52.8,0.2703,0.03670531362949347,0.996889543697636
2022-10-14,31,0.08487337440109514,3775,0.9589223265208576,3945.174096903203,0.9568652503734163,Put,SPXW,SPXW221014P03775000,54.0,0.2695,0.03670531362949347,0.996889543697636
2022-10-14,31,0.08487337440109514,3780,0.960192422317574,3945.174096903203,0.9581326215659639,Put,SPXW,SPXW221014P03780000,55.2,0.2687,0.03670531362949347,0.996889543697636
2022-10-14,31,0.08487337440109514,3785,0.9614625181142904,3945.174096903203,0.9593999927585115,Put,SPXW,SPXW221014P03785000,56.45,0.268,0.03670531362949347,0.996889543697636
2022-10-14,31,0.08487337440109514,3790,0.9627326139110067,3945.174096903203,0.960667363951059,Put,SPXW,SPXW221014P03790000,57.7,0.2671,0.03670531362949347,0.996889543697636
2022-10-14,31,0.08487337440109514,3795,0.9640027097077231,3945.174096903203,0.9619347351436066,Put,SPXW,SPXW221014P03795000,59.0,0.2664,0.03670531362949347,0.996889543697636
2022-10-14,31,0.08487337440109514,3800,0.9652728055044395,3945.174096903203,0.9632021063361542,Put,SPXW,SPXW221014P03800000,60.3,0.2656,0.03670531362949347,0.996889543697636
2022-10-14,31,0.08487337440109514,3805,0.9665429013011558,3945.174096903203,0.9644694775287017,Put,SPXW,SPXW221014P03805000,61.7,0.2649,0.03670531362949347,0.996889543697636
2022-10-14,31,0.08487337440109514,3810,0.9678129970978722,3945.174096903203,0.9657368487212493,Put,SPXW,SPXW221014P03810000,63.0,0.264,0.03670531362949347,0.996889543697636
2022-10-14,31,0.08487337440109514,3815,0.9690830928945886,3945.174096903203,0.9670042199137969,Put,SPXW,SPXW221014P03815000,64.4,0.2632,0.03670531362949347,0.996889543697636
2022-10-14,31,0.08487337440109514,3820,0.9703531886913049,3945.174096903203,0.9682715911063444,Put,SPXW,SPXW221014P03820000,65.8,0.2624,0.03670531362949347,0.996889543697636
2022-10-14,31,0.08487337440109514,3825,0.9716232844880213,3945.174096903203,0.969538962298892,Put,SPXW,SPXW221014P03825000,67.3,0.2618,0.03670531362949347,0.996889543697636
2022-10-14,31,0.08487337440109514,3830,0.9728933802847377,3945.174096903203,0.9708063334914396,Put,SPXW,SPXW221014P03830000,68.75,0.2609,0.03670531362949347,0.996889543697636
2022-10-14,31,0.08487337440109514,3835,0.974163476081454,3945.174096903203,0.9720737046839872,Put,SPXW,SPXW221014P03835000,70.25,0.2601,0.03670531362949347,0.996889543697636
2022-10-14,31,0.08487337440109514,3840,0.9754335718781704,3945.174096903203,0.9733410758765347,Put,SPXW,SPXW221014P03840000,71.75,0.2593,0.03670531362949347,0.996889543697636
2022-10-14,31,0.08487337440109514,3845,0.9767036676748868,3945.174096903203,0.9746084470690823,Put,SPXW,SPXW221014P03845000,73.3,0.2585,0.03670531362949347,0.996889543697636
2022-10-14,31,0.08487337440109514,3850,0.9779737634716031,3945.174096903203,0.97587581826163,Put,SPXW,SPXW221014P03850000,74.85,0.2576,0.03670531362949347,0.996889543697636
2022-10-14,31,0.08487337440109514,3855,0.9792438592683195,3945.174096903203,0.9771431894541774,Put,SPXW,SPXW221014P03855000,76.5,0.2569,0.03670531362949347,0.996889543697636
2022-10-14,31,0.08487337440109514,3860,0.9805139550650359,3945.174096903203,0.978410560646725,Put,SPXW,SPXW221014P03860000,78.1,0.256,0.03670531362949347,0.996889543697636
2022-10-14,31,0.08487337440109514,3865,0.9817840508617522,3945.174096903203,0.9796779318392727,Put,SPXW,SPXW221014P03865000,79.75,0.2552,0.03670531362949347,0.996889543697636
2022-10-14,31,0.08487337440109514,3870,0.9830541466584686,3945.174096903203,0.9809453030318201,Put,SPXW,SPXW221014P03870000,81.4,0.2543,0.03670531362949347,0.996889543697636
2022-10-14,31,0.08487337440109514,3875,0.984324242455185,3945.174096903203,0.9822126742243678,Put,SPXW,SPXW221014P03875000,83.2,0.2537,0.03670531362949347,0.996889543697636
2022-10-14,31,0.08487337440109514,3880,0.9855943382519013,3945.174096903203,0.9834800454169154,Put,SPXW,SPXW221014P03880000,84.95,0.2529,0.03670531362949347,0.996889543697636
2022-10-14,31,0.08487337440109514,3885,0.9868644340486177,3945.174096903203,0.9847474166094629,Put,SPXW,SPXW221014P03885000,86.7,0.252,0.03670531362949347,0.996889543697636
2022-10-14,31,0.08487337440109514,3890,0.9881345298453341,3945.174096903203,0.9860147878020105,Put,SPXW,SPXW221014P03890000,88.55,0.2513,0.03670531362949347,0.996889543697636
2022-10-14,31,0.08487337440109514,3895,0.9894046256420505,3945.174096903203,0.9872821589945581,Put,SPXW,SPXW221014P03895000,90.3,0.2502,0.03670531362949347,0.996889543697636
2022-10-14,31,0.08487337440109514,3900,0.9906747214387668,3945.174096903203,0.9885495301871056,Put,SPXW,SPXW221014P03900000,92.25,0.2496,0.03670531362949347,0.996889543697636
2022-10-14,31,0.08487337440109514,3905,0.9919448172354832,3945.174096903203,0.9898169013796532,Put,SPXW,SPXW221014P03905000,94.15,0.2487,0.03670531362949347,0.996889543697636
2022-10-14,31,0.08487337440109514,3910,0.9932149130321996,3945.174096903203,0.9910842725722008,Put,SPXW,SPXW221014P03910000,95.95,0.2476,0.03670531362949347,0.996889543697636
2022-10-14,31,0.08487337440109514,3915,0.9944850088289159,3945.174096903203,0.9923516437647483,Put,SPXW,SPXW221014P03915000,98.0,0.247,0.03670531362949347,0.996889543697636
2022-10-14,31,0.08487337440109514,3920,0.9957551046256323,3945.174096903203,0.9936190149572959,Put,SPXW,SPXW221014P03920000,99.95,0.246,0.03670531362949347,0.996889543697636
2022-10-14,31,0.08487337440109514,3925,0.9970252004223487,3945.174096903203,0.9948863861498435,Put,SPXW,SPXW221014P03925000,101.95,0.2451,0.03670531362949347,0.996889543697636
2022-10-14,31,0.08487337440109514,3930,0.998295296219065,3945.174096903203,0.9961537573423911,Put,SPXW,SPXW221014P03930000,104.1,0.2445,0.03670531362949347,0.996889543697636
2022-10-14,31,0.08487337440109514,3935,0.9995653920157814,3945.174096903203,0.9974211285349386,Put,SPXW,SPXW221014P03935000,106.15,0.2435,0.03670531362949347,0.996889543697636
2022-10-14,31,0.08487337440109514,3940,1.0008354878124979,3945.174096903203,0.9986884997274862,Put,SPXW,SPXW221014P03940000,108.3,0.2427,0.03670531362949347,0.996889543697636
2022-10-14,31,0.08487337440109514,3945,1.002105583609214,3945.174096903203,0.9999558709200338,Put,SPXW,SPXW221014P03945000,110.45,0.2418,0.03670531362949347,0.996889543697636
2022-10-14,31,0.08487337440109514,3950,1.0033756794059305,3945.174096903203,1.0012232421125813,Call,SPXW,SPXW221014C03950000,106.6,0.2406,0.03670531362949347,0.996889543697636
2022-10-14,31,0.08487337440109514,3955,1.004645775202647,3945.174096903203,1.0024906133051288,Call,SPXW,SPXW221014C03955000,103.85,0.2398,0.03670531362949347,0.996889543697636
2022-10-14,31,0.08487337440109514,3960,1.0059158709993632,3945.174096903203,1.0037579844976765,Call,SPXW,SPXW221014C03960000,101.05,0.2387,0.03670531362949347,0.996889543697636
2022-10-14,31,0.08487337440109514,3965,1.0071859667960796,3945.174096903203,1.005025355690224,Call,SPXW,SPXW221014C03965000,98.45,0.2381,0.03670531362949347,0.996889543697636
2022-10-14,31,0.08487337440109514,3970,1.008456062592796,3945.174096903203,1.0062927268827717,Call,SPXW,SPXW221014C03970000,95.8,0.2372,0.03670531362949347,0.996889543697636
2022-10-14,31,0.08487337440109514,3975,1.0097261583895123,3945.174096903203,1.0075600980753192,Call,SPXW,SPXW221014C03975000,93.2,0.2363,0.03670531362949347,0.996889543697636
2022-10-14,31,0.08487337440109514,3980,1.0109962541862287,3945.174096903203,1.0088274692678667,Call,SPXW,SPXW221014C03980000,90.55,0.2353,0.03670531362949347,0.996889543697636
2022-10-14,31,0.08487337440109514,3985,1.0122663499829452,3945.174096903203,1.0100948404604144,Call,SPXW,SPXW221014C03985000,88.05,0.2345,0.03670531362949347,0.996889543697636
2022-10-14,31,0.08487337440109514,3990,1.0135364457796614,3945.174096903203,1.011362211652962,Call,SPXW,SPXW221014C03990000,85.6,0.2338,0.03670531362949347,0.996889543697636
2022-10-14,31,0.08487337440109514,3995,1.0148065415763778,3945.174096903203,1.0126295828455094,Call,SPXW,SPXW221014C03995000,83.05,0.2327,0.03670531362949347,0.996889543697636
2022-10-14,31,0.08487337440109514,4000,1.0160766373730943,3945.174096903203,1.0138969540380571,Call,SPXW,SPXW221014C04000000,80.65,0.2319,0.03670531362949347,0.996889543697636
2022-10-14,31,0.08487337440109514,4005,1.0173467331698105,3945.174096903203,1.0151643252306046,Call,SPXW,SPXW221014C04005000,78.3,0.2311,0.03670531362949347,0.996889543697636
2022-10-14,31,0.08487337440109514,4010,1.018616828966527,3945.174096903203,1.0164316964231521,Call,SPXW,SPXW221014C04010000,75.95,0.2302,0.03670531362949347,0.996889543697636
2022-10-14,31,0.08487337440109514,4015,1.0198869247632434,3945.174096903203,1.0176990676156998,Call,SPXW,SPXW221014C04015000,73.65,0.2293,0.03670531362949347,0.996889543697636
2022-10-14,31,0.08487337440109514,4020,1.0211570205599596,3945.174096903203,1.0189664388082473,Call,SPXW,SPXW221014C04020000,71.4,0.2285,0.03670531362949347,0.996889543697636
2022-10-14,31,0.08487337440109514,4025,1.022427116356676,3945.174096903203,1.0202338100007948,Call,SPXW,SPXW221014C04025000,69.2,0.2277,0.03670531362949347,0.996889543697636
2022-10-14,31,0.08487337440109514,4030,1.0236972121533925,3945.174096903203,1.0215011811933425,Call,SPXW,SPXW221014C04030000,67.0,0.2268,0.03670531362949347,0.996889543697636
2022-10-14,31,0.08487337440109514,4035,1.0249673079501087,3945.174096903203,1.02276855238589,Call,SPXW,SPXW221014C04035000,64.9,0.2261,0.03670531362949347,0.996889543697636
2022-10-14,31,0.08487337440109514,4040,1.0262374037468251,3945.174096903203,1.0240359235784375,Call,SPXW,SPXW221014C04040000,62.8,0.2252,0.03670531362949347,0.996889543697636
2022-10-14,31,0.08487337440109514,4045,1.0275074995435416,3945.174096903203,1.0253032947709853,Call,SPXW,SPXW221014C04045000,60.8,0.2245,0.03670531362949347,0.996889543697636
2022-10-14,31,0.08487337440109514,4050,1.0287775953402578,3945.174096903203,1.0265706659635327,Call,SPXW,SPXW221014C04050000,58.8,0.2237,0.03670531362949347,0.996889543697636
2022-10-14,31,0.08487337440109514,4055,1.0300476911369743,3945.174096903203,1.0278380371560802,Call,SPXW,SPXW221014C04055000,56.8,0.2228,0.03670531362949347,0.996889543697636
2022-10-14,31,0.08487337440109514,4060,1.0313177869336907,3945.174096903203,1.029105408348628,Call,SPXW,SPXW221014C04060000,54.9,0.2221,0.03670531362949347,0.996889543697636
2022-10-14,31,0.08487337440109514,4065,1.032587882730407,3945.174096903203,1.0303727795411755,Call,SPXW,SPXW221014C04065000,53.0,0.2213,0.03670531362949347,0.996889543697636
2022-10-14,31,0.08487337440109514,4070,1.0338579785271234,3945.174096903203,1.031640150733723,Call,SPXW,SPXW221014C04070000,51.2,0.2206,0.03670531362949347,0.996889543697636
2022-10-14,31,0.08487337440109514,4075,1.0351280743238398,3945.174096903203,1.0329075219262707,Call,SPXW,SPXW221014C04075000,49.45,0.2199,0.03670531362949347,0.996889543697636
2022-10-14,31,0.08487337440109514,4080,1.036398170120556,3945.174096903203,1.0341748931188182,Call,SPXW,SPXW221014C04080000,47.7,0.2192,0.03670531362949347,0.996889543697636
2022-10-14,31,0.08487337440109514,4090,1.038938361713989,3945.174096903203,1.0367096355039134,Call,SPXW,SPXW221014C04090000,44.349999999999994,0.2177,0.03670531362949347,0.996889543697636
2022-10-14,31,0.08487337440109514,4095,1.0402084575107051,3945.174096903203,1.0379770066964609,Call,SPXW,SPXW221014C04095000,42.75,0.2171,0.03670531362949347,0.996889543697636
2022-10-14,31,0.08487337440109514,4100,1.0414785533074216,3945.174096903203,1.0392443778890084,Call,SPXW,SPXW221014C04100000,41.2,0.2163,0.03670531362949347,0.996889543697636
2022-10-14,31,0.08487337440109514,4105,1.042748649104138,3945.174096903203,1.040511749081556,Call,SPXW,SPXW221014C04105000,39.650000000000006,0.2157,0.03670531362949347,0.996889543697636
2022-10-14,31,0.08487337440109514,4110,1.0440187449008542,3945.174096903203,1.0417791202741036,Call,SPXW,SPXW221014C04110000,38.25,0.2151,0.03670531362949347,0.996889543697636
2022-10-14,31,0.08487337440109514,4115,1.0452888406975707,3945.174096903203,1.043046491466651,Call,SPXW,SPXW221014C04115000,36.75,0.2144,0.03670531362949347,0.996889543697636
2022-10-14,31,0.08487337440109514,4120,1.046558936494287,3945.174096903203,1.0443138626591988,Call,SPXW,SPXW221014C04120000,35.349999999999994,0.2138,0.03670531362949347,0.996889543697636
2022-10-14,31,0.08487337440109514,4125,1.0478290322910033,3945.174096903203,1.0455812338517463,Call,SPXW,SPXW221014C04125000,34.05,0.2134,0.03670531362949347,0.996889543697636
2022-10-14,31,0.08487337440109514,4130,1.0490991280877198,3945.174096903203,1.046848605044294,Call,SPXW,SPXW221014C04130000,32.75,0.2127,0.03670531362949347,0.996889543697636
2022-10-14,31,0.08487337440109514,4140,1.0516393196811524,3945.174096903203,1.049383347429389,Call,SPXW,SPXW221014C04140000,30.25,0.2116,0.03670531362949347,0.996889543697636
2022-10-14,31,0.08487337440109514,4150,1.0541795112745853,3945.174096903203,1.0519180898144842,Call,SPXW,SPXW221014C04150000,27.9,0.2107,0.03670531362949347,0.996889543697636
2022-10-14,31,0.08487337440109514,4155,1.0554496070713015,3945.174096903203,1.0531854610070317,Call,SPXW,SPXW221014C04155000,26.799999999999997,0.2102,0.03670531362949347,0.996889543697636
2022-10-14,31,0.08487337440109514,4160,1.056719702868018,3945.174096903203,1.0544528321995794,Call,SPXW,SPXW221014C04160000,25.700000000000003,0.2097,0.03670531362949347,0.996889543697636
2022-10-14,31,0.08487337440109514,4170,1.0592598944614506,3945.174096903203,1.0569875745846744,Call,SPXW,SPXW221014C04170000,23.700000000000003,0.2089,0.03670531362949347,0.996889543697636
2022-10-14,31,0.08487337440109514,4175,1.060529990258167,3945.174096903203,1.0582549457772221,Call,SPXW,SPXW221014C04175000,22.700000000000003,0.2084,0.03670531362949347,0.996889543697636
2022-10-14,31,0.08487337440109514,4180,1.0618000860548835,3945.174096903203,1.0595223169697696,Call,SPXW,SPXW221014C04180000,21.799999999999997,0.2081,0.03670531362949347,0.996889543697636
2022-10-14,31,0.08487337440109514,4190,1.0643402776483162,3945.174096903203,1.0620570593548648,Call,SPXW,SPXW221014C04190000,20.0,0.2072,0.03670531362949347,0.996889543697636
2022-10-14,31,0.08487337440109514,4200,1.0668804692417488,3945.174096903203,1.0645918017399598,Call,SPXW,SPXW221014C04200000,18.35,0.2065,0.03670531362949347,0.996889543697636
2022-10-14,31,0.08487337440109514,4210,1.0694206608351817,3945.174096903203,1.067126544125055,Call,SPXW,SPXW221014C04210000,16.85,0.2059,0.03670531362949347,0.996889543697636
2022-10-14,31,0.08487337440109514,4220,1.0719608524286144,3945.174096903203,1.0696612865101502,Call,SPXW,SPXW221014C04220000,15.5,0.2056,0.03670531362949347,0.996889543697636
2022-10-14,31,0.08487337440109514,4225,1.0732309482253308,3945.174096903203,1.0709286577026977,Call,SPXW,SPXW221014C04225000,14.8,0.2052,0.03670531362949347,0.996889543697636
2022-10-14,31,0.08487337440109514,4230,1.074501044022047,3945.174096903203,1.0721960288952452,Call,SPXW,SPXW221014C04230000,14.2,0.2051,0.03670531362949347,0.996889543697636
2022-10-14,31,0.08487337440109514,4240,1.07704123561548,3945.174096903203,1.0747307712803404,Call,SPXW,SPXW221014C04240000,12.95,0.2044,0.03670531362949347,0.996889543697636
2022-10-14,31,0.08487337440109514,4250,1.0795814272089126,3945.174096903203,1.0772655136654357,Call,SPXW,SPXW221014C04250000,11.85,0.204,0.03670531362949347,0.996889543697636
2022-10-14,31,0.08487337440109514,4260,1.0821216188023453,3945.174096903203,1.0798002560505306,Call,SPXW,SPXW221014C04260000,10.85,0.2037,0.03670531362949347,0.996889543697636
2022-10-14,31,0.08487337440109514,4270,1.0846618103957781,3945.174096903203,1.0823349984356259,Call,SPXW,SPXW221014C04270000,9.95,0.2036,0.03670531362949347,0.996889543697636
2022-10-14,31,0.08487337440109514,4275,1.0859319061924944,3945.174096903203,1.0836023696281734,Call,SPXW,SPXW221014C04275000,9.45,0.2032,0.03670531362949347,0.996889543697636
2022-10-14,31,0.08487337440109514,4280,1.0872020019892108,3945.174096903203,1.084869740820721,Call,SPXW,SPXW221014C04280000,9.05,0.2032,0.03670531362949347,0.996889543697636
2022-10-14,31,0.08487337440109514,4290,1.0897421935826435,3945.174096903203,1.087404483205816,Call,SPXW,SPXW221014C04290000,8.25,0.2029,0.03670531362949347,0.996889543697636
2022-10-14,31,0.08487337440109514,4300,1.0922823851760763,3945.174096903203,1.0899392255909113,Call,SPXW,SPXW221014C04300000,7.55,0.2028,0.03670531362949347,0.996889543697636
2022-10-14,31,0.08487337440109514,4310,1.094822576769509,3945.174096903203,1.0924739679760065,Call,SPXW,SPXW221014C04310000,6.9,0.2028,0.03670531362949347,0.996889543697636
2022-10-14,31,0.08487337440109514,4325,1.098632864159658,3945.174096903203,1.0962760815536492,Call,SPXW,SPXW221014C04325000,6.0,0.2026,0.03670531362949347,0.996889543697636
2022-10-14,31,0.08487337440109514,4350,1.1049833431432399,3945.174096903203,1.1026129375163871,Call,SPXW,SPXW221014C04350000,4.8,0.203,0.03670531362949347,0.996889543697636
2022-10-21,38,0.10329682865617158,2975,0.7557069990462388,3947.0314082761042,0.7537310176356954,Put,SPX,SPX221021P02975000,4.2,0.4442,0.03674899554395874,0.9962111412114044
2022-10-21,38,0.10329682865617158,3000,0.7620574780298206,3947.0314082761042,0.7600648917334744,Put,SPX,SPX221021P03000000,4.4,0.436,0.03674899554395874,0.9962111412114044
2022-10-21,38,0.10329682865617158,3025,0.7684079570134025,3947.0314082761042,0.7663987658312533,Put,SPX,SPX221021P03025000,4.7,0.4291,0.03674899554395874,0.9962111412114044
2022-10-21,38,0.10329682865617158,3050,0.7747584359969844,3947.0314082761042,0.7727326399290323,Put,SPX,SPX221021P03050000,5.0,0.422,0.03674899554395874,0.9962111412114044
2022-10-21,38,0.10329682865617158,3075,0.7811089149805661,3947.0314082761042,0.7790665140268113,Put,SPX,SPX221021P03075000,5.3,0.4146,0.03674899554395874,0.9962111412114044
2022-10-21,38,0.10329682865617158,3080,0.7823790107772826,3947.0314082761042,0.780333288846367,Put,SPX,SPX221021P03080000,5.4,0.4136,0.03674899554395874,0.9962111412114044
2022-10-21,38,0.10329682865617158,3090,0.7849192023707152,3947.0314082761042,0.7828668384854786,Put,SPX,SPX221021P03090000,5.5,0.4103,0.03674899554395874,0.9962111412114044
2022-10-21,38,0.10329682865617158,3100,0.787459393964148,3947.0314082761042,0.7854003881245901,Put,SPX,SPX221021P03100000,5.65,0.4076,0.03674899554395874,0.9962111412114044
2022-10-21,38,0.10329682865617158,3110,0.7899995855575808,3947.0314082761042,0.7879339377637018,Put,SPX,SPX221021P03110000,5.8,0.4049,0.03674899554395874,0.9962111412114044
2022-10-21,38,0.10329682865617158,3120,0.7925397771510134,3947.0314082761042,0.7904674874028134,Put,SPX,SPX221021P03120000,5.95,0.402,0.03674899554395874,0.9962111412114044
2022-10-21,38,0.10329682865617158,3125,0.7938098729477299,3947.0314082761042,0.7917342622223691,Put,SPX,SPX221021P03125000,6.0,0.4003,0.03674899554395874,0.9962111412114044
2022-10-21,38,0.10329682865617158,3130,0.7950799687444462,3947.0314082761042,0.7930010370419249,Put,SPX,SPX221021P03130000,6.1,0.3992,0.03674899554395874,0.9962111412114044
2022-10-21,38,0.10329682865617158,3140,0.797620160337879,3947.0314082761042,0.7955345866810365,Put,SPX,SPX221021P03140000,6.25,0.3962,0.03674899554395874,0.9962111412114044
2022-10-21,38,0.10329682865617158,3150,0.8001603519313116,3947.0314082761042,0.7980681363201481,Put,SPX,SPX221021P03150000,6.45,0.3939,0.03674899554395874,0.9962111412114044
2022-10-21,38,0.10329682865617158,3160,0.8027005435247444,3947.0314082761042,0.8006016859592596,Put,SPX,SPX221021P03160000,6.6,0.3908,0.03674899554395874,0.9962111412114044
2022-10-21,38,0.10329682865617158,3170,0.8052407351181772,3947.0314082761042,0.8031352355983712,Put,SPX,SPX221021P03170000,6.8,0.3883,0.03674899554395874,0.9962111412114044
2022-10-21,38,0.10329682865617158,3175,0.8065108309148935,3947.0314082761042,0.804402010417927,Put,SPX,SPX221021P03175000,6.9,0.387,0.03674899554395874,0.9962111412114044
2022-10-21,38,0.10329682865617158,3180,0.8077809267116098,3947.0314082761042,0.8056687852374829,Put,SPX,SPX221021P03180000,6.95,0.3852,0.03674899554395874,0.9962111412114044
2022-10-21,38,0.10329682865617158,3190,0.8103211183050426,3947.0314082761042,0.8082023348765944,Put,SPX,SPX221021P03190000,7.15,0.3824,0.03674899554395874,0.9962111412114044
2022-10-21,38,0.10329682865617158,3200,0.8128613098984754,3947.0314082761042,0.810735884515706,Put,SPX,SPX221021P03200000,7.35,0.3797,0.03674899554395874,0.9962111412114044
2022-10-21,38,0.10329682865617158,3210,0.815401501491908,3947.0314082761042,0.8132694341548176,Put,SPX,SPX221021P03210000,7.6,0.3775,0.03674899554395874,0.9962111412114044
2022-10-21,38,0.10329682865617158,3220,0.8179416930853408,3947.0314082761042,0.8158029837939291,Put,SPX,SPX221021P03220000,7.8,0.3747,0.03674899554395874,0.9962111412114044
2022-10-21,38,0.10329682865617158,3225,0.8192117888820571,3947.0314082761042,0.817069758613485,Put,SPX,SPX221021P03225000,7.949999999999999,0.3737,0.03674899554395874,0.9962111412114044
2022-10-21,38,0.10329682865617158,3230,0.8204818846787736,3947.0314082761042,0.8183365334330407,Put,SPX,SPX221021P03230000,8.05,0.3723,0.03674899554395874,0.9962111412114044
2022-10-21,38,0.10329682865617158,3240,0.8230220762722062,3947.0314082761042,0.8208700830721523,Put,SPX,SPX221021P03240000,8.25,0.3693,0.03674899554395874,0.9962111412114044
2022-10-21,38,0.10329682865617158,3250,0.825562267865639,3947.0314082761042,0.8234036327112639,Put,SPX,SPX221021P03250000,8.55,0.3672,0.03674899554395874,0.9962111412114044
2022-10-21,38,0.10329682865617158,3260,0.8281024594590718,3947.0314082761042,0.8259371823503755,Put,SPX,SPX221021P03260000,8.75,0.3641,0.03674899554395874,0.9962111412114044
2022-10-21,38,0.10329682865617158,3270,0.8306426510525045,3947.0314082761042,0.8284707319894871,Put,SPX,SPX221021P03270000,9.05,0.3618,0.03674899554395874,0.9962111412114044
2022-10-21,38,0.10329682865617158,3275,0.8319127468492209,3947.0314082761042,0.8297375068090428,Put,SPX,SPX221021P03275000,9.15,0.3602,0.03674899554395874,0.9962111412114044
2022-10-21,38,0.10329682865617158,3280,0.8331828426459372,3947.0314082761042,0.8310042816285986,Put,SPX,SPX221021P03280000,9.35,0.3594,0.03674899554395874,0.9962111412114044
2022-10-21,38,0.10329682865617158,3290,0.83572303423937,3947.0314082761042,0.8335378312677102,Put,SPX,SPX221021P03290000,9.65,0.357,0.03674899554395874,0.9962111412114044
2022-10-21,38,0.10329682865617158,3300,0.8382632258328027,3947.0314082761042,0.8360713809068218,Put,SPX,SPX221021P03300000,9.95,0.3544,0.03674899554395874,0.9962111412114044
2022-10-21,38,0.10329682865617158,3310,0.8408034174262354,3947.0314082761042,0.8386049305459333,Put,SPX,SPX221021P03310000,10.25,0.3518,0.03674899554395874,0.9962111412114044
2022-10-21,38,0.10329682865617158,3320,0.8433436090196682,3947.0314082761042,0.841138480185045,Put,SPX,SPX221021P03320000,10.55,0.3491,0.03674899554395874,0.9962111412114044
2022-10-21,38,0.10329682865617158,3325,0.8446137048163845,3947.0314082761042,0.8424052550046007,Put,SPX,SPX221021P03325000,10.75,0.3481,0.03674899554395874,0.9962111412114044
2022-10-21,38,0.10329682865617158,3330,0.8458838006131009,3947.0314082761042,0.8436720298241566,Put,SPX,SPX221021P03330000,10.899999999999999,0.3467,0.03674899554395874,0.9962111412114044
2022-10-21,38,0.10329682865617158,3340,0.8484239922065336,3947.0314082761042,0.8462055794632681,Put,SPX,SPX221021P03340000,11.25,0.3442,0.03674899554395874,0.9962111412114044
2022-10-21,38,0.10329682865617158,3350,0.8509641837999664,3947.0314082761042,0.8487391291023797,Put,SPX,SPX221021P03350000,11.65,0.342,0.03674899554395874,0.9962111412114044
2022-10-21,38,0.10329682865617158,3360,0.8535043753933991,3947.0314082761042,0.8512726787414913,Put,SPX,SPX221021P03360000,12.05,0.3397,0.03674899554395874,0.9962111412114044
2022-10-21,38,0.10329682865617158,3370,0.8560445669868318,3947.0314082761042,0.8538062283806028,Put,SPX,SPX221021P03370000,12.45,0.3372,0.03674899554395874,0.9962111412114044
2022-10-21,38,0.10329682865617158,3375,0.8573146627835482,3947.0314082761042,0.8550730032001587,Put,SPX,SPX221021P03375000,12.65,0.336,0.03674899554395874,0.9962111412114044
2022-10-21,38,0.10329682865617158,3380,0.8585847585802646,3947.0314082761042,0.8563397780197144,Put,SPX,SPX221021P03380000,12.85,0.3347,0.03674899554395874,0.9962111412114044
2022-10-21,38,0.10329682865617158,3385,0.859854854376981,3947.0314082761042,0.8576065528392702,Put,SPX,SPX221021P03385000,13.100000000000001,0.3338,0.03674899554395874,0.9962111412114044
2022-10-21,38,0.10329682865617158,3390,0.8611249501736973,3947.0314082761042,0.8588733276588261,Put,SPX,SPX221021P03390000,13.3,0.3324,0.03674899554395874,0.9962111412114044
2022-10-21,38,0.10329682865617158,3395,0.8623950459704137,3947.0314082761042,0.8601401024783818,Put,SPX,SPX221021P03395000,13.55,0.3314,0.03674899554395874,0.9962111412114044
2022-10-21,38,0.10329682865617158,3400,0.86366514176713,3947.0314082761042,0.8614068772979376,Put,SPX,SPX221021P03400000,13.8,0.3303,0.03674899554395874,0.9962111412114044
2022-10-21,38,0.10329682865617158,3405,0.8649352375638464,3947.0314082761042,0.8626736521174934,Put,SPX,SPX221021P03405000,14.0,0.329,0.03674899554395874,0.9962111412114044
2022-10-21,38,0.10329682865617158,3410,0.8662053333605628,3947.0314082761042,0.8639404269370492,Put,SPX,SPX221021P03410000,14.3,0.3281,0.03674899554395874,0.9962111412114044
2022-10-21,38,0.10329682865617158,3415,0.8674754291572792,3947.0314082761042,0.8652072017566049,Put,SPX,SPX221021P03415000,14.5,0.3267,0.03674899554395874,0.9962111412114044
2022-10-21,38,0.10329682865617158,3420,0.8687455249539955,3947.0314082761042,0.8664739765761608,Put,SPX,SPX221021P03420000,14.8,0.3258,0.03674899554395874,0.9962111412114044
2022-10-21,38,0.10329682865617158,3425,0.8700156207507119,3947.0314082761042,0.8677407513957166,Put,SPX,SPX221021P03425000,15.100000000000001,0.3249,0.03674899554395874,0.9962111412114044
2022-10-21,38,0.10329682865617158,3430,0.8712857165474283,3947.0314082761042,0.8690075262152723,Put,SPX,SPX221021P03430000,15.3,0.3234,0.03674899554395874,0.9962111412114044
2022-10-21,38,0.10329682865617158,3435,0.8725558123441446,3947.0314082761042,0.8702743010348282,Put,SPX,SPX221021P03435000,15.600000000000001,0.3224,0.03674899554395874,0.9962111412114044
2022-10-21,38,0.10329682865617158,3440,0.873825908140861,3947.0314082761042,0.8715410758543839,Put,SPX,SPX221021P03440000,15.899999999999999,0.3214,0.03674899554395874,0.9962111412114044
2022-10-21,38,0.10329682865617158,3445,0.8750960039375774,3947.0314082761042,0.8728078506739397,Put,SPX,SPX221021P03445000,16.2,0.3204,0.03674899554395874,0.9962111412114044
2022-10-21,38,0.10329682865617158,3450,0.8763660997342937,3947.0314082761042,0.8740746254934955,Put,SPX,SPX221021P03450000,16.5,0.3193,0.03674899554395874,0.9962111412114044
2022-10-21,38,0.10329682865617158,3455,0.8776361955310101,3947.0314082761042,0.8753414003130513,Put,SPX,SPX221021P03455000,16.8,0.3182,0.03674899554395874,0.9962111412114044
2022-10-21,38,0.10329682865617158,3460,0.8789062913277265,3947.0314082761042,0.8766081751326071,Put,SPX,SPX221021P03460000,17.1,0.3171,0.03674899554395874,0.9962111412114044
2022-10-21,38,0.10329682865617158,3465,0.8801763871244428,3947.0314082761042,0.8778749499521629,Put,SPX,SPX221021P03465000,17.4,0.3159,0.03674899554395874,0.9962111412114044
2022-10-21,38,0.10329682865617158,3470,0.8814464829211592,3947.0314082761042,0.8791417247717187,Put,SPX,SPX221021P03470000,17.8,0.3152,0.03674899554395874,0.9962111412114044
2022-10-21,38,0.10329682865617158,3475,0.8827165787178756,3947.0314082761042,0.8804084995912744,Put,SPX,SPX221021P03475000,18.1,0.314,0.03674899554395874,0.9962111412114044
2022-10-21,38,0.10329682865617158,3480,0.8839866745145919,3947.0314082761042,0.8816752744108303,Put,SPX,SPX221021P03480000,18.450000000000003,0.313,0.03674899554395874,0.9962111412114044
2022-10-21,38,0.10329682865617158,3485,0.8852567703113083,3947.0314082761042,0.882942049230386,Put,SPX,SPX221021P03485000,18.8,0.3119,0.03674899554395874,0.9962111412114044
2022-10-21,38,0.10329682865617158,3490,0.8865268661080247,3947.0314082761042,0.8842088240499418,Put,SPX,SPX221021P03490000,19.2,0.3111,0.03674899554395874,0.9962111412114044
2022-10-21,38,0.10329682865617158,3495,0.887796961904741,3947.0314082761042,0.8854755988694977,Put,SPX,SPX221021P03495000,19.549999999999997,0.31,0.03674899554395874,0.9962111412114044
2022-10-21,38,0.10329682865617158,3500,0.8890670577014574,3947.0314082761042,0.8867423736890534,Put,SPX,SPX221021P03500000,19.950000000000003,0.3091,0.03674899554395874,0.9962111412114044
2022-10-21,38,0.10329682865617158,3505,0.8903371534981738,3947.0314082761042,0.8880091485086092,Put,SPX,SPX221021P03505000,20.3,0.3079,0.03674899554395874,0.9962111412114044
2022-10-21,38,0.10329682865617158,3510,0.8916072492948901,3947.0314082761042,0.889275923328165,Put,SPX,SPX221021P03510000,20.7,0.3069,0.03674899554395874,0.9962111412114044
2022-10-21,38,0.10329682865617158,3515,0.8928773450916065,3947.0314082761042,0.8905426981477208,Put,SPX,SPX221021P03515000,21.15,0.3062,0.03674899554395874,0.9962111412114044
2022-10-21,38,0.10329682865617158,3520,0.8941474408883229,3947.0314082761042,0.8918094729672765,Put,SPX,SPX221021P03520000,21.549999999999997,0.3051,0.03674899554395874,0.9962111412114044
2022-10-21,38,0.10329682865617158,3525,0.8954175366850392,3947.0314082761042,0.8930762477868324,Put,SPX,SPX221021P03525000,21.950000000000003,0.304,0.03674899554395874,0.9962111412114044
2022-10-21,38,0.10329682865617158,3530,0.8966876324817556,3947.0314082761042,0.8943430226063882,Put,SPX,SPX221021P03530000,22.450000000000003,0.3033,0.03674899554395874,0.9962111412114044
2022-10-21,38,0.10329682865617158,3535,0.897957728278472,3947.0314082761042,0.8956097974259439,Put,SPX,SPX221021P03535000,22.85,0.3022,0.03674899554395874,0.9962111412114044
2022-10-21,38,0.10329682865617158,3540,0.8992278240751883,3947.0314082761042,0.8968765722454998,Put,SPX,SPX221021P03540000,23.35,0.3014,0.03674899554395874,0.9962111412114044
2022-10-21,38,0.10329682865617158,3545,0.9004979198719048,3947.0314082761042,0.8981433470650555,Put,SPX,SPX221021P03545000,23.75,0.3002,0.03674899554395874,0.9962111412114044
2022-10-21,38,0.10329682865617158,3550,0.9017680156686211,3947.0314082761042,0.8994101218846113,Put,SPX,SPX221021P03550000,24.25,0.2994,0.03674899554395874,0.9962111412114044
2022-10-21,38,0.10329682865617158,3555,0.9030381114653374,3947.0314082761042,0.9006768967041671,Put,SPX,SPX221021P03555000,24.75,0.2985,0.03674899554395874,0.9962111412114044
2022-10-21,38,0.10329682865617158,3560,0.9043082072620539,3947.0314082761042,0.9019436715237229,Put,SPX,SPX221021P03560000,25.25,0.2975,0.03674899554395874,0.9962111412114044
2022-10-21,38,0.10329682865617158,3565,0.9055783030587702,3947.0314082761042,0.9032104463432787,Put,SPX,SPX221021P03565000,25.75,0.2966,0.03674899554395874,0.9962111412114044
2022-10-21,38,0.10329682865617158,3570,0.9068483988554865,3947.0314082761042,0.9044772211628345,Put,SPX,SPX221021P03570000,26.35,0.2959,0.03674899554395874,0.9962111412114044
2022-10-21,38,0.10329682865617158,3575,0.908118494652203,3947.0314082761042,0.9057439959823903,Put,SPX,SPX221021P03575000,26.85,0.2949,0.03674899554395874,0.9962111412114044
2022-10-21,38,0.10329682865617158,3580,0.9093885904489193,3947.0314082761042,0.907010770801946,Put,SPX,SPX221021P03580000,27.450000000000003,0.2942,0.03674899554395874,0.9962111412114044
2022-10-21,38,0.10329682865617158,3585,0.9106586862456356,3947.0314082761042,0.9082775456215019,Put,SPX,SPX221021P03585000,27.950000000000003,0.2931,0.03674899554395874,0.9962111412114044
2022-10-21,38,0.10329682865617158,3590,0.9119287820423521,3947.0314082761042,0.9095443204410577,Put,SPX,SPX221021P03590000,28.549999999999997,0.2923,0.03674899554395874,0.9962111412114044
2022-10-21,38,0.10329682865617158,3595,0.9131988778390684,3947.0314082761042,0.9108110952606134,Put,SPX,SPX221021P03595000,29.15,0.2914,0.03674899554395874,0.9962111412114044
2022-10-21,38,0.10329682865617158,3600,0.9144689736357847,3947.0314082761042,0.9120778700801693,Put,SPX,SPX221021P03600000,29.799999999999997,0.2907,0.03674899554395874,0.9962111412114044
2022-10-21,38,0.10329682865617158,3605,0.9157390694325012,3947.0314082761042,0.913344644899725,Put,SPX,SPX221021P03605000,30.4,0.2898,0.03674899554395874,0.9962111412114044
2022-10-21,38,0.10329682865617158,3610,0.9170091652292175,3947.0314082761042,0.9146114197192808,Put,SPX,SPX221021P03610000,31.049999999999997,0.289,0.03674899554395874,0.9962111412114044
2022-10-21,38,0.10329682865617158,3615,0.9182792610259338,3947.0314082761042,0.9158781945388366,Put,SPX,SPX221021P03615000,31.700000000000003,0.2882,0.03674899554395874,0.9962111412114044
2022-10-21,38,0.10329682865617158,3620,0.9195493568226503,3947.0314082761042,0.9171449693583924,Put,SPX,SPX221021P03620000,32.4,0.2874,0.03674899554395874,0.9962111412114044
2022-10-21,38,0.10329682865617158,3625,0.9208194526193666,3947.0314082761042,0.9184117441779482,Put,SPX,SPX221021P03625000,33.0,0.2864,0.03674899554395874,0.9962111412114044
2022-10-21,38,0.10329682865617158,3630,0.9220895484160829,3947.0314082761042,0.919678518997504,Put,SPX,SPX221021P03630000,33.7,0.2856,0.03674899554395874,0.9962111412114044
2022-10-21,38,0.10329682865617158,3635,0.9233596442127994,3947.0314082761042,0.9209452938170598,Put,SPX,SPX221021P03635000,34.5,0.285,0.03674899554395874,0.9962111412114044
2022-10-21,38,0.10329682865617158,3640,0.9246297400095157,3947.0314082761042,0.9222120686366155,Put,SPX,SPX221021P03640000,35.2,0.2842,0.03674899554395874,0.9962111412114044
2022-10-21,38,0.10329682865617158,3645,0.925899835806232,3947.0314082761042,0.9234788434561714,Put,SPX,SPX221021P03645000,36.05,0.2837,0.03674899554395874,0.9962111412114044
2022-10-21,38,0.10329682865617158,3650,0.9271699316029485,3947.0314082761042,0.9247456182757271,Put,SPX,SPX221021P03650000,36.7,0.2826,0.03674899554395874,0.9962111412114044
2022-10-21,38,0.10329682865617158,3655,0.9284400273996648,3947.0314082761042,0.9260123930952829,Put,SPX,SPX221021P03655000,37.6,0.2821,0.03674899554395874,0.9962111412114044
2022-10-21,38,0.10329682865617158,3660,0.9297101231963811,3947.0314082761042,0.9272791679148388,Put,SPX,SPX221021P03660000,38.45,0.2815,0.03674899554395874,0.9962111412114044
2022-10-21,38,0.10329682865617158,3665,0.9309802189930976,3947.0314082761042,0.9285459427343945,Put,SPX,SPX221021P03665000,39.25,0.2807,0.03674899554395874,0.9962111412114044
2022-10-21,38,0.10329682865617158,3670,0.9322503147898139,3947.0314082761042,0.9298127175539503,Put,SPX,SPX221021P03670000,40.1,0.28,0.03674899554395874,0.9962111412114044
2022-10-21,38,0.10329682865617158,3675,0.9335204105865302,3947.0314082761042,0.9310794923735061,Put,SPX,SPX221021P03675000,40.8,0.2788,0.03674899554395874,0.9962111412114044
2022-10-21,38,0.10329682865617158,3680,0.9347905063832467,3947.0314082761042,0.9323462671930619,Put,SPX,SPX221021P03680000,41.849999999999994,0.2785,0.03674899554395874,0.9962111412114044
2022-10-21,38,0.10329682865617158,3685,0.936060602179963,3947.0314082761042,0.9336130420126176,Put,SPX,SPX221021P03685000,42.75,0.2778,0.03674899554395874,0.9962111412114044
2022-10-21,38,0.10329682865617158,3690,0.9373306979766793,3947.0314082761042,0.9348798168321735,Put,SPX,SPX221021P03690000,43.650000000000006,0.2771,0.03674899554395874,0.9962111412114044
2022-10-21,38,0.10329682865617158,3695,0.9386007937733958,3947.0314082761042,0.9361465916517293,Put,SPX,SPX221021P03695000,44.55,0.2763,0.03674899554395874,0.9962111412114044
2022-10-21,38,0.10329682865617158,3700,0.9398708895701121,3947.0314082761042,0.937413366471285,Put,SPX,SPX221021P03700000,45.349999999999994,0.2751,0.03674899554395874,0.9962111412114044
2022-10-21,38,0.10329682865617158,3705,0.9411409853668284,3947.0314082761042,0.9386801412908409,Put,SPX,SPX221021P03705000,46.4,0.2746,0.03674899554395874,0.9962111412114044
2022-10-21,38,0.10329682865617158,3710,0.9424110811635449,3947.0314082761042,0.9399469161103966,Put,SPX,SPX221021P03710000,47.4,0.274,0.03674899554395874,0.9962111412114044
2022-10-21,38,0.10329682865617158,3715,0.9436811769602612,3947.0314082761042,0.9412136909299524,Put,SPX,SPX221021P03715000,48.4,0.2732,0.03674899554395874,0.9962111412114044
2022-10-21,38,0.10329682865617158,3720,0.9449512727569775,3947.0314082761042,0.9424804657495082,Put,SPX,SPX221021P03720000,49.5,0.2727,0.03674899554395874,0.9962111412114044
2022-10-21,38,0.10329682865617158,3725,0.946221368553694,3947.0314082761042,0.943747240569064,Put,SPX,SPX221021P03725000,50.4,0.2716,0.03674899554395874,0.9962111412114044
2022-10-21,38,0.10329682865617158,3730,0.9474914643504103,3947.0314082761042,0.9450140153886198,Put,SPX,SPX221021P03730000,51.55,0.2711,0.03674899554395874,0.9962111412114044
2022-10-21,38,0.10329682865617158,3735,0.9487615601471266,3947.0314082761042,0.9462807902081756,Put,SPX,SPX221021P03735000,52.650000000000006,0.2704,0.03674899554395874,0.9962111412114044
2022-10-21,38,0.10329682865617158,3740,0.9500316559438431,3947.0314082761042,0.9475475650277314,Put,SPX,SPX221021P03740000,53.8,0.2698,0.03674899554395874,0.9962111412114044
2022-10-21,38,0.10329682865617158,3745,0.9513017517405594,3947.0314082761042,0.9488143398472871,Put,SPX,SPX221021P03745000,54.849999999999994,0.2689,0.03674899554395874,0.9962111412114044
2022-10-21,38,0.10329682865617158,3750,0.9525718475372758,3947.0314082761042,0.950081114666843,Put,SPX,SPX221021P03750000,55.849999999999994,0.2678,0.03674899554395874,0.9962111412114044
2022-10-21,38,0.10329682865617158,3755,0.9538419433339922,3947.0314082761042,0.9513478894863987,Put,SPX,SPX221021P03755000,57.2,0.2676,0.03674899554395874,0.9962111412114044
2022-10-21,38,0.10329682865617158,3760,0.9551120391307085,3947.0314082761042,0.9526146643059545,Put,SPX,SPX221021P03760000,58.4,0.2669,0.03674899554395874,0.9962111412114044
2022-10-21,38,0.10329682865617158,3765,0.9563821349274249,3947.0314082761042,0.9538814391255104,Put,SPX,SPX221021P03765000,59.45,0.2658,0.03674899554395874,0.9962111412114044
2022-10-21,38,0.10329682865617158,3770,0.9576522307241413,3947.0314082761042,0.9551482139450661,Put,SPX,SPX221021P03770000,60.6,0.2649,0.03674899554395874,0.9962111412114044
2022-10-21,38,0.10329682865617158,3775,0.9589223265208576,3947.0314082761042,0.9564149887646219,Put,SPX,SPX221021P03775000,62.0,0.2645,0.03674899554395874,0.9962111412114044
2022-10-21,38,0.10329682865617158,3780,0.960192422317574,3947.0314082761042,0.9576817635841777,Put,SPX,SPX221021P03780000,63.15,0.2636,0.03674899554395874,0.9962111412114044
2022-10-21,38,0.10329682865617158,3785,0.9614625181142904,3947.0314082761042,0.9589485384037335,Put,SPX,SPX221021P03785000,64.5,0.2629,0.03674899554395874,0.9962111412114044
2022-10-21,38,0.10329682865617158,3790,0.9627326139110067,3947.0314082761042,0.9602153132232892,Put,SPX,SPX221021P03790000,65.75,0.262,0.03674899554395874,0.9962111412114044
2022-10-21,38,0.10329682865617158,3795,0.9640027097077231,3947.0314082761042,0.9614820880428451,Put,SPX,SPX221021P03795000,67.2,0.2616,0.03674899554395874,0.9962111412114044
2022-10-21,38,0.10329682865617158,3800,0.9652728055044395,3947.0314082761042,0.9627488628624009,Put,SPX,SPX221021P03800000,68.4,0.2605,0.03674899554395874,0.9962111412114044
2022-10-21,38,0.10329682865617158,3805,0.9665429013011558,3947.0314082761042,0.9640156376819566,Put,SPX,SPX221021P03805000,69.85,0.2599,0.03674899554395874,0.9962111412114044
2022-10-21,38,0.10329682865617158,3810,0.9678129970978722,3947.0314082761042,0.9652824125015125,Put,SPX,SPX221021P03810000,71.35,0.2594,0.03674899554395874,0.9962111412114044
2022-10-21,38,0.10329682865617158,3815,0.9690830928945886,3947.0314082761042,0.9665491873210682,Put,SPX,SPX221021P03815000,72.69999999999999,0.2585,0.03674899554395874,0.9962111412114044
2022-10-21,38,0.10329682865617158,3820,0.9703531886913049,3947.0314082761042,0.967815962140624,Put,SPX,SPX221021P03820000,74.19999999999999,0.2578,0.03674899554395874,0.9962111412114044
2022-10-21,38,0.10329682865617158,3825,0.9716232844880213,3947.0314082761042,0.9690827369601798,Put,SPX,SPX221021P03825000,75.69999999999999,0.2571,0.03674899554395874,0.9962111412114044
2022-10-21,38,0.10329682865617158,3830,0.9728933802847377,3947.0314082761042,0.9703495117797356,Put,SPX,SPX221021P03830000,77.19999999999999,0.2564,0.03674899554395874,0.9962111412114044
2022-10-21,38,0.10329682865617158,3835,0.974163476081454,3947.0314082761042,0.9716162865992914,Put,SPX,SPX221021P03835000,78.65,0.2555,0.03674899554395874,0.9962111412114044
2022-10-21,38,0.10329682865617158,3840,0.9754335718781704,3947.0314082761042,0.9728830614188472,Put,SPX,SPX221021P03840000,80.25,0.2548,0.03674899554395874,0.9962111412114044
2022-10-21,38,0.10329682865617158,3845,0.9767036676748868,3947.0314082761042,0.974149836238403,Put,SPX,SPX221021P03845000,81.8,0.254,0.03674899554395874,0.9962111412114044
2022-10-21,38,0.10329682865617158,3850,0.9779737634716031,3947.0314082761042,0.9754166110579587,Put,SPX,SPX221021P03850000,83.6,0.2537,0.03674899554395874,0.9962111412114044
2022-10-21,38,0.10329682865617158,3855,0.9792438592683195,3947.0314082761042,0.9766833858775146,Put,SPX,SPX221021P03855000,85.1,0.2526,0.03674899554395874,0.9962111412114044
2022-10-21,38,0.10329682865617158,3860,0.9805139550650359,3947.0314082761042,0.9779501606970703,Put,SPX,SPX221021P03860000,86.75,0.2519,0.03674899554395874,0.9962111412114044
2022-10-21,38,0.10329682865617158,3865,0.9817840508617522,3947.0314082761042,0.9792169355166261,Put,SPX,SPX221021P03865000,88.35,0.251,0.03674899554395874,0.9962111412114044
2022-10-21,38,0.10329682865617158,3870,0.9830541466584686,3947.0314082761042,0.980483710336182,Put,SPX,SPX221021P03870000,90.05,0.2502,0.03674899554395874,0.9962111412114044
2022-10-21,38,0.10329682865617158,3875,0.984324242455185,3947.0314082761042,0.9817504851557377,Put,SPX,SPX221021P03875000,91.85,0.2496,0.03674899554395874,0.9962111412114044
2022-10-21,38,0.10329682865617158,3880,0.9855943382519013,3947.0314082761042,0.9830172599752935,Put,SPX,SPX221021P03880000,93.55000000000001,0.2487,0.03674899554395874,0.9962111412114044
2022-10-21,38,0.10329682865617158,3885,0.9868644340486177,3947.0314082761042,0.9842840347948493,Put,SPX,SPX221021P03885000,95.4,0.2482,0.03674899554395874,0.9962111412114044
2022-10-21,38,0.10329682865617158,3890,0.9881345298453341,3947.0314082761042,0.9855508096144051,Put,SPX,SPX221021P03890000,97.2,0.2472,0.03674899554395874,0.9962111412114044
2022-10-21,38,0.10329682865617158,3895,0.9894046256420505,3947.0314082761042,0.9868175844339608,Put,SPX,SPX221021P03895000,98.94999999999999,0.2462,0.03674899554395874,0.9962111412114044
2022-10-21,38,0.10329682865617158,3900,0.9906747214387668,3947.0314082761042,0.9880843592535167,Put,SPX,SPX221021P03900000,100.75,0.2453,0.03674899554395874,0.9962111412114044
2022-10-21,38,0.10329682865617158,3905,0.9919448172354832,3947.0314082761042,0.9893511340730725,Put,SPX,SPX221021P03905000,102.75,0.2447,0.03674899554395874,0.9962111412114044
2022-10-21,38,0.10329682865617158,3910,0.9932149130321996,3947.0314082761042,0.9906179088926282,Put,SPX,SPX221021P03910000,104.69999999999999,0.244,0.03674899554395874,0.9962111412114044
2022-10-21,38,0.10329682865617158,3915,0.9944850088289159,3947.0314082761042,0.9918846837121841,Put,SPX,SPX221021P03915000,106.75,0.2434,0.03674899554395874,0.9962111412114044
2022-10-21,38,0.10329682865617158,3920,0.9957551046256323,3947.0314082761042,0.9931514585317398,Put,SPX,SPX221021P03920000,108.5,0.2421,0.03674899554395874,0.9962111412114044
2022-10-21,38,0.10329682865617158,3925,0.9970252004223487,3947.0314082761042,0.9944182333512956,Put,SPX,SPX221021P03925000,110.65,0.2416,0.03674899554395874,0.9962111412114044
2022-10-21,38,0.10329682865617158,3930,0.998295296219065,3947.0314082761042,0.9956850081708514,Put,SPX,SPX221021P03930000,112.80000000000001,0.241,0.03674899554395874,0.9962111412114044
2022-10-21,38,0.10329682865617158,3935,0.9995653920157814,3947.0314082761042,0.9969517829904072,Put,SPX,SPX221021P03935000,114.7,0.2399,0.03674899554395874,0.9962111412114044
2022-10-21,38,0.10329682865617158,3940,1.0008354878124979,3947.0314082761042,0.998218557809963,Put,SPX,SPX221021P03940000,117.0,0.2394,0.03674899554395874,0.9962111412114044
2022-10-21,38,0.10329682865617158,3945,1.002105583609214,3947.0314082761042,0.9994853326295188,Put,SPX,SPX221021P03945000,119.1,0.2386,0.03674899554395874,0.9962111412114044
2022-10-21,38,0.10329682865617158,3950,1.0033756794059305,3947.0314082761042,1.0007521074490746,Call,SPX,SPX221021C03950000,116.9,0.2363,0.03674899554395874,0.9962111412114044
2022-10-21,38,0.10329682865617158,3955,1.004645775202647,3947.0314082761042,1.0020188822686305,Call,SPX,SPX221021C03955000,113.95,0.2352,0.03674899554395874,0.9962111412114044
2022-10-21,38,0.10329682865617158,3960,1.0059158709993632,3947.0314082761042,1.003285657088186,Call,SPX,SPX221021C03960000,111.35,0.2342,0.03674899554395874,0.9962111412114044
2022-10-21,38,0.10329682865617158,3965,1.0071859667960796,3947.0314082761042,1.004552431907742,Call,SPX,SPX221021C03965000,108.5,0.2336,0.03674899554395874,0.9962111412114044
2022-10-21,38,0.10329682865617158,3970,1.008456062592796,3947.0314082761042,1.0058192067272977,Call,SPX,SPX221021C03970000,105.85,0.2328,0.03674899554395874,0.9962111412114044
2022-10-21,38,0.10329682865617158,3975,1.0097261583895123,3947.0314082761042,1.0070859815468536,Call,SPX,SPX221021C03975000,103.15,0.2319,0.03674899554395874,0.9962111412114044
2022-10-21,38,0.10329682865617158,3980,1.0109962541862287,3947.0314082761042,1.0083527563664094,Call,SPX,SPX221021C03980000,100.6,0.2312,0.03674899554395874,0.9962111412114044
2022-10-21,38,0.10329682865617158,3985,1.0122663499829452,3947.0314082761042,1.009619531185965,Call,SPX,SPX221021C03985000,97.9,0.2302,0.03674899554395874,0.9962111412114044
2022-10-21,38,0.10329682865617158,3990,1.0135364457796614,3947.0314082761042,1.0108863060055209,Call,SPX,SPX221021C03990000,95.45,0.2296,0.03674899554395874,0.9962111412114044
2022-10-21,38,0.10329682865617158,3995,1.0148065415763778,3947.0314082761042,1.0121530808250767,Call,SPX,SPX221021C03995000,92.95,0.2288,0.03674899554395874,0.9962111412114044
2022-10-21,38,0.10329682865617158,4000,1.0160766373730943,3947.0314082761042,1.0134198556446326,Call,SPX,SPX221021C04000000,90.65,0.2283,0.03674899554395874,0.9962111412114044
2022-10-21,38,0.10329682865617158,4005,1.0173467331698105,3947.0314082761042,1.0146866304641882,Call,SPX,SPX221021C04005000,88.1,0.2273,0.03674899554395874,0.9962111412114044
2022-10-21,38,0.10329682865617158,4010,1.018616828966527,3947.0314082761042,1.015953405283744,Call,SPX,SPX221021C04010000,85.65,0.2264,0.03674899554395874,0.9962111412114044
2022-10-21,38,0.10329682865617158,4015,1.0198869247632434,3947.0314082761042,1.0172201801032998,Call,SPX,SPX221021C04015000,83.35,0.2257,0.03674899554395874,0.9962111412114044
2022-10-21,38,0.10329682865617158,4020,1.0211570205599596,3947.0314082761042,1.0184869549228557,Call,SPX,SPX221021C04020000,81.0,0.2248,0.03674899554395874,0.9962111412114044
2022-10-21,38,0.10329682865617158,4025,1.022427116356676,3947.0314082761042,1.0197537297424115,Call,SPX,SPX221021C04025000,78.65,0.2239,0.03674899554395874,0.9962111412114044
2022-10-21,38,0.10329682865617158,4030,1.0236972121533925,3947.0314082761042,1.0210205045619671,Call,SPX,SPX221021C04030000,76.44999999999999,0.2232,0.03674899554395874,0.9962111412114044
2022-10-21,38,0.10329682865617158,4035,1.0249673079501087,3947.0314082761042,1.022287279381523,Call,SPX,SPX221021C04035000,74.25,0.2225,0.03674899554395874,0.9962111412114044
2022-10-21,38,0.10329682865617158,4040,1.0262374037468251,3947.0314082761042,1.0235540542010788,Call,SPX,SPX221021C04040000,72.1,0.2218,0.03674899554395874,0.9962111412114044
2022-10-21,38,0.10329682865617158,4045,1.0275074995435416,3947.0314082761042,1.0248208290206346,Call,SPX,SPX221021C04045000,70.05000000000001,0.2212,0.03674899554395874,0.9962111412114044
2022-10-21,38,0.10329682865617158,4050,1.0287775953402578,3947.0314082761042,1.0260876038401905,Call,SPX,SPX221021C04050000,67.75,0.22,0.03674899554395874,0.9962111412114044
2022-10-21,38,0.10329682865617158,4055,1.0300476911369743,3947.0314082761042,1.027354378659746,Call,SPX,SPX221021C04055000,65.85,0.2195,0.03674899554395874,0.9962111412114044
2022-10-21,38,0.10329682865617158,4060,1.0313177869336907,3947.0314082761042,1.028621153479302,Call,SPX,SPX221021C04060000,63.849999999999994,0.2188,0.03674899554395874,0.9962111412114044
2022-10-21,38,0.10329682865617158,4065,1.032587882730407,3947.0314082761042,1.0298879282988578,Call,SPX,SPX221021C04065000,61.900000000000006,0.2181,0.03674899554395874,0.9962111412114044
2022-10-21,38,0.10329682865617158,4070,1.0338579785271234,3947.0314082761042,1.0311547031184136,Call,SPX,SPX221021C04070000,60.0,0.2174,0.03674899554395874,0.9962111412114044
2022-10-21,38,0.10329682865617158,4075,1.0351280743238398,3947.0314082761042,1.0324214779379692,Call,SPX,SPX221021C04075000,58.0,0.2165,0.03674899554395874,0.9962111412114044
2022-10-21,38,0.10329682865617158,4080,1.036398170120556,3947.0314082761042,1.033688252757525,Call,SPX,SPX221021C04080000,56.25,0.216,0.03674899554395874,0.9962111412114044
2022-10-21,38,0.10329682865617158,4085,1.0376682659172725,3947.0314082761042,1.034955027577081,Call,SPX,SPX221021C04085000,54.45,0.2153,0.03674899554395874,0.9962111412114044
2022-10-21,38,0.10329682865617158,4090,1.038938361713989,3947.0314082761042,1.0362218023966367,Call,SPX,SPX221021C04090000,52.650000000000006,0.2146,0.03674899554395874,0.9962111412114044
2022-10-21,38,0.10329682865617158,4095,1.0402084575107051,3947.0314082761042,1.0374885772161926,Call,SPX,SPX221021C04095000,50.95,0.214,0.03674899554395874,0.9962111412114044
2022-10-21,38,0.10329682865617158,4100,1.0414785533074216,3947.0314082761042,1.0387553520357482,Call,SPX,SPX221021C04100000,49.099999999999994,0.2129,0.03674899554395874,0.9962111412114044
2022-10-21,38,0.10329682865617158,4105,1.042748649104138,3947.0314082761042,1.040022126855304,Call,SPX,SPX221021C04105000,47.55,0.2125,0.03674899554395874,0.9962111412114044
2022-10-21,38,0.10329682865617158,4110,1.0440187449008542,3947.0314082761042,1.0412889016748599,Call,SPX,SPX221021C04110000,46.0,0.212,0.03674899554395874,0.9962111412114044
2022-10-21,38,0.10329682865617158,4115,1.0452888406975707,3947.0314082761042,1.0425556764944157,Call,SPX,SPX221021C04115000,44.349999999999994,0.2111,0.03674899554395874,0.9962111412114044
2022-10-21,38,0.10329682865617158,4120,1.046558936494287,3947.0314082761042,1.0438224513139716,Call,SPX,SPX221021C04120000,42.8,0.2104,0.03674899554395874,0.9962111412114044
2022-10-21,38,0.10329682865617158,4125,1.0478290322910033,3947.0314082761042,1.0450892261335272,Call,SPX,SPX221021C04125000,41.3,0.2098,0.03674899554395874,0.9962111412114044
2022-10-21,38,0.10329682865617158,4130,1.0490991280877198,3947.0314082761042,1.046356000953083,Call,SPX,SPX221021C04130000,39.8,0.2091,0.03674899554395874,0.9962111412114044
2022-10-21,38,0.10329682865617158,4135,1.0503692238844362,3947.0314082761042,1.0476227757726388,Call,SPX,SPX221021C04135000,38.45,0.2086,0.03674899554395874,0.9962111412114044
2022-10-21,38,0.10329682865617158,4140,1.0516393196811524,3947.0314082761042,1.0488895505921947,Call,SPX,SPX221021C04140000,37.05,0.208,0.03674899554395874,0.9962111412114044
2022-10-21,38,0.10329682865617158,4145,1.0529094154778689,3947.0314082761042,1.0501563254117503,Call,SPX,SPX221021C04145000,35.9,0.2079,0.03674899554395874,0.9962111412114044
2022-10-21,38,0.10329682865617158,4150,1.0541795112745853,3947.0314082761042,1.0514231002313061,Call,SPX,SPX221021C04150000,34.6,0.2074,0.03674899554395874,0.9962111412114044
2022-10-21,38,0.10329682865617158,4155,1.0554496070713015,3947.0314082761042,1.052689875050862,Call,SPX,SPX221021C04155000,33.3,0.2067,0.03674899554395874,0.9962111412114044
2022-10-21,38,0.10329682865617158,4160,1.056719702868018,3947.0314082761042,1.0539566498704178,Call,SPX,SPX221021C04160000,32.1,0.2062,0.03674899554395874,0.9962111412114044
2022-10-21,38,0.10329682865617158,4165,1.0579897986647344,3947.0314082761042,1.0552234246899737,Call,SPX,SPX221021C04165000,30.9,0.2057,0.03674899554395874,0.9962111412114044
2022-10-21,38,0.10329682865617158,4170,1.0592598944614506,3947.0314082761042,1.0564901995095293,Call,SPX,SPX221021C04170000,29.799999999999997,0.2054,0.03674899554395874,0.9962111412114044
2022-10-21,38,0.10329682865617158,4175,1.060529990258167,3947.0314082761042,1.057756974329085,Call,SPX,SPX221021C04175000,28.700000000000003,0.2049,0.03674899554395874,0.9962111412114044
2022-10-21,38,0.10329682865617158,4180,1.0618000860548835,3947.0314082761042,1.059023749148641,Call,SPX,SPX221021C04180000,27.6,0.2044,0.03674899554395874,0.9962111412114044
2022-10-21,38,0.10329682865617158,4185,1.0630701818515997,3947.0314082761042,1.0602905239681968,Call,SPX,SPX221021C04185000,26.5,0.2038,0.03674899554395874,0.9962111412114044
2022-10-21,38,0.10329682865617158,4190,1.0643402776483162,3947.0314082761042,1.0615572987877526,Call,SPX,SPX221021C04190000,25.5,0.2034,0.03674899554395874,0.9962111412114044
2022-10-21,38,0.10329682865617158,4195,1.0656103734450326,3947.0314082761042,1.0628240736073082,Call,SPX,SPX221021C04195000,24.549999999999997,0.203,0.03674899554395874,0.9962111412114044
2022-10-21,38,0.10329682865617158,4200,1.0668804692417488,3947.0314082761042,1.064090848426864,Call,SPX,SPX221021C04200000,23.6,0.2026,0.03674899554395874,0.9962111412114044
2022-10-21,38,0.10329682865617158,4205,1.0681505650384653,3947.0314082761042,1.06535762324642,Call,SPX,SPX221021C04205000,22.75,0.2024,0.03674899554395874,0.9962111412114044
2022-10-21,38,0.10329682865617158,4210,1.0694206608351817,3947.0314082761042,1.0666243980659758,Call,SPX,SPX221021C04210000,21.85,0.202,0.03674899554395874,0.9962111412114044
2022-10-21,38,0.10329682865617158,4215,1.070690756631898,3947.0314082761042,1.0678911728855314,Call,SPX,SPX221021C04215000,20.950000000000003,0.2015,0.03674899554395874,0.9962111412114044
2022-10-21,38,0.10329682865617158,4220,1.0719608524286144,3947.0314082761042,1.0691579477050872,Call,SPX,SPX221021C04220000,20.15,0.2012,0.03674899554395874,0.9962111412114044
2022-10-21,38,0.10329682865617158,4225,1.0732309482253308,3947.0314082761042,1.070424722524643,Call,SPX,SPX221021C04225000,19.35,0.2009,0.03674899554395874,0.9962111412114044
2022-10-21,38,0.10329682865617158,4230,1.074501044022047,3947.0314082761042,1.0716914973441989,Call,SPX,SPX221021C04230000,18.549999999999997,0.2005,0.03674899554395874,0.9962111412114044
2022-10-21,38,0.10329682865617158,4235,1.0757711398187635,3947.0314082761042,1.0729582721637547,Call,SPX,SPX221021C04235000,17.85,0.2003,0.03674899554395874,0.9962111412114044
2022-10-21,38,0.10329682865617158,4240,1.07704123561548,3947.0314082761042,1.0742250469833103,Call,SPX,SPX221021C04240000,17.15,0.2,0.03674899554395874,0.9962111412114044
2022-10-21,38,0.10329682865617158,4245,1.0783113314121962,3947.0314082761042,1.0754918218028662,Call,SPX,SPX221021C04245000,16.450000000000003,0.1997,0.03674899554395874,0.9962111412114044
2022-10-21,38,0.10329682865617158,4250,1.0795814272089126,3947.0314082761042,1.076758596622422,Call,SPX,SPX221021C04250000,15.8,0.1995,0.03674899554395874,0.9962111412114044
2022-10-21,38,0.10329682865617158,4255,1.080851523005629,3947.0314082761042,1.0780253714419779,Call,SPX,SPX221021C04255000,15.15,0.1992,0.03674899554395874,0.9962111412114044
2022-10-21,38,0.10329682865617158,4260,1.0821216188023453,3947.0314082761042,1.0792921462615337,Call,SPX,SPX221021C04260000,14.5,0.1988,0.03674899554395874,0.9962111412114044
2022-10-21,38,0.10329682865617158,4265,1.0833917145990617,3947.0314082761042,1.0805589210810893,Call,SPX,SPX221021C04265000,14.0,0.1989,0.03674899554395874,0.9962111412114044
2022-10-21,38,0.10329682865617158,4270,1.0846618103957781,3947.0314082761042,1.0818256959006451,Call,SPX,SPX221021C04270000,13.399999999999999,0.1986,0.03674899554395874,0.9962111412114044
2022-10-21,38,0.10329682865617158,4275,1.0859319061924944,3947.0314082761042,1.083092470720201,Call,SPX,SPX221021C04275000,12.8,0.1982,0.03674899554395874,0.9962111412114044
2022-10-21,38,0.10329682865617158,4280,1.0872020019892108,3947.0314082761042,1.0843592455397568,Call,SPX,SPX221021C04280000,12.3,0.1981,0.03674899554395874,0.9962111412114044
2022-10-21,38,0.10329682865617158,4285,1.0884720977859272,3947.0314082761042,1.0856260203593124,Call,SPX,SPX221021C04285000,11.8,0.1979,0.03674899554395874,0.9962111412114044
2022-10-21,38,0.10329682865617158,4290,1.0897421935826435,3947.0314082761042,1.0868927951788683,Call,SPX,SPX221021C04290000,11.3,0.1977,0.03674899554395874,0.9962111412114044
2022-10-21,38,0.10329682865617158,4295,1.09101228937936,3947.0314082761042,1.0881595699984241,Call,SPX,SPX221021C04295000,10.899999999999999,0.1979,0.03674899554395874,0.9962111412114044
2022-10-21,38,0.10329682865617158,4300,1.0922823851760763,3947.0314082761042,1.08942634481798,Call,SPX,SPX221021C04300000,10.399999999999999,0.1975,0.03674899554395874,0.9962111412114044
2022-10-21,38,0.10329682865617158,4305,1.0935524809727926,3947.0314082761042,1.0906931196375358,Call,SPX,SPX221021C04305000,9.95,0.1973,0.03674899554395874,0.9962111412114044
2022-10-21,38,0.10329682865617158,4310,1.094822576769509,3947.0314082761042,1.0919598944570914,Call,SPX,SPX221021C04310000,9.55,0.1972,0.03674899554395874,0.9962111412114044
2022-10-21,38,0.10329682865617158,4315,1.0960926725662254,3947.0314082761042,1.0932266692766472,Call,SPX,SPX221021C04315000,9.15,0.1971,0.03674899554395874,0.9962111412114044
2022-10-21,38,0.10329682865617158,4320,1.0973627683629417,3947.0314082761042,1.094493444096203,Call,SPX,SPX221021C04320000,8.75,0.1969,0.03674899554395874,0.9962111412114044
2022-10-21,38,0.10329682865617158,4325,1.098632864159658,3947.0314082761042,1.095760218915759,Call,SPX,SPX221021C04325000,8.399999999999999,0.1969,0.03674899554395874,0.9962111412114044
2022-10-21,38,0.10329682865617158,4330,1.0999029599563745,3947.0314082761042,1.0970269937353148,Call,SPX,SPX221021C04330000,8.05,0.1968,0.03674899554395874,0.9962111412114044
2022-10-21,38,0.10329682865617158,4335,1.1011730557530908,3947.0314082761042,1.0982937685548704,Call,SPX,SPX221021C04335000,7.75,0.1969,0.03674899554395874,0.9962111412114044
2022-10-21,38,0.10329682865617158,4340,1.1024431515498072,3947.0314082761042,1.0995605433744262,Call,SPX,SPX221021C04340000,7.35,0.1964,0.03674899554395874,0.9962111412114044
2022-10-21,38,0.10329682865617158,4345,1.1037132473465237,3947.0314082761042,1.100827318193982,Call,SPX,SPX221021C04345000,7.05,0.1964,0.03674899554395874,0.9962111412114044
2022-10-21,38,0.10329682865617158,4350,1.1049833431432399,3947.0314082761042,1.102094093013538,Call,SPX,SPX221021C04350000,6.75,0.1964,0.03674899554395874,0.9962111412114044
2022-10-21,38,0.10329682865617158,4355,1.1062534389399563,3947.0314082761042,1.1033608678330935,Call,SPX,SPX221021C04355000,6.45,0.1962,0.03674899554395874,0.9962111412114044
2022-10-21,38,0.10329682865617158,4360,1.1075235347366728,3947.0314082761042,1.1046276426526493,Call,SPX,SPX221021C04360000,6.25,0.1967,0.03674899554395874,0.9962111412114044
2022-10-21,38,0.10329682865617158,4365,1.108793630533389,3947.0314082761042,1.1058944174722052,Call,SPX,SPX221021C04365000,5.95,0.1964,0.03674899554395874,0.9962111412114044
2022-10-21,38,0.10329682865617158,4370,1.1100637263301054,3947.0314082761042,1.107161192291761,Call,SPX,SPX221021C04370000,5.7,0.1964,0.03674899554395874,0.9962111412114044
2022-10-21,38,0.10329682865617158,4375,1.1113338221268219,3947.0314082761042,1.1084279671113169,Call,SPX,SPX221021C04375000,5.45,0.1963,0.03674899554395874,0.9962111412114044
2022-10-21,38,0.10329682865617158,4380,1.112603917923538,3947.0314082761042,1.1096947419308725,Call,SPX,SPX221021C04380000,5.25,0.1966,0.03674899554395874,0.9962111412114044
2022-10-21,38,0.10329682865617158,4385,1.1138740137202545,3947.0314082761042,1.1109615167504283,Call,SPX,SPX221021C04385000,5.0,0.1964,0.03674899554395874,0.9962111412114044
2022-10-21,38,0.10329682865617158,4390,1.115144109516971,3947.0314082761042,1.1122282915699842,Call,SPX,SPX221021C04390000,4.8,0.1965,0.03674899554395874,0.9962111412114044
2022-10-21,38,0.10329682865617158,4395,1.1164142053136872,3947.0314082761042,1.11349506638954,Call,SPX,SPX221021C04395000,4.6,0.1965,0.03674899554395874,0.9962111412114044
2022-10-21,38,0.10329682865617158,4400,1.1176843011104036,3947.0314082761042,1.1147618412090958,Call,SPX,SPX221021C04400000,4.4,0.1965,0.03674899554395874,0.9962111412114044
2022-10-21,38,0.10329682865617158,4405,1.11895439690712,3947.0314082761042,1.1160286160286514,Call,SPX,SPX221021C04405000,4.2,0.1964,0.03674899554395874,0.9962111412114044
2022-10-21,38,0.10403832991101986,2775,0.7049031671775841,3947.106304191536,0.7030466843654944,Put,SPXW,SPXW221021P02775000,2.675,0.5022,0.03675073452542465,0.9961838151688613
2022-10-21,38,0.10403832991101986,2950,0.749356520062657,3947.106304191536,0.747382961757913,Put,SPXW,SPXW221021P02950000,4.05,0.4515,0.03675073452542465,0.9961838151688613
2022-10-21,38,0.10403832991101986,2975,0.7557069990462388,3947.106304191536,0.7537167156711156,Put,SPXW,SPXW221021P02975000,4.3,0.4443,0.03675073452542465,0.9961838151688613
2022-10-21,38,0.10403832991101986,3000,0.7620574780298206,3947.106304191536,0.7600504695843183,Put,SPXW,SPXW221021P03000000,4.6,0.4375,0.03675073452542465,0.9961838151688613
2022-10-21,38,0.10403832991101986,3025,0.7684079570134025,3947.106304191536,0.766384223497521,Put,SPXW,SPXW221021P03025000,4.9,0.4305,0.03675073452542465,0.9961838151688613
2022-10-21,38,0.10403832991101986,3050,0.7747584359969844,3947.106304191536,0.7727179774107236,Put,SPXW,SPXW221021P03050000,5.2,0.4232,0.03675073452542465,0.9961838151688613
2022-10-21,38,0.10403832991101986,3075,0.7811089149805661,3947.106304191536,0.7790517313239262,Put,SPXW,SPXW221021P03075000,5.5,0.4157,0.03675073452542465,0.9961838151688613
2022-10-21,38,0.10403832991101986,3080,0.7823790107772826,3947.106304191536,0.7803184821065668,Put,SPXW,SPXW221021P03080000,5.6,0.4147,0.03675073452542465,0.9961838151688613
2022-10-21,38,0.10403832991101986,3090,0.7849192023707152,3947.106304191536,0.7828519836718478,Put,SPXW,SPXW221021P03090000,5.7,0.4113,0.03675073452542465,0.9961838151688613
2022-10-21,38,0.10403832991101986,3100,0.787459393964148,3947.106304191536,0.7853854852371289,Put,SPXW,SPXW221021P03100000,5.9,0.4092,0.03675073452542465,0.9961838151688613
2022-10-21,38,0.10403832991101986,3110,0.7899995855575808,3947.106304191536,0.78791898680241,Put,SPXW,SPXW221021P03110000,6.0,0.4058,0.03675073452542465,0.9961838151688613
2022-10-21,38,0.10403832991101986,3120,0.7925397771510134,3947.106304191536,0.790452488367691,Put,SPXW,SPXW221021P03120000,6.2,0.4035,0.03675073452542465,0.9961838151688613
2022-10-21,38,0.10403832991101986,3125,0.7938098729477299,3947.106304191536,0.7917192391503316,Put,SPXW,SPXW221021P03125000,6.25,0.4018,0.03675073452542465,0.9961838151688613
2022-10-21,38,0.10403832991101986,3130,0.7950799687444462,3947.106304191536,0.7929859899329721,Put,SPXW,SPXW221021P03130000,6.3,0.4,0.03675073452542465,0.9961838151688613
2022-10-21,38,0.10403832991101986,3140,0.797620160337879,3947.106304191536,0.7955194914982532,Put,SPXW,SPXW221021P03140000,6.5,0.3976,0.03675073452542465,0.9961838151688613
2022-10-21,38,0.10403832991101986,3150,0.8001603519313116,3947.106304191536,0.7980529930635343,Put,SPXW,SPXW221021P03150000,6.7,0.3952,0.03675073452542465,0.9961838151688613
2022-10-21,38,0.10403832991101986,3160,0.8027005435247444,3947.106304191536,0.8005864946288153,Put,SPXW,SPXW221021P03160000,6.85,0.3921,0.03675073452542465,0.9961838151688613
2022-10-21,38,0.10403832991101986,3170,0.8052407351181772,3947.106304191536,0.8031199961940964,Put,SPXW,SPXW221021P03170000,7.0,0.389,0.03675073452542465,0.9961838151688613
2022-10-21,38,0.10403832991101986,3175,0.8065108309148935,3947.106304191536,0.8043867469767368,Put,SPXW,SPXW221021P03175000,7.1,0.3877,0.03675073452542465,0.9961838151688613
2022-10-21,38,0.10403832991101986,3180,0.8077809267116098,3947.106304191536,0.8056534977593774,Put,SPXW,SPXW221021P03180000,7.2,0.3864,0.03675073452542465,0.9961838151688613
2022-10-21,38,0.10403832991101986,3190,0.8103211183050426,3947.106304191536,0.8081869993246584,Put,SPXW,SPXW221021P03190000,7.4,0.3836,0.03675073452542465,0.9961838151688613
2022-10-21,38,0.10403832991101986,3200,0.8128613098984754,3947.106304191536,0.8107205008899395,Put,SPXW,SPXW221021P03200000,7.65,0.3814,0.03675073452542465,0.9961838151688613
2022-10-21,38,0.10403832991101986,3210,0.815401501491908,3947.106304191536,0.8132540024552206,Put,SPXW,SPXW221021P03210000,7.85,0.3785,0.03675073452542465,0.9961838151688613
2022-10-21,38,0.10403832991101986,3220,0.8179416930853408,3947.106304191536,0.8157875040205017,Put,SPXW,SPXW221021P03220000,8.05,0.376,0.03675073452542465,0.9961838151688613
2022-10-21,38,0.10403832991101986,3225,0.8192117888820571,3947.106304191536,0.8170542548031422,Put,SPXW,SPXW221021P03225000,8.2,0.3746,0.03675073452542465,0.9961838151688613
2022-10-21,38,0.10403832991101986,3230,0.8204818846787736,3947.106304191536,0.8183210055857827,Put,SPXW,SPXW221021P03230000,8.3,0.3732,0.03675073452542465,0.9961838151688613
2022-10-21,38,0.10403832991101986,3240,0.8230220762722062,3947.106304191536,0.8208545071510638,Put,SPXW,SPXW221021P03240000,8.55,0.3706,0.03675073452542465,0.9961838151688613
2022-10-21,38,0.10403832991101986,3250,0.825562267865639,3947.106304191536,0.8233880087163449,Put,SPXW,SPXW221021P03250000,8.8,0.368,0.03675073452542465,0.9961838151688613
2022-10-21,38,0.10403832991101986,3260,0.8281024594590718,3947.106304191536,0.8259215102816259,Put,SPXW,SPXW221021P03260000,9.05,0.3653,0.03675073452542465,0.9961838151688613
2022-10-21,38,0.10403832991101986,3270,0.8306426510525045,3947.106304191536,0.828455011846907,Put,SPXW,SPXW221021P03270000,9.35,0.363,0.03675073452542465,0.9961838151688613
2022-10-21,38,0.10403832991101986,3275,0.8319127468492209,3947.106304191536,0.8297217626295474,Put,SPXW,SPXW221021P03275000,9.45,0.3614,0.03675073452542465,0.9961838151688613
2022-10-21,38,0.10403832991101986,3280,0.8331828426459372,3947.106304191536,0.830988513412188,Put,SPXW,SPXW221021P03280000,9.600000000000001,0.3601,0.03675073452542465,0.9961838151688613
2022-10-21,38,0.10403832991101986,3290,0.83572303423937,3947.106304191536,0.8335220149774691,Put,SPXW,SPXW221021P03290000,9.899999999999999,0.3576,0.03675073452542465,0.9961838151688613
2022-10-21,38,0.10403832991101986,3300,0.8382632258328027,3947.106304191536,0.8360555165427501,Put,SPXW,SPXW221021P03300000,10.25,0.3554,0.03675073452542465,0.9961838151688613
2022-10-21,38,0.10403832991101986,3310,0.8408034174262354,3947.106304191536,0.8385890181080312,Put,SPXW,SPXW221021P03310000,10.55,0.3528,0.03675073452542465,0.9961838151688613
2022-10-21,38,0.10403832991101986,3320,0.8433436090196682,3947.106304191536,0.8411225196733123,Put,SPXW,SPXW221021P03320000,10.85,0.35,0.03675073452542465,0.9961838151688613
2022-10-21,38,0.10403832991101986,3325,0.8446137048163845,3947.106304191536,0.8423892704559528,Put,SPXW,SPXW221021P03325000,11.05,0.349,0.03675073452542465,0.9961838151688613
2022-10-21,38,0.10403832991101986,3330,0.8458838006131009,3947.106304191536,0.8436560212385933,Put,SPXW,SPXW221021P03330000,11.25,0.3479,0.03675073452542465,0.9961838151688613
2022-10-21,38,0.10403832991101986,3340,0.8484239922065336,3947.106304191536,0.8461895228038744,Put,SPXW,SPXW221021P03340000,11.55,0.345,0.03675073452542465,0.9961838151688613
2022-10-21,38,0.10403832991101986,3350,0.8509641837999664,3947.106304191536,0.8487230243691555,Put,SPXW,SPXW221021P03350000,11.95,0.3428,0.03675073452542465,0.9961838151688613
2022-10-21,38,0.10403832991101986,3360,0.8535043753933991,3947.106304191536,0.8512565259344365,Put,SPXW,SPXW221021P03360000,12.35,0.3404,0.03675073452542465,0.9961838151688613
2022-10-21,38,0.10403832991101986,3370,0.8560445669868318,3947.106304191536,0.8537900274997176,Put,SPXW,SPXW221021P03370000,12.8,0.3382,0.03675073452542465,0.9961838151688613
2022-10-21,38,0.10403832991101986,3375,0.8573146627835482,3947.106304191536,0.8550567782823582,Put,SPXW,SPXW221021P03375000,13.05,0.3373,0.03675073452542465,0.9961838151688613
2022-10-21,38,0.10403832991101986,3380,0.8585847585802646,3947.106304191536,0.8563235290649986,Put,SPXW,SPXW221021P03380000,13.25,0.336,0.03675073452542465,0.9961838151688613
2022-10-21,38,0.10403832991101986,3385,0.859854854376981,3947.106304191536,0.8575902798476391,Put,SPXW,SPXW221021P03385000,13.45,0.3346,0.03675073452542465,0.9961838151688613
2022-10-21,38,0.10403832991101986,3390,0.8611249501736973,3947.106304191536,0.8588570306302797,Put,SPXW,SPXW221021P03390000,13.7,0.3336,0.03675073452542465,0.9961838151688613
2022-10-21,38,0.10403832991101986,3395,0.8623950459704137,3947.106304191536,0.8601237814129202,Put,SPXW,SPXW221021P03395000,13.95,0.3325,0.03675073452542465,0.9961838151688613
2022-10-21,38,0.10403832991101986,3400,0.86366514176713,3947.106304191536,0.8613905321955607,Put,SPXW,SPXW221021P03400000,14.2,0.3314,0.03675073452542465,0.9961838151688613
2022-10-21,38,0.10403832991101986,3405,0.8649352375638464,3947.106304191536,0.8626572829782013,Put,SPXW,SPXW221021P03405000,14.45,0.3303,0.03675073452542465,0.9961838151688613
2022-10-21,38,0.10403832991101986,3410,0.8662053333605628,3947.106304191536,0.8639240337608418,Put,SPXW,SPXW221021P03410000,14.7,0.3292,0.03675073452542465,0.9961838151688613
2022-10-21,38,0.10403832991101986,3415,0.8674754291572792,3947.106304191536,0.8651907845434823,Put,SPXW,SPXW221021P03415000,14.95,0.328,0.03675073452542465,0.9961838151688613
2022-10-21,38,0.10403832991101986,3420,0.8687455249539955,3947.106304191536,0.8664575353261229,Put,SPXW,SPXW221021P03420000,15.25,0.3271,0.03675073452542465,0.9961838151688613
2022-10-21,38,0.10403832991101986,3425,0.8700156207507119,3947.106304191536,0.8677242861087634,Put,SPXW,SPXW221021P03425000,15.5,0.3258,0.03675073452542465,0.9961838151688613
2022-10-21,38,0.10403832991101986,3430,0.8712857165474283,3947.106304191536,0.8689910368914039,Put,SPXW,SPXW221021P03430000,15.8,0.3249,0.03675073452542465,0.9961838151688613
2022-10-21,38,0.10403832991101986,3435,0.8725558123441446,3947.106304191536,0.8702577876740445,Put,SPXW,SPXW221021P03435000,16.05,0.3236,0.03675073452542465,0.9961838151688613
2022-10-21,38,0.10403832991101986,3440,0.873825908140861,3947.106304191536,0.871524538456685,Put,SPXW,SPXW221021P03440000,16.35,0.3226,0.03675073452542465,0.9961838151688613
2022-10-21,38,0.10403832991101986,3445,0.8750960039375774,3947.106304191536,0.8727912892393256,Put,SPXW,SPXW221021P03445000,16.65,0.3215,0.03675073452542465,0.9961838151688613
2022-10-21,38,0.10403832991101986,3450,0.8763660997342937,3947.106304191536,0.8740580400219661,Put,SPXW,SPXW221021P03450000,16.95,0.3204,0.03675073452542465,0.9961838151688613
2022-10-21,38,0.10403832991101986,3455,0.8776361955310101,3947.106304191536,0.8753247908046066,Put,SPXW,SPXW221021P03455000,17.3,0.3195,0.03675073452542465,0.9961838151688613
2022-10-21,38,0.10403832991101986,3460,0.8789062913277265,3947.106304191536,0.8765915415872472,Put,SPXW,SPXW221021P03460000,17.6,0.3184,0.03675073452542465,0.9961838151688613
2022-10-21,38,0.10403832991101986,3465,0.8801763871244428,3947.106304191536,0.8778582923698877,Put,SPXW,SPXW221021P03465000,17.9,0.3174,0.03675073452542465,0.9961838151688613
2022-10-21,38,0.10403832991101986,3470,0.8814464829211592,3947.106304191536,0.8791250431525282,Put,SPXW,SPXW221021P03470000,18.25,0.3162,0.03675073452542465,0.9961838151688613
2022-10-21,38,0.10403832991101986,3475,0.8827165787178756,3947.106304191536,0.8803917939351688,Put,SPXW,SPXW221021P03475000,18.65,0.3154,0.03675073452542465,0.9961838151688613
2022-10-21,38,0.10403832991101986,3480,0.8839866745145919,3947.106304191536,0.8816585447178092,Put,SPXW,SPXW221021P03480000,18.950000000000003,0.3142,0.03675073452542465,0.9961838151688613
2022-10-21,38,0.10403832991101986,3485,0.8852567703113083,3947.106304191536,0.8829252955004497,Put,SPXW,SPXW221021P03485000,19.35,0.3133,0.03675073452542465,0.9961838151688613
2022-10-21,38,0.10403832991101986,3490,0.8865268661080247,3947.106304191536,0.8841920462830903,Put,SPXW,SPXW221021P03490000,19.75,0.3124,0.03675073452542465,0.9961838151688613
2022-10-21,38,0.10403832991101986,3495,0.887796961904741,3947.106304191536,0.8854587970657308,Put,SPXW,SPXW221021P03495000,20.049999999999997,0.3111,0.03675073452542465,0.9961838151688613
2022-10-21,38,0.10403832991101986,3500,0.8890670577014574,3947.106304191536,0.8867255478483713,Put,SPXW,SPXW221021P03500000,20.450000000000003,0.3102,0.03675073452542465,0.9961838151688613
2022-10-21,38,0.10403832991101986,3505,0.8903371534981738,3947.106304191536,0.8879922986310119,Put,SPXW,SPXW221021P03505000,20.85,0.3092,0.03675073452542465,0.9961838151688613
2022-10-21,38,0.10403832991101986,3510,0.8916072492948901,3947.106304191536,0.8892590494136524,Put,SPXW,SPXW221021P03510000,21.25,0.3082,0.03675073452542465,0.9961838151688613
2022-10-21,38,0.10403832991101986,3515,0.8928773450916065,3947.106304191536,0.8905258001962929,Put,SPXW,SPXW221021P03515000,21.75,0.3076,0.03675073452542465,0.9961838151688613
2022-10-21,38,0.10403832991101986,3520,0.8941474408883229,3947.106304191536,0.8917925509789335,Put,SPXW,SPXW221021P03520000,22.15,0.3065,0.03675073452542465,0.9961838151688613
2022-10-21,38,0.10403832991101986,3525,0.8954175366850392,3947.106304191536,0.893059301761574,Put,SPXW,SPXW221021P03525000,22.549999999999997,0.3054,0.03675073452542465,0.9961838151688613
2022-10-21,38,0.10403832991101986,3530,0.8966876324817556,3947.106304191536,0.8943260525442146,Put,SPXW,SPXW221021P03530000,23.049999999999997,0.3047,0.03675073452542465,0.9961838151688613
2022-10-21,38,0.10403832991101986,3535,0.897957728278472,3947.106304191536,0.8955928033268551,Put,SPXW,SPXW221021P03535000,23.450000000000003,0.3035,0.03675073452542465,0.9961838151688613
2022-10-21,38,0.10403832991101986,3540,0.8992278240751883,3947.106304191536,0.8968595541094956,Put,SPXW,SPXW221021P03540000,23.950000000000003,0.3027,0.03675073452542465,0.9961838151688613
2022-10-21,38,0.10403832991101986,3545,0.9004979198719048,3947.106304191536,0.8981263048921362,Put,SPXW,SPXW221021P03545000,24.450000000000003,0.3018,0.03675073452542465,0.9961838151688613
2022-10-21,38,0.10403832991101986,3550,0.9017680156686211,3947.106304191536,0.8993930556747767,Put,SPXW,SPXW221021P03550000,24.950000000000003,0.301,0.03675073452542465,0.9961838151688613
2022-10-21,38,0.10403832991101986,3555,0.9030381114653374,3947.106304191536,0.9006598064574172,Put,SPXW,SPXW221021P03555000,25.450000000000003,0.3,0.03675073452542465,0.9961838151688613
2022-10-21,38,0.10403832991101986,3560,0.9043082072620539,3947.106304191536,0.9019265572400578,Put,SPXW,SPXW221021P03560000,25.950000000000003,0.2991,0.03675073452542465,0.9961838151688613
2022-10-21,38,0.10403832991101986,3565,0.9055783030587702,3947.106304191536,0.9031933080226983,Put,SPXW,SPXW221021P03565000,26.5,0.2983,0.03675073452542465,0.9961838151688613
2022-10-21,38,0.10403832991101986,3570,0.9068483988554865,3947.106304191536,0.9044600588053388,Put,SPXW,SPXW221021P03570000,27.0,0.2972,0.03675073452542465,0.9961838151688613
2022-10-21,38,0.10403832991101986,3575,0.908118494652203,3947.106304191536,0.9057268095879794,Put,SPXW,SPXW221021P03575000,27.6,0.2965,0.03675073452542465,0.9961838151688613
2022-10-21,38,0.10403832991101986,3580,0.9093885904489193,3947.106304191536,0.9069935603706198,Put,SPXW,SPXW221021P03580000,28.15,0.2956,0.03675073452542465,0.9961838151688613
2022-10-21,38,0.10403832991101986,3585,0.9106586862456356,3947.106304191536,0.9082603111532603,Put,SPXW,SPXW221021P03585000,28.700000000000003,0.2946,0.03675073452542465,0.9961838151688613
2022-10-21,38,0.10403832991101986,3590,0.9119287820423521,3947.106304191536,0.9095270619359009,Put,SPXW,SPXW221021P03590000,29.299999999999997,0.2938,0.03675073452542465,0.9961838151688613
2022-10-21,38,0.10403832991101986,3595,0.9131988778390684,3947.106304191536,0.9107938127185414,Put,SPXW,SPXW221021P03595000,29.9,0.2929,0.03675073452542465,0.9961838151688613
2022-10-21,38,0.10403832991101986,3600,0.9144689736357847,3947.106304191536,0.912060563501182,Put,SPXW,SPXW221021P03600000,30.5,0.292,0.03675073452542465,0.9961838151688613
2022-10-21,38,0.10403832991101986,3605,0.9157390694325012,3947.106304191536,0.9133273142838225,Put,SPXW,SPXW221021P03605000,31.200000000000003,0.2914,0.03675073452542465,0.9961838151688613
2022-10-21,38,0.10403832991101986,3610,0.9170091652292175,3947.106304191536,0.914594065066463,Put,SPXW,SPXW221021P03610000,31.8,0.2904,0.03675073452542465,0.9961838151688613
2022-10-21,38,0.10403832991101986,3615,0.9182792610259338,3947.106304191536,0.9158608158491036,Put,SPXW,SPXW221021P03615000,32.5,0.2897,0.03675073452542465,0.9961838151688613
2022-10-21,38,0.10403832991101986,3620,0.9195493568226503,3947.106304191536,0.9171275666317441,Put,SPXW,SPXW221021P03620000,33.2,0.289,0.03675073452542465,0.9961838151688613
2022-10-21,38,0.10403832991101986,3625,0.9208194526193666,3947.106304191536,0.9183943174143846,Put,SPXW,SPXW221021P03625000,33.849999999999994,0.2882,0.03675073452542465,0.9961838151688613
2022-10-21,38,0.10403832991101986,3630,0.9220895484160829,3947.106304191536,0.9196610681970252,Put,SPXW,SPXW221021P03630000,34.6,0.2874,0.03675073452542465,0.9961838151688613
2022-10-21,38,0.10403832991101986,3635,0.9233596442127994,3947.106304191536,0.9209278189796657,Put,SPXW,SPXW221021P03635000,35.3,0.2865,0.03675073452542465,0.9961838151688613
2022-10-21,38,0.10403832991101986,3640,0.9246297400095157,3947.106304191536,0.9221945697623062,Put,SPXW,SPXW221021P03640000,36.05,0.2857,0.03675073452542465,0.9961838151688613
2022-10-21,38,0.10403832991101986,3645,0.925899835806232,3947.106304191536,0.9234613205449468,Put,SPXW,SPXW221021P03645000,36.8,0.2849,0.03675073452542465,0.9961838151688613
2022-10-21,38,0.10403832991101986,3650,0.9271699316029485,3947.106304191536,0.9247280713275873,Put,SPXW,SPXW221021P03650000,37.55,0.2841,0.03675073452542465,0.9961838151688613
2022-10-21,38,0.10403832991101986,3655,0.9284400273996648,3947.106304191536,0.9259948221102278,Put,SPXW,SPXW221021P03655000,38.349999999999994,0.2833,0.03675073452542465,0.9961838151688613
2022-10-21,38,0.10403832991101986,3660,0.9297101231963811,3947.106304191536,0.9272615728928684,Put,SPXW,SPXW221021P03660000,39.150000000000006,0.2825,0.03675073452542465,0.9961838151688613
2022-10-21,38,0.10403832991101986,3665,0.9309802189930976,3947.106304191536,0.9285283236755089,Put,SPXW,SPXW221021P03665000,40.0,0.2818,0.03675073452542465,0.9961838151688613
2022-10-21,38,0.10403832991101986,3670,0.9322503147898139,3947.106304191536,0.9297950744581494,Put,SPXW,SPXW221021P03670000,40.849999999999994,0.2811,0.03675073452542465,0.9961838151688613
2022-10-21,38,0.10403832991101986,3675,0.9335204105865302,3947.106304191536,0.93106182524079,Put,SPXW,SPXW221021P03675000,41.7,0.2803,0.03675073452542465,0.9961838151688613
2022-10-21,38,0.10403832991101986,3680,0.9347905063832467,3947.106304191536,0.9323285760234304,Put,SPXW,SPXW221021P03680000,42.55,0.2795,0.03675073452542465,0.9961838151688613
2022-10-21,38,0.10403832991101986,3685,0.936060602179963,3947.106304191536,0.933595326806071,Put,SPXW,SPXW221021P03685000,43.45,0.2788,0.03675073452542465,0.9961838151688613
2022-10-21,38,0.10403832991101986,3690,0.9373306979766793,3947.106304191536,0.9348620775887115,Put,SPXW,SPXW221021P03690000,44.349999999999994,0.278,0.03675073452542465,0.9961838151688613
2022-10-21,38,0.10403832991101986,3695,0.9386007937733958,3947.106304191536,0.936128828371352,Put,SPXW,SPXW221021P03695000,45.349999999999994,0.2774,0.03675073452542465,0.9961838151688613
2022-10-21,38,0.10403832991101986,3700,0.9398708895701121,3947.106304191536,0.9373955791539926,Put,SPXW,SPXW221021P03700000,46.25,0.2766,0.03675073452542465,0.9961838151688613
2022-10-21,38,0.10403832991101986,3705,0.9411409853668284,3947.106304191536,0.9386623299366331,Put,SPXW,SPXW221021P03705000,47.25,0.2759,0.03675073452542465,0.9961838151688613
2022-10-21,38,0.10403832991101986,3710,0.9424110811635449,3947.106304191536,0.9399290807192736,Put,SPXW,SPXW221021P03710000,48.25,0.2752,0.03675073452542465,0.9961838151688613
2022-10-21,38,0.10403832991101986,3715,0.9436811769602612,3947.106304191536,0.9411958315019142,Put,SPXW,SPXW221021P03715000,49.25,0.2744,0.03675073452542465,0.9961838151688613
2022-10-21,38,0.10403832991101986,3720,0.9449512727569775,3947.106304191536,0.9424625822845547,Put,SPXW,SPXW221021P03720000,50.3,0.2738,0.03675073452542465,0.9961838151688613
2022-10-21,38,0.10403832991101986,3725,0.946221368553694,3947.106304191536,0.9437293330671952,Put,SPXW,SPXW221021P03725000,51.349999999999994,0.273,0.03675073452542465,0.9961838151688613
2022-10-21,38,0.10403832991101986,3730,0.9474914643504103,3947.106304191536,0.9449960838498358,Put,SPXW,SPXW221021P03730000,52.4,0.2723,0.03675073452542465,0.9961838151688613
2022-10-21,38,0.10403832991101986,3735,0.9487615601471266,3947.106304191536,0.9462628346324763,Put,SPXW,SPXW221021P03735000,53.5,0.2716,0.03675073452542465,0.9961838151688613
2022-10-21,38,0.10403832991101986,3740,0.9500316559438431,3947.106304191536,0.9475295854151168,Put,SPXW,SPXW221021P03740000,54.6,0.2708,0.03675073452542465,0.9961838151688613
2022-10-21,38,0.10403832991101986,3745,0.9513017517405594,3947.106304191536,0.9487963361977574,Put,SPXW,SPXW221021P03745000,55.75,0.2702,0.03675073452542465,0.9961838151688613
2022-10-21,38,0.10403832991101986,3750,0.9525718475372758,3947.106304191536,0.9500630869803979,Put,SPXW,SPXW221021P03750000,56.9,0.2694,0.03675073452542465,0.9961838151688613
2022-10-21,38,0.10403832991101986,3755,0.9538419433339922,3947.106304191536,0.9513298377630385,Put,SPXW,SPXW221021P03755000,58.05,0.2687,0.03675073452542465,0.9961838151688613
2022-10-21,38,0.10403832991101986,3760,0.9551120391307085,3947.106304191536,0.952596588545679,Put,SPXW,SPXW221021P03760000,59.25,0.268,0.03675073452542465,0.9961838151688613
2022-10-21,38,0.10403832991101986,3765,0.9563821349274249,3947.106304191536,0.9538633393283195,Put,SPXW,SPXW221021P03765000,60.5,0.2673,0.03675073452542465,0.9961838151688613
2022-10-21,38,0.10403832991101986,3770,0.9576522307241413,3947.106304191536,0.9551300901109601,Put,SPXW,SPXW221021P03770000,61.7,0.2665,0.03675073452542465,0.9961838151688613
2022-10-21,38,0.10403832991101986,3775,0.9589223265208576,3947.106304191536,0.9563968408936006,Put,SPXW,SPXW221021P03775000,63.0,0.2659,0.03675073452542465,0.9961838151688613
2022-10-21,38,0.10403832991101986,3780,0.960192422317574,3947.106304191536,0.957663591676241,Put,SPXW,SPXW221021P03780000,64.2,0.265,0.03675073452542465,0.9961838151688613
2022-10-21,38,0.10403832991101986,3785,0.9614625181142904,3947.106304191536,0.9589303424588816,Put,SPXW,SPXW221021P03785000,65.5,0.2643,0.03675073452542465,0.9961838151688613
2022-10-21,38,0.10403832991101986,3790,0.9627326139110067,3947.106304191536,0.9601970932415221,Put,SPXW,SPXW221021P03790000,66.85,0.2636,0.03675073452542465,0.9961838151688613
2022-10-21,38,0.10403832991101986,3795,0.9640027097077231,3947.106304191536,0.9614638440241626,Put,SPXW,SPXW221021P03795000,68.2,0.2629,0.03675073452542465,0.9961838151688613
2022-10-21,38,0.10403832991101986,3800,0.9652728055044395,3947.106304191536,0.9627305948068032,Put,SPXW,SPXW221021P03800000,69.55,0.2621,0.03675073452542465,0.9961838151688613
2022-10-21,38,0.10403832991101986,3805,0.9665429013011558,3947.106304191536,0.9639973455894437,Put,SPXW,SPXW221021P03805000,70.9,0.2613,0.03675073452542465,0.9961838151688613
2022-10-21,38,0.10403832991101986,3810,0.9678129970978722,3947.106304191536,0.9652640963720842,Put,SPXW,SPXW221021P03810000,72.35,0.2606,0.03675073452542465,0.9961838151688613
2022-10-21,38,0.10403832991101986,3815,0.9690830928945886,3947.106304191536,0.9665308471547248,Put,SPXW,SPXW221021P03815000,73.75,0.2598,0.03675073452542465,0.9961838151688613
2022-10-21,38,0.10403832991101986,3820,0.9703531886913049,3947.106304191536,0.9677975979373653,Put,SPXW,SPXW221021P03820000,75.2,0.2591,0.03675073452542465,0.9961838151688613
2022-10-21,38,0.10403832991101986,3825,0.9716232844880213,3947.106304191536,0.9690643487200058,Put,SPXW,SPXW221021P03825000,76.7,0.2584,0.03675073452542465,0.9961838151688613
2022-10-21,38,0.10403832991101986,3830,0.9728933802847377,3947.106304191536,0.9703310995026464,Put,SPXW,SPXW221021P03830000,78.2,0.2576,0.03675073452542465,0.9961838151688613
2022-10-21,38,0.10403832991101986,3835,0.974163476081454,3947.106304191536,0.9715978502852869,Put,SPXW,SPXW221021P03835000,79.75,0.2569,0.03675073452542465,0.9961838151688613
2022-10-21,38,0.10403832991101986,3840,0.9754335718781704,3947.106304191536,0.9728646010679275,Put,SPXW,SPXW221021P03840000,81.25,0.256,0.03675073452542465,0.9961838151688613
2022-10-21,38,0.10403832991101986,3845,0.9767036676748868,3947.106304191536,0.974131351850568,Put,SPXW,SPXW221021P03845000,82.85,0.2553,0.03675073452542465,0.9961838151688613
2022-10-21,38,0.10403832991101986,3850,0.9779737634716031,3947.106304191536,0.9753981026332085,Put,SPXW,SPXW221021P03850000,84.45,0.2546,0.03675073452542465,0.9961838151688613
2022-10-21,38,0.10403832991101986,3855,0.9792438592683195,3947.106304191536,0.9766648534158491,Put,SPXW,SPXW221021P03855000,86.05,0.2537,0.03675073452542465,0.9961838151688613
2022-10-21,38,0.10403832991101986,3860,0.9805139550650359,3947.106304191536,0.9779316041984896,Put,SPXW,SPXW221021P03860000,87.75,0.2531,0.03675073452542465,0.9961838151688613
2022-10-21,38,0.10403832991101986,3865,0.9817840508617522,3947.106304191536,0.9791983549811301,Put,SPXW,SPXW221021P03865000,89.45,0.2523,0.03675073452542465,0.9961838151688613
2022-10-21,38,0.10403832991101986,3870,0.9830541466584686,3947.106304191536,0.9804651057637707,Put,SPXW,SPXW221021P03870000,91.15,0.2516,0.03675073452542465,0.9961838151688613
2022-10-21,38,0.10403832991101986,3875,0.984324242455185,3947.106304191536,0.9817318565464112,Put,SPXW,SPXW221021P03875000,92.8,0.2506,0.03675073452542465,0.9961838151688613
2022-10-21,38,0.10403832991101986,3880,0.9855943382519013,3947.106304191536,0.9829986073290516,Put,SPXW,SPXW221021P03880000,94.6,0.2499,0.03675073452542465,0.9961838151688613
2022-10-21,38,0.10403832991101986,3885,0.9868644340486177,3947.106304191536,0.9842653581116922,Put,SPXW,SPXW221021P03885000,96.35,0.2491,0.03675073452542465,0.9961838151688613
2022-10-21,38,0.10403832991101986,3890,0.9881345298453341,3947.106304191536,0.9855321088943327,Put,SPXW,SPXW221021P03890000,98.19999999999999,0.2484,0.03675073452542465,0.9961838151688613
2022-10-21,38,0.10403832991101986,3895,0.9894046256420505,3947.106304191536,0.9867988596769732,Put,SPXW,SPXW221021P03895000,100.0,0.2475,0.03675073452542465,0.9961838151688613
2022-10-21,38,0.10403832991101986,3900,0.9906747214387668,3947.106304191536,0.9880656104596138,Put,SPXW,SPXW221021P03900000,101.9,0.2468,0.03675073452542465,0.9961838151688613
2022-10-21,38,0.10403832991101986,3905,0.9919448172354832,3947.106304191536,0.9893323612422543,Put,SPXW,SPXW221021P03905000,103.80000000000001,0.246,0.03675073452542465,0.9961838151688613
2022-10-21,38,0.10403832991101986,3910,0.9932149130321996,3947.106304191536,0.9905991120248949,Put,SPXW,SPXW221021P03910000,105.69999999999999,0.2451,0.03675073452542465,0.9961838151688613
2022-10-21,38,0.10403832991101986,3915,0.9944850088289159,3947.106304191536,0.9918658628075354,Put,SPXW,SPXW221021P03915000,107.65,0.2443,0.03675073452542465,0.9961838151688613
2022-10-21,38,0.10403832991101986,3920,0.9957551046256323,3947.106304191536,0.9931326135901759,Put,SPXW,SPXW221021P03920000,109.65,0.2436,0.03675073452542465,0.9961838151688613
2022-10-21,38,0.10403832991101986,3925,0.9970252004223487,3947.106304191536,0.9943993643728165,Put,SPXW,SPXW221021P03925000,111.65,0.2427,0.03675073452542465,0.9961838151688613
2022-10-21,38,0.10403832991101986,3930,0.998295296219065,3947.106304191536,0.995666115155457,Put,SPXW,SPXW221021P03930000,113.69999999999999,0.2419,0.03675073452542465,0.9961838151688613
2022-10-21,38,0.10403832991101986,3935,0.9995653920157814,3947.106304191536,0.9969328659380975,Put,SPXW,SPXW221021P03935000,115.75,0.2411,0.03675073452542465,0.9961838151688613
2022-10-21,38,0.10403832991101986,3940,1.0008354878124979,3947.106304191536,0.9981996167207381,Put,SPXW,SPXW221021P03940000,117.9,0.2404,0.03675073452542465,0.9961838151688613
2022-10-21,38,0.10403832991101986,3945,1.002105583609214,3947.106304191536,0.9994663675033786,Put,SPXW,SPXW221021P03945000,120.0,0.2395,0.03675073452542465,0.9961838151688613
2022-10-21,38,0.10403832991101986,3950,1.0033756794059305,3947.106304191536,1.000733118286019,Call,SPXW,SPXW221021C03950000,118.30000000000001,0.2383,0.03675073452542465,0.9961838151688613
2022-10-21,38,0.10403832991101986,3955,1.004645775202647,3947.106304191536,1.0019998690686596,Call,SPXW,SPXW221021C03955000,115.55,0.2375,0.03675073452542465,0.9961838151688613
2022-10-21,38,0.10403832991101986,3960,1.0059158709993632,3947.106304191536,1.0032666198513003,Call,SPXW,SPXW221021C03960000,112.75,0.2366,0.03675073452542465,0.9961838151688613
2022-10-21,38,0.10403832991101986,3965,1.0071859667960796,3947.106304191536,1.0045333706339408,Call,SPXW,SPXW221021C03965000,110.05,0.2358,0.03675073452542465,0.9961838151688613
2022-10-21,38,0.10403832991101986,3970,1.008456062592796,3947.106304191536,1.0058001214165813,Call,SPXW,SPXW221021C03970000,107.4,0.2351,0.03675073452542465,0.9961838151688613
2022-10-21,38,0.10403832991101986,3975,1.0097261583895123,3947.106304191536,1.0070668721992218,Call,SPXW,SPXW221021C03975000,104.69999999999999,0.2342,0.03675073452542465,0.9961838151688613
2022-10-21,38,0.10403832991101986,3980,1.0109962541862287,3947.106304191536,1.0083336229818622,Call,SPXW,SPXW221021C03980000,102.05,0.2333,0.03675073452542465,0.9961838151688613
2022-10-21,38,0.10403832991101986,3985,1.0122663499829452,3947.106304191536,1.0096003737645027,Call,SPXW,SPXW221021C03985000,99.5,0.2326,0.03675073452542465,0.9961838151688613
2022-10-21,38,0.10403832991101986,3990,1.0135364457796614,3947.106304191536,1.0108671245471434,Call,SPXW,SPXW221021C03990000,96.95,0.2317,0.03675073452542465,0.9961838151688613
2022-10-21,38,0.10403832991101986,3995,1.0148065415763778,3947.106304191536,1.012133875329784,Call,SPXW,SPXW221021C03995000,94.45,0.231,0.03675073452542465,0.9961838151688613
2022-10-21,38,0.10403832991101986,4000,1.0160766373730943,3947.106304191536,1.0134006261124244,Call,SPXW,SPXW221021C04000000,91.95,0.2301,0.03675073452542465,0.9961838151688613
2022-10-21,38,0.10403832991101986,4005,1.0173467331698105,3947.106304191536,1.014667376895065,Call,SPXW,SPXW221021C04005000,89.45,0.2292,0.03675073452542465,0.9961838151688613
2022-10-21,38,0.10403832991101986,4010,1.018616828966527,3947.106304191536,1.0159341276777054,Call,SPXW,SPXW221021C04010000,87.05,0.2284,0.03675073452542465,0.9961838151688613
2022-10-21,38,0.10403832991101986,4015,1.0198869247632434,3947.106304191536,1.017200878460346,Call,SPXW,SPXW221021C04015000,84.7,0.2276,0.03675073452542465,0.9961838151688613
2022-10-21,38,0.10403832991101986,4020,1.0211570205599596,3947.106304191536,1.0184676292429866,Call,SPXW,SPXW221021C04020000,82.35,0.2268,0.03675073452542465,0.9961838151688613
2022-10-21,38,0.10403832991101986,4025,1.022427116356676,3947.106304191536,1.019734380025627,Call,SPXW,SPXW221021C04025000,80.05,0.226,0.03675073452542465,0.9961838151688613
2022-10-21,38,0.10403832991101986,4030,1.0236972121533925,3947.106304191536,1.0210011308082676,Call,SPXW,SPXW221021C04030000,77.8,0.2252,0.03675073452542465,0.9961838151688613
2022-10-21,38,0.10403832991101986,4035,1.0249673079501087,3947.106304191536,1.022267881590908,Call,SPXW,SPXW221021C04035000,75.6,0.2245,0.03675073452542465,0.9961838151688613
2022-10-21,38,0.10403832991101986,4040,1.0262374037468251,3947.106304191536,1.0235346323735486,Call,SPXW,SPXW221021C04040000,73.4,0.2237,0.03675073452542465,0.9961838151688613
2022-10-21,38,0.10403832991101986,4045,1.0275074995435416,3947.106304191536,1.0248013831561893,Call,SPXW,SPXW221021C04045000,71.25,0.2229,0.03675073452542465,0.9961838151688613
2022-10-21,38,0.10403832991101986,4050,1.0287775953402578,3947.106304191536,1.0260681339388298,Call,SPXW,SPXW221021C04050000,69.15,0.2221,0.03675073452542465,0.9961838151688613
2022-10-21,38,0.10403832991101986,4055,1.0300476911369743,3947.106304191536,1.0273348847214703,Call,SPXW,SPXW221021C04055000,67.1,0.2214,0.03675073452542465,0.9961838151688613
2022-10-21,38,0.10403832991101986,4060,1.0313177869336907,3947.106304191536,1.0286016355041108,Call,SPXW,SPXW221021C04060000,65.05,0.2206,0.03675073452542465,0.9961838151688613
2022-10-21,38,0.10403832991101986,4065,1.032587882730407,3947.106304191536,1.0298683862867513,Call,SPXW,SPXW221021C04065000,63.1,0.2199,0.03675073452542465,0.9961838151688613
2022-10-21,38,0.10403832991101986,4070,1.0338579785271234,3947.106304191536,1.0311351370693917,Call,SPXW,SPXW221021C04070000,61.1,0.219,0.03675073452542465,0.9961838151688613
2022-10-21,38,0.10403832991101986,4075,1.0351280743238398,3947.106304191536,1.0324018878520325,Call,SPXW,SPXW221021C04075000,59.2,0.2183,0.03675073452542465,0.9961838151688613
2022-10-21,38,0.10403832991101986,4080,1.036398170120556,3947.106304191536,1.033668638634673,Call,SPXW,SPXW221021C04080000,57.4,0.2178,0.03675073452542465,0.9961838151688613
2022-10-21,38,0.10403832991101986,4085,1.0376682659172725,3947.106304191536,1.0349353894173134,Call,SPXW,SPXW221021C04085000,55.5,0.2169,0.03675073452542465,0.9961838151688613
2022-10-21,38,0.10403832991101986,4090,1.038938361713989,3947.106304191536,1.036202140199954,Call,SPXW,SPXW221021C04090000,53.75,0.2162,0.03675073452542465,0.9961838151688613
2022-10-21,38,0.10403832991101986,4095,1.0402084575107051,3947.106304191536,1.0374688909825944,Call,SPXW,SPXW221021C04095000,52.0,0.2156,0.03675073452542465,0.9961838151688613
2022-10-21,38,0.10403832991101986,4100,1.0414785533074216,3947.106304191536,1.0387356417652351,Call,SPXW,SPXW221021C04100000,50.3,0.2148,0.03675073452542465,0.9961838151688613
2022-10-21,38,0.10403832991101986,4105,1.042748649104138,3947.106304191536,1.0400023925478756,Call,SPXW,SPXW221021C04105000,48.650000000000006,0.2142,0.03675073452542465,0.9961838151688613
2022-10-21,38,0.10403832991101986,4110,1.0440187449008542,3947.106304191536,1.0412691433305161,Call,SPXW,SPXW221021C04110000,47.0,0.2135,0.03675073452542465,0.9961838151688613
2022-10-21,38,0.10403832991101986,4115,1.0452888406975707,3947.106304191536,1.0425358941131566,Call,SPXW,SPXW221021C04115000,45.45,0.213,0.03675073452542465,0.9961838151688613
2022-10-21,38,0.10403832991101986,4120,1.046558936494287,3947.106304191536,1.043802644895797,Call,SPXW,SPXW221021C04120000,43.9,0.2123,0.03675073452542465,0.9961838151688613
2022-10-21,38,0.10403832991101986,4125,1.0478290322910033,3947.106304191536,1.0450693956784376,Call,SPXW,SPXW221021C04125000,42.349999999999994,0.2116,0.03675073452542465,0.9961838151688613
2022-10-21,38,0.10403832991101986,4130,1.0490991280877198,3947.106304191536,1.0463361464610783,Call,SPXW,SPXW221021C04130000,40.95,0.2112,0.03675073452542465,0.9961838151688613
2022-10-21,38,0.10403832991101986,4135,1.0503692238844362,3947.106304191536,1.0476028972437188,Call,SPXW,SPXW221021C04135000,39.45,0.2104,0.03675073452542465,0.9961838151688613
2022-10-21,38,0.10403832991101986,4140,1.0516393196811524,3947.106304191536,1.0488696480263593,Call,SPXW,SPXW221021C04140000,38.150000000000006,0.21,0.03675073452542465,0.9961838151688613
2022-10-21,38,0.10403832991101986,4145,1.0529094154778689,3947.106304191536,1.0501363988089998,Call,SPXW,SPXW221021C04145000,36.75,0.2093,0.03675073452542465,0.9961838151688613
2022-10-21,38,0.10403832991101986,4150,1.0541795112745853,3947.106304191536,1.0514031495916403,Call,SPXW,SPXW221021C04150000,35.45,0.2088,0.03675073452542465,0.9961838151688613
2022-10-21,38,0.10403832991101986,4155,1.0554496070713015,3947.106304191536,1.0526699003742808,Call,SPXW,SPXW221021C04155000,34.150000000000006,0.2082,0.03675073452542465,0.9961838151688613
2022-10-21,38,0.10403832991101986,4160,1.056719702868018,3947.106304191536,1.0539366511569215,Call,SPXW,SPXW221021C04160000,32.95,0.2078,0.03675073452542465,0.9961838151688613
2022-10-21,38,0.10403832991101986,4165,1.0579897986647344,3947.106304191536,1.055203401939562,Call,SPXW,SPXW221021C04165000,31.75,0.2072,0.03675073452542465,0.9961838151688613
2022-10-21,38,0.10403832991101986,4170,1.0592598944614506,3947.106304191536,1.0564701527222025,Call,SPXW,SPXW221021C04170000,30.6,0.2068,0.03675073452542465,0.9961838151688613
2022-10-21,38,0.10403832991101986,4175,1.060529990258167,3947.106304191536,1.057736903504843,Call,SPXW,SPXW221021C04175000,29.45,0.2063,0.03675073452542465,0.9961838151688613
2022-10-21,38,0.10403832991101986,4180,1.0618000860548835,3947.106304191536,1.0590036542874834,Call,SPXW,SPXW221021C04180000,28.35,0.2058,0.03675073452542465,0.9961838151688613
2022-10-21,38,0.10403832991101986,4185,1.0630701818515997,3947.106304191536,1.0602704050701242,Call,SPXW,SPXW221021C04185000,27.299999999999997,0.2054,0.03675073452542465,0.9961838151688613
2022-10-21,38,0.10403832991101986,4190,1.0643402776483162,3947.106304191536,1.0615371558527646,Call,SPXW,SPXW221021C04190000,26.299999999999997,0.205,0.03675073452542465,0.9961838151688613
2022-10-21,38,0.10403832991101986,4195,1.0656103734450326,3947.106304191536,1.0628039066354051,Call,SPXW,SPXW221021C04195000,25.299999999999997,0.2046,0.03675073452542465,0.9961838151688613
2022-10-21,38,0.10403832991101986,4200,1.0668804692417488,3947.106304191536,1.0640706574180456,Call,SPXW,SPXW221021C04200000,24.299999999999997,0.204,0.03675073452542465,0.9961838151688613
2022-10-21,38,0.10403832991101986,4205,1.0681505650384653,3947.106304191536,1.0653374082006861,Call,SPXW,SPXW221021C04205000,23.4,0.2037,0.03675073452542465,0.9961838151688613
2022-10-21,38,0.10403832991101986,4210,1.0694206608351817,3947.106304191536,1.0666041589833266,Call,SPXW,SPXW221021C04210000,22.5,0.2033,0.03675073452542465,0.9961838151688613
2022-10-21,38,0.10403832991101986,4215,1.070690756631898,3947.106304191536,1.0678709097659673,Call,SPXW,SPXW221021C04215000,21.6,0.2029,0.03675073452542465,0.9961838151688613
2022-10-21,38,0.10403832991101986,4220,1.0719608524286144,3947.106304191536,1.0691376605486078,Call,SPXW,SPXW221021C04220000,20.75,0.2025,0.03675073452542465,0.9961838151688613
2022-10-21,38,0.10403832991101986,4225,1.0732309482253308,3947.106304191536,1.0704044113312483,Call,SPXW,SPXW221021C04225000,19.950000000000003,0.2022,0.03675073452542465,0.9961838151688613
2022-10-21,38,0.10403832991101986,4230,1.074501044022047,3947.106304191536,1.0716711621138888,Call,SPXW,SPXW221021C04230000,19.15,0.2018,0.03675073452542465,0.9961838151688613
2022-10-21,38,0.10403832991101986,4235,1.0757711398187635,3947.106304191536,1.0729379128965293,Call,SPXW,SPXW221021C04235000,18.450000000000003,0.2015,0.03675073452542465,0.9961838151688613
2022-10-21,38,0.10403832991101986,4240,1.07704123561548,3947.106304191536,1.0742046636791698,Call,SPXW,SPXW221021C04240000,17.65,0.2011,0.03675073452542465,0.9961838151688613
2022-10-21,38,0.10403832991101986,4245,1.0783113314121962,3947.106304191536,1.0754714144618105,Call,SPXW,SPXW221021C04245000,17.0,0.201,0.03675073452542465,0.9961838151688613
2022-10-21,38,0.10403832991101986,4250,1.0795814272089126,3947.106304191536,1.076738165244451,Call,SPXW,SPXW221021C04250000,16.3,0.2006,0.03675073452542465,0.9961838151688613
2022-10-21,38,0.10403832991101986,4255,1.080851523005629,3947.106304191536,1.0780049160270915,Call,SPXW,SPXW221021C04255000,15.7,0.2006,0.03675073452542465,0.9961838151688613
2022-10-21,38,0.10403832991101986,4260,1.0821216188023453,3947.106304191536,1.079271666809732,Call,SPXW,SPXW221021C04260000,15.05,0.2002,0.03675073452542465,0.9961838151688613
2022-10-21,38,0.10403832991101986,4265,1.0833917145990617,3947.106304191536,1.0805384175923725,Call,SPXW,SPXW221021C04265000,14.45,0.2,0.03675073452542465,0.9961838151688613
2022-10-21,38,0.10403832991101986,4270,1.0846618103957781,3947.106304191536,1.0818051683750132,Call,SPXW,SPXW221021C04270000,13.85,0.1997,0.03675073452542465,0.9961838151688613
2022-10-21,38,0.10403832991101986,4275,1.0859319061924944,3947.106304191536,1.0830719191576537,Call,SPXW,SPXW221021C04275000,13.3,0.1996,0.03675073452542465,0.9961838151688613
2022-10-21,38,0.10403832991101986,4280,1.0872020019892108,3947.106304191536,1.0843386699402942,Call,SPXW,SPXW221021C04280000,12.75,0.1993,0.03675073452542465,0.9961838151688613
2022-10-21,38,0.10403832991101986,4285,1.0884720977859272,3947.106304191536,1.0856054207229346,Call,SPXW,SPXW221021C04285000,12.25,0.1992,0.03675073452542465,0.9961838151688613
2022-10-21,38,0.10403832991101986,4290,1.0897421935826435,3947.106304191536,1.0868721715055751,Call,SPXW,SPXW221021C04290000,11.75,0.199,0.03675073452542465,0.9961838151688613
2022-10-21,38,0.10403832991101986,4295,1.09101228937936,3947.106304191536,1.0881389222882156,Call,SPXW,SPXW221021C04295000,11.25,0.1988,0.03675073452542465,0.9961838151688613
2022-10-21,38,0.10403832991101986,4300,1.0922823851760763,3947.106304191536,1.0894056730708563,Call,SPXW,SPXW221021C04300000,10.75,0.1984,0.03675073452542465,0.9961838151688613
2022-10-21,38,0.10403832991101986,4305,1.0935524809727926,3947.106304191536,1.0906724238534968,Call,SPXW,SPXW221021C04305000,10.35,0.1985,0.03675073452542465,0.9961838151688613
2022-10-21,38,0.10403832991101986,4310,1.094822576769509,3947.106304191536,1.0919391746361373,Call,SPXW,SPXW221021C04310000,9.95,0.1985,0.03675073452542465,0.9961838151688613
2022-10-21,38,0.10403832991101986,4315,1.0960926725662254,3947.106304191536,1.0932059254187778,Call,SPXW,SPXW221021C04315000,9.55,0.1984,0.03675073452542465,0.9961838151688613
2022-10-21,38,0.10403832991101986,4320,1.0973627683629417,3947.106304191536,1.0944726762014183,Call,SPXW,SPXW221021C04320000,9.15,0.1983,0.03675073452542465,0.9961838151688613
2022-10-21,38,0.10403832991101986,4325,1.098632864159658,3947.106304191536,1.0957394269840588,Call,SPXW,SPXW221021C04325000,8.75,0.1981,0.03675073452542465,0.9961838151688613
2022-10-21,38,0.10403832991101986,4330,1.0999029599563745,3947.106304191536,1.0970061777666995,Call,SPXW,SPXW221021C04330000,8.35,0.1978,0.03675073452542465,0.9961838151688613
2022-10-21,38,0.10403832991101986,4335,1.1011730557530908,3947.106304191536,1.09827292854934,Call,SPXW,SPXW221021C04335000,8.05,0.1979,0.03675073452542465,0.9961838151688613
2022-10-21,38,0.10403832991101986,4340,1.1024431515498072,3947.106304191536,1.0995396793319805,Call,SPXW,SPXW221021C04340000,7.7,0.1978,0.03675073452542465,0.9961838151688613
2022-10-21,38,0.10403832991101986,4345,1.1037132473465237,3947.106304191536,1.100806430114621,Call,SPXW,SPXW221021C04345000,7.35,0.1975,0.03675073452542465,0.9961838151688613
2022-10-21,38,0.10403832991101986,4350,1.1049833431432399,3947.106304191536,1.1020731808972615,Call,SPXW,SPXW221021C04350000,7.05,0.1975,0.03675073452542465,0.9961838151688613
2022-10-21,38,0.10403832991101986,4355,1.1062534389399563,3947.106304191536,1.1033399316799022,Call,SPXW,SPXW221021C04355000,6.75,0.1974,0.03675073452542465,0.9961838151688613
2022-10-21,38,0.10403832991101986,4360,1.1075235347366728,3947.106304191536,1.1046066824625427,Call,SPXW,SPXW221021C04360000,6.5,0.1976,0.03675073452542465,0.9961838151688613
2022-10-21,38,0.10403832991101986,4365,1.108793630533389,3947.106304191536,1.1058734332451832,Call,SPXW,SPXW221021C04365000,6.2,0.1974,0.03675073452542465,0.9961838151688613
2022-10-21,38,0.10403832991101986,4370,1.1100637263301054,3947.106304191536,1.1071401840278237,Call,SPXW,SPXW221021C04370000,5.95,0.1974,0.03675073452542465,0.9961838151688613
2022-10-21,38,0.10403832991101986,4375,1.1113338221268219,3947.106304191536,1.1084069348104642,Call,SPXW,SPXW221021C04375000,5.7,0.1974,0.03675073452542465,0.9961838151688613
2022-10-21,38,0.10403832991101986,4380,1.112603917923538,3947.106304191536,1.1096736855931046,Call,SPXW,SPXW221021C04380000,5.45,0.1973,0.03675073452542465,0.9961838151688613
2022-10-21,38,0.10403832991101986,4385,1.1138740137202545,3947.106304191536,1.1109404363757454,Call,SPXW,SPXW221021C04385000,5.2,0.1972,0.03675073452542465,0.9961838151688613
2022-10-21,38,0.10403832991101986,4390,1.115144109516971,3947.106304191536,1.1122071871583858,Call,SPXW,SPXW221021C04390000,5.0,0.1973,0.03675073452542465,0.9961838151688613
2022-10-21,38,0.10403832991101986,4395,1.1164142053136872,3947.106304191536,1.1134739379410263,Call,SPXW,SPXW221021C04395000,4.8,0.1974,0.03675073452542465,0.9961838151688613
2022-10-21,38,0.10403832991101986,4400,1.1176843011104036,3947.106304191536,1.1147406887236668,Call,SPXW,SPXW221021C04400000,4.6,0.1975,0.03675073452542465,0.9961838151688613
2022-10-21,38,0.10403832991101986,4405,1.11895439690712,3947.106304191536,1.1160074395063073,Call,SPXW,SPXW221021C04405000,4.4,0.1974,0.03675073452542465,0.9961838151688613
2022-10-21,38,0.10403832991101986,4410,1.1202244927038363,3947.106304191536,1.117274190288948,Call,SPXW,SPXW221021C04410000,4.2,0.1973,0.03675073452542465,0.9961838151688613
2022-10-28,45,0.12320328542094455,2800,0.7112536461611659,3949.045854402648,0.7090320303266121,Put,SPXW,SPXW221028P02800000,3.85,0.4755,0.03679517172194988,0.9954769737879662
2022-10-28,45,0.12320328542094455,2900,0.7366555620954933,3949.045854402648,0.7343546028382768,Put,SPXW,SPXW221028P02900000,4.8,0.448,0.03679517172194988,0.9954769737879662
2022-10-28,45,0.12320328542094455,3000,0.7620574780298206,3949.045854402648,0.7596771753499415,Put,SPXW,SPXW221028P03000000,6.0,0.4205,0.03679517172194988,0.9954769737879662
2022-10-28,45,0.12320328542094455,3050,0.7747584359969844,3949.045854402648,0.7723384616057739,Put,SPXW,SPXW221028P03050000,6.8,0.4078,0.03679517172194988,0.9954769737879662
2022-10-28,45,0.12320328542094455,3100,0.787459393964148,3949.045854402648,0.7849997478616063,Put,SPXW,SPXW221028P03100000,7.65,0.3945,0.03679517172194988,0.9954769737879662
2022-10-28,45,0.12320328542094455,3150,0.8001603519313116,3949.045854402648,0.7976610341174386,Put,SPXW,SPXW221028P03150000,8.65,0.3814,0.03679517172194988,0.9954769737879662
2022-10-28,45,0.12320328542094455,3200,0.8128613098984754,3949.045854402648,0.810322320373271,Put,SPXW,SPXW221028P03200000,9.85,0.3688,0.03679517172194988,0.9954769737879662
2022-10-28,45,0.12320328542094455,3250,0.825562267865639,3949.045854402648,0.8229836066291033,Put,SPXW,SPXW221028P03250000,11.35,0.357,0.03679517172194988,0.9954769737879662
2022-10-28,45,0.12320328542094455,3300,0.8382632258328027,3949.045854402648,0.8356448928849357,Put,SPXW,SPXW221028P03300000,13.15,0.3456,0.03679517172194988,0.9954769737879662
2022-10-28,45,0.12320328542094455,3350,0.8509641837999664,3949.045854402648,0.848306179140768,Put,SPXW,SPXW221028P03350000,15.3,0.3343,0.03679517172194988,0.9954769737879662
2022-10-28,45,0.12320328542094455,3400,0.86366514176713,3949.045854402648,0.8609674653966004,Put,SPXW,SPXW221028P03400000,18.0,0.3239,0.03679517172194988,0.9954769737879662
2022-10-28,45,0.12320328542094455,3450,0.8763660997342937,3949.045854402648,0.8736287516524328,Put,SPXW,SPXW221028P03450000,21.35,0.3141,0.03679517172194988,0.9954769737879662
2022-10-28,45,0.12320328542094455,3500,0.8890670577014574,3949.045854402648,0.8862900379082651,Put,SPXW,SPXW221028P03500000,25.549999999999997,0.3051,0.03679517172194988,0.9954769737879662
2022-10-28,45,0.12320328542094455,3525,0.8954175366850392,3949.045854402648,0.8926206810361813,Put,SPXW,SPXW221028P03525000,28.0,0.3008,0.03679517172194988,0.9954769737879662
2022-10-28,45,0.12320328542094455,3550,0.9017680156686211,3949.045854402648,0.8989513241640975,Put,SPXW,SPXW221028P03550000,30.700000000000003,0.2966,0.03679517172194988,0.9954769737879662
2022-10-28,45,0.12320328542094455,3575,0.908118494652203,3949.045854402648,0.9052819672920137,Put,SPXW,SPXW221028P03575000,33.7,0.2925,0.03679517172194988,0.9954769737879662
2022-10-28,45,0.12320328542094455,3590,0.9119287820423521,3949.045854402648,0.9090803531687633,Put,SPXW,SPXW221028P03590000,35.7,0.2902,0.03679517172194988,0.9954769737879662
2022-10-28,45,0.12320328542094455,3600,0.9144689736357847,3949.045854402648,0.9116126104199298,Put,SPXW,SPXW221028P03600000,37.1,0.2888,0.03679517172194988,0.9954769737879662
2022-10-28,45,0.12320328542094455,3610,0.9170091652292175,3949.045854402648,0.9141448676710964,Put,SPXW,SPXW221028P03610000,38.5,0.2871,0.03679517172194988,0.9954769737879662
2022-10-28,45,0.12320328542094455,3620,0.9195493568226503,3949.045854402648,0.9166771249222628,Put,SPXW,SPXW221028P03620000,40.0,0.2857,0.03679517172194988,0.9954769737879662
2022-10-28,45,0.12320328542094455,3625,0.9208194526193666,3949.045854402648,0.917943253547846,Put,SPXW,SPXW221028P03625000,40.75,0.2849,0.03679517172194988,0.9954769737879662
2022-10-28,45,0.12320328542094455,3630,0.9220895484160829,3949.045854402648,0.9192093821734293,Put,SPXW,SPXW221028P03630000,41.55,0.2842,0.03679517172194988,0.9954769737879662
2022-10-28,45,0.12320328542094455,3640,0.9246297400095157,3949.045854402648,0.9217416394245957,Put,SPXW,SPXW221028P03640000,43.150000000000006,0.2827,0.03679517172194988,0.9954769737879662
2022-10-28,45,0.12320328542094455,3650,0.9271699316029485,3949.045854402648,0.9242738966757622,Put,SPXW,SPXW221028P03650000,44.849999999999994,0.2813,0.03679517172194988,0.9954769737879662
2022-10-28,45,0.12320328542094455,3660,0.9297101231963811,3949.045854402648,0.9268061539269287,Put,SPXW,SPXW221028P03660000,46.55,0.2797,0.03679517172194988,0.9954769737879662
2022-10-28,45,0.12320328542094455,3670,0.9322503147898139,3949.045854402648,0.9293384111780951,Put,SPXW,SPXW221028P03670000,48.4,0.2784,0.03679517172194988,0.9954769737879662
2022-10-28,45,0.12320328542094455,3675,0.9335204105865302,3949.045854402648,0.9306045398036784,Put,SPXW,SPXW221028P03675000,49.349999999999994,0.2778,0.03679517172194988,0.9954769737879662
2022-10-28,45,0.12320328542094455,3680,0.9347905063832467,3949.045854402648,0.9318706684292616,Put,SPXW,SPXW221028P03680000,50.25,0.2769,0.03679517172194988,0.9954769737879662
2022-10-28,45,0.12320328542094455,3690,0.9373306979766793,3949.045854402648,0.934402925680428,Put,SPXW,SPXW221028P03690000,52.25,0.2757,0.03679517172194988,0.9954769737879662
2022-10-28,45,0.12320328542094455,3700,0.9398708895701121,3949.045854402648,0.9369351829315946,Put,SPXW,SPXW221028P03700000,54.25,0.2742,0.03679517172194988,0.9954769737879662
2022-10-28,45,0.12320328542094455,3710,0.9424110811635449,3949.045854402648,0.9394674401827611,Put,SPXW,SPXW221028P03710000,56.349999999999994,0.2729,0.03679517172194988,0.9954769737879662
2022-10-28,45,0.12320328542094455,3720,0.9449512727569775,3949.045854402648,0.9419996974339275,Put,SPXW,SPXW221028P03720000,58.5,0.2714,0.03679517172194988,0.9954769737879662
2022-10-28,45,0.12320328542094455,3725,0.946221368553694,3949.045854402648,0.9432658260595107,Put,SPXW,SPXW221028P03725000,59.6,0.2707,0.03679517172194988,0.9954769737879662
2022-10-28,45,0.12320328542094455,3730,0.9474914643504103,3949.045854402648,0.944531954685094,Put,SPXW,SPXW221028P03730000,60.75,0.2701,0.03679517172194988,0.9954769737879662
2022-10-28,45,0.12320328542094455,3740,0.9500316559438431,3949.045854402648,0.9470642119362604,Put,SPXW,SPXW221028P03740000,63.1,0.2688,0.03679517172194988,0.9954769737879662
2022-10-28,45,0.12320328542094455,3750,0.9525718475372758,3949.045854402648,0.9495964691874269,Put,SPXW,SPXW221028P03750000,65.4,0.2672,0.03679517172194988,0.9954769737879662
2022-10-28,45,0.12320328542094455,3760,0.9551120391307085,3949.045854402648,0.9521287264385934,Put,SPXW,SPXW221028P03760000,67.9,0.2659,0.03679517172194988,0.9954769737879662
2022-10-28,45,0.12320328542094455,3770,0.9576522307241413,3949.045854402648,0.9546609836897598,Put,SPXW,SPXW221028P03770000,70.45,0.2645,0.03679517172194988,0.9954769737879662
2022-10-28,45,0.12320328542094455,3775,0.9589223265208576,3949.045854402648,0.9559271123153431,Put,SPXW,SPXW221028P03775000,71.75,0.2638,0.03679517172194988,0.9954769737879662
2022-10-28,45,0.12320328542094455,3780,0.960192422317574,3949.045854402648,0.9571932409409264,Put,SPXW,SPXW221028P03780000,73.1,0.2632,0.03679517172194988,0.9954769737879662
2022-10-28,45,0.12320328542094455,3790,0.9627326139110067,3949.045854402648,0.9597254981920929,Put,SPXW,SPXW221028P03790000,75.8,0.2618,0.03679517172194988,0.9954769737879662
2022-10-28,45,0.12320328542094455,3800,0.9652728055044395,3949.045854402648,0.9622577554432593,Put,SPXW,SPXW221028P03800000,78.55,0.2603,0.03679517172194988,0.9954769737879662
2022-10-28,45,0.12320328542094455,3810,0.9678129970978722,3949.045854402648,0.9647900126944258,Put,SPXW,SPXW221028P03810000,81.45,0.2589,0.03679517172194988,0.9954769737879662
2022-10-28,45,0.12320328542094455,3820,0.9703531886913049,3949.045854402648,0.9673222699455922,Put,SPXW,SPXW221028P03820000,84.4,0.2575,0.03679517172194988,0.9954769737879662
2022-10-28,45,0.12320328542094455,3825,0.9716232844880213,3949.045854402648,0.9685883985711755,Put,SPXW,SPXW221028P03825000,85.9,0.2567,0.03679517172194988,0.9954769737879662
2022-10-28,45,0.12320328542094455,3830,0.9728933802847377,3949.045854402648,0.9698545271967587,Put,SPXW,SPXW221028P03830000,87.45,0.256,0.03679517172194988,0.9954769737879662
2022-10-28,45,0.12320328542094455,3840,0.9754335718781704,3949.045854402648,0.9723867844479251,Put,SPXW,SPXW221028P03840000,90.55,0.2545,0.03679517172194988,0.9954769737879662
2022-10-28,45,0.12320328542094455,3850,0.9779737634716031,3949.045854402648,0.9749190416990916,Put,SPXW,SPXW221028P03850000,93.85,0.2532,0.03679517172194988,0.9954769737879662
2022-10-28,45,0.12320328542094455,3860,0.9805139550650359,3949.045854402648,0.9774512989502581,Put,SPXW,SPXW221028P03860000,97.15,0.2517,0.03679517172194988,0.9954769737879662
2022-10-28,45,0.12320328542094455,3870,0.9830541466584686,3949.045854402648,0.9799835562014246,Put,SPXW,SPXW221028P03870000,100.55,0.2502,0.03679517172194988,0.9954769737879662
2022-10-28,45,0.12320328542094455,3875,0.984324242455185,3949.045854402648,0.9812496848270078,Put,SPXW,SPXW221028P03875000,102.30000000000001,0.2494,0.03679517172194988,0.9954769737879662
2022-10-28,45,0.12320328542094455,3880,0.9855943382519013,3949.045854402648,0.9825158134525911,Put,SPXW,SPXW221028P03880000,104.05,0.2487,0.03679517172194988,0.9954769737879662
2022-10-28,45,0.12320328542094455,3885,0.9868644340486177,3949.045854402648,0.9837819420781743,Put,SPXW,SPXW221028P03885000,105.85,0.2479,0.03679517172194988,0.9954769737879662
2022-10-28,45,0.12320328542094455,3890,0.9881345298453341,3949.045854402648,0.9850480707037576,Put,SPXW,SPXW221028P03890000,107.69999999999999,0.2472,0.03679517172194988,0.9954769737879662
2022-10-28,45,0.12320328542094455,3900,0.9906747214387668,3949.045854402648,0.987580327954924,Put,SPXW,SPXW221028P03900000,111.4,0.2457,0.03679517172194988,0.9954769737879662
2022-10-28,45,0.12320328542094455,3905,0.9919448172354832,3949.045854402648,0.9888464565805073,Put,SPXW,SPXW221028P03905000,113.30000000000001,0.2449,0.03679517172194988,0.9954769737879662
2022-10-28,45,0.12320328542094455,3910,0.9932149130321996,3949.045854402648,0.9901125852060905,Put,SPXW,SPXW221028P03910000,115.25,0.2442,0.03679517172194988,0.9954769737879662
2022-10-28,45,0.12320328542094455,3915,0.9944850088289159,3949.045854402648,0.9913787138316738,Put,SPXW,SPXW221028P03915000,117.19999999999999,0.2435,0.03679517172194988,0.9954769737879662
2022-10-28,45,0.12320328542094455,3920,0.9957551046256323,3949.045854402648,0.9926448424572569,Put,SPXW,SPXW221028P03920000,119.15,0.2426,0.03679517172194988,0.9954769737879662
2022-10-28,45,0.12320328542094455,3925,0.9970252004223487,3949.045854402648,0.9939109710828402,Put,SPXW,SPXW221028P03925000,121.19999999999999,0.242,0.03679517172194988,0.9954769737879662
2022-10-28,45,0.12320328542094455,3930,0.998295296219065,3949.045854402648,0.9951770997084234,Put,SPXW,SPXW221028P03930000,123.19999999999999,0.2411,0.03679517172194988,0.9954769737879662
2022-10-28,45,0.12320328542094455,3940,1.0008354878124979,3949.045854402648,0.9977093569595898,Put,SPXW,SPXW221028P03940000,127.35,0.2396,0.03679517172194988,0.9954769737879662
2022-10-28,45,0.12320328542094455,3950,1.0033756794059305,3949.045854402648,1.0002416142107564,Call,SPXW,SPXW221028C03950000,129.5,0.2378,0.03679517172194988,0.9954769737879662
2022-10-28,45,0.12320328542094455,3960,1.0059158709993632,3949.045854402648,1.0027738714619228,Call,SPXW,SPXW221028C03960000,123.9,0.2362,0.03679517172194988,0.9954769737879662
2022-10-28,45,0.12320328542094455,3970,1.008456062592796,3949.045854402648,1.0053061287130893,Call,SPXW,SPXW221028C03970000,118.45,0.2347,0.03679517172194988,0.9954769737879662
2022-10-28,45,0.12320328542094455,3975,1.0097261583895123,3949.045854402648,1.0065722573386726,Call,SPXW,SPXW221028C03975000,115.75,0.2339,0.03679517172194988,0.9954769737879662
2022-10-28,45,0.12320328542094455,3980,1.0109962541862287,3949.045854402648,1.0078383859642557,Call,SPXW,SPXW221028C03980000,113.1,0.2331,0.03679517172194988,0.9954769737879662
2022-10-28,45,0.12320328542094455,3990,1.0135364457796614,3949.045854402648,1.0103706432154222,Call,SPXW,SPXW221028C03990000,107.9,0.2316,0.03679517172194988,0.9954769737879662
2022-10-28,45,0.12320328542094455,4000,1.0160766373730943,3949.045854402648,1.0129029004665888,Call,SPXW,SPXW221028C04000000,102.80000000000001,0.23,0.03679517172194988,0.9954769737879662
2022-10-28,45,0.12320328542094455,4010,1.018616828966527,3949.045854402648,1.0154351577177552,Call,SPXW,SPXW221028C04010000,97.85,0.2285,0.03679517172194988,0.9954769737879662
2022-10-28,45,0.12320328542094455,4020,1.0211570205599596,3949.045854402648,1.0179674149689217,Call,SPXW,SPXW221028C04020000,92.95,0.2268,0.03679517172194988,0.9954769737879662
2022-10-28,45,0.12320328542094455,4025,1.022427116356676,3949.045854402648,1.0192335435945048,Call,SPXW,SPXW221028C04025000,90.65,0.2262,0.03679517172194988,0.9954769737879662
2022-10-28,45,0.12320328542094455,4030,1.0236972121533925,3949.045854402648,1.020499672220088,Call,SPXW,SPXW221028C04030000,88.25,0.2253,0.03679517172194988,0.9954769737879662
2022-10-28,45,0.12320328542094455,4040,1.0262374037468251,3949.045854402648,1.0230319294712547,Call,SPXW,SPXW221028C04040000,83.8,0.2239,0.03679517172194988,0.9954769737879662
2022-10-28,45,0.12320328542094455,4050,1.0287775953402578,3949.045854402648,1.025564186722421,Call,SPXW,SPXW221028C04050000,79.4,0.2224,0.03679517172194988,0.9954769737879662
2022-10-28,45,0.12320328542094455,4060,1.0313177869336907,3949.045854402648,1.0280964439735876,Call,SPXW,SPXW221028C04060000,75.05,0.2208,0.03679517172194988,0.9954769737879662
2022-10-28,45,0.12320328542094455,4070,1.0338579785271234,3949.045854402648,1.030628701224754,Call,SPXW,SPXW221028C04070000,70.95,0.2194,0.03679517172194988,0.9954769737879662
2022-10-28,45,0.12320328542094455,4075,1.0351280743238398,3949.045854402648,1.0318948298503372,Call,SPXW,SPXW221028C04075000,68.95,0.2187,0.03679517172194988,0.9954769737879662
2022-10-28,45,0.12320328542094455,4080,1.036398170120556,3949.045854402648,1.0331609584759205,Call,SPXW,SPXW221028C04080000,66.95,0.2179,0.03679517172194988,0.9954769737879662
2022-10-28,45,0.12320328542094455,4090,1.038938361713989,3949.045854402648,1.035693215727087,Call,SPXW,SPXW221028C04090000,63.1,0.2165,0.03679517172194988,0.9954769737879662
2022-10-28,45,0.12320328542094455,4095,1.0402084575107051,3949.045854402648,1.0369593443526701,Call,SPXW,SPXW221028C04095000,61.3,0.2159,0.03679517172194988,0.9954769737879662
2022-10-28,45,0.12320328542094455,4100,1.0414785533074216,3949.045854402648,1.0382254729782534,Call,SPXW,SPXW221028C04100000,59.5,0.2152,0.03679517172194988,0.9954769737879662
2022-10-28,45,0.12320328542094455,4105,1.042748649104138,3949.045854402648,1.0394916016038367,Call,SPXW,SPXW221028C04105000,57.7,0.2146,0.03679517172194988,0.9954769737879662
2022-10-28,45,0.12320328542094455,4110,1.0440187449008542,3949.045854402648,1.04075773022942,Call,SPXW,SPXW221028C04110000,55.9,0.2138,0.03679517172194988,0.9954769737879662
2022-10-28,45,0.12320328542094455,4120,1.046558936494287,3949.045854402648,1.0432899874805863,Call,SPXW,SPXW221028C04120000,52.55,0.2125,0.03679517172194988,0.9954769737879662
2022-10-28,45,0.12320328542094455,4125,1.0478290322910033,3949.045854402648,1.0445561161061696,Call,SPXW,SPXW221028C04125000,50.9,0.2119,0.03679517172194988,0.9954769737879662
2022-10-28,45,0.12320328542094455,4130,1.0490991280877198,3949.045854402648,1.045822244731753,Call,SPXW,SPXW221028C04130000,49.3,0.2112,0.03679517172194988,0.9954769737879662
2022-10-28,45,0.12320328542094455,4135,1.0503692238844362,3949.045854402648,1.0470883733573362,Call,SPXW,SPXW221028C04135000,47.75,0.2106,0.03679517172194988,0.9954769737879662
2022-10-28,45,0.12320328542094455,4140,1.0516393196811524,3949.045854402648,1.0483545019829192,Call,SPXW,SPXW221028C04140000,46.25,0.2101,0.03679517172194988,0.9954769737879662
2022-10-28,45,0.12320328542094455,4145,1.0529094154778689,3949.045854402648,1.0496206306085025,Call,SPXW,SPXW221028C04145000,44.75,0.2095,0.03679517172194988,0.9954769737879662
2022-10-28,45,0.12320328542094455,4150,1.0541795112745853,3949.045854402648,1.0508867592340858,Call,SPXW,SPXW221028C04150000,43.3,0.2089,0.03679517172194988,0.9954769737879662
2022-10-28,45,0.12320328542094455,4160,1.056719702868018,3949.045854402648,1.0534190164852524,Call,SPXW,SPXW221028C04160000,40.55,0.2079,0.03679517172194988,0.9954769737879662
2022-10-28,45,0.12320328542094455,4170,1.0592598944614506,3949.045854402648,1.0559512737364187,Call,SPXW,SPXW221028C04170000,37.849999999999994,0.2067,0.03679517172194988,0.9954769737879662
2022-10-28,45,0.12320328542094455,4175,1.060529990258167,3949.045854402648,1.057217402362002,Call,SPXW,SPXW221028C04175000,36.6,0.2062,0.03679517172194988,0.9954769737879662
2022-10-28,45,0.12320328542094455,4190,1.0643402776483162,3949.045854402648,1.0610157882387516,Call,SPXW,SPXW221028C04190000,33.0,0.2047,0.03679517172194988,0.9954769737879662
2022-10-28,45,0.12320328542094455,4200,1.0668804692417488,3949.045854402648,1.0635480454899182,Call,SPXW,SPXW221028C04200000,30.75,0.2038,0.03679517172194988,0.9954769737879662
2022-10-28,45,0.12320328542094455,4210,1.0694206608351817,3949.045854402648,1.0660803027410846,Call,SPXW,SPXW221028C04210000,28.6,0.2028,0.03679517172194988,0.9954769737879662
2022-10-28,45,0.12320328542094455,4220,1.0719608524286144,3949.045854402648,1.0686125599922511,Call,SPXW,SPXW221028C04220000,26.6,0.2019,0.03679517172194988,0.9954769737879662
2022-10-28,45,0.12320328542094455,4225,1.0732309482253308,3949.045854402648,1.0698786886178344,Call,SPXW,SPXW221028C04225000,25.700000000000003,0.2017,0.03679517172194988,0.9954769737879662
2022-10-28,45,0.12320328542094455,4240,1.07704123561548,3949.045854402648,1.073677074494584,Call,SPXW,SPXW221028C04240000,23.0,0.2005,0.03679517172194988,0.9954769737879662
2022-10-28,45,0.12320328542094455,4250,1.0795814272089126,3949.045854402648,1.0762093317457506,Call,SPXW,SPXW221028C04250000,21.35,0.1998,0.03679517172194988,0.9954769737879662
2022-10-28,45,0.12320328542094455,4260,1.0821216188023453,3949.045854402648,1.078741588996917,Call,SPXW,SPXW221028C04260000,19.85,0.1993,0.03679517172194988,0.9954769737879662
2022-10-28,45,0.12320328542094455,4300,1.0922823851760763,3949.045854402648,1.0888706180015828,Call,SPXW,SPXW221028C04300000,14.600000000000001,0.197,0.03679517172194988,0.9954769737879662
2022-10-28,45,0.12320328542094455,4310,1.094822576769509,3949.045854402648,1.0914028752527494,Call,SPXW,SPXW221028C04310000,13.5,0.1966,0.03679517172194988,0.9954769737879662
2022-10-28,45,0.12320328542094455,4325,1.098632864159658,3949.045854402648,1.095201261129499,Call,SPXW,SPXW221028C04325000,12.05,0.1962,0.03679517172194988,0.9954769737879662
2022-10-28,45,0.12320328542094455,4350,1.1049833431432399,3949.045854402648,1.1015319042574152,Call,SPXW,SPXW221028C04350000,9.85,0.1952,0.03679517172194988,0.9954769737879662
2022-10-28,45,0.12320328542094455,4400,1.1176843011104036,3949.045854402648,1.1141931905132476,Call,SPXW,SPXW221028C04400000,6.6,0.1943,0.03679517172194988,0.9954769737879662
2022-10-31,48,0.13141683778234087,2800,0.7112536461611659,3949.8792867427323,0.708882423166157,Put,SPXW,SPXW221031P02800000,4.2,0.4664,0.03681391820802973,0.9951737154033136
2022-10-31,48,0.13141683778234087,2900,0.7366555620954933,3949.8792867427323,0.7341996525649483,Put,SPXW,SPXW221031P02900000,5.2,0.4394,0.03681391820802973,0.9951737154033136
2022-10-31,48,0.13141683778234087,2950,0.749356520062657,3949.8792867427323,0.746858267264344,Put,SPXW,SPXW221031P02950000,5.8,0.4259,0.03681391820802973,0.9951737154033136
2022-10-31,48,0.13141683778234087,2975,0.7557069990462388,3949.8792867427323,0.7531875746140418,Put,SPXW,SPXW221031P02975000,6.15,0.4194,0.03681391820802973,0.9951737154033136
2022-10-31,48,0.13141683778234087,3000,0.7620574780298206,3949.8792867427323,0.7595168819637397,Put,SPXW,SPXW221031P03000000,6.45,0.4122,0.03681391820802973,0.9951737154033136
2022-10-31,48,0.13141683778234087,3025,0.7684079570134025,3949.8792867427323,0.7658461893134375,Put,SPXW,SPXW221031P03025000,6.85,0.406,0.03681391820802973,0.9951737154033136
2022-10-31,48,0.13141683778234087,3050,0.7747584359969844,3949.8792867427323,0.7721754966631353,Put,SPXW,SPXW221031P03050000,7.25,0.3994,0.03681391820802973,0.9951737154033136
2022-10-31,48,0.13141683778234087,3070,0.7798388191838498,3949.8792867427323,0.7772389425428936,Put,SPXW,SPXW221031P03070000,7.65,0.3948,0.03681391820802973,0.9951737154033136
2022-10-31,48,0.13141683778234087,3075,0.7811089149805661,3949.8792867427323,0.7785048040128332,Put,SPXW,SPXW221031P03075000,7.75,0.3936,0.03681391820802973,0.9951737154033136
2022-10-31,48,0.13141683778234087,3080,0.7823790107772826,3949.8792867427323,0.7797706654827727,Put,SPXW,SPXW221031P03080000,7.85,0.3923,0.03681391820802973,0.9951737154033136
2022-10-31,48,0.13141683778234087,3090,0.7849192023707152,3949.8792867427323,0.7823023884226519,Put,SPXW,SPXW221031P03090000,8.05,0.3899,0.03681391820802973,0.9951737154033136
2022-10-31,48,0.13141683778234087,3100,0.787459393964148,3949.8792867427323,0.784834111362531,Put,SPXW,SPXW221031P03100000,8.25,0.3873,0.03681391820802973,0.9951737154033136
2022-10-31,48,0.13141683778234087,3110,0.7899995855575808,3949.8792867427323,0.7873658343024101,Put,SPXW,SPXW221031P03110000,8.399999999999999,0.3843,0.03681391820802973,0.9951737154033136
2022-10-31,48,0.13141683778234087,3120,0.7925397771510134,3949.8792867427323,0.7898975572422893,Put,SPXW,SPXW221031P03120000,8.65,0.3822,0.03681391820802973,0.9951737154033136
2022-10-31,48,0.13141683778234087,3125,0.7938098729477299,3949.8792867427323,0.7911634187122288,Put,SPXW,SPXW221031P03125000,8.75,0.3809,0.03681391820802973,0.9951737154033136
2022-10-31,48,0.13141683778234087,3130,0.7950799687444462,3949.8792867427323,0.7924292801821684,Put,SPXW,SPXW221031P03130000,8.85,0.3796,0.03681391820802973,0.9951737154033136
2022-10-31,48,0.13141683778234087,3140,0.797620160337879,3949.8792867427323,0.7949610031220475,Put,SPXW,SPXW221031P03140000,9.05,0.3769,0.03681391820802973,0.9951737154033136
2022-10-31,48,0.13141683778234087,3150,0.8001603519313116,3949.8792867427323,0.7974927260619267,Put,SPXW,SPXW221031P03150000,9.25,0.3741,0.03681391820802973,0.9951737154033136
2022-10-31,48,0.13141683778234087,3160,0.8027005435247444,3949.8792867427323,0.8000244490018058,Put,SPXW,SPXW221031P03160000,9.5,0.3718,0.03681391820802973,0.9951737154033136
2022-10-31,48,0.13141683778234087,3170,0.8052407351181772,3949.8792867427323,0.8025561719416849,Put,SPXW,SPXW221031P03170000,9.75,0.3694,0.03681391820802973,0.9951737154033136
2022-10-31,48,0.13141683778234087,3175,0.8065108309148935,3949.8792867427323,0.8038220334116245,Put,SPXW,SPXW221031P03175000,9.85,0.368,0.03681391820802973,0.9951737154033136
2022-10-31,48,0.13141683778234087,3180,0.8077809267116098,3949.8792867427323,0.8050878948815641,Put,SPXW,SPXW221031P03180000,10.0,0.3669,0.03681391820802973,0.9951737154033136
2022-10-31,48,0.13141683778234087,3190,0.8103211183050426,3949.8792867427323,0.8076196178214432,Put,SPXW,SPXW221031P03190000,10.25,0.3644,0.03681391820802973,0.9951737154033136
2022-10-31,48,0.13141683778234087,3200,0.8128613098984754,3949.8792867427323,0.8101513407613223,Put,SPXW,SPXW221031P03200000,10.55,0.3622,0.03681391820802973,0.9951737154033136
2022-10-31,48,0.13141683778234087,3210,0.815401501491908,3949.8792867427323,0.8126830637012015,Put,SPXW,SPXW221031P03210000,10.85,0.3599,0.03681391820802973,0.9951737154033136
2022-10-31,48,0.13141683778234087,3220,0.8179416930853408,3949.8792867427323,0.8152147866410806,Put,SPXW,SPXW221031P03220000,11.100000000000001,0.3572,0.03681391820802973,0.9951737154033136
2022-10-31,48,0.13141683778234087,3225,0.8192117888820571,3949.8792867427323,0.8164806481110202,Put,SPXW,SPXW221031P03225000,11.3,0.3564,0.03681391820802973,0.9951737154033136
2022-10-31,48,0.13141683778234087,3230,0.8204818846787736,3949.8792867427323,0.8177465095809597,Put,SPXW,SPXW221031P03230000,11.45,0.3552,0.03681391820802973,0.9951737154033136
2022-10-31,48,0.13141683778234087,3240,0.8230220762722062,3949.8792867427323,0.8202782325208389,Put,SPXW,SPXW221031P03240000,11.75,0.3527,0.03681391820802973,0.9951737154033136
2022-10-31,48,0.13141683778234087,3250,0.825562267865639,3949.8792867427323,0.822809955460718,Put,SPXW,SPXW221031P03250000,12.100000000000001,0.3505,0.03681391820802973,0.9951737154033136
2022-10-31,48,0.13141683778234087,3260,0.8281024594590718,3949.8792867427323,0.8253416784005971,Put,SPXW,SPXW221031P03260000,12.399999999999999,0.3479,0.03681391820802973,0.9951737154033136
2022-10-31,48,0.13141683778234087,3270,0.8306426510525045,3949.8792867427323,0.8278734013404763,Put,SPXW,SPXW221031P03270000,12.8,0.3459,0.03681391820802973,0.9951737154033136
2022-10-31,48,0.13141683778234087,3275,0.8319127468492209,3949.8792867427323,0.8291392628104158,Put,SPXW,SPXW221031P03275000,13.0,0.3449,0.03681391820802973,0.9951737154033136
2022-10-31,48,0.13141683778234087,3280,0.8331828426459372,3949.8792867427323,0.8304051242803554,Put,SPXW,SPXW221031P03280000,13.2,0.3438,0.03681391820802973,0.9951737154033136
2022-10-31,48,0.13141683778234087,3290,0.83572303423937,3949.8792867427323,0.8329368472202345,Put,SPXW,SPXW221031P03290000,13.55,0.3414,0.03681391820802973,0.9951737154033136
2022-10-31,48,0.13141683778234087,3300,0.8382632258328027,3949.8792867427323,0.8354685701601137,Put,SPXW,SPXW221031P03300000,13.899999999999999,0.3392,0.03681391820802973,0.9951737154033136
2022-10-31,48,0.13141683778234087,3310,0.8408034174262354,3949.8792867427323,0.8380002930999928,Put,SPXW,SPXW221031P03310000,14.399999999999999,0.3371,0.03681391820802973,0.9951737154033136
2022-10-31,48,0.13141683778234087,3320,0.8433436090196682,3949.8792867427323,0.8405320160398719,Put,SPXW,SPXW221031P03320000,14.8,0.3348,0.03681391820802973,0.9951737154033136
2022-10-31,48,0.13141683778234087,3325,0.8446137048163845,3949.8792867427323,0.8417978775098115,Put,SPXW,SPXW221031P03325000,15.0,0.3335,0.03681391820802973,0.9951737154033136
2022-10-31,48,0.13141683778234087,3330,0.8458838006131009,3949.8792867427323,0.8430637389797511,Put,SPXW,SPXW221031P03330000,15.3,0.3328,0.03681391820802973,0.9951737154033136
2022-10-31,48,0.13141683778234087,3340,0.8484239922065336,3949.8792867427323,0.8455954619196302,Put,SPXW,SPXW221031P03340000,15.7,0.3303,0.03681391820802973,0.9951737154033136
2022-10-31,48,0.13141683778234087,3350,0.8509641837999664,3949.8792867427323,0.8481271848595092,Put,SPXW,SPXW221031P03350000,16.2,0.3285,0.03681391820802973,0.9951737154033136
2022-10-31,48,0.13141683778234087,3360,0.8535043753933991,3949.8792867427323,0.8506589077993884,Put,SPXW,SPXW221031P03360000,16.75,0.3263,0.03681391820802973,0.9951737154033136
2022-10-31,48,0.13141683778234087,3370,0.8560445669868318,3949.8792867427323,0.8531906307392675,Put,SPXW,SPXW221031P03370000,17.3,0.3244,0.03681391820802973,0.9951737154033136
2022-10-31,48,0.13141683778234087,3375,0.8573146627835482,3949.8792867427323,0.854456492209207,Put,SPXW,SPXW221031P03375000,17.549999999999997,0.3232,0.03681391820802973,0.9951737154033136
2022-10-31,48,0.13141683778234087,3380,0.8585847585802646,3949.8792867427323,0.8557223536791466,Put,SPXW,SPXW221031P03380000,17.85,0.3223,0.03681391820802973,0.9951737154033136
2022-10-31,48,0.13141683778234087,3390,0.8611249501736973,3949.8792867427323,0.8582540766190258,Put,SPXW,SPXW221031P03390000,18.450000000000003,0.3203,0.03681391820802973,0.9951737154033136
2022-10-31,48,0.13141683778234087,3400,0.86366514176713,3949.8792867427323,0.8607857995589049,Put,SPXW,SPXW221031P03400000,19.049999999999997,0.3183,0.03681391820802973,0.9951737154033136
2022-10-31,48,0.13141683778234087,3410,0.8662053333605628,3949.8792867427323,0.863317522498784,Put,SPXW,SPXW221031P03410000,19.65,0.3162,0.03681391820802973,0.9951737154033136
2022-10-31,48,0.13141683778234087,3420,0.8687455249539955,3949.8792867427323,0.8658492454386632,Put,SPXW,SPXW221031P03420000,20.35,0.3144,0.03681391820802973,0.9951737154033136
2022-10-31,48,0.13141683778234087,3425,0.8700156207507119,3949.8792867427323,0.8671151069086027,Put,SPXW,SPXW221031P03425000,20.75,0.3137,0.03681391820802973,0.9951737154033136
2022-10-31,48,0.13141683778234087,3430,0.8712857165474283,3949.8792867427323,0.8683809683785423,Put,SPXW,SPXW221031P03430000,21.049999999999997,0.3125,0.03681391820802973,0.9951737154033136
2022-10-31,48,0.13141683778234087,3440,0.873825908140861,3949.8792867427323,0.8709126913184214,Put,SPXW,SPXW221031P03440000,21.799999999999997,0.3108,0.03681391820802973,0.9951737154033136
2022-10-31,48,0.13141683778234087,3450,0.8763660997342937,3949.8792867427323,0.8734444142583005,Put,SPXW,SPXW221031P03450000,22.549999999999997,0.3089,0.03681391820802973,0.9951737154033136
2022-10-31,48,0.13141683778234087,3460,0.8789062913277265,3949.8792867427323,0.8759761371981797,Put,SPXW,SPXW221031P03460000,23.35,0.3071,0.03681391820802973,0.9951737154033136
2022-10-31,48,0.13141683778234087,3470,0.8814464829211592,3949.8792867427323,0.8785078601380588,Put,SPXW,SPXW221031P03470000,24.1,0.305,0.03681391820802973,0.9951737154033136
2022-10-31,48,0.13141683778234087,3475,0.8827165787178756,3949.8792867427323,0.8797737216079984,Put,SPXW,SPXW221031P03475000,24.6,0.3044,0.03681391820802973,0.9951737154033136
2022-10-31,48,0.13141683778234087,3480,0.8839866745145919,3949.8792867427323,0.881039583077938,Put,SPXW,SPXW221031P03480000,25.0,0.3036,0.03681391820802973,0.9951737154033136
2022-10-31,48,0.13141683778234087,3490,0.8865268661080247,3949.8792867427323,0.8835713060178171,Put,SPXW,SPXW221031P03490000,25.9,0.3017,0.03681391820802973,0.9951737154033136
2022-10-31,48,0.13141683778234087,3500,0.8890670577014574,3949.8792867427323,0.8861030289576962,Put,SPXW,SPXW221031P03500000,26.85,0.3,0.03681391820802973,0.9951737154033136
2022-10-31,48,0.13141683778234087,3510,0.8916072492948901,3949.8792867427323,0.8886347518975753,Put,SPXW,SPXW221031P03510000,27.799999999999997,0.2982,0.03681391820802973,0.9951737154033136
2022-10-31,48,0.13141683778234087,3520,0.8941474408883229,3949.8792867427323,0.8911664748374545,Put,SPXW,SPXW221031P03520000,28.85,0.2966,0.03681391820802973,0.9951737154033136
2022-10-31,48,0.13141683778234087,3525,0.8954175366850392,3949.8792867427323,0.892432336307394,Put,SPXW,SPXW221031P03525000,29.35,0.2957,0.03681391820802973,0.9951737154033136
2022-10-31,48,0.13141683778234087,3530,0.8966876324817556,3949.8792867427323,0.8936981977773336,Put,SPXW,SPXW221031P03530000,29.9,0.295,0.03681391820802973,0.9951737154033136
2022-10-31,48,0.13141683778234087,3540,0.8992278240751883,3949.8792867427323,0.8962299207172127,Put,SPXW,SPXW221031P03540000,31.0,0.2933,0.03681391820802973,0.9951737154033136
2022-10-31,48,0.13141683778234087,3545,0.9004979198719048,3949.8792867427323,0.8974957821871523,Put,SPXW,SPXW221031P03545000,31.6,0.2926,0.03681391820802973,0.9951737154033136
2022-10-31,48,0.13141683778234087,3550,0.9017680156686211,3949.8792867427323,0.8987616436570919,Put,SPXW,SPXW221031P03550000,32.15,0.2917,0.03681391820802973,0.9951737154033136
2022-10-31,48,0.13141683778234087,3555,0.9030381114653374,3949.8792867427323,0.9000275051270314,Put,SPXW,SPXW221031P03555000,32.75,0.2909,0.03681391820802973,0.9951737154033136
2022-10-31,48,0.13141683778234087,3560,0.9043082072620539,3949.8792867427323,0.901293366596971,Put,SPXW,SPXW221031P03560000,33.349999999999994,0.2901,0.03681391820802973,0.9951737154033136
2022-10-31,48,0.13141683778234087,3565,0.9055783030587702,3949.8792867427323,0.9025592280669106,Put,SPXW,SPXW221031P03565000,33.95,0.2893,0.03681391820802973,0.9951737154033136
2022-10-31,48,0.13141683778234087,3570,0.9068483988554865,3949.8792867427323,0.9038250895368501,Put,SPXW,SPXW221031P03570000,34.6,0.2885,0.03681391820802973,0.9951737154033136
2022-10-31,48,0.13141683778234087,3575,0.908118494652203,3949.8792867427323,0.9050909510067897,Put,SPXW,SPXW221031P03575000,35.25,0.2878,0.03681391820802973,0.9951737154033136
2022-10-31,48,0.13141683778234087,3580,0.9093885904489193,3949.8792867427323,0.9063568124767293,Put,SPXW,SPXW221031P03580000,35.9,0.287,0.03681391820802973,0.9951737154033136
2022-10-31,48,0.13141683778234087,3585,0.9106586862456356,3949.8792867427323,0.9076226739466688,Put,SPXW,SPXW221031P03585000,36.6,0.2863,0.03681391820802973,0.9951737154033136
2022-10-31,48,0.13141683778234087,3590,0.9119287820423521,3949.8792867427323,0.9088885354166084,Put,SPXW,SPXW221031P03590000,37.3,0.2856,0.03681391820802973,0.9951737154033136
2022-10-31,48,0.13141683778234087,3595,0.9131988778390684,3949.8792867427323,0.910154396886548,Put,SPXW,SPXW221031P03595000,38.0,0.2849,0.03681391820802973,0.9951737154033136
2022-10-31,48,0.13141683778234087,3600,0.9144689736357847,3949.8792867427323,0.9114202583564875,Put,SPXW,SPXW221031P03600000,38.7,0.2841,0.03681391820802973,0.9951737154033136
2022-10-31,48,0.13141683778234087,3605,0.9157390694325012,3949.8792867427323,0.9126861198264271,Put,SPXW,SPXW221031P03605000,39.4,0.2833,0.03681391820802973,0.9951737154033136
2022-10-31,48,0.13141683778234087,3610,0.9170091652292175,3949.8792867427323,0.9139519812963667,Put,SPXW,SPXW221031P03610000,40.150000000000006,0.2826,0.03681391820802973,0.9951737154033136
2022-10-31,48,0.13141683778234087,3615,0.9182792610259338,3949.8792867427323,0.9152178427663062,Put,SPXW,SPXW221031P03615000,40.849999999999994,0.2817,0.03681391820802973,0.9951737154033136
2022-10-31,48,0.13141683778234087,3620,0.9195493568226503,3949.8792867427323,0.9164837042362458,Put,SPXW,SPXW221031P03620000,41.650000000000006,0.281,0.03681391820802973,0.9951737154033136
2022-10-31,48,0.13141683778234087,3625,0.9208194526193666,3949.8792867427323,0.9177495657061854,Put,SPXW,SPXW221031P03625000,42.45,0.2803,0.03681391820802973,0.9951737154033136
2022-10-31,48,0.13141683778234087,3630,0.9220895484160829,3949.8792867427323,0.9190154271761249,Put,SPXW,SPXW221031P03630000,43.25,0.2796,0.03681391820802973,0.9951737154033136
2022-10-31,48,0.13141683778234087,3635,0.9233596442127994,3949.8792867427323,0.9202812886460645,Put,SPXW,SPXW221031P03635000,44.1,0.279,0.03681391820802973,0.9951737154033136
2022-10-31,48,0.13141683778234087,3640,0.9246297400095157,3949.8792867427323,0.9215471501160041,Put,SPXW,SPXW221031P03640000,44.9,0.2782,0.03681391820802973,0.9951737154033136
2022-10-31,48,0.13141683778234087,3645,0.925899835806232,3949.8792867427323,0.9228130115859436,Put,SPXW,SPXW221031P03645000,45.8,0.2776,0.03681391820802973,0.9951737154033136
2022-10-31,48,0.13141683778234087,3650,0.9271699316029485,3949.8792867427323,0.9240788730558832,Put,SPXW,SPXW221031P03650000,46.650000000000006,0.277,0.03681391820802973,0.9951737154033136
2022-10-31,48,0.13141683778234087,3655,0.9284400273996648,3949.8792867427323,0.9253447345258228,Put,SPXW,SPXW221031P03655000,47.55,0.2762,0.03681391820802973,0.9951737154033136
2022-10-31,48,0.13141683778234087,3660,0.9297101231963811,3949.8792867427323,0.9266105959957623,Put,SPXW,SPXW221031P03660000,48.45,0.2756,0.03681391820802973,0.9951737154033136
2022-10-31,48,0.13141683778234087,3665,0.9309802189930976,3949.8792867427323,0.9278764574657019,Put,SPXW,SPXW221031P03665000,49.349999999999994,0.2748,0.03681391820802973,0.9951737154033136
2022-10-31,48,0.13141683778234087,3670,0.9322503147898139,3949.8792867427323,0.9291423189356415,Put,SPXW,SPXW221031P03670000,50.25,0.2741,0.03681391820802973,0.9951737154033136
2022-10-31,48,0.13141683778234087,3675,0.9335204105865302,3949.8792867427323,0.930408180405581,Put,SPXW,SPXW221031P03675000,51.2,0.2734,0.03681391820802973,0.9951737154033136
2022-10-31,48,0.13141683778234087,3680,0.9347905063832467,3949.8792867427323,0.9316740418755206,Put,SPXW,SPXW221031P03680000,52.0,0.2723,0.03681391820802973,0.9951737154033136
2022-10-31,48,0.13141683778234087,3685,0.936060602179963,3949.8792867427323,0.9329399033454602,Put,SPXW,SPXW221031P03685000,53.05,0.2718,0.03681391820802973,0.9951737154033136
2022-10-31,48,0.13141683778234087,3690,0.9373306979766793,3949.8792867427323,0.9342057648153997,Put,SPXW,SPXW221031P03690000,54.05,0.2711,0.03681391820802973,0.9951737154033136
2022-10-31,48,0.13141683778234087,3695,0.9386007937733958,3949.8792867427323,0.9354716262853393,Put,SPXW,SPXW221031P03695000,55.05,0.2704,0.03681391820802973,0.9951737154033136
2022-10-31,48,0.13141683778234087,3700,0.9398708895701121,3949.8792867427323,0.9367374877552789,Put,SPXW,SPXW221031P03700000,56.25,0.2701,0.03681391820802973,0.9951737154033136
2022-10-31,48,0.13141683778234087,3705,0.9411409853668284,3949.8792867427323,0.9380033492252184,Put,SPXW,SPXW221031P03705000,57.1,0.269,0.03681391820802973,0.9951737154033136
2022-10-31,48,0.13141683778234087,3710,0.9424110811635449,3949.8792867427323,0.939269210695158,Put,SPXW,SPXW221031P03710000,58.25,0.2685,0.03681391820802973,0.9951737154033136
2022-10-31,48,0.13141683778234087,3715,0.9436811769602612,3949.8792867427323,0.9405350721650976,Put,SPXW,SPXW221031P03715000,59.349999999999994,0.2679,0.03681391820802973,0.9951737154033136
2022-10-31,48,0.13141683778234087,3720,0.9449512727569775,3949.8792867427323,0.9418009336350371,Put,SPXW,SPXW221031P03720000,60.45,0.2672,0.03681391820802973,0.9951737154033136
2022-10-31,48,0.13141683778234087,3725,0.946221368553694,3949.8792867427323,0.9430667951049767,Put,SPXW,SPXW221031P03725000,61.5,0.2663,0.03681391820802973,0.9951737154033136
2022-10-31,48,0.13141683778234087,3730,0.9474914643504103,3949.8792867427323,0.9443326565749163,Put,SPXW,SPXW221031P03730000,62.7,0.2658,0.03681391820802973,0.9951737154033136
2022-10-31,48,0.13141683778234087,3735,0.9487615601471266,3949.8792867427323,0.9455985180448558,Put,SPXW,SPXW221031P03735000,63.8,0.265,0.03681391820802973,0.9951737154033136
2022-10-31,48,0.13141683778234087,3740,0.9500316559438431,3949.8792867427323,0.9468643795147954,Put,SPXW,SPXW221031P03740000,65.05,0.2645,0.03681391820802973,0.9951737154033136
2022-10-31,48,0.13141683778234087,3745,0.9513017517405594,3949.8792867427323,0.948130240984735,Put,SPXW,SPXW221031P03745000,66.19999999999999,0.2637,0.03681391820802973,0.9951737154033136
2022-10-31,48,0.13141683778234087,3750,0.9525718475372758,3949.8792867427323,0.9493961024546745,Put,SPXW,SPXW221031P03750000,67.45,0.2632,0.03681391820802973,0.9951737154033136
2022-10-31,48,0.13141683778234087,3755,0.9538419433339922,3949.8792867427323,0.9506619639246141,Put,SPXW,SPXW221031P03755000,68.69999999999999,0.2625,0.03681391820802973,0.9951737154033136
2022-10-31,48,0.13141683778234087,3760,0.9551120391307085,3949.8792867427323,0.9519278253945537,Put,SPXW,SPXW221031P03760000,69.85,0.2616,0.03681391820802973,0.9951737154033136
2022-10-31,48,0.13141683778234087,3765,0.9563821349274249,3949.8792867427323,0.9531936868644932,Put,SPXW,SPXW221031P03765000,71.19999999999999,0.261,0.03681391820802973,0.9951737154033136
2022-10-31,48,0.13141683778234087,3770,0.9576522307241413,3949.8792867427323,0.9544595483344328,Put,SPXW,SPXW221031P03770000,72.6,0.2606,0.03681391820802973,0.9951737154033136
2022-10-31,48,0.13141683778234087,3775,0.9589223265208576,3949.8792867427323,0.9557254098043724,Put,SPXW,SPXW221031P03775000,73.9,0.2599,0.03681391820802973,0.9951737154033136
2022-10-31,48,0.13141683778234087,3780,0.960192422317574,3949.8792867427323,0.9569912712743119,Put,SPXW,SPXW221031P03780000,75.2,0.2591,0.03681391820802973,0.9951737154033136
2022-10-31,48,0.13141683778234087,3785,0.9614625181142904,3949.8792867427323,0.9582571327442515,Put,SPXW,SPXW221031P03785000,76.55,0.2584,0.03681391820802973,0.9951737154033136
2022-10-31,48,0.13141683778234087,3790,0.9627326139110067,3949.8792867427323,0.9595229942141911,Put,SPXW,SPXW221031P03790000,77.95,0.2578,0.03681391820802973,0.9951737154033136
2022-10-31,48,0.13141683778234087,3795,0.9640027097077231,3949.8792867427323,0.9607888556841306,Put,SPXW,SPXW221031P03795000,79.3,0.257,0.03681391820802973,0.9951737154033136
2022-10-31,48,0.13141683778234087,3800,0.9652728055044395,3949.8792867427323,0.9620547171540702,Put,SPXW,SPXW221031P03800000,80.65,0.2563,0.03681391820802973,0.9951737154033136
2022-10-31,48,0.13141683778234087,3805,0.9665429013011558,3949.8792867427323,0.9633205786240098,Put,SPXW,SPXW221031P03805000,82.15,0.2556,0.03681391820802973,0.9951737154033136
2022-10-31,48,0.13141683778234087,3810,0.9678129970978722,3949.8792867427323,0.9645864400939493,Put,SPXW,SPXW221031P03810000,83.55,0.2548,0.03681391820802973,0.9951737154033136
2022-10-31,48,0.13141683778234087,3815,0.9690830928945886,3949.8792867427323,0.9658523015638889,Put,SPXW,SPXW221031P03815000,85.05,0.2542,0.03681391820802973,0.9951737154033136
2022-10-31,48,0.13141683778234087,3820,0.9703531886913049,3949.8792867427323,0.9671181630338285,Put,SPXW,SPXW221031P03820000,86.55,0.2535,0.03681391820802973,0.9951737154033136
2022-10-31,48,0.13141683778234087,3825,0.9716232844880213,3949.8792867427323,0.968384024503768,Put,SPXW,SPXW221031P03825000,88.1,0.2528,0.03681391820802973,0.9951737154033136
2022-10-31,48,0.13141683778234087,3830,0.9728933802847377,3949.8792867427323,0.9696498859737076,Put,SPXW,SPXW221031P03830000,89.6,0.2521,0.03681391820802973,0.9951737154033136
2022-10-31,48,0.13141683778234087,3835,0.974163476081454,3949.8792867427323,0.9709157474436472,Put,SPXW,SPXW221031P03835000,91.15,0.2513,0.03681391820802973,0.9951737154033136
2022-10-31,48,0.13141683778234087,3840,0.9754335718781704,3949.8792867427323,0.9721816089135867,Put,SPXW,SPXW221031P03840000,92.75,0.2506,0.03681391820802973,0.9951737154033136
2022-10-31,48,0.13141683778234087,3845,0.9767036676748868,3949.8792867427323,0.9734474703835263,Put,SPXW,SPXW221031P03845000,94.30000000000001,0.2498,0.03681391820802973,0.9951737154033136
2022-10-31,48,0.13141683778234087,3850,0.9779737634716031,3949.8792867427323,0.9747133318534659,Put,SPXW,SPXW221031P03850000,95.95,0.2492,0.03681391820802973,0.9951737154033136
2022-10-31,48,0.13141683778234087,3855,0.9792438592683195,3949.8792867427323,0.9759791933234054,Put,SPXW,SPXW221031P03855000,97.6,0.2484,0.03681391820802973,0.9951737154033136
2022-10-31,48,0.13141683778234087,3860,0.9805139550650359,3949.8792867427323,0.977245054793345,Put,SPXW,SPXW221031P03860000,99.30000000000001,0.2477,0.03681391820802973,0.9951737154033136
2022-10-31,48,0.13141683778234087,3865,0.9817840508617522,3949.8792867427323,0.9785109162632846,Put,SPXW,SPXW221031P03865000,101.0,0.247,0.03681391820802973,0.9951737154033136
2022-10-31,48,0.13141683778234087,3870,0.9830541466584686,3949.8792867427323,0.9797767777332241,Put,SPXW,SPXW221031P03870000,102.69999999999999,0.2463,0.03681391820802973,0.9951737154033136
2022-10-31,48,0.13141683778234087,3875,0.984324242455185,3949.8792867427323,0.9810426392031637,Put,SPXW,SPXW221031P03875000,104.5,0.2456,0.03681391820802973,0.9951737154033136
2022-10-31,48,0.13141683778234087,3880,0.9855943382519013,3949.8792867427323,0.9823085006731033,Put,SPXW,SPXW221031P03880000,106.25,0.2449,0.03681391820802973,0.9951737154033136
2022-10-31,48,0.13141683778234087,3885,0.9868644340486177,3949.8792867427323,0.9835743621430428,Put,SPXW,SPXW221031P03885000,108.05000000000001,0.2441,0.03681391820802973,0.9951737154033136
2022-10-31,48,0.13141683778234087,3890,0.9881345298453341,3949.8792867427323,0.9848402236129824,Put,SPXW,SPXW221031P03890000,109.9,0.2434,0.03681391820802973,0.9951737154033136
2022-10-31,48,0.13141683778234087,3895,0.9894046256420505,3949.8792867427323,0.986106085082922,Put,SPXW,SPXW221031P03895000,111.75,0.2427,0.03681391820802973,0.9951737154033136
2022-10-31,48,0.13141683778234087,3900,0.9906747214387668,3949.8792867427323,0.9873719465528615,Put,SPXW,SPXW221031P03900000,113.6,0.2419,0.03681391820802973,0.9951737154033136
2022-10-31,48,0.13141683778234087,3905,0.9919448172354832,3949.8792867427323,0.9886378080228011,Put,SPXW,SPXW221031P03905000,115.5,0.2412,0.03681391820802973,0.9951737154033136
2022-10-31,48,0.13141683778234087,3910,0.9932149130321996,3949.8792867427323,0.9899036694927407,Put,SPXW,SPXW221031P03910000,117.44999999999999,0.2405,0.03681391820802973,0.9951737154033136
2022-10-31,48,0.13141683778234087,3915,0.9944850088289159,3949.8792867427323,0.9911695309626802,Put,SPXW,SPXW221031P03915000,119.4,0.2398,0.03681391820802973,0.9951737154033136
2022-10-31,48,0.13141683778234087,3920,0.9957551046256323,3949.8792867427323,0.9924353924326198,Put,SPXW,SPXW221031P03920000,121.35,0.239,0.03681391820802973,0.9951737154033136
2022-10-31,48,0.13141683778234087,3925,0.9970252004223487,3949.8792867427323,0.9937012539025594,Put,SPXW,SPXW221031P03925000,123.35,0.2382,0.03681391820802973,0.9951737154033136
2022-10-31,48,0.13141683778234087,3930,0.998295296219065,3949.8792867427323,0.9949671153724989,Put,SPXW,SPXW221031P03930000,125.44999999999999,0.2376,0.03681391820802973,0.9951737154033136
2022-10-31,48,0.13141683778234087,3935,0.9995653920157814,3949.8792867427323,0.9962329768424385,Put,SPXW,SPXW221031P03935000,127.44999999999999,0.2367,0.03681391820802973,0.9951737154033136
2022-10-31,48,0.13141683778234087,3940,1.0008354878124979,3949.8792867427323,0.9974988383123781,Put,SPXW,SPXW221031P03940000,129.55,0.236,0.03681391820802973,0.9951737154033136
2022-10-31,48,0.13141683778234087,3945,1.002105583609214,3949.8792867427323,0.9987646997823176,Put,SPXW,SPXW221031P03945000,131.65,0.2352,0.03681391820802973,0.9951737154033136
2022-10-31,48,0.13141683778234087,3950,1.0033756794059305,3949.8792867427323,1.0000305612522573,Call,SPXW,SPXW221031C03950000,131.85,0.2344,0.03681391820802973,0.9951737154033136
2022-10-31,48,0.13141683778234087,3955,1.004645775202647,3949.8792867427323,1.0012964227221968,Call,SPXW,SPXW221031C03955000,129.05,0.2336,0.03681391820802973,0.9951737154033136
2022-10-31,48,0.13141683778234087,3960,1.0059158709993632,3949.8792867427323,1.0025622841921364,Call,SPXW,SPXW221031C03960000,126.25,0.2328,0.03681391820802973,0.9951737154033136
2022-10-31,48,0.13141683778234087,3965,1.0071859667960796,3949.8792867427323,1.003828145662076,Call,SPXW,SPXW221031C03965000,123.55000000000001,0.2321,0.03681391820802973,0.9951737154033136
2022-10-31,48,0.13141683778234087,3970,1.008456062592796,3949.8792867427323,1.0050940071320156,Call,SPXW,SPXW221031C03970000,120.80000000000001,0.2313,0.03681391820802973,0.9951737154033136
2022-10-31,48,0.13141683778234087,3975,1.0097261583895123,3949.8792867427323,1.006359868601955,Call,SPXW,SPXW221031C03975000,118.1,0.2305,0.03681391820802973,0.9951737154033136
2022-10-31,48,0.13141683778234087,3980,1.0109962541862287,3949.8792867427323,1.0076257300718947,Call,SPXW,SPXW221031C03980000,115.44999999999999,0.2298,0.03681391820802973,0.9951737154033136
2022-10-31,48,0.13141683778234087,3985,1.0122663499829452,3949.8792867427323,1.0088915915418342,Call,SPXW,SPXW221031C03985000,112.80000000000001,0.229,0.03681391820802973,0.9951737154033136
2022-10-31,48,0.13141683778234087,3990,1.0135364457796614,3949.8792867427323,1.0101574530117738,Call,SPXW,SPXW221031C03990000,110.19999999999999,0.2282,0.03681391820802973,0.9951737154033136
2022-10-31,48,0.13141683778234087,3995,1.0148065415763778,3949.8792867427323,1.0114233144817133,Call,SPXW,SPXW221031C03995000,107.65,0.2275,0.03681391820802973,0.9951737154033136
2022-10-31,48,0.13141683778234087,4000,1.0160766373730943,3949.8792867427323,1.012689175951653,Call,SPXW,SPXW221031C04000000,105.2,0.2269,0.03681391820802973,0.9951737154033136
2022-10-31,48,0.13141683778234087,4005,1.0173467331698105,3949.8792867427323,1.0139550374215924,Call,SPXW,SPXW221031C04005000,102.6,0.226,0.03681391820802973,0.9951737154033136
2022-10-31,48,0.13141683778234087,4010,1.018616828966527,3949.8792867427323,1.015220898891532,Call,SPXW,SPXW221031C04010000,100.15,0.2253,0.03681391820802973,0.9951737154033136
2022-10-31,48,0.13141683778234087,4015,1.0198869247632434,3949.8792867427323,1.0164867603614716,Call,SPXW,SPXW221031C04015000,97.69999999999999,0.2245,0.03681391820802973,0.9951737154033136
2022-10-31,48,0.13141683778234087,4020,1.0211570205599596,3949.8792867427323,1.017752621831411,Call,SPXW,SPXW221031C04020000,95.30000000000001,0.2237,0.03681391820802973,0.9951737154033136
2022-10-31,48,0.13141683778234087,4025,1.022427116356676,3949.8792867427323,1.0190184833013507,Call,SPXW,SPXW221031C04025000,92.9,0.2229,0.03681391820802973,0.9951737154033136
2022-10-31,48,0.13141683778234087,4030,1.0236972121533925,3949.8792867427323,1.0202843447712902,Call,SPXW,SPXW221031C04030000,90.6,0.2223,0.03681391820802973,0.9951737154033136
2022-10-31,48,0.13141683778234087,4035,1.0249673079501087,3949.8792867427323,1.0215502062412298,Call,SPXW,SPXW221031C04035000,88.30000000000001,0.2215,0.03681391820802973,0.9951737154033136
2022-10-31,48,0.13141683778234087,4040,1.0262374037468251,3949.8792867427323,1.0228160677111693,Call,SPXW,SPXW221031C04040000,86.0,0.2207,0.03681391820802973,0.9951737154033136
2022-10-31,48,0.13141683778234087,4045,1.0275074995435416,3949.8792867427323,1.024081929181109,Call,SPXW,SPXW221031C04045000,83.80000000000001,0.2201,0.03681391820802973,0.9951737154033136
2022-10-31,48,0.13141683778234087,4050,1.0287775953402578,3949.8792867427323,1.0253477906510484,Call,SPXW,SPXW221031C04050000,81.65,0.2194,0.03681391820802973,0.9951737154033136
2022-10-31,48,0.13141683778234087,4055,1.0300476911369743,3949.8792867427323,1.026613652120988,Call,SPXW,SPXW221031C04055000,79.4,0.2186,0.03681391820802973,0.9951737154033136
2022-10-31,48,0.13141683778234087,4060,1.0313177869336907,3949.8792867427323,1.0278795135909276,Call,SPXW,SPXW221031C04060000,77.25,0.2178,0.03681391820802973,0.9951737154033136
2022-10-31,48,0.13141683778234087,4065,1.032587882730407,3949.8792867427323,1.0291453750608672,Call,SPXW,SPXW221031C04065000,75.15,0.2171,0.03681391820802973,0.9951737154033136
2022-10-31,48,0.13141683778234087,4070,1.0338579785271234,3949.8792867427323,1.0304112365308067,Call,SPXW,SPXW221031C04070000,73.15,0.2165,0.03681391820802973,0.9951737154033136
2022-10-31,48,0.13141683778234087,4075,1.0351280743238398,3949.8792867427323,1.0316770980007464,Call,SPXW,SPXW221031C04075000,71.15,0.2158,0.03681391820802973,0.9951737154033136
2022-10-31,48,0.13141683778234087,4080,1.036398170120556,3949.8792867427323,1.0329429594706858,Call,SPXW,SPXW221031C04080000,69.15,0.2151,0.03681391820802973,0.9951737154033136
2022-10-31,48,0.13141683778234087,4085,1.0376682659172725,3949.8792867427323,1.0342088209406255,Call,SPXW,SPXW221031C04085000,67.1,0.2142,0.03681391820802973,0.9951737154033136
2022-10-31,48,0.13141683778234087,4090,1.038938361713989,3949.8792867427323,1.035474682410565,Call,SPXW,SPXW221031C04090000,65.25,0.2136,0.03681391820802973,0.9951737154033136
2022-10-31,48,0.13141683778234087,4095,1.0402084575107051,3949.8792867427323,1.0367405438805046,Call,SPXW,SPXW221031C04095000,63.3,0.2128,0.03681391820802973,0.9951737154033136
2022-10-31,48,0.13141683778234087,4100,1.0414785533074216,3949.8792867427323,1.038006405350444,Call,SPXW,SPXW221031C04100000,61.5,0.2122,0.03681391820802973,0.9951737154033136
2022-10-31,48,0.13141683778234087,4105,1.042748649104138,3949.8792867427323,1.0392722668203838,Call,SPXW,SPXW221031C04105000,59.7,0.2116,0.03681391820802973,0.9951737154033136
2022-10-31,48,0.13141683778234087,4110,1.0440187449008542,3949.8792867427323,1.0405381282903232,Call,SPXW,SPXW221031C04110000,57.9,0.2109,0.03681391820802973,0.9951737154033136
2022-10-31,48,0.13141683778234087,4115,1.0452888406975707,3949.8792867427323,1.041803989760263,Call,SPXW,SPXW221031C04115000,56.150000000000006,0.2102,0.03681391820802973,0.9951737154033136
2022-10-31,48,0.13141683778234087,4120,1.046558936494287,3949.8792867427323,1.0430698512302023,Call,SPXW,SPXW221031C04120000,54.45,0.2096,0.03681391820802973,0.9951737154033136
2022-10-31,48,0.13141683778234087,4125,1.0478290322910033,3949.8792867427323,1.044335712700142,Call,SPXW,SPXW221031C04125000,52.849999999999994,0.209,0.03681391820802973,0.9951737154033136
2022-10-31,48,0.13141683778234087,4130,1.0490991280877198,3949.8792867427323,1.0456015741700815,Call,SPXW,SPXW221031C04130000,51.2,0.2083,0.03681391820802973,0.9951737154033136
2022-10-31,48,0.13141683778234087,4135,1.0503692238844362,3949.8792867427323,1.0468674356400212,Call,SPXW,SPXW221031C04135000,49.650000000000006,0.2078,0.03681391820802973,0.9951737154033136
2022-10-31,48,0.13141683778234087,4140,1.0516393196811524,3949.8792867427323,1.0481332971099606,Call,SPXW,SPXW221031C04140000,48.05,0.2071,0.03681391820802973,0.9951737154033136
2022-10-31,48,0.13141683778234087,4145,1.0529094154778689,3949.8792867427323,1.0493991585799003,Call,SPXW,SPXW221031C04145000,46.55,0.2066,0.03681391820802973,0.9951737154033136
2022-10-31,48,0.13141683778234087,4150,1.0541795112745853,3949.8792867427323,1.0506650200498397,Call,SPXW,SPXW221031C04150000,45.05,0.206,0.03681391820802973,0.9951737154033136
2022-10-31,48,0.13141683778234087,4155,1.0554496070713015,3949.8792867427323,1.0519308815197794,Call,SPXW,SPXW221031C04155000,43.650000000000006,0.2055,0.03681391820802973,0.9951737154033136
2022-10-31,48,0.13141683778234087,4160,1.056719702868018,3949.8792867427323,1.0531967429897189,Call,SPXW,SPXW221031C04160000,42.25,0.2048,0.03681391820802973,0.9951737154033136
2022-10-31,48,0.13141683778234087,4165,1.0579897986647344,3949.8792867427323,1.0544626044596586,Call,SPXW,SPXW221031C04165000,40.849999999999994,0.2043,0.03681391820802973,0.9951737154033136
2022-10-31,48,0.13141683778234087,4170,1.0592598944614506,3949.8792867427323,1.055728465929598,Call,SPXW,SPXW221031C04170000,39.5,0.2038,0.03681391820802973,0.9951737154033136
2022-10-31,48,0.13141683778234087,4175,1.060529990258167,3949.8792867427323,1.0569943273995377,Call,SPXW,SPXW221031C04175000,38.2,0.2032,0.03681391820802973,0.9951737154033136
2022-10-31,48,0.13141683778234087,4180,1.0618000860548835,3949.8792867427323,1.0582601888694771,Call,SPXW,SPXW221031C04180000,36.95,0.2028,0.03681391820802973,0.9951737154033136
2022-10-31,48,0.13141683778234087,4185,1.0630701818515997,3949.8792867427323,1.0595260503394168,Call,SPXW,SPXW221031C04185000,35.7,0.2022,0.03681391820802973,0.9951737154033136
2022-10-31,48,0.13141683778234087,4190,1.0643402776483162,3949.8792867427323,1.0607919118093563,Call,SPXW,SPXW221031C04190000,34.5,0.2018,0.03681391820802973,0.9951737154033136
2022-10-31,48,0.13141683778234087,4195,1.0656103734450326,3949.8792867427323,1.062057773279296,Call,SPXW,SPXW221031C04195000,33.349999999999994,0.2013,0.03681391820802973,0.9951737154033136
2022-10-31,48,0.13141683778234087,4200,1.0668804692417488,3949.8792867427323,1.0633236347492354,Call,SPXW,SPXW221031C04200000,32.2,0.2008,0.03681391820802973,0.9951737154033136
2022-10-31,48,0.13141683778234087,4205,1.0681505650384653,3949.8792867427323,1.064589496219175,Call,SPXW,SPXW221031C04205000,31.1,0.2004,0.03681391820802973,0.9951737154033136
2022-10-31,48,0.13141683778234087,4210,1.0694206608351817,3949.8792867427323,1.0658553576891145,Call,SPXW,SPXW221031C04210000,30.05,0.2,0.03681391820802973,0.9951737154033136
2022-10-31,48,0.13141683778234087,4215,1.070690756631898,3949.8792867427323,1.0671212191590542,Call,SPXW,SPXW221031C04215000,29.0,0.1995,0.03681391820802973,0.9951737154033136
2022-10-31,48,0.13141683778234087,4220,1.0719608524286144,3949.8792867427323,1.0683870806289937,Call,SPXW,SPXW221031C04220000,28.0,0.1992,0.03681391820802973,0.9951737154033136
2022-10-31,48,0.13141683778234087,4225,1.0732309482253308,3949.8792867427323,1.0696529420989334,Call,SPXW,SPXW221031C04225000,27.0,0.1987,0.03681391820802973,0.9951737154033136
2022-10-31,48,0.13141683778234087,4230,1.074501044022047,3949.8792867427323,1.0709188035688728,Call,SPXW,SPXW221031C04230000,26.05,0.1983,0.03681391820802973,0.9951737154033136
2022-10-31,48,0.13141683778234087,4235,1.0757711398187635,3949.8792867427323,1.0721846650388125,Call,SPXW,SPXW221031C04235000,25.15,0.198,0.03681391820802973,0.9951737154033136
2022-10-31,48,0.13141683778234087,4240,1.07704123561548,3949.8792867427323,1.073450526508752,Call,SPXW,SPXW221031C04240000,24.25,0.1976,0.03681391820802973,0.9951737154033136
2022-10-31,48,0.13141683778234087,4245,1.0783113314121962,3949.8792867427323,1.0747163879786916,Call,SPXW,SPXW221031C04245000,23.35,0.1971,0.03681391820802973,0.9951737154033136
2022-10-31,48,0.13141683778234087,4250,1.0795814272089126,3949.8792867427323,1.075982249448631,Call,SPXW,SPXW221031C04250000,22.55,0.1969,0.03681391820802973,0.9951737154033136
2022-10-31,48,0.13141683778234087,4255,1.080851523005629,3949.8792867427323,1.0772481109185708,Call,SPXW,SPXW221031C04255000,21.75,0.1966,0.03681391820802973,0.9951737154033136
2022-10-31,48,0.13141683778234087,4260,1.0821216188023453,3949.8792867427323,1.0785139723885102,Call,SPXW,SPXW221031C04260000,20.95,0.1962,0.03681391820802973,0.9951737154033136
2022-10-31,48,0.13141683778234087,4265,1.0833917145990617,3949.8792867427323,1.0797798338584499,Call,SPXW,SPXW221031C04265000,20.200000000000003,0.196,0.03681391820802973,0.9951737154033136
2022-10-31,48,0.13141683778234087,4270,1.0846618103957781,3949.8792867427323,1.0810456953283893,Call,SPXW,SPXW221031C04270000,19.45,0.1956,0.03681391820802973,0.9951737154033136
2022-10-31,48,0.13141683778234087,4275,1.0859319061924944,3949.8792867427323,1.082311556798329,Call,SPXW,SPXW221031C04275000,18.75,0.1954,0.03681391820802973,0.9951737154033136
2022-10-31,48,0.13141683778234087,4280,1.0872020019892108,3949.8792867427323,1.0835774182682685,Call,SPXW,SPXW221031C04280000,18.049999999999997,0.195,0.03681391820802973,0.9951737154033136
2022-10-31,48,0.13141683778234087,4285,1.0884720977859272,3949.8792867427323,1.0848432797382082,Call,SPXW,SPXW221031C04285000,17.35,0.1946,0.03681391820802973,0.9951737154033136
2022-10-31,48,0.13141683778234087,4290,1.0897421935826435,3949.8792867427323,1.0861091412081476,Call,SPXW,SPXW221031C04290000,16.75,0.1945,0.03681391820802973,0.9951737154033136
2022-10-31,48,0.13141683778234087,4295,1.09101228937936,3949.8792867427323,1.0873750026780873,Call,SPXW,SPXW221031C04295000,16.15,0.1944,0.03681391820802973,0.9951737154033136
2022-10-31,48,0.13141683778234087,4300,1.0922823851760763,3949.8792867427323,1.0886408641480267,Call,SPXW,SPXW221031C04300000,15.5,0.194,0.03681391820802973,0.9951737154033136
2022-10-31,48,0.13141683778234087,4305,1.0935524809727926,3949.8792867427323,1.0899067256179664,Call,SPXW,SPXW221031C04305000,14.95,0.1938,0.03681391820802973,0.9951737154033136
2022-10-31,48,0.13141683778234087,4310,1.094822576769509,3949.8792867427323,1.0911725870879059,Call,SPXW,SPXW221031C04310000,14.399999999999999,0.1936,0.03681391820802973,0.9951737154033136
2022-10-31,48,0.13141683778234087,4315,1.0960926725662254,3949.8792867427323,1.0924384485578456,Call,SPXW,SPXW221031C04315000,13.85,0.1934,0.03681391820802973,0.9951737154033136
2022-10-31,48,0.13141683778234087,4320,1.0973627683629417,3949.8792867427323,1.093704310027785,Call,SPXW,SPXW221031C04320000,13.35,0.1933,0.03681391820802973,0.9951737154033136
2022-10-31,48,0.13141683778234087,4325,1.098632864159658,3949.8792867427323,1.0949701714977247,Call,SPXW,SPXW221031C04325000,12.8,0.1929,0.03681391820802973,0.9951737154033136
2022-10-31,48,0.13141683778234087,4330,1.0999029599563745,3949.8792867427323,1.0962360329676641,Call,SPXW,SPXW221031C04330000,12.35,0.1929,0.03681391820802973,0.9951737154033136
2022-10-31,48,0.13141683778234087,4335,1.1011730557530908,3949.8792867427323,1.0975018944376038,Call,SPXW,SPXW221031C04335000,11.899999999999999,0.1928,0.03681391820802973,0.9951737154033136
2022-10-31,48,0.13141683778234087,4340,1.1024431515498072,3949.8792867427323,1.0987677559075433,Call,SPXW,SPXW221031C04340000,11.399999999999999,0.1924,0.03681391820802973,0.9951737154033136
2022-10-31,48,0.13141683778234087,4345,1.1037132473465237,3949.8792867427323,1.100033617377483,Call,SPXW,SPXW221031C04345000,11.0,0.1924,0.03681391820802973,0.9951737154033136
2022-10-31,48,0.13141683778234087,4350,1.1049833431432399,3949.8792867427323,1.1012994788474224,Call,SPXW,SPXW221031C04350000,10.600000000000001,0.1924,0.03681391820802973,0.9951737154033136
2022-10-31,48,0.13141683778234087,4355,1.1062534389399563,3949.8792867427323,1.102565340317362,Call,SPXW,SPXW221031C04355000,10.2,0.1922,0.03681391820802973,0.9951737154033136
2022-10-31,48,0.13141683778234087,4360,1.1075235347366728,3949.8792867427323,1.1038312017873015,Call,SPXW,SPXW221031C04360000,9.8,0.1921,0.03681391820802973,0.9951737154033136
2022-10-31,48,0.13141683778234087,4365,1.108793630533389,3949.8792867427323,1.1050970632572412,Call,SPXW,SPXW221031C04365000,9.399999999999999,0.1918,0.03681391820802973,0.9951737154033136
2022-10-31,48,0.13141683778234087,4370,1.1100637263301054,3949.8792867427323,1.1063629247271807,Call,SPXW,SPXW221031C04370000,9.05,0.1918,0.03681391820802973,0.9951737154033136
2022-10-31,48,0.13141683778234087,4375,1.1113338221268219,3949.8792867427323,1.1076287861971204,Call,SPXW,SPXW221031C04375000,8.7,0.1917,0.03681391820802973,0.9951737154033136
2022-10-31,48,0.13141683778234087,4380,1.112603917923538,3949.8792867427323,1.1088946476670598,Call,SPXW,SPXW221031C04380000,8.35,0.1915,0.03681391820802973,0.9951737154033136
2022-10-31,48,0.13141683778234087,4385,1.1138740137202545,3949.8792867427323,1.1101605091369995,Call,SPXW,SPXW221031C04385000,8.05,0.1915,0.03681391820802973,0.9951737154033136
2022-10-31,48,0.13141683778234087,4390,1.115144109516971,3949.8792867427323,1.111426370606939,Call,SPXW,SPXW221031C04390000,7.75,0.1915,0.03681391820802973,0.9951737154033136
2022-10-31,48,0.13141683778234087,4395,1.1164142053136872,3949.8792867427323,1.1126922320768786,Call,SPXW,SPXW221031C04395000,7.45,0.1914,0.03681391820802973,0.9951737154033136
2022-10-31,48,0.13141683778234087,4400,1.1176843011104036,3949.8792867427323,1.113958093546818,Call,SPXW,SPXW221031C04400000,7.15,0.1913,0.03681391820802973,0.9951737154033136
2022-10-31,48,0.13141683778234087,4405,1.11895439690712,3949.8792867427323,1.1152239550167578,Call,SPXW,SPXW221031C04405000,6.85,0.1911,0.03681391820802973,0.9951737154033136
2022-10-31,48,0.13141683778234087,4410,1.1202244927038363,3949.8792867427323,1.1164898164866972,Call,SPXW,SPXW221031C04410000,6.6,0.1911,0.03681391820802973,0.9951737154033136
2022-10-31,48,0.13141683778234087,4415,1.1214945885005527,3949.8792867427323,1.1177556779566369,Call,SPXW,SPXW221031C04415000,6.35,0.1911,0.03681391820802973,0.9951737154033136
2022-10-31,48,0.13141683778234087,4420,1.1227646842972692,3949.8792867427323,1.1190215394265763,Call,SPXW,SPXW221031C04420000,6.05,0.1908,0.03681391820802973,0.9951737154033136
2022-10-31,48,0.13141683778234087,4425,1.1240347800939854,3949.8792867427323,1.120287400896516,Call,SPXW,SPXW221031C04425000,5.85,0.191,0.03681391820802973,0.9951737154033136
2022-10-31,48,0.13141683778234087,4430,1.1253048758907018,3949.8792867427323,1.1215532623664555,Call,SPXW,SPXW221031C04430000,5.65,0.1911,0.03681391820802973,0.9951737154033136
2022-10-31,48,0.13141683778234087,4435,1.1265749716874183,3949.8792867427323,1.1228191238363951,Call,SPXW,SPXW221031C04435000,5.45,0.1912,0.03681391820802973,0.9951737154033136
2022-10-31,48,0.13141683778234087,4440,1.1278450674841345,3949.8792867427323,1.1240849853063346,Call,SPXW,SPXW221031C04440000,5.15,0.1906,0.03681391820802973,0.9951737154033136
2022-10-31,48,0.13141683778234087,4450,1.1303852590775674,3949.8792867427323,1.1266167082462137,Call,SPXW,SPXW221031C04450000,4.8,0.191,0.03681391820802973,0.9951737154033136
2022-10-31,48,0.13141683778234087,4455,1.1316553548742836,3949.8792867427323,1.1278825697161534,Call,SPXW,SPXW221031C04455000,4.6,0.1908,0.03681391820802973,0.9951737154033136
2022-10-31,48,0.13141683778234087,4460,1.132925450671,3949.8792867427323,1.1291484311860929,Call,SPXW,SPXW221031C04460000,4.4,0.1907,0.03681391820802973,0.9951737154033136
2022-11-04,52,0.14236824093086928,2800,0.7112536461611659,3950.992541009789,0.7086826843981792,Put,SPXW,SPXW221104P02800000,5.1,0.4622,0.03683863773314578,0.9947690771231484
2022-11-04,52,0.14236824093086928,2900,0.7366555620954933,3950.992541009789,0.7339927802695426,Put,SPXW,SPXW221104P02900000,6.3,0.436,0.03683863773314578,0.9947690771231484
2022-11-04,52,0.14236824093086928,3000,0.7620574780298206,3950.992541009789,0.7593028761409062,Put,SPXW,SPXW221104P03000000,7.8,0.4101,0.03683863773314578,0.9947690771231484
2022-11-04,52,0.14236824093086928,3050,0.7747584359969844,3950.992541009789,0.7719579240765879,Put,SPXW,SPXW221104P03050000,8.75,0.3977,0.03683863773314578,0.9947690771231484
2022-11-04,52,0.14236824093086928,3100,0.787459393964148,3950.992541009789,0.7846129720122698,Put,SPXW,SPXW221104P03100000,9.85,0.3855,0.03683863773314578,0.9947690771231484
2022-11-04,52,0.14236824093086928,3200,0.8128613098984754,3950.992541009789,0.8099230678836332,Put,SPXW,SPXW221104P03200000,12.7,0.3623,0.03683863773314578,0.9947690771231484
2022-11-04,52,0.14236824093086928,3250,0.825562267865639,3950.992541009789,0.8225781158193151,Put,SPXW,SPXW221104P03250000,14.55,0.3514,0.03683863773314578,0.9947690771231484
2022-11-04,52,0.14236824093086928,3300,0.8382632258328027,3950.992541009789,0.8352331637549968,Put,SPXW,SPXW221104P03300000,16.8,0.341,0.03683863773314578,0.9947690771231484
2022-11-04,52,0.14236824093086928,3350,0.8509641837999664,3950.992541009789,0.8478882116906786,Put,SPXW,SPXW221104P03350000,19.5,0.331,0.03683863773314578,0.9947690771231484
2022-11-04,52,0.14236824093086928,3400,0.86366514176713,3950.992541009789,0.8605432596263604,Put,SPXW,SPXW221104P03400000,22.75,0.3214,0.03683863773314578,0.9947690771231484
2022-11-04,52,0.14236824093086928,3450,0.8763660997342937,3950.992541009789,0.8731983075620421,Put,SPXW,SPXW221104P03450000,26.700000000000003,0.3123,0.03683863773314578,0.9947690771231484
2022-11-04,52,0.14236824093086928,3500,0.8890670577014574,3950.992541009789,0.8858533554977239,Put,SPXW,SPXW221104P03500000,31.55,0.3039,0.03683863773314578,0.9947690771231484
2022-11-04,52,0.14236824093086928,3550,0.9017680156686211,3950.992541009789,0.8985084034334057,Put,SPXW,SPXW221104P03550000,37.45,0.2961,0.03683863773314578,0.9947690771231484
2022-11-04,52,0.14236824093086928,3600,0.9144689736357847,3950.992541009789,0.9111634513690874,Put,SPXW,SPXW221104P03600000,44.55,0.2887,0.03683863773314578,0.9947690771231484
2022-11-04,52,0.14236824093086928,3625,0.9208194526193666,3950.992541009789,0.9174909753369284,Put,SPXW,SPXW221104P03625000,48.6,0.2851,0.03683863773314578,0.9947690771231484
2022-11-04,52,0.14236824093086928,3650,0.9271699316029485,3950.992541009789,0.9238184993047692,Put,SPXW,SPXW221104P03650000,53.05,0.2817,0.03683863773314578,0.9947690771231484
2022-11-04,52,0.14236824093086928,3675,0.9335204105865302,3950.992541009789,0.9301460232726101,Put,SPXW,SPXW221104P03675000,57.9,0.2784,0.03683863773314578,0.9947690771231484
2022-11-04,52,0.14236824093086928,3690,0.9373306979766793,3950.992541009789,0.9339425376533146,Put,SPXW,SPXW221104P03690000,61.0,0.2764,0.03683863773314578,0.9947690771231484
2022-11-04,52,0.14236824093086928,3700,0.9398708895701121,3950.992541009789,0.936473547240451,Put,SPXW,SPXW221104P03700000,63.150000000000006,0.275,0.03683863773314578,0.9947690771231484
2022-11-04,52,0.14236824093086928,3710,0.9424110811635449,3950.992541009789,0.9390045568275873,Put,SPXW,SPXW221104P03710000,65.35,0.2737,0.03683863773314578,0.9947690771231484
2022-11-04,52,0.14236824093086928,3725,0.946221368553694,3950.992541009789,0.9428010712082918,Put,SPXW,SPXW221104P03725000,68.85,0.2718,0.03683863773314578,0.9947690771231484
2022-11-04,52,0.14236824093086928,3740,0.9500316559438431,3950.992541009789,0.9465975855889964,Put,SPXW,SPXW221104P03740000,72.45,0.2698,0.03683863773314578,0.9947690771231484
2022-11-04,52,0.14236824093086928,3750,0.9525718475372758,3950.992541009789,0.9491285951761327,Put,SPXW,SPXW221104P03750000,74.9,0.2684,0.03683863773314578,0.9947690771231484
2022-11-04,52,0.14236824093086928,3770,0.9576522307241413,3950.992541009789,0.9541906143504054,Put,SPXW,SPXW221104P03770000,80.05,0.2656,0.03683863773314578,0.9947690771231484
2022-11-04,52,0.14236824093086928,3790,0.9627326139110067,3950.992541009789,0.9592526335246782,Put,SPXW,SPXW221104P03790000,85.55,0.2628,0.03683863773314578,0.9947690771231484
2022-11-04,52,0.14236824093086928,3800,0.9652728055044395,3950.992541009789,0.9617836431118145,Put,SPXW,SPXW221104P03800000,88.5,0.2616,0.03683863773314578,0.9947690771231484
2022-11-04,52,0.14236824093086928,3810,0.9678129970978722,3950.992541009789,0.9643146526989509,Put,SPXW,SPXW221104P03810000,91.4,0.2602,0.03683863773314578,0.9947690771231484
2022-11-04,52,0.14236824093086928,3820,0.9703531886913049,3950.992541009789,0.9668456622860873,Put,SPXW,SPXW221104P03820000,94.5,0.2589,0.03683863773314578,0.9947690771231484
2022-11-04,52,0.14236824093086928,3830,0.9728933802847377,3950.992541009789,0.9693766718732235,Put,SPXW,SPXW221104P03830000,97.6,0.2575,0.03683863773314578,0.9947690771231484
2022-11-04,52,0.14236824093086928,3840,0.9754335718781704,3950.992541009789,0.9719076814603599,Put,SPXW,SPXW221104P03840000,100.75,0.256,0.03683863773314578,0.9947690771231484
2022-11-04,52,0.14236824093086928,3850,0.9779737634716031,3950.992541009789,0.9744386910474963,Put,SPXW,SPXW221104P03850000,104.0,0.2545,0.03683863773314578,0.9947690771231484
2022-11-04,52,0.14236824093086928,3860,0.9805139550650359,3950.992541009789,0.9769697006346326,Put,SPXW,SPXW221104P03860000,107.44999999999999,0.2533,0.03683863773314578,0.9947690771231484
2022-11-04,52,0.14236824093086928,3870,0.9830541466584686,3950.992541009789,0.979500710221769,Put,SPXW,SPXW221104P03870000,110.9,0.2518,0.03683863773314578,0.9947690771231484
2022-11-04,52,0.14236824093086928,3875,0.984324242455185,3950.992541009789,0.9807662150153371,Put,SPXW,SPXW221104P03875000,112.65,0.2511,0.03683863773314578,0.9947690771231484
2022-11-04,52,0.14236824093086928,3880,0.9855943382519013,3950.992541009789,0.9820317198089054,Put,SPXW,SPXW221104P03880000,114.44999999999999,0.2504,0.03683863773314578,0.9947690771231484
2022-11-04,52,0.14236824093086928,3890,0.9881345298453341,3950.992541009789,0.9845627293960417,Put,SPXW,SPXW221104P03890000,118.1,0.249,0.03683863773314578,0.9947690771231484
2022-11-04,52,0.14236824093086928,3900,0.9906747214387668,3950.992541009789,0.9870937389831781,Put,SPXW,SPXW221104P03900000,121.85,0.2476,0.03683863773314578,0.9947690771231484
2022-11-04,52,0.14236824093086928,3910,0.9932149130321996,3950.992541009789,0.9896247485703143,Put,SPXW,SPXW221104P03910000,125.65,0.246,0.03683863773314578,0.9947690771231484
2022-11-04,52,0.14236824093086928,3920,0.9957551046256323,3950.992541009789,0.9921557581574507,Put,SPXW,SPXW221104P03920000,129.65,0.2447,0.03683863773314578,0.9947690771231484
2022-11-04,52,0.14236824093086928,3925,0.9970252004223487,3950.992541009789,0.993421262951019,Put,SPXW,SPXW221104P03925000,131.65,0.244,0.03683863773314578,0.9947690771231484
2022-11-04,52,0.14236824093086928,3930,0.998295296219065,3950.992541009789,0.9946867677445871,Put,SPXW,SPXW221104P03930000,133.65,0.2432,0.03683863773314578,0.9947690771231484
2022-11-04,52,0.14236824093086928,3940,1.0008354878124979,3950.992541009789,0.9972177773317235,Put,SPXW,SPXW221104P03940000,137.75,0.2417,0.03683863773314578,0.9947690771231484
2022-11-04,52,0.14236824093086928,3950,1.0033756794059305,3950.992541009789,0.9997487869188598,Put,SPXW,SPXW221104P03950000,142.05,0.2403,0.03683863773314578,0.9947690771231484
2022-11-04,52,0.14236824093086928,3960,1.0059158709993632,3950.992541009789,1.0022797965059962,Call,SPXW,SPXW221104C03960000,135.85,0.239,0.03683863773314578,0.9947690771231484
2022-11-04,52,0.14236824093086928,3970,1.008456062592796,3950.992541009789,1.0048108060931324,Call,SPXW,SPXW221104C03970000,130.35,0.2375,0.03683863773314578,0.9947690771231484
2022-11-04,52,0.14236824093086928,3975,1.0097261583895123,3950.992541009789,1.0060763108867008,Call,SPXW,SPXW221104C03975000,127.6,0.2367,0.03683863773314578,0.9947690771231484
2022-11-04,52,0.14236824093086928,3980,1.0109962541862287,3950.992541009789,1.007341815680269,Call,SPXW,SPXW221104C03980000,124.94999999999999,0.236,0.03683863773314578,0.9947690771231484
2022-11-04,52,0.14236824093086928,3990,1.0135364457796614,3950.992541009789,1.0098728252674052,Call,SPXW,SPXW221104C03990000,119.65,0.2344,0.03683863773314578,0.9947690771231484
2022-11-04,52,0.14236824093086928,4000,1.0160766373730943,3950.992541009789,1.0124038348545417,Call,SPXW,SPXW221104C04000000,114.5,0.233,0.03683863773314578,0.9947690771231484
2022-11-04,52,0.14236824093086928,4010,1.018616828966527,3950.992541009789,1.014934844441678,Call,SPXW,SPXW221104C04010000,109.4,0.2314,0.03683863773314578,0.9947690771231484
2022-11-04,52,0.14236824093086928,4020,1.0211570205599596,3950.992541009789,1.0174658540288144,Call,SPXW,SPXW221104C04020000,104.5,0.2299,0.03683863773314578,0.9947690771231484
2022-11-04,52,0.14236824093086928,4025,1.022427116356676,3950.992541009789,1.0187313588223825,Call,SPXW,SPXW221104C04025000,102.1,0.2292,0.03683863773314578,0.9947690771231484
2022-11-04,52,0.14236824093086928,4030,1.0236972121533925,3950.992541009789,1.0199968636159507,Call,SPXW,SPXW221104C04030000,99.69999999999999,0.2284,0.03683863773314578,0.9947690771231484
2022-11-04,52,0.14236824093086928,4040,1.0262374037468251,3950.992541009789,1.022527873203087,Call,SPXW,SPXW221104C04040000,95.0,0.2269,0.03683863773314578,0.9947690771231484
2022-11-04,52,0.14236824093086928,4050,1.0287775953402578,3950.992541009789,1.0250588827902234,Call,SPXW,SPXW221104C04050000,90.44999999999999,0.2255,0.03683863773314578,0.9947690771231484
2022-11-04,52,0.14236824093086928,4075,1.0351280743238398,3950.992541009789,1.0313864067580643,Call,SPXW,SPXW221104C04075000,79.65,0.2219,0.03683863773314578,0.9947690771231484
2022-11-04,52,0.14236824093086928,4100,1.0414785533074216,3950.992541009789,1.0377139307259051,Call,SPXW,SPXW221104C04100000,69.69999999999999,0.2185,0.03683863773314578,0.9947690771231484
2022-11-04,52,0.14236824093086928,4110,1.0440187449008542,3950.992541009789,1.0402449403130414,Call,SPXW,SPXW221104C04110000,65.95,0.2171,0.03683863773314578,0.9947690771231484
2022-11-04,52,0.14236824093086928,4120,1.046558936494287,3950.992541009789,1.0427759499001779,Call,SPXW,SPXW221104C04120000,62.4,0.2159,0.03683863773314578,0.9947690771231484
2022-11-04,52,0.14236824093086928,4125,1.0478290322910033,3950.992541009789,1.044041454693746,Call,SPXW,SPXW221104C04125000,60.6,0.2152,0.03683863773314578,0.9947690771231484
2022-11-04,52,0.14236824093086928,4130,1.0490991280877198,3950.992541009789,1.0453069594873141,Call,SPXW,SPXW221104C04130000,58.849999999999994,0.2145,0.03683863773314578,0.9947690771231484
2022-11-04,52,0.14236824093086928,4140,1.0516393196811524,3950.992541009789,1.0478379690744506,Call,SPXW,SPXW221104C04140000,55.55,0.2133,0.03683863773314578,0.9947690771231484
2022-11-04,52,0.14236824093086928,4200,1.0668804692417488,3950.992541009789,1.0630240265972686,Call,SPXW,SPXW221104C04200000,38.4,0.2066,0.03683863773314578,0.9947690771231484
2022-11-04,52,0.14236824093086928,4300,1.0922823851760763,3950.992541009789,1.0883341224686323,Call,SPXW,SPXW221104C04300000,19.450000000000003,0.1987,0.03683863773314578,0.9947690771231484
2022-11-04,52,0.14236824093086928,4350,1.1049833431432399,3950.992541009789,1.100989170404314,Call,SPXW,SPXW221104C04350000,13.600000000000001,0.1964,0.03683863773314578,0.9947690771231484
2022-11-04,52,0.14236824093086928,4400,1.1176843011104036,3950.992541009789,1.1136442183399957,Call,SPXW,SPXW221104C04400000,9.399999999999999,0.1948,0.03683863773314578,0.9947690771231484
2022-11-18,66,0.1799566506958704,2775,0.7049031671775841,3954.830544063122,0.7016735531603877,Put,SPX,SPX221118P02775000,7.05,0.4434,0.03692111506227108,0.9933778236875802
2022-11-18,66,0.1799566506958704,2800,0.7112536461611659,3954.830544063122,0.707994936522193,Put,SPX,SPX221118P02800000,7.45,0.4379,0.03692111506227108,0.9933778236875802
2022-11-18,66,0.1799566506958704,2825,0.7176041251447478,3954.830544063122,0.7143163198839982,Put,SPX,SPX221118P02825000,7.85,0.4321,0.03692111506227108,0.9933778236875802
2022-11-18,66,0.1799566506958704,2850,0.7239546041283296,3954.830544063122,0.7206377032458036,Put,SPX,SPX221118P02850000,8.25,0.4261,0.03692111506227108,0.9933778236875802
2022-11-18,66,0.1799566506958704,2875,0.7303050831119114,3954.830544063122,0.7269590866076089,Put,SPX,SPX221118P02875000,8.65,0.42,0.03692111506227108,0.9933778236875802
2022-11-18,66,0.1799566506958704,2900,0.7366555620954933,3954.830544063122,0.7332804699694142,Put,SPX,SPX221118P02900000,9.15,0.4146,0.03692111506227108,0.9933778236875802
2022-11-18,66,0.1799566506958704,2925,0.7430060410790751,3954.830544063122,0.7396018533312194,Put,SPX,SPX221118P02925000,9.65,0.4089,0.03692111506227108,0.9933778236875802
2022-11-18,66,0.1799566506958704,2950,0.749356520062657,3954.830544063122,0.7459232366930247,Put,SPX,SPX221118P02950000,10.15,0.4029,0.03692111506227108,0.9933778236875802
2022-11-18,66,0.1799566506958704,2975,0.7557069990462388,3954.830544063122,0.7522446200548301,Put,SPX,SPX221118P02975000,10.75,0.3976,0.03692111506227108,0.9933778236875802
2022-11-18,66,0.1799566506958704,3000,0.7620574780298206,3954.830544063122,0.7585660034166354,Put,SPX,SPX221118P03000000,11.35,0.3921,0.03692111506227108,0.9933778236875802
2022-11-18,66,0.1799566506958704,3025,0.7684079570134025,3954.830544063122,0.7648873867784406,Put,SPX,SPX221118P03025000,12.0,0.3865,0.03692111506227108,0.9933778236875802
2022-11-18,66,0.1799566506958704,3050,0.7747584359969844,3954.830544063122,0.7712087701402459,Put,SPX,SPX221118P03050000,12.65,0.3809,0.03692111506227108,0.9933778236875802
2022-11-18,66,0.1799566506958704,3075,0.7811089149805661,3954.830544063122,0.7775301535020512,Put,SPX,SPX221118P03075000,13.399999999999999,0.3756,0.03692111506227108,0.9933778236875802
2022-11-18,66,0.1799566506958704,3100,0.787459393964148,3954.830544063122,0.7838515368638566,Put,SPX,SPX221118P03100000,14.2,0.3703,0.03692111506227108,0.9933778236875802
2022-11-18,66,0.1799566506958704,3110,0.7899995855575808,3954.830544063122,0.7863800902085786,Put,SPX,SPX221118P03110000,14.5,0.3679,0.03692111506227108,0.9933778236875802
2022-11-18,66,0.1799566506958704,3120,0.7925397771510134,3954.830544063122,0.7889086435533007,Put,SPX,SPX221118P03120000,14.899999999999999,0.3661,0.03692111506227108,0.9933778236875802
2022-11-18,66,0.1799566506958704,3125,0.7938098729477299,3954.830544063122,0.7901729202256618,Put,SPX,SPX221118P03125000,15.100000000000001,0.3652,0.03692111506227108,0.9933778236875802
2022-11-18,66,0.1799566506958704,3130,0.7950799687444462,3954.830544063122,0.7914371968980228,Put,SPX,SPX221118P03130000,15.2,0.3638,0.03692111506227108,0.9933778236875802
2022-11-18,66,0.1799566506958704,3140,0.797620160337879,3954.830544063122,0.793965750242745,Put,SPX,SPX221118P03140000,15.600000000000001,0.3618,0.03692111506227108,0.9933778236875802
2022-11-18,66,0.1799566506958704,3150,0.8001603519313116,3954.830544063122,0.7964943035874671,Put,SPX,SPX221118P03150000,16.0,0.3599,0.03692111506227108,0.9933778236875802
2022-11-18,66,0.1799566506958704,3160,0.8027005435247444,3954.830544063122,0.7990228569321892,Put,SPX,SPX221118P03160000,16.4,0.3579,0.03692111506227108,0.9933778236875802
2022-11-18,66,0.1799566506958704,3170,0.8052407351181772,3954.830544063122,0.8015514102769113,Put,SPX,SPX221118P03170000,16.8,0.3558,0.03692111506227108,0.9933778236875802
2022-11-18,66,0.1799566506958704,3175,0.8065108309148935,3954.830544063122,0.8028156869492724,Put,SPX,SPX221118P03175000,17.0,0.3548,0.03692111506227108,0.9933778236875802
2022-11-18,66,0.1799566506958704,3180,0.8077809267116098,3954.830544063122,0.8040799636216335,Put,SPX,SPX221118P03180000,17.2,0.3538,0.03692111506227108,0.9933778236875802
2022-11-18,66,0.1799566506958704,3190,0.8103211183050426,3954.830544063122,0.8066085169663556,Put,SPX,SPX221118P03190000,17.65,0.3518,0.03692111506227108,0.9933778236875802
2022-11-18,66,0.1799566506958704,3200,0.8128613098984754,3954.830544063122,0.8091370703110777,Put,SPX,SPX221118P03200000,18.1,0.3499,0.03692111506227108,0.9933778236875802
2022-11-18,66,0.1799566506958704,3210,0.815401501491908,3954.830544063122,0.8116656236557998,Put,SPX,SPX221118P03210000,18.549999999999997,0.3478,0.03692111506227108,0.9933778236875802
2022-11-18,66,0.1799566506958704,3220,0.8179416930853408,3954.830544063122,0.8141941770005219,Put,SPX,SPX221118P03220000,19.049999999999997,0.346,0.03692111506227108,0.9933778236875802
2022-11-18,66,0.1799566506958704,3225,0.8192117888820571,3954.830544063122,0.8154584536728829,Put,SPX,SPX221118P03225000,19.3,0.3451,0.03692111506227108,0.9933778236875802
2022-11-18,66,0.1799566506958704,3230,0.8204818846787736,3954.830544063122,0.816722730345244,Put,SPX,SPX221118P03230000,19.549999999999997,0.3441,0.03692111506227108,0.9933778236875802
2022-11-18,66,0.1799566506958704,3240,0.8230220762722062,3954.830544063122,0.8192512836899661,Put,SPX,SPX221118P03240000,20.049999999999997,0.3421,0.03692111506227108,0.9933778236875802
2022-11-18,66,0.1799566506958704,3250,0.825562267865639,3954.830544063122,0.8217798370346883,Put,SPX,SPX221118P03250000,20.549999999999997,0.3401,0.03692111506227108,0.9933778236875802
2022-11-18,66,0.1799566506958704,3260,0.8281024594590718,3954.830544063122,0.8243083903794104,Put,SPX,SPX221118P03260000,21.15,0.3384,0.03692111506227108,0.9933778236875802
2022-11-18,66,0.1799566506958704,3270,0.8306426510525045,3954.830544063122,0.8268369437241325,Put,SPX,SPX221118P03270000,21.65,0.3363,0.03692111506227108,0.9933778236875802
2022-11-18,66,0.1799566506958704,3275,0.8319127468492209,3954.830544063122,0.8281012203964936,Put,SPX,SPX221118P03275000,21.950000000000003,0.3354,0.03692111506227108,0.9933778236875802
2022-11-18,66,0.1799566506958704,3280,0.8331828426459372,3954.830544063122,0.8293654970688547,Put,SPX,SPX221118P03280000,22.25,0.3345,0.03692111506227108,0.9933778236875802
2022-11-18,66,0.1799566506958704,3290,0.83572303423937,3954.830544063122,0.8318940504135768,Put,SPX,SPX221118P03290000,22.85,0.3327,0.03692111506227108,0.9933778236875802
2022-11-18,66,0.1799566506958704,3300,0.8382632258328027,3954.830544063122,0.8344226037582989,Put,SPX,SPX221118P03300000,23.549999999999997,0.3312,0.03692111506227108,0.9933778236875802
2022-11-18,66,0.1799566506958704,3310,0.8408034174262354,3954.830544063122,0.836951157103021,Put,SPX,SPX221118P03310000,24.15,0.3292,0.03692111506227108,0.9933778236875802
2022-11-18,66,0.1799566506958704,3320,0.8433436090196682,3954.830544063122,0.839479710447743,Put,SPX,SPX221118P03320000,24.85,0.3275,0.03692111506227108,0.9933778236875802
2022-11-18,66,0.1799566506958704,3325,0.8446137048163845,3954.830544063122,0.8407439871201041,Put,SPX,SPX221118P03325000,25.15,0.3264,0.03692111506227108,0.9933778236875802
2022-11-18,66,0.1799566506958704,3330,0.8458838006131009,3954.830544063122,0.8420082637924652,Put,SPX,SPX221118P03330000,25.549999999999997,0.3258,0.03692111506227108,0.9933778236875802
2022-11-18,66,0.1799566506958704,3340,0.8484239922065336,3954.830544063122,0.8445368171371873,Put,SPX,SPX221118P03340000,26.25,0.3239,0.03692111506227108,0.9933778236875802
2022-11-18,66,0.1799566506958704,3350,0.8509641837999664,3954.830544063122,0.8470653704819094,Put,SPX,SPX221118P03350000,27.0,0.3222,0.03692111506227108,0.9933778236875802
2022-11-18,66,0.1799566506958704,3360,0.8535043753933991,3954.830544063122,0.8495939238266316,Put,SPX,SPX221118P03360000,27.75,0.3204,0.03692111506227108,0.9933778236875802
2022-11-18,66,0.1799566506958704,3370,0.8560445669868318,3954.830544063122,0.8521224771713537,Put,SPX,SPX221118P03370000,28.549999999999997,0.3188,0.03692111506227108,0.9933778236875802
2022-11-18,66,0.1799566506958704,3375,0.8573146627835482,3954.830544063122,0.8533867538437148,Put,SPX,SPX221118P03375000,29.0,0.3181,0.03692111506227108,0.9933778236875802
2022-11-18,66,0.1799566506958704,3380,0.8585847585802646,3954.830544063122,0.8546510305160758,Put,SPX,SPX221118P03380000,29.4,0.3172,0.03692111506227108,0.9933778236875802
2022-11-18,66,0.1799566506958704,3390,0.8611249501736973,3954.830544063122,0.857179583860798,Put,SPX,SPX221118P03390000,30.25,0.3155,0.03692111506227108,0.9933778236875802
2022-11-18,66,0.1799566506958704,3400,0.86366514176713,3954.830544063122,0.8597081372055201,Put,SPX,SPX221118P03400000,31.1,0.3137,0.03692111506227108,0.9933778236875802
2022-11-18,66,0.1799566506958704,3410,0.8662053333605628,3954.830544063122,0.8622366905502422,Put,SPX,SPX221118P03410000,32.1,0.3124,0.03692111506227108,0.9933778236875802
2022-11-18,66,0.1799566506958704,3420,0.8687455249539955,3954.830544063122,0.8647652438949642,Put,SPX,SPX221118P03420000,33.0,0.3106,0.03692111506227108,0.9933778236875802
2022-11-18,66,0.1799566506958704,3425,0.8700156207507119,3954.830544063122,0.8660295205673253,Put,SPX,SPX221118P03425000,33.5,0.3099,0.03692111506227108,0.9933778236875802
2022-11-18,66,0.1799566506958704,3430,0.8712857165474283,3954.830544063122,0.8672937972396864,Put,SPX,SPX221118P03430000,34.0,0.3091,0.03692111506227108,0.9933778236875802
2022-11-18,66,0.1799566506958704,3440,0.873825908140861,3954.830544063122,0.8698223505844085,Put,SPX,SPX221118P03440000,35.0,0.3075,0.03692111506227108,0.9933778236875802
2022-11-18,66,0.1799566506958704,3450,0.8763660997342937,3954.830544063122,0.8723509039291306,Put,SPX,SPX221118P03450000,36.1,0.3061,0.03692111506227108,0.9933778236875802
2022-11-18,66,0.1799566506958704,3460,0.8789062913277265,3954.830544063122,0.8748794572738527,Put,SPX,SPX221118P03460000,37.2,0.3046,0.03692111506227108,0.9933778236875802
2022-11-18,66,0.1799566506958704,3470,0.8814464829211592,3954.830544063122,0.8774080106185749,Put,SPX,SPX221118P03470000,38.3,0.303,0.03692111506227108,0.9933778236875802
2022-11-18,66,0.1799566506958704,3475,0.8827165787178756,3954.830544063122,0.8786722872909359,Put,SPX,SPX221118P03475000,38.9,0.3023,0.03692111506227108,0.9933778236875802
2022-11-18,66,0.1799566506958704,3480,0.8839866745145919,3954.830544063122,0.879936563963297,Put,SPX,SPX221118P03480000,39.5,0.3016,0.03692111506227108,0.9933778236875802
2022-11-18,66,0.1799566506958704,3490,0.8865268661080247,3954.830544063122,0.8824651173080191,Put,SPX,SPX221118P03490000,40.7,0.3001,0.03692111506227108,0.9933778236875802
2022-11-18,66,0.1799566506958704,3500,0.8890670577014574,3954.830544063122,0.8849936706527413,Put,SPX,SPX221118P03500000,41.95,0.2986,0.03692111506227108,0.9933778236875802
2022-11-18,66,0.1799566506958704,3510,0.8916072492948901,3954.830544063122,0.8875222239974634,Put,SPX,SPX221118P03510000,43.25,0.2972,0.03692111506227108,0.9933778236875802
2022-11-18,66,0.1799566506958704,3520,0.8941474408883229,3954.830544063122,0.8900507773421854,Put,SPX,SPX221118P03520000,44.55,0.2957,0.03692111506227108,0.9933778236875802
2022-11-18,66,0.1799566506958704,3525,0.8954175366850392,3954.830544063122,0.8913150540145465,Put,SPX,SPX221118P03525000,45.25,0.295,0.03692111506227108,0.9933778236875802
2022-11-18,66,0.1799566506958704,3530,0.8966876324817556,3954.830544063122,0.8925793306869075,Put,SPX,SPX221118P03530000,45.95,0.2943,0.03692111506227108,0.9933778236875802
2022-11-18,66,0.1799566506958704,3540,0.8992278240751883,3954.830544063122,0.8951078840316297,Put,SPX,SPX221118P03540000,47.349999999999994,0.2929,0.03692111506227108,0.9933778236875802
2022-11-18,66,0.1799566506958704,3550,0.9017680156686211,3954.830544063122,0.8976364373763518,Put,SPX,SPX221118P03550000,48.849999999999994,0.2915,0.03692111506227108,0.9933778236875802
2022-11-18,66,0.1799566506958704,3560,0.9043082072620539,3954.830544063122,0.9001649907210739,Put,SPX,SPX221118P03560000,50.349999999999994,0.2901,0.03692111506227108,0.9933778236875802
2022-11-18,66,0.1799566506958704,3570,0.9068483988554865,3954.830544063122,0.902693544065796,Put,SPX,SPX221118P03570000,52.099999999999994,0.2893,0.03692111506227108,0.9933778236875802
2022-11-18,66,0.1799566506958704,3575,0.908118494652203,3954.830544063122,0.9039578207381571,Put,SPX,SPX221118P03575000,52.95,0.2887,0.03692111506227108,0.9933778236875802
2022-11-18,66,0.1799566506958704,3580,0.9093885904489193,3954.830544063122,0.9052220974105182,Put,SPX,SPX221118P03580000,53.7,0.2878,0.03692111506227108,0.9933778236875802
2022-11-18,66,0.1799566506958704,3590,0.9119287820423521,3954.830544063122,0.9077506507552403,Put,SPX,SPX221118P03590000,55.400000000000006,0.2867,0.03692111506227108,0.9933778236875802
2022-11-18,66,0.1799566506958704,3600,0.9144689736357847,3954.830544063122,0.9102792040999624,Put,SPX,SPX221118P03600000,57.2,0.2854,0.03692111506227108,0.9933778236875802
2022-11-18,66,0.1799566506958704,3610,0.9170091652292175,3954.830544063122,0.9128077574446846,Put,SPX,SPX221118P03610000,58.95,0.284,0.03692111506227108,0.9933778236875802
2022-11-18,66,0.1799566506958704,3620,0.9195493568226503,3954.830544063122,0.9153363107894066,Put,SPX,SPX221118P03620000,60.8,0.2827,0.03692111506227108,0.9933778236875802
2022-11-18,66,0.1799566506958704,3625,0.9208194526193666,3954.830544063122,0.9166005874617676,Put,SPX,SPX221118P03625000,61.7,0.282,0.03692111506227108,0.9933778236875802
2022-11-18,66,0.1799566506958704,3630,0.9220895484160829,3954.830544063122,0.9178648641341287,Put,SPX,SPX221118P03630000,62.65,0.2813,0.03692111506227108,0.9933778236875802
2022-11-18,66,0.1799566506958704,3640,0.9246297400095157,3954.830544063122,0.9203934174788508,Put,SPX,SPX221118P03640000,64.6,0.28,0.03692111506227108,0.9933778236875802
2022-11-18,66,0.1799566506958704,3650,0.9271699316029485,3954.830544063122,0.922921970823573,Put,SPX,SPX221118P03650000,66.6,0.2787,0.03692111506227108,0.9933778236875802
2022-11-18,66,0.1799566506958704,3655,0.9284400273996648,3954.830544063122,0.924186247495934,Put,SPX,SPX221118P03655000,67.65,0.2781,0.03692111506227108,0.9933778236875802
2022-11-18,66,0.1799566506958704,3660,0.9297101231963811,3954.830544063122,0.9254505241682951,Put,SPX,SPX221118P03660000,68.75,0.2776,0.03692111506227108,0.9933778236875802
2022-11-18,66,0.1799566506958704,3670,0.9322503147898139,3954.830544063122,0.9279790775130172,Put,SPX,SPX221118P03670000,70.9,0.2764,0.03692111506227108,0.9933778236875802
2022-11-18,66,0.1799566506958704,3675,0.9335204105865302,3954.830544063122,0.9292433541853783,Put,SPX,SPX221118P03675000,71.95,0.2757,0.03692111506227108,0.9933778236875802
2022-11-18,66,0.1799566506958704,3680,0.9347905063832467,3954.830544063122,0.9305076308577394,Put,SPX,SPX221118P03680000,73.0,0.275,0.03692111506227108,0.9933778236875802
2022-11-18,66,0.1799566506958704,3690,0.9373306979766793,3954.830544063122,0.9330361842024615,Put,SPX,SPX221118P03690000,75.25,0.2737,0.03692111506227108,0.9933778236875802
2022-11-18,66,0.1799566506958704,3700,0.9398708895701121,3954.830544063122,0.9355647375471836,Put,SPX,SPX221118P03700000,77.6,0.2725,0.03692111506227108,0.9933778236875802
2022-11-18,66,0.1799566506958704,3710,0.9424110811635449,3954.830544063122,0.9380932908919057,Put,SPX,SPX221118P03710000,79.94999999999999,0.2712,0.03692111506227108,0.9933778236875802
2022-11-18,66,0.1799566506958704,3715,0.9436811769602612,3954.830544063122,0.9393575675642668,Put,SPX,SPX221118P03715000,81.19999999999999,0.2707,0.03692111506227108,0.9933778236875802
2022-11-18,66,0.1799566506958704,3720,0.9449512727569775,3954.830544063122,0.9406218442366278,Put,SPX,SPX221118P03720000,82.0,0.2693,0.03692111506227108,0.9933778236875802
2022-11-18,66,0.1799566506958704,3725,0.946221368553694,3954.830544063122,0.9418861209089888,Put,SPX,SPX221118P03725000,83.35,0.2688,0.03692111506227108,0.9933778236875802
2022-11-18,66,0.1799566506958704,3730,0.9474914643504103,3954.830544063122,0.9431503975813499,Put,SPX,SPX221118P03730000,84.69999999999999,0.2684,0.03692111506227108,0.9933778236875802
2022-11-18,66,0.1799566506958704,3735,0.9487615601471266,3954.830544063122,0.944414674253711,Put,SPX,SPX221118P03735000,85.75,0.2674,0.03692111506227108,0.9933778236875802
2022-11-18,66,0.1799566506958704,3740,0.9500316559438431,3954.830544063122,0.945678950926072,Put,SPX,SPX221118P03740000,87.19999999999999,0.267,0.03692111506227108,0.9933778236875802
2022-11-18,66,0.1799566506958704,3750,0.9525718475372758,3954.830544063122,0.9482075042707941,Put,SPX,SPX221118P03750000,89.9,0.2659,0.03692111506227108,0.9933778236875802
2022-11-18,66,0.1799566506958704,3760,0.9551120391307085,3954.830544063122,0.9507360576155163,Put,SPX,SPX221118P03760000,92.5,0.2644,0.03692111506227108,0.9933778236875802
2022-11-18,66,0.1799566506958704,3765,0.9563821349274249,3954.830544063122,0.9520003342878773,Put,SPX,SPX221118P03765000,93.9,0.2638,0.03692111506227108,0.9933778236875802
2022-11-18,66,0.1799566506958704,3770,0.9576522307241413,3954.830544063122,0.9532646109602384,Put,SPX,SPX221118P03770000,95.35,0.2633,0.03692111506227108,0.9933778236875802
2022-11-18,66,0.1799566506958704,3775,0.9589223265208576,3954.830544063122,0.9545288876325995,Put,SPX,SPX221118P03775000,96.8,0.2628,0.03692111506227108,0.9933778236875802
2022-11-18,66,0.1799566506958704,3780,0.960192422317574,3954.830544063122,0.9557931643049605,Put,SPX,SPX221118P03780000,98.15,0.262,0.03692111506227108,0.9933778236875802
2022-11-18,66,0.1799566506958704,3785,0.9614625181142904,3954.830544063122,0.9570574409773216,Put,SPX,SPX221118P03785000,99.55,0.2614,0.03692111506227108,0.9933778236875802
2022-11-18,66,0.1799566506958704,3790,0.9627326139110067,3954.830544063122,0.9583217176496827,Put,SPX,SPX221118P03790000,101.0,0.2606,0.03692111506227108,0.9933778236875802
2022-11-18,66,0.1799566506958704,3795,0.9640027097077231,3954.830544063122,0.9595859943220437,Put,SPX,SPX221118P03795000,102.6,0.2602,0.03692111506227108,0.9933778236875802
2022-11-18,66,0.1799566506958704,3800,0.9652728055044395,3954.830544063122,0.9608502709944048,Put,SPX,SPX221118P03800000,104.05,0.2595,0.03692111506227108,0.9933778236875802
2022-11-18,66,0.1799566506958704,3805,0.9665429013011558,3954.830544063122,0.9621145476667659,Put,SPX,SPX221118P03805000,105.55000000000001,0.2588,0.03692111506227108,0.9933778236875802
2022-11-18,66,0.1799566506958704,3810,0.9678129970978722,3954.830544063122,0.9633788243391269,Put,SPX,SPX221118P03810000,107.05000000000001,0.2581,0.03692111506227108,0.9933778236875802
2022-11-18,66,0.1799566506958704,3815,0.9690830928945886,3954.830544063122,0.964643101011488,Put,SPX,SPX221118P03815000,108.5,0.2573,0.03692111506227108,0.9933778236875802
2022-11-18,66,0.1799566506958704,3820,0.9703531886913049,3954.830544063122,0.965907377683849,Put,SPX,SPX221118P03820000,110.2,0.2568,0.03692111506227108,0.9933778236875802
2022-11-18,66,0.1799566506958704,3825,0.9716232844880213,3954.830544063122,0.96717165435621,Put,SPX,SPX221118P03825000,111.85,0.2563,0.03692111506227108,0.9933778236875802
2022-11-18,66,0.1799566506958704,3830,0.9728933802847377,3954.830544063122,0.9684359310285711,Put,SPX,SPX221118P03830000,113.44999999999999,0.2556,0.03692111506227108,0.9933778236875802
2022-11-18,66,0.1799566506958704,3840,0.9754335718781704,3954.830544063122,0.9709644843732932,Put,SPX,SPX221118P03840000,116.7,0.2543,0.03692111506227108,0.9933778236875802
2022-11-18,66,0.1799566506958704,3845,0.9767036676748868,3954.830544063122,0.9722287610456543,Put,SPX,SPX221118P03845000,118.4,0.2537,0.03692111506227108,0.9933778236875802
2022-11-18,66,0.1799566506958704,3850,0.9779737634716031,3954.830544063122,0.9734930377180153,Put,SPX,SPX221118P03850000,120.05,0.253,0.03692111506227108,0.9933778236875802
2022-11-18,66,0.1799566506958704,3855,0.9792438592683195,3954.830544063122,0.9747573143903764,Put,SPX,SPX221118P03855000,121.8,0.2524,0.03692111506227108,0.9933778236875802
2022-11-18,66,0.1799566506958704,3860,0.9805139550650359,3954.830544063122,0.9760215910627374,Put,SPX,SPX221118P03860000,123.5,0.2517,0.03692111506227108,0.9933778236875802
2022-11-18,66,0.1799566506958704,3865,0.9817840508617522,3954.830544063122,0.9772858677350985,Put,SPX,SPX221118P03865000,125.25,0.251,0.03692111506227108,0.9933778236875802
2022-11-18,66,0.1799566506958704,3870,0.9830541466584686,3954.830544063122,0.9785501444074596,Put,SPX,SPX221118P03870000,127.0,0.2504,0.03692111506227108,0.9933778236875802
2022-11-18,66,0.1799566506958704,3875,0.984324242455185,3954.830544063122,0.9798144210798206,Put,SPX,SPX221118P03875000,128.8,0.2497,0.03692111506227108,0.9933778236875802
2022-11-18,66,0.1799566506958704,3880,0.9855943382519013,3954.830544063122,0.9810786977521817,Put,SPX,SPX221118P03880000,130.65,0.2491,0.03692111506227108,0.9933778236875802
2022-11-18,66,0.1799566506958704,3885,0.9868644340486177,3954.830544063122,0.9823429744245428,Put,SPX,SPX221118P03885000,132.45,0.2484,0.03692111506227108,0.9933778236875802
2022-11-18,66,0.1799566506958704,3890,0.9881345298453341,3954.830544063122,0.9836072510969038,Put,SPX,SPX221118P03890000,134.25,0.2477,0.03692111506227108,0.9933778236875802
2022-11-18,66,0.1799566506958704,3900,0.9906747214387668,3954.830544063122,0.986135804441626,Put,SPX,SPX221118P03900000,138.05,0.2466,0.03692111506227108,0.9933778236875802
2022-11-18,66,0.1799566506958704,3910,0.9932149130321996,3954.830544063122,0.9886643577863481,Put,SPX,SPX221118P03910000,141.9,0.2451,0.03692111506227108,0.9933778236875802
2022-11-18,66,0.1799566506958704,3920,0.9957551046256323,3954.830544063122,0.9911929111310702,Put,SPX,SPX221118P03920000,145.95,0.2439,0.03692111506227108,0.9933778236875802
2022-11-18,66,0.1799566506958704,3925,0.9970252004223487,3954.830544063122,0.9924571878034312,Put,SPX,SPX221118P03925000,147.9,0.2432,0.03692111506227108,0.9933778236875802
2022-11-18,66,0.1799566506958704,3930,0.998295296219065,3954.830544063122,0.9937214644757922,Put,SPX,SPX221118P03930000,149.95,0.2425,0.03692111506227108,0.9933778236875802
2022-11-18,66,0.1799566506958704,3940,1.0008354878124979,3954.830544063122,0.9962500178205144,Put,SPX,SPX221118P03940000,154.0,0.2411,0.03692111506227108,0.9933778236875802
2022-11-18,66,0.1799566506958704,3945,1.002105583609214,3954.830544063122,0.9975142944928754,Put,SPX,SPX221118P03945000,156.15,0.2405,0.03692111506227108,0.9933778236875802
2022-11-18,66,0.1799566506958704,3950,1.0033756794059305,3954.830544063122,0.9987785711652365,Put,SPX,SPX221118P03950000,158.35000000000002,0.2399,0.03692111506227108,0.9933778236875802
2022-11-18,66,0.1799566506958704,3960,1.0059158709993632,3954.830544063122,1.0013071245099587,Call,SPX,SPX221118C03960000,153.10000000000002,0.2373,0.03692111506227108,0.9933778236875802
2022-11-18,66,0.1799566506958704,3970,1.008456062592796,3954.830544063122,1.0038356778546809,Call,SPX,SPX221118C03970000,147.65,0.2361,0.03692111506227108,0.9933778236875802
2022-11-18,66,0.1799566506958704,3975,1.0097261583895123,3954.830544063122,1.0050999545270418,Call,SPX,SPX221118C03975000,145.0,0.2355,0.03692111506227108,0.9933778236875802
2022-11-18,66,0.1799566506958704,3980,1.0109962541862287,3954.830544063122,1.0063642311994028,Call,SPX,SPX221118C03980000,142.25,0.2348,0.03692111506227108,0.9933778236875802
2022-11-18,66,0.1799566506958704,3990,1.0135364457796614,3954.830544063122,1.008892784544125,Call,SPX,SPX221118C03990000,136.89999999999998,0.2334,0.03692111506227108,0.9933778236875802
2022-11-18,66,0.1799566506958704,4000,1.0160766373730943,3954.830544063122,1.011421337888847,Call,SPX,SPX221118C04000000,131.65,0.232,0.03692111506227108,0.9933778236875802
2022-11-18,66,0.1799566506958704,4010,1.018616828966527,3954.830544063122,1.0139498912335692,Call,SPX,SPX221118C04010000,126.55,0.2307,0.03692111506227108,0.9933778236875802
2022-11-18,66,0.1799566506958704,4020,1.0211570205599596,3954.830544063122,1.0164784445782913,Call,SPX,SPX221118C04020000,121.55,0.2293,0.03692111506227108,0.9933778236875802
2022-11-18,66,0.1799566506958704,4025,1.022427116356676,3954.830544063122,1.0177427212506525,Call,SPX,SPX221118C04025000,119.05,0.2286,0.03692111506227108,0.9933778236875802
2022-11-18,66,0.1799566506958704,4030,1.0236972121533925,3954.830544063122,1.0190069979230134,Call,SPX,SPX221118C04030000,116.65,0.228,0.03692111506227108,0.9933778236875802
2022-11-18,66,0.1799566506958704,4040,1.0262374037468251,3954.830544063122,1.0215355512677355,Call,SPX,SPX221118C04040000,111.8,0.2266,0.03692111506227108,0.9933778236875802
2022-11-18,66,0.1799566506958704,4050,1.0287775953402578,3954.830544063122,1.0240641046124577,Call,SPX,SPX221118C04050000,107.45,0.2256,0.03692111506227108,0.9933778236875802
2022-11-18,66,0.1799566506958704,4055,1.0300476911369743,3954.830544063122,1.0253283812848188,Call,SPX,SPX221118C04055000,105.19999999999999,0.225,0.03692111506227108,0.9933778236875802
2022-11-18,66,0.1799566506958704,4060,1.0313177869336907,3954.830544063122,1.0265926579571798,Call,SPX,SPX221118C04060000,102.9,0.2245,0.03692111506227108,0.9933778236875802
2022-11-18,66,0.1799566506958704,4065,1.032587882730407,3954.830544063122,1.027856934629541,Call,SPX,SPX221118C04065000,100.6,0.2236,0.03692111506227108,0.9933778236875802
2022-11-18,66,0.1799566506958704,4070,1.0338579785271234,3954.830544063122,1.029121211301902,Call,SPX,SPX221118C04070000,98.5,0.2233,0.03692111506227108,0.9933778236875802
2022-11-18,66,0.1799566506958704,4075,1.0351280743238398,3954.830544063122,1.030385487974263,Call,SPX,SPX221118C04075000,96.1,0.2223,0.03692111506227108,0.9933778236875802
2022-11-18,66,0.1799566506958704,4080,1.036398170120556,3954.830544063122,1.031649764646624,Call,SPX,SPX221118C04080000,94.05,0.2217,0.03692111506227108,0.9933778236875802
2022-11-18,66,0.1799566506958704,4085,1.0376682659172725,3954.830544063122,1.032914041318985,Call,SPX,SPX221118C04085000,91.85,0.2211,0.03692111506227108,0.9933778236875802
2022-11-18,66,0.1799566506958704,4090,1.038938361713989,3954.830544063122,1.0341783179913462,Call,SPX,SPX221118C04090000,89.75,0.2204,0.03692111506227108,0.9933778236875802
2022-11-18,66,0.1799566506958704,4095,1.0402084575107051,3954.830544063122,1.0354425946637071,Call,SPX,SPX221118C04095000,87.75,0.2197,0.03692111506227108,0.9933778236875802
2022-11-18,66,0.1799566506958704,4100,1.0414785533074216,3954.830544063122,1.0367068713360683,Call,SPX,SPX221118C04100000,85.6,0.2191,0.03692111506227108,0.9933778236875802
2022-11-18,66,0.1799566506958704,4105,1.042748649104138,3954.830544063122,1.0379711480084293,Call,SPX,SPX221118C04105000,83.6,0.2185,0.03692111506227108,0.9933778236875802
2022-11-18,66,0.1799566506958704,4110,1.0440187449008542,3954.830544063122,1.0392354246807904,Call,SPX,SPX221118C04110000,81.6,0.2178,0.03692111506227108,0.9933778236875802
2022-11-18,66,0.1799566506958704,4115,1.0452888406975707,3954.830544063122,1.0404997013531514,Call,SPX,SPX221118C04115000,79.75,0.2171,0.03692111506227108,0.9933778236875802
2022-11-18,66,0.1799566506958704,4120,1.046558936494287,3954.830544063122,1.0417639780255126,Call,SPX,SPX221118C04120000,77.8,0.2164,0.03692111506227108,0.9933778236875802
2022-11-18,66,0.1799566506958704,4125,1.0478290322910033,3954.830544063122,1.0430282546978735,Call,SPX,SPX221118C04125000,75.9,0.2159,0.03692111506227108,0.9933778236875802
2022-11-18,66,0.1799566506958704,4130,1.0490991280877198,3954.830544063122,1.0442925313702347,Call,SPX,SPX221118C04130000,74.0,0.2154,0.03692111506227108,0.9933778236875802
2022-11-18,66,0.1799566506958704,4140,1.0516393196811524,3954.830544063122,1.0468210847149568,Call,SPX,SPX221118C04140000,70.35,0.2141,0.03692111506227108,0.9933778236875802
2022-11-18,66,0.1799566506958704,4150,1.0541795112745853,3954.830544063122,1.049349638059679,Call,SPX,SPX221118C04150000,66.8,0.2129,0.03692111506227108,0.9933778236875802
2022-11-18,66,0.1799566506958704,4160,1.056719702868018,3954.830544063122,1.051878191404401,Call,SPX,SPX221118C04160000,63.45,0.2118,0.03692111506227108,0.9933778236875802
2022-11-18,66,0.1799566506958704,4170,1.0592598944614506,3954.830544063122,1.0544067447491232,Call,SPX,SPX221118C04170000,60.2,0.2107,0.03692111506227108,0.9933778236875802
2022-11-18,66,0.1799566506958704,4175,1.060529990258167,3954.830544063122,1.0556710214214842,Call,SPX,SPX221118C04175000,58.55,0.21,0.03692111506227108,0.9933778236875802
2022-11-18,66,0.1799566506958704,4180,1.0618000860548835,3954.830544063122,1.0569352980938451,Call,SPX,SPX221118C04180000,56.95,0.2094,0.03692111506227108,0.9933778236875802
2022-11-18,66,0.1799566506958704,4190,1.0643402776483162,3954.830544063122,1.0594638514385673,Call,SPX,SPX221118C04190000,54.0,0.2084,0.03692111506227108,0.9933778236875802
2022-11-18,66,0.1799566506958704,4200,1.0668804692417488,3954.830544063122,1.0619924047832894,Call,SPX,SPX221118C04200000,51.05,0.2073,0.03692111506227108,0.9933778236875802
2022-11-18,66,0.1799566506958704,4210,1.0694206608351817,3954.830544063122,1.0645209581280115,Call,SPX,SPX221118C04210000,48.3,0.2062,0.03692111506227108,0.9933778236875802
2022-11-18,66,0.1799566506958704,4220,1.0719608524286144,3954.830544063122,1.0670495114727336,Call,SPX,SPX221118C04220000,45.650000000000006,0.2053,0.03692111506227108,0.9933778236875802
2022-11-18,66,0.1799566506958704,4225,1.0732309482253308,3954.830544063122,1.0683137881450948,Call,SPX,SPX221118C04225000,44.849999999999994,0.2058,0.03692111506227108,0.9933778236875802
2022-11-18,66,0.1799566506958704,4230,1.074501044022047,3954.830544063122,1.0695780648174558,Call,SPX,SPX221118C04230000,43.55,0.2053,0.03692111506227108,0.9933778236875802
2022-11-18,66,0.1799566506958704,4240,1.07704123561548,3954.830544063122,1.072106618162178,Call,SPX,SPX221118C04240000,41.150000000000006,0.2042,0.03692111506227108,0.9933778236875802
2022-11-18,66,0.1799566506958704,4250,1.0795814272089126,3954.830544063122,1.0746351715069,Call,SPX,SPX221118C04250000,38.75,0.2034,0.03692111506227108,0.9933778236875802
2022-11-18,66,0.1799566506958704,4260,1.0821216188023453,3954.830544063122,1.0771637248516222,Call,SPX,SPX221118C04260000,36.55,0.2026,0.03692111506227108,0.9933778236875802
2022-11-18,66,0.1799566506958704,4270,1.0846618103957781,3954.830544063122,1.0796922781963443,Call,SPX,SPX221118C04270000,34.45,0.2018,0.03692111506227108,0.9933778236875802
2022-11-18,66,0.1799566506958704,4275,1.0859319061924944,3954.830544063122,1.0809565548687055,Call,SPX,SPX221118C04275000,33.45,0.2014,0.03692111506227108,0.9933778236875802
2022-11-18,66,0.1799566506958704,4280,1.0872020019892108,3954.830544063122,1.0822208315410664,Call,SPX,SPX221118C04280000,32.45,0.201,0.03692111506227108,0.9933778236875802
2022-11-18,66,0.1799566506958704,4290,1.0897421935826435,3954.830544063122,1.0847493848857885,Call,SPX,SPX221118C04290000,30.5,0.2002,0.03692111506227108,0.9933778236875802
2022-11-18,66,0.1799566506958704,4300,1.0922823851760763,3954.830544063122,1.0872779382305107,Call,SPX,SPX221118C04300000,28.700000000000003,0.1996,0.03692111506227108,0.9933778236875802
2022-11-18,66,0.1799566506958704,4310,1.094822576769509,3954.830544063122,1.0898064915752328,Call,SPX,SPX221118C04310000,27.0,0.1989,0.03692111506227108,0.9933778236875802
2022-11-18,66,0.1799566506958704,4320,1.0973627683629417,3954.830544063122,1.092335044919955,Call,SPX,SPX221118C04320000,25.4,0.1981,0.03692111506227108,0.9933778236875802
2022-11-18,66,0.1799566506958704,4325,1.098632864159658,3954.830544063122,1.0935993215923159,Call,SPX,SPX221118C04325000,24.6,0.198,0.03692111506227108,0.9933778236875802
2022-11-18,66,0.1799566506958704,4330,1.0999029599563745,3954.830544063122,1.094863598264677,Call,SPX,SPX221118C04330000,23.799999999999997,0.1976,0.03692111506227108,0.9933778236875802
2022-11-18,66,0.1799566506958704,4340,1.1024431515498072,3954.830544063122,1.0973921516093992,Call,SPX,SPX221118C04340000,22.35,0.1969,0.03692111506227108,0.9933778236875802
2022-11-18,66,0.1799566506958704,4350,1.1049833431432399,3954.830544063122,1.0999207049541213,Call,SPX,SPX221118C04350000,20.950000000000003,0.1964,0.03692111506227108,0.9933778236875802
2022-11-18,66,0.1799566506958704,4360,1.1075235347366728,3954.830544063122,1.1024492582988434,Call,SPX,SPX221118C04360000,19.65,0.1959,0.03692111506227108,0.9933778236875802
2022-11-18,66,0.1799566506958704,4370,1.1100637263301054,3954.830544063122,1.1049778116435656,Call,SPX,SPX221118C04370000,18.450000000000003,0.1955,0.03692111506227108,0.9933778236875802
2022-11-18,66,0.1799566506958704,4375,1.1113338221268219,3954.830544063122,1.1062420883159265,Call,SPX,SPX221118C04375000,17.85,0.1952,0.03692111506227108,0.9933778236875802
2022-11-18,66,0.1799566506958704,4380,1.112603917923538,3954.830544063122,1.1075063649882877,Call,SPX,SPX221118C04380000,17.25,0.1949,0.03692111506227108,0.9933778236875802
2022-11-18,66,0.1799566506958704,4390,1.115144109516971,3954.830544063122,1.1100349183330096,Call,SPX,SPX221118C04390000,16.15,0.1945,0.03692111506227108,0.9933778236875802
2022-11-18,66,0.1799566506958704,4400,1.1176843011104036,3954.830544063122,1.1125634716777317,Call,SPX,SPX221118C04400000,15.15,0.194,0.03692111506227108,0.9933778236875802
2022-11-18,66,0.1799566506958704,4410,1.1202244927038363,3954.830544063122,1.1150920250224539,Call,SPX,SPX221118C04410000,14.15,0.1936,0.03692111506227108,0.9933778236875802
2022-11-18,66,0.1799566506958704,4420,1.1227646842972692,3954.830544063122,1.117620578367176,Call,SPX,SPX221118C04420000,13.25,0.1931,0.03692111506227108,0.9933778236875802
2022-11-18,66,0.1799566506958704,4425,1.1240347800939854,3954.830544063122,1.1188848550395372,Call,SPX,SPX221118C04425000,12.8,0.1931,0.03692111506227108,0.9933778236875802
2022-11-18,66,0.1799566506958704,4430,1.1253048758907018,3954.830544063122,1.1201491317118981,Call,SPX,SPX221118C04430000,12.399999999999999,0.193,0.03692111506227108,0.9933778236875802
2022-11-18,66,0.1799566506958704,4440,1.1278450674841345,3954.830544063122,1.1226776850566202,Call,SPX,SPX221118C04440000,11.600000000000001,0.1927,0.03692111506227108,0.9933778236875802
2022-11-18,66,0.1799566506958704,4450,1.1303852590775674,3954.830544063122,1.1252062384013424,Call,SPX,SPX221118C04450000,10.8,0.1922,0.03692111506227108,0.9933778236875802
2022-11-18,66,0.1799566506958704,4460,1.132925450671,3954.830544063122,1.1277347917460645,Call,SPX,SPX221118C04460000,10.100000000000001,0.192,0.03692111506227108,0.9933778236875802
2022-11-18,66,0.1799566506958704,4470,1.1354656422644327,3954.830544063122,1.1302633450907866,Call,SPX,SPX221118C04470000,9.45,0.1918,0.03692111506227108,0.9933778236875802
2022-11-18,66,0.1799566506958704,4475,1.1367357380611491,3954.830544063122,1.1315276217631478,Call,SPX,SPX221118C04475000,9.100000000000001,0.1915,0.03692111506227108,0.9933778236875802
2022-11-18,66,0.1799566506958704,4480,1.1380058338578656,3954.830544063122,1.1327918984355088,Call,SPX,SPX221118C04480000,8.8,0.1914,0.03692111506227108,0.9933778236875802
2022-11-18,66,0.1799566506958704,4490,1.1405460254512982,3954.830544063122,1.1353204517802309,Call,SPX,SPX221118C04490000,8.25,0.1914,0.03692111506227108,0.9933778236875802
2022-11-18,66,0.1799566506958704,4500,1.143086217044731,3954.830544063122,1.137849005124953,Call,SPX,SPX221118C04500000,7.7,0.1909,0.03692111506227108,0.9933778236875802
2022-11-18,66,0.1799566506958704,4510,1.1456264086381638,3954.830544063122,1.1403775584696751,Call,SPX,SPX221118C04510000,7.15,0.1908,0.03692111506227108,0.9933778236875802
2022-11-18,66,0.1799566506958704,4520,1.1481666002315964,3954.830544063122,1.1429061118143973,Call,SPX,SPX221118C04520000,6.65,0.1905,0.03692111506227108,0.9933778236875802
2022-11-18,66,0.1799566506958704,4525,1.1494366960283129,3954.830544063122,1.1441703884867582,Call,SPX,SPX221118C04525000,6.45,0.1906,0.03692111506227108,0.9933778236875802
2022-11-18,66,0.1799566506958704,4530,1.150706791825029,3954.830544063122,1.1454346651591194,Call,SPX,SPX221118C04530000,6.25,0.1907,0.03692111506227108,0.9933778236875802
2022-11-18,66,0.1799566506958704,4540,1.153246983418462,3954.830544063122,1.1479632185038415,Call,SPX,SPX221118C04540000,5.85,0.1907,0.03692111506227108,0.9933778236875802
2022-11-18,66,0.1799566506958704,4550,1.1557871750118947,3954.830544063122,1.1504917718485637,Call,SPX,SPX221118C04550000,5.45,0.1905,0.03692111506227108,0.9933778236875802
2022-11-18,66,0.1799566506958704,4560,1.1583273666053273,3954.830544063122,1.1530203251932858,Call,SPX,SPX221118C04560000,5.05,0.1902,0.03692111506227108,0.9933778236875802
2022-11-18,66,0.1799566506958704,4580,1.1634077497921929,3954.830544063122,1.15807743188273,Call,SPX,SPX221118C04580000,4.4,0.1901,0.03692111506227108,0.9933778236875802
2022-11-18,66,0.1799566506958704,4590,1.1659479413856255,3954.830544063122,1.160605985227452,Call,SPX,SPX221118C04590000,4.1,0.1901,0.03692111506227108,0.9933778236875802
2022-11-18,66,0.1806981519507187,2800,0.7112536461611659,3954.9065138721207,0.7079813366457076,Put,SPXW,SPXW221118P02800000,7.6,0.4385,0.03692270560942653,0.9933503428045687
2022-11-18,66,0.1806981519507187,2825,0.7176041251447478,3954.9065138721207,0.7143025985800443,Put,SPXW,SPXW221118P02825000,8.0,0.4327,0.03692270560942653,0.9933503428045687
2022-11-18,66,0.1806981519507187,2850,0.7239546041283296,3954.9065138721207,0.720623860514381,Put,SPXW,SPXW221118P02850000,8.399999999999999,0.4266,0.03692270560942653,0.9933503428045687
2022-11-18,66,0.1806981519507187,2875,0.7303050831119114,3954.9065138721207,0.7269451224487177,Put,SPXW,SPXW221118P02875000,8.85,0.421,0.03692270560942653,0.9933503428045687
2022-11-18,66,0.1806981519507187,2900,0.7366555620954933,3954.9065138721207,0.7332663843830544,Put,SPXW,SPXW221118P02900000,9.35,0.4154,0.03692270560942653,0.9933503428045687
2022-11-18,66,0.1806981519507187,2925,0.7430060410790751,3954.9065138721207,0.739587646317391,Put,SPXW,SPXW221118P02925000,9.85,0.4096,0.03692270560942653,0.9933503428045687
2022-11-18,66,0.1806981519507187,2950,0.749356520062657,3954.9065138721207,0.7459089082517277,Put,SPXW,SPXW221118P02950000,10.35,0.4037,0.03692270560942653,0.9933503428045687
2022-11-18,66,0.1806981519507187,2975,0.7557069990462388,3954.9065138721207,0.7522301701860644,Put,SPXW,SPXW221118P02975000,10.95,0.3983,0.03692270560942653,0.9933503428045687
2022-11-18,66,0.1806981519507187,3000,0.7620574780298206,3954.9065138721207,0.7585514321204011,Put,SPXW,SPXW221118P03000000,11.55,0.3927,0.03692270560942653,0.9933503428045687
2022-11-18,66,0.1806981519507187,3025,0.7684079570134025,3954.9065138721207,0.7648726940547378,Put,SPXW,SPXW221118P03025000,12.15,0.3868,0.03692270560942653,0.9933503428045687
2022-11-18,66,0.1806981519507187,3050,0.7747584359969844,3954.9065138721207,0.7711939559890744,Put,SPXW,SPXW221118P03050000,12.85,0.3814,0.03692270560942653,0.9933503428045687
2022-11-18,66,0.1806981519507187,3075,0.7811089149805661,3954.9065138721207,0.777515217923411,Put,SPXW,SPXW221118P03075000,13.600000000000001,0.376,0.03692270560942653,0.9933503428045687
2022-11-18,66,0.1806981519507187,3100,0.787459393964148,3954.9065138721207,0.7838364798577477,Put,SPXW,SPXW221118P03100000,14.399999999999999,0.3706,0.03692270560942653,0.9933503428045687
2022-11-18,66,0.1806981519507187,3125,0.7938098729477299,3954.9065138721207,0.7901577417920844,Put,SPXW,SPXW221118P03125000,15.3,0.3656,0.03692270560942653,0.9933503428045687
2022-11-18,66,0.1806981519507187,3150,0.8001603519313116,3954.9065138721207,0.7964790037264211,Put,SPXW,SPXW221118P03150000,16.25,0.3605,0.03692270560942653,0.9933503428045687
2022-11-18,66,0.1806981519507187,3175,0.8065108309148935,3954.9065138721207,0.8028002656607578,Put,SPXW,SPXW221118P03175000,17.3,0.3556,0.03692270560942653,0.9933503428045687
2022-11-18,66,0.1806981519507187,3180,0.8077809267116098,3954.9065138721207,0.8040645180476251,Put,SPXW,SPXW221118P03180000,17.5,0.3545,0.03692270560942653,0.9933503428045687
2022-11-18,66,0.1806981519507187,3190,0.8103211183050426,3954.9065138721207,0.8065930228213598,Put,SPXW,SPXW221118P03190000,17.9,0.3523,0.03692270560942653,0.9933503428045687
2022-11-18,66,0.1806981519507187,3200,0.8128613098984754,3954.9065138721207,0.8091215275950945,Put,SPXW,SPXW221118P03200000,18.4,0.3506,0.03692270560942653,0.9933503428045687
2022-11-18,66,0.1806981519507187,3210,0.815401501491908,3954.9065138721207,0.8116500323688292,Put,SPXW,SPXW221118P03210000,18.85,0.3485,0.03692270560942653,0.9933503428045687
2022-11-18,66,0.1806981519507187,3220,0.8179416930853408,3954.9065138721207,0.8141785371425638,Put,SPXW,SPXW221118P03220000,19.3,0.3464,0.03692270560942653,0.9933503428045687
2022-11-18,66,0.1806981519507187,3225,0.8192117888820571,3954.9065138721207,0.8154427895294312,Put,SPXW,SPXW221118P03225000,19.6,0.3457,0.03692270560942653,0.9933503428045687
2022-11-18,66,0.1806981519507187,3230,0.8204818846787736,3954.9065138721207,0.8167070419162985,Put,SPXW,SPXW221118P03230000,19.8,0.3445,0.03692270560942653,0.9933503428045687
2022-11-18,66,0.1806981519507187,3240,0.8230220762722062,3954.9065138721207,0.8192355466900332,Put,SPXW,SPXW221118P03240000,20.4,0.3429,0.03692270560942653,0.9933503428045687
2022-11-18,66,0.1806981519507187,3250,0.825562267865639,3954.9065138721207,0.8217640514637679,Put,SPXW,SPXW221118P03250000,20.9,0.3409,0.03692270560942653,0.9933503428045687
2022-11-18,66,0.1806981519507187,3260,0.8281024594590718,3954.9065138721207,0.8242925562375025,Put,SPXW,SPXW221118P03260000,21.5,0.3392,0.03692270560942653,0.9933503428045687
2022-11-18,66,0.1806981519507187,3270,0.8306426510525045,3954.9065138721207,0.8268210610112372,Put,SPXW,SPXW221118P03270000,22.0,0.3371,0.03692270560942653,0.9933503428045687
2022-11-18,66,0.1806981519507187,3275,0.8319127468492209,3954.9065138721207,0.8280853133981045,Put,SPXW,SPXW221118P03275000,22.3,0.3362,0.03692270560942653,0.9933503428045687
2022-11-18,66,0.1806981519507187,3280,0.8331828426459372,3954.9065138721207,0.8293495657849719,Put,SPXW,SPXW221118P03280000,22.6,0.3353,0.03692270560942653,0.9933503428045687
2022-11-18,66,0.1806981519507187,3290,0.83572303423937,3954.9065138721207,0.8318780705587066,Put,SPXW,SPXW221118P03290000,23.25,0.3336,0.03692270560942653,0.9933503428045687
2022-11-18,66,0.1806981519507187,3300,0.8382632258328027,3954.9065138721207,0.8344065753324411,Put,SPXW,SPXW221118P03300000,23.9,0.3318,0.03692270560942653,0.9933503428045687
2022-11-18,66,0.1806981519507187,3310,0.8408034174262354,3954.9065138721207,0.8369350801061758,Put,SPXW,SPXW221118P03310000,24.549999999999997,0.33,0.03692270560942653,0.9933503428045687
2022-11-18,66,0.1806981519507187,3320,0.8433436090196682,3954.9065138721207,0.8394635848799105,Put,SPXW,SPXW221118P03320000,25.25,0.3283,0.03692270560942653,0.9933503428045687
2022-11-18,66,0.1806981519507187,3325,0.8446137048163845,3954.9065138721207,0.8407278372667778,Put,SPXW,SPXW221118P03325000,25.549999999999997,0.3273,0.03692270560942653,0.9933503428045687
2022-11-18,66,0.1806981519507187,3330,0.8458838006131009,3954.9065138721207,0.8419920896536451,Put,SPXW,SPXW221118P03330000,25.950000000000003,0.3265,0.03692270560942653,0.9933503428045687
2022-11-18,66,0.1806981519507187,3340,0.8484239922065336,3954.9065138721207,0.8445205944273798,Put,SPXW,SPXW221118P03340000,26.700000000000003,0.3249,0.03692270560942653,0.9933503428045687
2022-11-18,66,0.1806981519507187,3350,0.8509641837999664,3954.9065138721207,0.8470490992011145,Put,SPXW,SPXW221118P03350000,27.4,0.323,0.03692270560942653,0.9933503428045687
2022-11-18,66,0.1806981519507187,3360,0.8535043753933991,3954.9065138721207,0.8495776039748492,Put,SPXW,SPXW221118P03360000,28.200000000000003,0.3213,0.03692270560942653,0.9933503428045687
2022-11-18,66,0.1806981519507187,3370,0.8560445669868318,3954.9065138721207,0.8521061087485838,Put,SPXW,SPXW221118P03370000,29.0,0.3196,0.03692270560942653,0.9933503428045687
2022-11-18,66,0.1806981519507187,3375,0.8573146627835482,3954.9065138721207,0.8533703611354512,Put,SPXW,SPXW221118P03375000,29.4,0.3188,0.03692270560942653,0.9933503428045687
2022-11-18,66,0.1806981519507187,3380,0.8585847585802646,3954.9065138721207,0.8546346135223185,Put,SPXW,SPXW221118P03380000,29.9,0.3182,0.03692270560942653,0.9933503428045687
2022-11-18,66,0.1806981519507187,3390,0.8611249501736973,3954.9065138721207,0.8571631182960532,Put,SPXW,SPXW221118P03390000,30.700000000000003,0.3163,0.03692270560942653,0.9933503428045687
2022-11-18,66,0.1806981519507187,3400,0.86366514176713,3954.9065138721207,0.8596916230697879,Put,SPXW,SPXW221118P03400000,31.6,0.3147,0.03692270560942653,0.9933503428045687
2022-11-18,66,0.1806981519507187,3410,0.8662053333605628,3954.9065138721207,0.8622201278435225,Put,SPXW,SPXW221118P03410000,32.55,0.3132,0.03692270560942653,0.9933503428045687
2022-11-18,66,0.1806981519507187,3420,0.8687455249539955,3954.9065138721207,0.8647486326172572,Put,SPXW,SPXW221118P03420000,33.5,0.3115,0.03692270560942653,0.9933503428045687
2022-11-18,66,0.1806981519507187,3425,0.8700156207507119,3954.9065138721207,0.8660128850041245,Put,SPXW,SPXW221118P03425000,34.0,0.3108,0.03692270560942653,0.9933503428045687
2022-11-18,66,0.1806981519507187,3430,0.8712857165474283,3954.9065138721207,0.8672771373909919,Put,SPXW,SPXW221118P03430000,34.5,0.31,0.03692270560942653,0.9933503428045687
2022-11-18,66,0.1806981519507187,3440,0.873825908140861,3954.9065138721207,0.8698056421647266,Put,SPXW,SPXW221118P03440000,35.55,0.3085,0.03692270560942653,0.9933503428045687
2022-11-18,66,0.1806981519507187,3450,0.8763660997342937,3954.9065138721207,0.8723341469384612,Put,SPXW,SPXW221118P03450000,36.650000000000006,0.307,0.03692270560942653,0.9933503428045687
2022-11-18,66,0.1806981519507187,3460,0.8789062913277265,3954.9065138721207,0.8748626517121959,Put,SPXW,SPXW221118P03460000,37.75,0.3055,0.03692270560942653,0.9933503428045687
2022-11-18,66,0.1806981519507187,3470,0.8814464829211592,3954.9065138721207,0.8773911564859306,Put,SPXW,SPXW221118P03470000,38.849999999999994,0.3039,0.03692270560942653,0.9933503428045687
2022-11-18,66,0.1806981519507187,3475,0.8827165787178756,3954.9065138721207,0.8786554088727979,Put,SPXW,SPXW221118P03475000,39.45,0.3032,0.03692270560942653,0.9933503428045687
2022-11-18,66,0.1806981519507187,3480,0.8839866745145919,3954.9065138721207,0.8799196612596653,Put,SPXW,SPXW221118P03480000,40.05,0.3025,0.03692270560942653,0.9933503428045687
2022-11-18,66,0.1806981519507187,3490,0.8865268661080247,3954.9065138721207,0.8824481660333999,Put,SPXW,SPXW221118P03490000,41.25,0.3009,0.03692270560942653,0.9933503428045687
2022-11-18,66,0.1806981519507187,3500,0.8890670577014574,3954.9065138721207,0.8849766708071346,Put,SPXW,SPXW221118P03500000,42.55,0.2996,0.03692270560942653,0.9933503428045687
2022-11-18,66,0.1806981519507187,3510,0.8916072492948901,3954.9065138721207,0.8875051755808693,Put,SPXW,SPXW221118P03510000,43.849999999999994,0.2982,0.03692270560942653,0.9933503428045687
2022-11-18,66,0.1806981519507187,3520,0.8941474408883229,3954.9065138721207,0.890033680354604,Put,SPXW,SPXW221118P03520000,45.2,0.2967,0.03692270560942653,0.9933503428045687
2022-11-18,66,0.1806981519507187,3525,0.8954175366850392,3954.9065138721207,0.8912979327414713,Put,SPXW,SPXW221118P03525000,45.849999999999994,0.2959,0.03692270560942653,0.9933503428045687
2022-11-18,66,0.1806981519507187,3530,0.8966876324817556,3954.9065138721207,0.8925621851283386,Put,SPXW,SPXW221118P03530000,46.6,0.2953,0.03692270560942653,0.9933503428045687
2022-11-18,66,0.1806981519507187,3540,0.8992278240751883,3954.9065138721207,0.8950906899020733,Put,SPXW,SPXW221118P03540000,48.05,0.294,0.03692270560942653,0.9933503428045687
2022-11-18,66,0.1806981519507187,3550,0.9017680156686211,3954.9065138721207,0.897619194675808,Put,SPXW,SPXW221118P03550000,49.5,0.2925,0.03692270560942653,0.9933503428045687
2022-11-18,66,0.1806981519507187,3560,0.9043082072620539,3954.9065138721207,0.9001476994495426,Put,SPXW,SPXW221118P03560000,51.05,0.2912,0.03692270560942653,0.9933503428045687
2022-11-18,66,0.1806981519507187,3570,0.9068483988554865,3954.9065138721207,0.9026762042232772,Put,SPXW,SPXW221118P03570000,52.650000000000006,0.2899,0.03692270560942653,0.9933503428045687
2022-11-18,66,0.1806981519507187,3575,0.908118494652203,3954.9065138721207,0.9039404566101445,Put,SPXW,SPXW221118P03575000,53.45,0.2892,0.03692270560942653,0.9933503428045687
2022-11-18,66,0.1806981519507187,3580,0.9093885904489193,3954.9065138721207,0.9052047089970119,Put,SPXW,SPXW221118P03580000,54.3,0.2886,0.03692270560942653,0.9933503428045687
2022-11-18,66,0.1806981519507187,3590,0.9119287820423521,3954.9065138721207,0.9077332137707466,Put,SPXW,SPXW221118P03590000,56.0,0.2873,0.03692270560942653,0.9933503428045687
2022-11-18,66,0.1806981519507187,3600,0.9144689736357847,3954.9065138721207,0.9102617185444812,Put,SPXW,SPXW221118P03600000,57.75,0.286,0.03692270560942653,0.9933503428045687
2022-11-18,66,0.1806981519507187,3610,0.9170091652292175,3954.9065138721207,0.9127902233182159,Put,SPXW,SPXW221118P03610000,59.5,0.2846,0.03692270560942653,0.9933503428045687
2022-11-18,66,0.1806981519507187,3620,0.9195493568226503,3954.9065138721207,0.9153187280919506,Put,SPXW,SPXW221118P03620000,61.4,0.2834,0.03692270560942653,0.9933503428045687
2022-11-18,66,0.1806981519507187,3625,0.9208194526193666,3954.9065138721207,0.9165829804788179,Put,SPXW,SPXW221118P03625000,62.3,0.2827,0.03692270560942653,0.9933503428045687
2022-11-18,66,0.1806981519507187,3630,0.9220895484160829,3954.9065138721207,0.9178472328656853,Put,SPXW,SPXW221118P03630000,63.3,0.2821,0.03692270560942653,0.9933503428045687
2022-11-18,66,0.1806981519507187,3640,0.9246297400095157,3954.9065138721207,0.9203757376394199,Put,SPXW,SPXW221118P03640000,65.25,0.2808,0.03692270560942653,0.9933503428045687
2022-11-18,66,0.1806981519507187,3650,0.9271699316029485,3954.9065138721207,0.9229042424131546,Put,SPXW,SPXW221118P03650000,67.25,0.2795,0.03692270560942653,0.9933503428045687
2022-11-18,66,0.1806981519507187,3660,0.9297101231963811,3954.9065138721207,0.9254327471868893,Put,SPXW,SPXW221118P03660000,69.35,0.2783,0.03692270560942653,0.9933503428045687
2022-11-18,66,0.1806981519507187,3670,0.9322503147898139,3954.9065138721207,0.927961251960624,Put,SPXW,SPXW221118P03670000,71.5,0.277,0.03692270560942653,0.9933503428045687
2022-11-18,66,0.1806981519507187,3675,0.9335204105865302,3954.9065138721207,0.9292255043474913,Put,SPXW,SPXW221118P03675000,72.55,0.2763,0.03692270560942653,0.9933503428045687
2022-11-18,66,0.1806981519507187,3680,0.9347905063832467,3954.9065138721207,0.9304897567343586,Put,SPXW,SPXW221118P03680000,73.65,0.2757,0.03692270560942653,0.9933503428045687
2022-11-18,66,0.1806981519507187,3685,0.936060602179963,3954.9065138721207,0.931754009121226,Put,SPXW,SPXW221118P03685000,74.85,0.2752,0.03692270560942653,0.9933503428045687
2022-11-18,66,0.1806981519507187,3690,0.9373306979766793,3954.9065138721207,0.9330182615080933,Put,SPXW,SPXW221118P03690000,75.95,0.2745,0.03692270560942653,0.9933503428045687
2022-11-18,66,0.1806981519507187,3695,0.9386007937733958,3954.9065138721207,0.9342825138949606,Put,SPXW,SPXW221118P03695000,77.15,0.274,0.03692270560942653,0.9933503428045687
2022-11-18,66,0.1806981519507187,3700,0.9398708895701121,3954.9065138721207,0.935546766281828,Put,SPXW,SPXW221118P03700000,78.25,0.2732,0.03692270560942653,0.9933503428045687
2022-11-18,66,0.1806981519507187,3710,0.9424110811635449,3954.9065138721207,0.9380752710555627,Put,SPXW,SPXW221118P03710000,80.65,0.272,0.03692270560942653,0.9933503428045687
2022-11-18,66,0.1806981519507187,3720,0.9449512727569775,3954.9065138721207,0.9406037758292973,Put,SPXW,SPXW221118P03720000,83.1,0.2708,0.03692270560942653,0.9933503428045687
2022-11-18,66,0.1806981519507187,3725,0.946221368553694,3954.9065138721207,0.9418680282161647,Put,SPXW,SPXW221118P03725000,84.35,0.2702,0.03692270560942653,0.9933503428045687
2022-11-18,66,0.1806981519507187,3730,0.9474914643504103,3954.9065138721207,0.943132280603032,Put,SPXW,SPXW221118P03730000,85.65,0.2696,0.03692270560942653,0.9933503428045687
2022-11-18,66,0.1806981519507187,3735,0.9487615601471266,3954.9065138721207,0.9443965329898993,Put,SPXW,SPXW221118P03735000,86.9,0.2689,0.03692270560942653,0.9933503428045687
2022-11-18,66,0.1806981519507187,3740,0.9500316559438431,3954.9065138721207,0.9456607853767667,Put,SPXW,SPXW221118P03740000,88.19999999999999,0.2683,0.03692270560942653,0.9933503428045687
2022-11-18,66,0.1806981519507187,3745,0.9513017517405594,3954.9065138721207,0.946925037763634,Put,SPXW,SPXW221118P03745000,89.5,0.2676,0.03692270560942653,0.9933503428045687
2022-11-18,66,0.1806981519507187,3750,0.9525718475372758,3954.9065138721207,0.9481892901505014,Put,SPXW,SPXW221118P03750000,90.85,0.267,0.03692270560942653,0.9933503428045687
2022-11-18,66,0.1806981519507187,3755,0.9538419433339922,3954.9065138721207,0.9494535425373687,Put,SPXW,SPXW221118P03755000,92.19999999999999,0.2664,0.03692270560942653,0.9933503428045687
2022-11-18,66,0.1806981519507187,3760,0.9551120391307085,3954.9065138721207,0.950717794924236,Put,SPXW,SPXW221118P03760000,93.6,0.2658,0.03692270560942653,0.9933503428045687
2022-11-18,66,0.1806981519507187,3765,0.9563821349274249,3954.9065138721207,0.9519820473111034,Put,SPXW,SPXW221118P03765000,94.95,0.2652,0.03692270560942653,0.9933503428045687
2022-11-18,66,0.1806981519507187,3770,0.9576522307241413,3954.9065138721207,0.9532462996979707,Put,SPXW,SPXW221118P03770000,96.3,0.2645,0.03692270560942653,0.9933503428045687
2022-11-18,66,0.1806981519507187,3775,0.9589223265208576,3954.9065138721207,0.954510552084838,Put,SPXW,SPXW221118P03775000,97.80000000000001,0.264,0.03692270560942653,0.9933503428045687
2022-11-18,66,0.1806981519507187,3780,0.960192422317574,3954.9065138721207,0.9557748044717054,Put,SPXW,SPXW221118P03780000,99.19999999999999,0.2633,0.03692270560942653,0.9933503428045687
2022-11-18,66,0.1806981519507187,3790,0.9627326139110067,3954.9065138721207,0.95830330924544,Put,SPXW,SPXW221118P03790000,102.05,0.2619,0.03692270560942653,0.9933503428045687
2022-11-18,66,0.1806981519507187,3800,0.9652728055044395,3954.9065138721207,0.9608318140191747,Put,SPXW,SPXW221118P03800000,105.05,0.2607,0.03692270560942653,0.9933503428045687
2022-11-18,66,0.1806981519507187,3810,0.9678129970978722,3954.9065138721207,0.9633603187929094,Put,SPXW,SPXW221118P03810000,108.15,0.2594,0.03692270560942653,0.9933503428045687
2022-11-18,66,0.1806981519507187,3820,0.9703531886913049,3954.9065138721207,0.9658888235666441,Put,SPXW,SPXW221118P03820000,111.25,0.2581,0.03692270560942653,0.9933503428045687
2022-11-18,66,0.1806981519507187,3825,0.9716232844880213,3954.9065138721207,0.9671530759535114,Put,SPXW,SPXW221118P03825000,112.85,0.2575,0.03692270560942653,0.9933503428045687
2022-11-18,66,0.1806981519507187,3830,0.9728933802847377,3954.9065138721207,0.9684173283403786,Put,SPXW,SPXW221118P03830000,114.5,0.2569,0.03692270560942653,0.9933503428045687
2022-11-18,66,0.1806981519507187,3840,0.9754335718781704,3954.9065138721207,0.9709458331141133,Put,SPXW,SPXW221118P03840000,117.7,0.2554,0.03692270560942653,0.9933503428045687
2022-11-18,66,0.1806981519507187,3845,0.9767036676748868,3954.9065138721207,0.9722100855009806,Put,SPXW,SPXW221118P03845000,119.45,0.2549,0.03692270560942653,0.9933503428045687
2022-11-18,66,0.1806981519507187,3850,0.9779737634716031,3954.9065138721207,0.973474337887848,Put,SPXW,SPXW221118P03850000,121.15,0.2543,0.03692270560942653,0.9933503428045687
2022-11-18,66,0.1806981519507187,3855,0.9792438592683195,3954.9065138721207,0.9747385902747153,Put,SPXW,SPXW221118P03855000,122.8,0.2536,0.03692270560942653,0.9933503428045687
2022-11-18,66,0.1806981519507187,3860,0.9805139550650359,3954.9065138721207,0.9760028426615827,Put,SPXW,SPXW221118P03860000,124.6,0.253,0.03692270560942653,0.9933503428045687
2022-11-18,66,0.1806981519507187,3865,0.9817840508617522,3954.9065138721207,0.97726709504845,Put,SPXW,SPXW221118P03865000,126.25,0.2522,0.03692270560942653,0.9933503428045687
2022-11-18,66,0.1806981519507187,3870,0.9830541466584686,3954.9065138721207,0.9785313474353173,Put,SPXW,SPXW221118P03870000,128.1,0.2517,0.03692270560942653,0.9933503428045687
2022-11-18,66,0.1806981519507187,3875,0.984324242455185,3954.9065138721207,0.9797955998221847,Put,SPXW,SPXW221118P03875000,129.9,0.251,0.03692270560942653,0.9933503428045687
2022-11-18,66,0.1806981519507187,3880,0.9855943382519013,3954.9065138721207,0.981059852209052,Put,SPXW,SPXW221118P03880000,131.7,0.2503,0.03692270560942653,0.9933503428045687
2022-11-18,66,0.1806981519507187,3885,0.9868644340486177,3954.9065138721207,0.9823241045959193,Put,SPXW,SPXW221118P03885000,133.5,0.2496,0.03692270560942653,0.9933503428045687
2022-11-18,66,0.1806981519507187,3890,0.9881345298453341,3954.9065138721207,0.9835883569827867,Put,SPXW,SPXW221118P03890000,135.35000000000002,0.249,0.03692270560942653,0.9933503428045687
2022-11-18,66,0.1806981519507187,3900,0.9906747214387668,3954.9065138721207,0.9861168617565214,Put,SPXW,SPXW221118P03900000,139.2,0.2478,0.03692270560942653,0.9933503428045687
2022-11-18,66,0.1806981519507187,3910,0.9932149130321996,3954.9065138721207,0.988645366530256,Put,SPXW,SPXW221118P03910000,143.0,0.2464,0.03692270560942653,0.9933503428045687
2022-11-18,66,0.1806981519507187,3915,0.9944850088289159,3954.9065138721207,0.9899096189171234,Put,SPXW,SPXW221118P03915000,145.0,0.2457,0.03692270560942653,0.9933503428045687
2022-11-18,66,0.1806981519507187,3920,0.9957551046256323,3954.9065138721207,0.9911738713039907,Put,SPXW,SPXW221118P03920000,146.85000000000002,0.2449,0.03692270560942653,0.9933503428045687
2022-11-18,66,0.1806981519507187,3925,0.9970252004223487,3954.9065138721207,0.992438123690858,Put,SPXW,SPXW221118P03925000,148.9,0.2443,0.03692270560942653,0.9933503428045687
2022-11-18,66,0.1806981519507187,3930,0.998295296219065,3954.9065138721207,0.9937023760777254,Put,SPXW,SPXW221118P03930000,151.0,0.2437,0.03692270560942653,0.9933503428045687
2022-11-18,66,0.1806981519507187,3940,1.0008354878124979,3954.9065138721207,0.99623088085146,Put,SPXW,SPXW221118P03940000,155.05,0.2423,0.03692270560942653,0.9933503428045687
2022-11-18,66,0.1806981519507187,3945,1.002105583609214,3954.9065138721207,0.9974951332383274,Put,SPXW,SPXW221118P03945000,157.2,0.2417,0.03692270560942653,0.9933503428045687
2022-11-18,66,0.1806981519507187,3950,1.0033756794059305,3954.9065138721207,0.9987593856251947,Put,SPXW,SPXW221118P03950000,159.3,0.241,0.03692270560942653,0.9933503428045687
2022-11-18,66,0.1806981519507187,3955,1.004645775202647,3954.9065138721207,1.0000236380120622,Call,SPXW,SPXW221118C03955000,157.65,0.24,0.03692270560942653,0.9933503428045687
2022-11-18,66,0.1806981519507187,3960,1.0059158709993632,3954.9065138721207,1.0012878903989293,Call,SPXW,SPXW221118C03960000,154.85,0.2393,0.03692270560942653,0.9933503428045687
2022-11-18,66,0.1806981519507187,3965,1.0071859667960796,3954.9065138721207,1.0025521427857966,Call,SPXW,SPXW221118C03965000,152.05,0.2386,0.03692270560942653,0.9933503428045687
2022-11-18,66,0.1806981519507187,3970,1.008456062592796,3954.9065138721207,1.003816395172664,Call,SPXW,SPXW221118C03970000,149.35,0.238,0.03692270560942653,0.9933503428045687
2022-11-18,66,0.1806981519507187,3975,1.0097261583895123,3954.9065138721207,1.0050806475595313,Call,SPXW,SPXW221118C03975000,146.6,0.2371,0.03692270560942653,0.9933503428045687
2022-11-18,66,0.1806981519507187,3980,1.0109962541862287,3954.9065138721207,1.0063448999463986,Call,SPXW,SPXW221118C03980000,143.9,0.2364,0.03692270560942653,0.9933503428045687
2022-11-18,66,0.1806981519507187,3985,1.0122663499829452,3954.9065138721207,1.007609152333266,Call,SPXW,SPXW221118C03985000,141.2,0.2357,0.03692270560942653,0.9933503428045687
2022-11-18,66,0.1806981519507187,3990,1.0135364457796614,3954.9065138721207,1.0088734047201333,Call,SPXW,SPXW221118C03990000,138.55,0.2352,0.03692270560942653,0.9933503428045687
2022-11-18,66,0.1806981519507187,3995,1.0148065415763778,3954.9065138721207,1.0101376571070007,Call,SPXW,SPXW221118C03995000,135.9,0.2346,0.03692270560942653,0.9933503428045687
2022-11-18,66,0.1806981519507187,4000,1.0160766373730943,3954.9065138721207,1.011401909493868,Call,SPXW,SPXW221118C04000000,133.2,0.2336,0.03692270560942653,0.9933503428045687
2022-11-18,66,0.1806981519507187,4010,1.018616828966527,3954.9065138721207,1.0139304142676027,Call,SPXW,SPXW221118C04010000,128.2,0.2324,0.03692270560942653,0.9933503428045687
2022-11-18,66,0.1806981519507187,4015,1.0198869247632434,3954.9065138721207,1.01519466665447,Call,SPXW,SPXW221118C04015000,125.65,0.2317,0.03692270560942653,0.9933503428045687
2022-11-18,66,0.1806981519507187,4020,1.0211570205599596,3954.9065138721207,1.0164589190413373,Call,SPXW,SPXW221118C04020000,123.1,0.231,0.03692270560942653,0.9933503428045687
2022-11-18,66,0.1806981519507187,4025,1.022427116356676,3954.9065138721207,1.0177231714282047,Call,SPXW,SPXW221118C04025000,120.65,0.2304,0.03692270560942653,0.9933503428045687
2022-11-18,66,0.1806981519507187,4030,1.0236972121533925,3954.9065138721207,1.018987423815072,Call,SPXW,SPXW221118C04030000,118.19999999999999,0.2298,0.03692270560942653,0.9933503428045687
2022-11-18,66,0.1806981519507187,4040,1.0262374037468251,3954.9065138721207,1.0215159285888067,Call,SPXW,SPXW221118C04040000,113.4,0.2284,0.03692270560942653,0.9933503428045687
2022-11-18,66,0.1806981519507187,4045,1.0275074995435416,3954.9065138721207,1.022780180975674,Call,SPXW,SPXW221118C04045000,111.0,0.2277,0.03692270560942653,0.9933503428045687
2022-11-18,66,0.1806981519507187,4050,1.0287775953402578,3954.9065138721207,1.0240444333625414,Call,SPXW,SPXW221118C04050000,108.6,0.2269,0.03692270560942653,0.9933503428045687
2022-11-18,66,0.1806981519507187,4055,1.0300476911369743,3954.9065138721207,1.0253086857494087,Call,SPXW,SPXW221118C04055000,106.4,0.2264,0.03692270560942653,0.9933503428045687
2022-11-18,66,0.1806981519507187,4060,1.0313177869336907,3954.9065138721207,1.026572938136276,Call,SPXW,SPXW221118C04060000,104.1,0.2257,0.03692270560942653,0.9933503428045687
2022-11-18,66,0.1806981519507187,4065,1.032587882730407,3954.9065138721207,1.0278371905231434,Call,SPXW,SPXW221118C04065000,101.85,0.2249,0.03692270560942653,0.9933503428045687
2022-11-18,66,0.1806981519507187,4070,1.0338579785271234,3954.9065138721207,1.0291014429100107,Call,SPXW,SPXW221118C04070000,99.6,0.2244,0.03692270560942653,0.9933503428045687
2022-11-18,66,0.1806981519507187,4075,1.0351280743238398,3954.9065138721207,1.030365695296878,Call,SPXW,SPXW221118C04075000,97.45,0.2236,0.03692270560942653,0.9933503428045687
2022-11-18,66,0.1806981519507187,4080,1.036398170120556,3954.9065138721207,1.0316299476837454,Call,SPXW,SPXW221118C04080000,95.25,0.2232,0.03692270560942653,0.9933503428045687
2022-11-18,66,0.1806981519507187,4085,1.0376682659172725,3954.9065138721207,1.0328942000706127,Call,SPXW,SPXW221118C04085000,93.1,0.2224,0.03692270560942653,0.9933503428045687
2022-11-18,66,0.1806981519507187,4090,1.038938361713989,3954.9065138721207,1.03415845245748,Call,SPXW,SPXW221118C04090000,91.0,0.2218,0.03692270560942653,0.9933503428045687
2022-11-18,66,0.1806981519507187,4095,1.0402084575107051,3954.9065138721207,1.0354227048443474,Call,SPXW,SPXW221118C04095000,88.95,0.221,0.03692270560942653,0.9933503428045687
2022-11-18,66,0.1806981519507187,4100,1.0414785533074216,3954.9065138721207,1.0366869572312147,Call,SPXW,SPXW221118C04100000,86.8,0.2204,0.03692270560942653,0.9933503428045687
2022-11-18,66,0.1806981519507187,4105,1.042748649104138,3954.9065138721207,1.037951209618082,Call,SPXW,SPXW221118C04105000,84.80000000000001,0.2198,0.03692270560942653,0.9933503428045687
2022-11-18,66,0.1806981519507187,4110,1.0440187449008542,3954.9065138721207,1.0392154620049494,Call,SPXW,SPXW221118C04110000,82.85,0.2191,0.03692270560942653,0.9933503428045687
2022-11-18,66,0.1806981519507187,4115,1.0452888406975707,3954.9065138721207,1.0404797143918167,Call,SPXW,SPXW221118C04115000,80.9,0.2185,0.03692270560942653,0.9933503428045687
2022-11-18,66,0.1806981519507187,4120,1.046558936494287,3954.9065138721207,1.041743966778684,Call,SPXW,SPXW221118C04120000,79.0,0.218,0.03692270560942653,0.9933503428045687
2022-11-18,66,0.1806981519507187,4125,1.0478290322910033,3954.9065138721207,1.0430082191655514,Call,SPXW,SPXW221118C04125000,77.1,0.2173,0.03692270560942653,0.9933503428045687
2022-11-18,66,0.1806981519507187,4130,1.0490991280877198,3954.9065138721207,1.0442724715524188,Call,SPXW,SPXW221118C04130000,75.19999999999999,0.2167,0.03692270560942653,0.9933503428045687
2022-11-18,66,0.1806981519507187,4140,1.0516393196811524,3954.9065138721207,1.0468009763261534,Call,SPXW,SPXW221118C04140000,71.55,0.2155,0.03692270560942653,0.9933503428045687
2022-11-18,66,0.1806981519507187,4150,1.0541795112745853,3954.9065138721207,1.049329481099888,Call,SPXW,SPXW221118C04150000,67.95,0.2142,0.03692270560942653,0.9933503428045687
2022-11-18,66,0.1806981519507187,4160,1.056719702868018,3954.9065138721207,1.0518579858736228,Call,SPXW,SPXW221118C04160000,64.65,0.2133,0.03692270560942653,0.9933503428045687
2022-11-18,66,0.1806981519507187,4170,1.0592598944614506,3954.9065138721207,1.0543864906473575,Call,SPXW,SPXW221118C04170000,61.349999999999994,0.2122,0.03692270560942653,0.9933503428045687
2022-11-18,66,0.1806981519507187,4175,1.060529990258167,3954.9065138721207,1.0556507430342248,Call,SPXW,SPXW221118C04175000,59.75,0.2116,0.03692270560942653,0.9933503428045687
2022-11-18,66,0.1806981519507187,4180,1.0618000860548835,3954.9065138721207,1.0569149954210921,Call,SPXW,SPXW221118C04180000,58.150000000000006,0.2109,0.03692270560942653,0.9933503428045687
2022-11-18,66,0.1806981519507187,4190,1.0643402776483162,3954.9065138721207,1.0594435001948268,Call,SPXW,SPXW221118C04190000,55.150000000000006,0.2099,0.03692270560942653,0.9933503428045687
2022-11-18,66,0.1806981519507187,4200,1.0668804692417488,3954.9065138721207,1.0619720049685615,Call,SPXW,SPXW221118C04200000,52.2,0.2088,0.03692270560942653,0.9933503428045687
2022-11-18,66,0.1806981519507187,4210,1.0694206608351817,3954.9065138721207,1.0645005097422962,Call,SPXW,SPXW221118C04210000,49.5,0.2079,0.03692270560942653,0.9933503428045687
2022-11-18,66,0.1806981519507187,4220,1.0719608524286144,3954.9065138721207,1.0670290145160308,Call,SPXW,SPXW221118C04220000,46.75,0.207,0.03692270560942653,0.9933503428045687
2022-11-18,66,0.1806981519507187,4225,1.0732309482253308,3954.9065138721207,1.0682932669028982,Call,SPXW,SPXW221118C04225000,45.45,0.2065,0.03692270560942653,0.9933503428045687
2022-11-18,66,0.1806981519507187,4230,1.074501044022047,3954.9065138721207,1.0695575192897655,Call,SPXW,SPXW221118C04230000,44.150000000000006,0.206,0.03692270560942653,0.9933503428045687
2022-11-18,66,0.1806981519507187,4240,1.07704123561548,3954.9065138721207,1.0720860240635002,Call,SPXW,SPXW221118C04240000,41.75,0.2052,0.03692270560942653,0.9933503428045687
2022-11-18,66,0.1806981519507187,4250,1.0795814272089126,3954.9065138721207,1.0746145288372349,Call,SPXW,SPXW221118C04250000,39.25,0.204,0.03692270560942653,0.9933503428045687
2022-11-18,66,0.1806981519507187,4260,1.0821216188023453,3954.9065138721207,1.0771430336109695,Call,SPXW,SPXW221118C04260000,37.1,0.2033,0.03692270560942653,0.9933503428045687
2022-11-18,66,0.1806981519507187,4270,1.0846618103957781,3954.9065138721207,1.0796715383847042,Call,SPXW,SPXW221118C04270000,35.05,0.2026,0.03692270560942653,0.9933503428045687
2022-11-18,66,0.1806981519507187,4275,1.0859319061924944,3954.9065138721207,1.0809357907715715,Call,SPXW,SPXW221118C04275000,34.05,0.2021,0.03692270560942653,0.9933503428045687
2022-11-18,66,0.1806981519507187,4280,1.0872020019892108,3954.9065138721207,1.0822000431584389,Call,SPXW,SPXW221118C04280000,33.05,0.2017,0.03692270560942653,0.9933503428045687
2022-11-18,66,0.1806981519507187,4290,1.0897421935826435,3954.9065138721207,1.0847285479321735,Call,SPXW,SPXW221118C04290000,31.05,0.201,0.03692270560942653,0.9933503428045687
2022-11-18,66,0.1806981519507187,4300,1.0922823851760763,3954.9065138721207,1.0872570527059082,Call,SPXW,SPXW221118C04300000,29.15,0.2002,0.03692270560942653,0.9933503428045687
2022-11-18,66,0.1806981519507187,4310,1.094822576769509,3954.9065138721207,1.089785557479643,Call,SPXW,SPXW221118C04310000,27.5,0.1997,0.03692270560942653,0.9933503428045687
2022-11-18,66,0.1806981519507187,4320,1.0973627683629417,3954.9065138721207,1.0923140622533776,Call,SPXW,SPXW221118C04320000,25.85,0.1989,0.03692270560942653,0.9933503428045687
2022-11-18,66,0.1806981519507187,4325,1.098632864159658,3954.9065138721207,1.093578314640245,Call,SPXW,SPXW221118C04325000,25.0,0.1986,0.03692270560942653,0.9933503428045687
2022-11-18,66,0.1806981519507187,4330,1.0999029599563745,3954.9065138721207,1.0948425670271122,Call,SPXW,SPXW221118C04330000,24.299999999999997,0.1984,0.03692270560942653,0.9933503428045687
2022-11-18,66,0.1806981519507187,4340,1.1024431515498072,3954.9065138721207,1.097371071800847,Call,SPXW,SPXW221118C04340000,22.75,0.1977,0.03692270560942653,0.9933503428045687
2022-11-18,66,0.1806981519507187,4350,1.1049833431432399,3954.9065138721207,1.0998995765745816,Call,SPXW,SPXW221118C04350000,21.4,0.1971,0.03692270560942653,0.9933503428045687
2022-11-18,66,0.1806981519507187,4360,1.1075235347366728,3954.9065138721207,1.1024280813483163,Call,SPXW,SPXW221118C04360000,20.049999999999997,0.1966,0.03692270560942653,0.9933503428045687
2022-11-18,66,0.1806981519507187,4370,1.1100637263301054,3954.9065138721207,1.104956586122051,Call,SPXW,SPXW221118C04370000,18.8,0.1961,0.03692270560942653,0.9933503428045687
2022-11-18,66,0.1806981519507187,4375,1.1113338221268219,3954.9065138721207,1.1062208385089183,Call,SPXW,SPXW221118C04375000,18.2,0.1958,0.03692270560942653,0.9933503428045687
2022-11-18,66,0.1806981519507187,4380,1.112603917923538,3954.9065138721207,1.1074850908957856,Call,SPXW,SPXW221118C04380000,17.65,0.1956,0.03692270560942653,0.9933503428045687
2022-11-18,66,0.1806981519507187,4390,1.115144109516971,3954.9065138721207,1.1100135956695203,Call,SPXW,SPXW221118C04390000,16.5,0.1951,0.03692270560942653,0.9933503428045687
2022-11-18,66,0.1806981519507187,4400,1.1176843011104036,3954.9065138721207,1.112542100443255,Call,SPXW,SPXW221118C04400000,15.5,0.1948,0.03692270560942653,0.9933503428045687
2022-11-18,66,0.1806981519507187,4410,1.1202244927038363,3954.9065138721207,1.1150706052169896,Call,SPXW,SPXW221118C04410000,14.5,0.1944,0.03692270560942653,0.9933503428045687
2022-11-18,66,0.1806981519507187,4420,1.1227646842972692,3954.9065138721207,1.1175991099907243,Call,SPXW,SPXW221118C04420000,13.600000000000001,0.194,0.03692270560942653,0.9933503428045687
2022-11-18,66,0.1806981519507187,4425,1.1240347800939854,3954.9065138721207,1.1188633623775917,Call,SPXW,SPXW221118C04425000,13.100000000000001,0.1937,0.03692270560942653,0.9933503428045687
2022-11-18,66,0.1806981519507187,4430,1.1253048758907018,3954.9065138721207,1.120127614764459,Call,SPXW,SPXW221118C04430000,12.7,0.1937,0.03692270560942653,0.9933503428045687
2022-11-18,66,0.1806981519507187,4440,1.1278450674841345,3954.9065138721207,1.1226561195381937,Call,SPXW,SPXW221118C04440000,11.899999999999999,0.1932,0.03692270560942653,0.9933503428045687
2022-11-18,66,0.1806981519507187,4450,1.1303852590775674,3954.9065138721207,1.1251846243119283,Call,SPXW,SPXW221118C04450000,11.100000000000001,0.193,0.03692270560942653,0.9933503428045687
2022-11-18,66,0.1806981519507187,4460,1.132925450671,3954.9065138721207,1.127713129085663,Call,SPXW,SPXW221118C04460000,10.35,0.1926,0.03692270560942653,0.9933503428045687
2022-11-18,66,0.1806981519507187,4470,1.1354656422644327,3954.9065138721207,1.1302416338593977,Call,SPXW,SPXW221118C04470000,9.7,0.1925,0.03692270560942653,0.9933503428045687
2022-11-18,66,0.1806981519507187,4475,1.1367357380611491,3954.9065138721207,1.131505886246265,Call,SPXW,SPXW221118C04475000,9.35,0.1922,0.03692270560942653,0.9933503428045687
2022-11-18,66,0.1806981519507187,4480,1.1380058338578656,3954.9065138721207,1.1327701386331324,Call,SPXW,SPXW221118C04480000,9.05,0.1922,0.03692270560942653,0.9933503428045687
2022-11-18,66,0.1806981519507187,4490,1.1405460254512982,3954.9065138721207,1.1352986434068668,Call,SPXW,SPXW221118C04490000,8.45,0.1919,0.03692270560942653,0.9933503428045687
2022-11-18,66,0.1806981519507187,4500,1.143086217044731,3954.9065138721207,1.1378271481806015,Call,SPXW,SPXW221118C04500000,7.949999999999999,0.192,0.03692270560942653,0.9933503428045687
2022-11-18,66,0.1806981519507187,4510,1.1456264086381638,3954.9065138721207,1.1403556529543362,Call,SPXW,SPXW221118C04510000,7.35,0.1914,0.03692270560942653,0.9933503428045687
2022-11-18,66,0.1806981519507187,4520,1.1481666002315964,3954.9065138721207,1.1428841577280708,Call,SPXW,SPXW221118C04520000,6.9,0.1915,0.03692270560942653,0.9933503428045687
2022-11-18,66,0.1806981519507187,4525,1.1494366960283129,3954.9065138721207,1.1441484101149382,Call,SPXW,SPXW221118C04525000,6.65,0.1913,0.03692270560942653,0.9933503428045687
2022-11-18,66,0.1806981519507187,4530,1.150706791825029,3954.9065138721207,1.1454126625018055,Call,SPXW,SPXW221118C04530000,6.45,0.1914,0.03692270560942653,0.9933503428045687
2022-11-18,66,0.1806981519507187,4540,1.153246983418462,3954.9065138721207,1.1479411672755402,Call,SPXW,SPXW221118C04540000,6.0,0.1911,0.03692270560942653,0.9933503428045687
2022-11-18,66,0.1806981519507187,4550,1.1557871750118947,3954.9065138721207,1.1504696720492749,Call,SPXW,SPXW221118C04550000,5.6,0.191,0.03692270560942653,0.9933503428045687
2022-11-18,66,0.1806981519507187,4560,1.1583273666053273,3954.9065138721207,1.1529981768230095,Call,SPXW,SPXW221118C04560000,5.25,0.1911,0.03692270560942653,0.9933503428045687
2022-11-18,66,0.1806981519507187,4570,1.1608675581987602,3954.9065138721207,1.1555266815967442,Call,SPXW,SPXW221118C04570000,4.9,0.191,0.03692270560942653,0.9933503428045687
2022-11-18,66,0.1806981519507187,4575,1.1621376539954764,3954.9065138721207,1.1567909339836115,Call,SPXW,SPXW221118C04575000,4.7,0.1908,0.03692270560942653,0.9933503428045687
2022-11-30,78,0.2135523613963039,2800,0.7112536461611659,3958.28221936279,0.7073775554211867,Put,SPXW,SPXW221130P02800000,9.399999999999999,0.4193,0.036991785173115924,0.9921314374190993
2022-11-30,78,0.2135523613963039,2850,0.7239546041283296,3958.28221936279,0.7200092974822794,Put,SPXW,SPXW221130P02850000,10.399999999999999,0.4086,0.036991785173115924,0.9921314374190993
2022-11-30,78,0.2135523613963039,2900,0.7366555620954933,3958.28221936279,0.732641039543372,Put,SPXW,SPXW221130P02900000,11.5,0.3979,0.036991785173115924,0.9921314374190993
2022-11-30,78,0.2135523613963039,2925,0.7430060410790751,3958.28221936279,0.7389569105739183,Put,SPXW,SPXW221130P02925000,12.100000000000001,0.3926,0.036991785173115924,0.9921314374190993
2022-11-30,78,0.2135523613963039,2950,0.749356520062657,3958.28221936279,0.7452727816044646,Put,SPXW,SPXW221130P02950000,12.75,0.3874,0.036991785173115924,0.9921314374190993
2022-11-30,78,0.2135523613963039,2975,0.7557069990462388,3958.28221936279,0.751588652635011,Put,SPXW,SPXW221130P02975000,13.399999999999999,0.382,0.036991785173115924,0.9921314374190993
2022-11-30,78,0.2135523613963039,3000,0.7620574780298206,3958.28221936279,0.7579045236655573,Put,SPXW,SPXW221130P03000000,14.15,0.3771,0.036991785173115924,0.9921314374190993
2022-11-30,78,0.2135523613963039,3025,0.7684079570134025,3958.28221936279,0.7642203946961036,Put,SPXW,SPXW221130P03025000,14.95,0.3721,0.036991785173115924,0.9921314374190993
2022-11-30,78,0.2135523613963039,3050,0.7747584359969844,3958.28221936279,0.7705362657266499,Put,SPXW,SPXW221130P03050000,15.75,0.3669,0.036991785173115924,0.9921314374190993
2022-11-30,78,0.2135523613963039,3075,0.7811089149805661,3958.28221936279,0.7768521367571962,Put,SPXW,SPXW221130P03075000,16.65,0.362,0.036991785173115924,0.9921314374190993
2022-11-30,78,0.2135523613963039,3100,0.787459393964148,3958.28221936279,0.7831680077877424,Put,SPXW,SPXW221130P03100000,17.6,0.3571,0.036991785173115924,0.9921314374190993
2022-11-30,78,0.2135523613963039,3110,0.7899995855575808,3958.28221936279,0.785694356199961,Put,SPXW,SPXW221130P03110000,18.0,0.3552,0.036991785173115924,0.9921314374190993
2022-11-30,78,0.2135523613963039,3125,0.7938098729477299,3958.28221936279,0.7894838788182887,Put,SPXW,SPXW221130P03125000,18.65,0.3524,0.036991785173115924,0.9921314374190993
2022-11-30,78,0.2135523613963039,3140,0.797620160337879,3958.28221936279,0.7932734014366166,Put,SPXW,SPXW221130P03140000,19.299999999999997,0.3496,0.036991785173115924,0.9921314374190993
2022-11-30,78,0.2135523613963039,3150,0.8001603519313116,3958.28221936279,0.7957997498488351,Put,SPXW,SPXW221130P03150000,19.799999999999997,0.3479,0.036991785173115924,0.9921314374190993
2022-11-30,78,0.2135523613963039,3160,0.8027005435247444,3958.28221936279,0.7983260982610536,Put,SPXW,SPXW221130P03160000,20.25,0.3459,0.036991785173115924,0.9921314374190993
2022-11-30,78,0.2135523613963039,3175,0.8065108309148935,3958.28221936279,0.8021156208793814,Put,SPXW,SPXW221130P03175000,21.0,0.3432,0.036991785173115924,0.9921314374190993
2022-11-30,78,0.2135523613963039,3180,0.8077809267116098,3958.28221936279,0.8033787950854907,Put,SPXW,SPXW221130P03180000,21.200000000000003,0.3421,0.036991785173115924,0.9921314374190993
2022-11-30,78,0.2135523613963039,3190,0.8103211183050426,3958.28221936279,0.8059051434977091,Put,SPXW,SPXW221130P03190000,21.799999999999997,0.3406,0.036991785173115924,0.9921314374190993
2022-11-30,78,0.2135523613963039,3200,0.8128613098984754,3958.28221936279,0.8084314919099277,Put,SPXW,SPXW221130P03200000,22.299999999999997,0.3387,0.036991785173115924,0.9921314374190993
2022-11-30,78,0.2135523613963039,3220,0.8179416930853408,3958.28221936279,0.8134841887343648,Put,SPXW,SPXW221130P03220000,23.4,0.3351,0.036991785173115924,0.9921314374190993
2022-11-30,78,0.2135523613963039,3225,0.8192117888820571,3958.28221936279,0.814747362940474,Put,SPXW,SPXW221130P03225000,23.700000000000003,0.3342,0.036991785173115924,0.9921314374190993
2022-11-30,78,0.2135523613963039,3230,0.8204818846787736,3958.28221936279,0.8160105371465833,Put,SPXW,SPXW221130P03230000,24.0,0.3334,0.036991785173115924,0.9921314374190993
2022-11-30,78,0.2135523613963039,3240,0.8230220762722062,3958.28221936279,0.8185368855588018,Put,SPXW,SPXW221130P03240000,24.6,0.3316,0.036991785173115924,0.9921314374190993
2022-11-30,78,0.2135523613963039,3250,0.825562267865639,3958.28221936279,0.8210632339710203,Put,SPXW,SPXW221130P03250000,25.25,0.33,0.036991785173115924,0.9921314374190993
2022-11-30,78,0.2135523613963039,3260,0.8281024594590718,3958.28221936279,0.8235895823832389,Put,SPXW,SPXW221130P03260000,25.85,0.3282,0.036991785173115924,0.9921314374190993
2022-11-30,78,0.2135523613963039,3270,0.8306426510525045,3958.28221936279,0.8261159307954574,Put,SPXW,SPXW221130P03270000,26.55,0.3266,0.036991785173115924,0.9921314374190993
2022-11-30,78,0.2135523613963039,3275,0.8319127468492209,3958.28221936279,0.8273791050015666,Put,SPXW,SPXW221130P03275000,26.85,0.3256,0.036991785173115924,0.9921314374190993
2022-11-30,78,0.2135523613963039,3280,0.8331828426459372,3958.28221936279,0.8286422792076759,Put,SPXW,SPXW221130P03280000,27.25,0.325,0.036991785173115924,0.9921314374190993
2022-11-30,78,0.2135523613963039,3290,0.83572303423937,3958.28221936279,0.8311686276198944,Put,SPXW,SPXW221130P03290000,27.95,0.3233,0.036991785173115924,0.9921314374190993
2022-11-30,78,0.2135523613963039,3300,0.8382632258328027,3958.28221936279,0.833694976032113,Put,SPXW,SPXW221130P03300000,28.7,0.3217,0.036991785173115924,0.9921314374190993
2022-11-30,78,0.2135523613963039,3325,0.8446137048163845,3958.28221936279,0.8400108470626593,Put,SPXW,SPXW221130P03325000,30.65,0.3177,0.036991785173115924,0.9921314374190993
2022-11-30,78,0.2135523613963039,3330,0.8458838006131009,3958.28221936279,0.8412740212687685,Put,SPXW,SPXW221130P03330000,31.05,0.3169,0.036991785173115924,0.9921314374190993
2022-11-30,78,0.2135523613963039,3340,0.8484239922065336,3958.28221936279,0.843800369680987,Put,SPXW,SPXW221130P03340000,31.85,0.3152,0.036991785173115924,0.9921314374190993
2022-11-30,78,0.2135523613963039,3350,0.8509641837999664,3958.28221936279,0.8463267180932056,Put,SPXW,SPXW221130P03350000,32.75,0.3137,0.036991785173115924,0.9921314374190993
2022-11-30,78,0.2135523613963039,3360,0.8535043753933991,3958.28221936279,0.8488530665054241,Put,SPXW,SPXW221130P03360000,33.650000000000006,0.3122,0.036991785173115924,0.9921314374190993
2022-11-30,78,0.2135523613963039,3370,0.8560445669868318,3958.28221936279,0.8513794149176426,Put,SPXW,SPXW221130P03370000,34.55,0.3106,0.036991785173115924,0.9921314374190993
2022-11-30,78,0.2135523613963039,3375,0.8573146627835482,3958.28221936279,0.8526425891237519,Put,SPXW,SPXW221130P03375000,35.05,0.31,0.036991785173115924,0.9921314374190993
2022-11-30,78,0.2135523613963039,3380,0.8585847585802646,3958.28221936279,0.8539057633298611,Put,SPXW,SPXW221130P03380000,35.55,0.3093,0.036991785173115924,0.9921314374190993
2022-11-30,78,0.2135523613963039,3390,0.8611249501736973,3958.28221936279,0.8564321117420797,Put,SPXW,SPXW221130P03390000,36.45,0.3076,0.036991785173115924,0.9921314374190993
2022-11-30,78,0.2135523613963039,3400,0.86366514176713,3958.28221936279,0.8589584601542982,Put,SPXW,SPXW221130P03400000,37.55,0.3063,0.036991785173115924,0.9921314374190993
2022-11-30,78,0.2135523613963039,3410,0.8662053333605628,3958.28221936279,0.8614848085665168,Put,SPXW,SPXW221130P03410000,38.55,0.3047,0.036991785173115924,0.9921314374190993
2022-11-30,78,0.2135523613963039,3420,0.8687455249539955,3958.28221936279,0.8640111569787352,Put,SPXW,SPXW221130P03420000,39.6,0.3032,0.036991785173115924,0.9921314374190993
2022-11-30,78,0.2135523613963039,3425,0.8700156207507119,3958.28221936279,0.8652743311848445,Put,SPXW,SPXW221130P03425000,40.25,0.3028,0.036991785173115924,0.9921314374190993
2022-11-30,78,0.2135523613963039,3430,0.8712857165474283,3958.28221936279,0.8665375053909538,Put,SPXW,SPXW221130P03430000,40.7,0.3018,0.036991785173115924,0.9921314374190993
2022-11-30,78,0.2135523613963039,3440,0.873825908140861,3958.28221936279,0.8690638538031723,Put,SPXW,SPXW221130P03440000,41.95,0.3006,0.036991785173115924,0.9921314374190993
2022-11-30,78,0.2135523613963039,3450,0.8763660997342937,3958.28221936279,0.8715902022153909,Put,SPXW,SPXW221130P03450000,43.150000000000006,0.2993,0.036991785173115924,0.9921314374190993
2022-11-30,78,0.2135523613963039,3460,0.8789062913277265,3958.28221936279,0.8741165506276094,Put,SPXW,SPXW221130P03460000,44.349999999999994,0.2978,0.036991785173115924,0.9921314374190993
2022-11-30,78,0.2135523613963039,3470,0.8814464829211592,3958.28221936279,0.8766428990398278,Put,SPXW,SPXW221130P03470000,45.7,0.2966,0.036991785173115924,0.9921314374190993
2022-11-30,78,0.2135523613963039,3475,0.8827165787178756,3958.28221936279,0.8779060732459372,Put,SPXW,SPXW221130P03475000,46.25,0.2957,0.036991785173115924,0.9921314374190993
2022-11-30,78,0.2135523613963039,3480,0.8839866745145919,3958.28221936279,0.8791692474520464,Put,SPXW,SPXW221130P03480000,46.95,0.2951,0.036991785173115924,0.9921314374190993
2022-11-30,78,0.2135523613963039,3490,0.8865268661080247,3958.28221936279,0.8816955958642649,Put,SPXW,SPXW221130P03490000,48.25,0.2937,0.036991785173115924,0.9921314374190993
2022-11-30,78,0.2135523613963039,3500,0.8890670577014574,3958.28221936279,0.8842219442764835,Put,SPXW,SPXW221130P03500000,49.650000000000006,0.2924,0.036991785173115924,0.9921314374190993
2022-11-30,78,0.2135523613963039,3510,0.8916072492948901,3958.28221936279,0.8867482926887019,Put,SPXW,SPXW221130P03510000,51.150000000000006,0.2912,0.036991785173115924,0.9921314374190993
2022-11-30,78,0.2135523613963039,3520,0.8941474408883229,3958.28221936279,0.8892746411009205,Put,SPXW,SPXW221130P03520000,52.650000000000006,0.29,0.036991785173115924,0.9921314374190993
2022-11-30,78,0.2135523613963039,3525,0.8954175366850392,3958.28221936279,0.8905378153070298,Put,SPXW,SPXW221130P03525000,53.3,0.2891,0.036991785173115924,0.9921314374190993
2022-11-30,78,0.2135523613963039,3530,0.8966876324817556,3958.28221936279,0.891800989513139,Put,SPXW,SPXW221130P03530000,54.150000000000006,0.2886,0.036991785173115924,0.9921314374190993
2022-11-30,78,0.2135523613963039,3540,0.8992278240751883,3958.28221936279,0.8943273379253576,Put,SPXW,SPXW221130P03540000,55.75,0.2874,0.036991785173115924,0.9921314374190993
2022-11-30,78,0.2135523613963039,3545,0.9004979198719048,3958.28221936279,0.8955905121314668,Put,SPXW,SPXW221130P03545000,56.55,0.2868,0.036991785173115924,0.9921314374190993
2022-11-30,78,0.2135523613963039,3550,0.9017680156686211,3958.28221936279,0.8968536863375761,Put,SPXW,SPXW221130P03550000,57.349999999999994,0.2861,0.036991785173115924,0.9921314374190993
2022-11-30,78,0.2135523613963039,3555,0.9030381114653374,3958.28221936279,0.8981168605436853,Put,SPXW,SPXW221130P03555000,58.150000000000006,0.2855,0.036991785173115924,0.9921314374190993
2022-11-30,78,0.2135523613963039,3560,0.9043082072620539,3958.28221936279,0.8993800347497946,Put,SPXW,SPXW221130P03560000,59.05,0.285,0.036991785173115924,0.9921314374190993
2022-11-30,78,0.2135523613963039,3565,0.9055783030587702,3958.28221936279,0.9006432089559039,Put,SPXW,SPXW221130P03565000,59.849999999999994,0.2842,0.036991785173115924,0.9921314374190993
2022-11-30,78,0.2135523613963039,3570,0.9068483988554865,3958.28221936279,0.9019063831620131,Put,SPXW,SPXW221130P03570000,60.75,0.2837,0.036991785173115924,0.9921314374190993
2022-11-30,78,0.2135523613963039,3575,0.908118494652203,3958.28221936279,0.9031695573681223,Put,SPXW,SPXW221130P03575000,61.650000000000006,0.2831,0.036991785173115924,0.9921314374190993
2022-11-30,78,0.2135523613963039,3580,0.9093885904489193,3958.28221936279,0.9044327315742317,Put,SPXW,SPXW221130P03580000,62.55,0.2825,0.036991785173115924,0.9921314374190993
2022-11-30,78,0.2135523613963039,3585,0.9106586862456356,3958.28221936279,0.9056959057803409,Put,SPXW,SPXW221130P03585000,63.4,0.2819,0.036991785173115924,0.9921314374190993
2022-11-30,78,0.2135523613963039,3590,0.9119287820423521,3958.28221936279,0.9069590799864502,Put,SPXW,SPXW221130P03590000,64.35,0.2813,0.036991785173115924,0.9921314374190993
2022-11-30,78,0.2135523613963039,3595,0.9131988778390684,3958.28221936279,0.9082222541925594,Put,SPXW,SPXW221130P03595000,65.25,0.2806,0.036991785173115924,0.9921314374190993
2022-11-30,78,0.2135523613963039,3600,0.9144689736357847,3958.28221936279,0.9094854283986686,Put,SPXW,SPXW221130P03600000,66.2,0.2801,0.036991785173115924,0.9921314374190993
2022-11-30,78,0.2135523613963039,3605,0.9157390694325012,3958.28221936279,0.910748602604778,Put,SPXW,SPXW221130P03605000,67.15,0.2795,0.036991785173115924,0.9921314374190993
2022-11-30,78,0.2135523613963039,3610,0.9170091652292175,3958.28221936279,0.9120117768108872,Put,SPXW,SPXW221130P03610000,67.94999999999999,0.2786,0.036991785173115924,0.9921314374190993
2022-11-30,78,0.2135523613963039,3620,0.9195493568226503,3958.28221936279,0.9145381252231057,Put,SPXW,SPXW221130P03620000,69.9,0.2773,0.036991785173115924,0.9921314374190993
2022-11-30,78,0.2135523613963039,3625,0.9208194526193666,3958.28221936279,0.915801299429215,Put,SPXW,SPXW221130P03625000,70.9,0.2767,0.036991785173115924,0.9921314374190993
2022-11-30,78,0.2135523613963039,3630,0.9220895484160829,3958.28221936279,0.9170644736353243,Put,SPXW,SPXW221130P03630000,71.9,0.2761,0.036991785173115924,0.9921314374190993
2022-11-30,78,0.2135523613963039,3635,0.9233596442127994,3958.28221936279,0.9183276478414335,Put,SPXW,SPXW221130P03635000,73.0,0.2756,0.036991785173115924,0.9921314374190993
2022-11-30,78,0.2135523613963039,3640,0.9246297400095157,3958.28221936279,0.9195908220475428,Put,SPXW,SPXW221130P03640000,74.0,0.2749,0.036991785173115924,0.9921314374190993
2022-11-30,78,0.2135523613963039,3645,0.925899835806232,3958.28221936279,0.920853996253652,Put,SPXW,SPXW221130P03645000,75.1,0.2744,0.036991785173115924,0.9921314374190993
2022-11-30,78,0.2135523613963039,3650,0.9271699316029485,3958.28221936279,0.9221171704597613,Put,SPXW,SPXW221130P03650000,76.15,0.2738,0.036991785173115924,0.9921314374190993
2022-11-30,78,0.2135523613963039,3655,0.9284400273996648,3958.28221936279,0.9233803446658706,Put,SPXW,SPXW221130P03655000,77.25,0.2732,0.036991785173115924,0.9921314374190993
2022-11-30,78,0.2135523613963039,3660,0.9297101231963811,3958.28221936279,0.9246435188719798,Put,SPXW,SPXW221130P03660000,78.35,0.2726,0.036991785173115924,0.9921314374190993
2022-11-30,78,0.2135523613963039,3665,0.9309802189930976,3958.28221936279,0.925906693078089,Put,SPXW,SPXW221130P03665000,79.45,0.272,0.036991785173115924,0.9921314374190993
2022-11-30,78,0.2135523613963039,3670,0.9322503147898139,3958.28221936279,0.9271698672841984,Put,SPXW,SPXW221130P03670000,80.6,0.2715,0.036991785173115924,0.9921314374190993
2022-11-30,78,0.2135523613963039,3675,0.9335204105865302,3958.28221936279,0.9284330414903076,Put,SPXW,SPXW221130P03675000,81.75,0.2709,0.036991785173115924,0.9921314374190993
2022-11-30,78,0.2135523613963039,3680,0.9347905063832467,3958.28221936279,0.9296962156964169,Put,SPXW,SPXW221130P03680000,82.95,0.2704,0.036991785173115924,0.9921314374190993
2022-11-30,78,0.2135523613963039,3685,0.936060602179963,3958.28221936279,0.9309593899025261,Put,SPXW,SPXW221130P03685000,84.05,0.2697,0.036991785173115924,0.9921314374190993
2022-11-30,78,0.2135523613963039,3690,0.9373306979766793,3958.28221936279,0.9322225641086354,Put,SPXW,SPXW221130P03690000,85.45,0.2695,0.036991785173115924,0.9921314374190993
2022-11-30,78,0.2135523613963039,3700,0.9398708895701121,3958.28221936279,0.9347489125208539,Put,SPXW,SPXW221130P03700000,87.75,0.2682,0.036991785173115924,0.9921314374190993
2022-11-30,78,0.2135523613963039,3705,0.9411409853668284,3958.28221936279,0.9360120867269632,Put,SPXW,SPXW221130P03705000,89.1,0.2677,0.036991785173115924,0.9921314374190993
2022-11-30,78,0.2135523613963039,3710,0.9424110811635449,3958.28221936279,0.9372752609330725,Put,SPXW,SPXW221130P03710000,90.19999999999999,0.2669,0.036991785173115924,0.9921314374190993
2022-11-30,78,0.2135523613963039,3715,0.9436811769602612,3958.28221936279,0.9385384351391817,Put,SPXW,SPXW221130P03715000,91.55,0.2664,0.036991785173115924,0.9921314374190993
2022-11-30,78,0.2135523613963039,3720,0.9449512727569775,3958.28221936279,0.939801609345291,Put,SPXW,SPXW221130P03720000,92.85,0.2659,0.036991785173115924,0.9921314374190993
2022-11-30,78,0.2135523613963039,3725,0.946221368553694,3958.28221936279,0.9410647835514002,Put,SPXW,SPXW221130P03725000,94.15,0.2653,0.036991785173115924,0.9921314374190993
2022-11-30,78,0.2135523613963039,3730,0.9474914643504103,3958.28221936279,0.9423279577575095,Put,SPXW,SPXW221130P03730000,95.44999999999999,0.2647,0.036991785173115924,0.9921314374190993
2022-11-30,78,0.2135523613963039,3740,0.9500316559438431,3958.28221936279,0.944854306169728,Put,SPXW,SPXW221130P03740000,98.05,0.2634,0.036991785173115924,0.9921314374190993
2022-11-30,78,0.2135523613963039,3750,0.9525718475372758,3958.28221936279,0.9473806545819465,Put,SPXW,SPXW221130P03750000,100.75,0.2622,0.036991785173115924,0.9921314374190993
2022-11-30,78,0.2135523613963039,3755,0.9538419433339922,3958.28221936279,0.9486438287880558,Put,SPXW,SPXW221130P03755000,102.1,0.2616,0.036991785173115924,0.9921314374190993
2022-11-30,78,0.2135523613963039,3760,0.9551120391307085,3958.28221936279,0.9499070029941651,Put,SPXW,SPXW221130P03760000,103.5,0.261,0.036991785173115924,0.9921314374190993
2022-11-30,78,0.2135523613963039,3770,0.9576522307241413,3958.28221936279,0.9524333514063836,Put,SPXW,SPXW221130P03770000,106.4,0.2599,0.036991785173115924,0.9921314374190993
2022-11-30,78,0.2135523613963039,3775,0.9589223265208576,3958.28221936279,0.9536965256124929,Put,SPXW,SPXW221130P03775000,107.85,0.2593,0.036991785173115924,0.9921314374190993
2022-11-30,78,0.2135523613963039,3780,0.960192422317574,3958.28221936279,0.9549596998186021,Put,SPXW,SPXW221130P03780000,109.25,0.2586,0.036991785173115924,0.9921314374190993
2022-11-30,78,0.2135523613963039,3790,0.9627326139110067,3958.28221936279,0.9574860482308206,Put,SPXW,SPXW221130P03790000,112.25,0.2574,0.036991785173115924,0.9921314374190993
2022-11-30,78,0.2135523613963039,3800,0.9652728055044395,3958.28221936279,0.9600123966430392,Put,SPXW,SPXW221130P03800000,115.25,0.2561,0.036991785173115924,0.9921314374190993
2022-11-30,78,0.2135523613963039,3805,0.9665429013011558,3958.28221936279,0.9612755708491484,Put,SPXW,SPXW221130P03805000,116.8,0.2556,0.036991785173115924,0.9921314374190993
2022-11-30,78,0.2135523613963039,3810,0.9678129970978722,3958.28221936279,0.9625387450552577,Put,SPXW,SPXW221130P03810000,118.4,0.255,0.036991785173115924,0.9921314374190993
2022-11-30,78,0.2135523613963039,3815,0.9690830928945886,3958.28221936279,0.9638019192613669,Put,SPXW,SPXW221130P03815000,120.0,0.2544,0.036991785173115924,0.9921314374190993
2022-11-30,78,0.2135523613963039,3820,0.9703531886913049,3958.28221936279,0.9650650934674763,Put,SPXW,SPXW221130P03820000,121.55,0.2538,0.036991785173115924,0.9921314374190993
2022-11-30,78,0.2135523613963039,3825,0.9716232844880213,3958.28221936279,0.9663282676735855,Put,SPXW,SPXW221130P03825000,123.05000000000001,0.2529,0.036991785173115924,0.9921314374190993
2022-11-30,78,0.2135523613963039,3830,0.9728933802847377,3958.28221936279,0.9675914418796947,Put,SPXW,SPXW221130P03830000,124.7,0.2523,0.036991785173115924,0.9921314374190993
2022-11-30,78,0.2135523613963039,3835,0.974163476081454,3958.28221936279,0.968854616085804,Put,SPXW,SPXW221130P03835000,126.35,0.2517,0.036991785173115924,0.9921314374190993
2022-11-30,78,0.2135523613963039,3840,0.9754335718781704,3958.28221936279,0.9701177902919133,Put,SPXW,SPXW221130P03840000,128.05,0.2512,0.036991785173115924,0.9921314374190993
2022-11-30,78,0.2135523613963039,3850,0.9779737634716031,3958.28221936279,0.9726441387041318,Put,SPXW,SPXW221130P03850000,131.5,0.25,0.036991785173115924,0.9921314374190993
2022-11-30,78,0.2135523613963039,3855,0.9792438592683195,3958.28221936279,0.973907312910241,Put,SPXW,SPXW221130P03855000,133.15,0.2493,0.036991785173115924,0.9921314374190993
2022-11-30,78,0.2135523613963039,3860,0.9805139550650359,3958.28221936279,0.9751704871163503,Put,SPXW,SPXW221130P03860000,134.85,0.2486,0.036991785173115924,0.9921314374190993
2022-11-30,78,0.2135523613963039,3865,0.9817840508617522,3958.28221936279,0.9764336613224596,Put,SPXW,SPXW221130P03865000,136.65,0.248,0.036991785173115924,0.9921314374190993
2022-11-30,78,0.2135523613963039,3870,0.9830541466584686,3958.28221936279,0.9776968355285688,Put,SPXW,SPXW221130P03870000,138.45,0.2475,0.036991785173115924,0.9921314374190993
2022-11-30,78,0.2135523613963039,3875,0.984324242455185,3958.28221936279,0.9789600097346781,Put,SPXW,SPXW221130P03875000,140.25,0.2468,0.036991785173115924,0.9921314374190993
2022-11-30,78,0.2135523613963039,3880,0.9855943382519013,3958.28221936279,0.9802231839407873,Put,SPXW,SPXW221130P03880000,142.0,0.2461,0.036991785173115924,0.9921314374190993
2022-11-30,78,0.2135523613963039,3885,0.9868644340486177,3958.28221936279,0.9814863581468967,Put,SPXW,SPXW221130P03885000,143.8,0.2454,0.036991785173115924,0.9921314374190993
2022-11-30,78,0.2135523613963039,3890,0.9881345298453341,3958.28221936279,0.9827495323530059,Put,SPXW,SPXW221130P03890000,145.7,0.2449,0.036991785173115924,0.9921314374190993
2022-11-30,78,0.2135523613963039,3895,0.9894046256420505,3958.28221936279,0.9840127065591151,Put,SPXW,SPXW221130P03895000,147.6,0.2443,0.036991785173115924,0.9921314374190993
2022-11-30,78,0.2135523613963039,3900,0.9906747214387668,3958.28221936279,0.9852758807652244,Put,SPXW,SPXW221130P03900000,149.5,0.2437,0.036991785173115924,0.9921314374190993
2022-11-30,78,0.2135523613963039,3905,0.9919448172354832,3958.28221936279,0.9865390549713337,Put,SPXW,SPXW221130P03905000,151.4,0.243,0.036991785173115924,0.9921314374190993
2022-11-30,78,0.2135523613963039,3910,0.9932149130321996,3958.28221936279,0.987802229177443,Put,SPXW,SPXW221130P03910000,153.25,0.2423,0.036991785173115924,0.9921314374190993
2022-11-30,78,0.2135523613963039,3915,0.9944850088289159,3958.28221936279,0.9890654033835522,Put,SPXW,SPXW221130P03915000,155.3,0.2418,0.036991785173115924,0.9921314374190993
2022-11-30,78,0.2135523613963039,3920,0.9957551046256323,3958.28221936279,0.9903285775896614,Put,SPXW,SPXW221130P03920000,157.25,0.2411,0.036991785173115924,0.9921314374190993
2022-11-30,78,0.2135523613963039,3925,0.9970252004223487,3958.28221936279,0.9915917517957707,Put,SPXW,SPXW221130P03925000,159.25,0.2405,0.036991785173115924,0.9921314374190993
2022-11-30,78,0.2135523613963039,3930,0.998295296219065,3958.28221936279,0.99285492600188,Put,SPXW,SPXW221130P03930000,161.3,0.2399,0.036991785173115924,0.9921314374190993
2022-11-30,78,0.2135523613963039,3935,0.9995653920157814,3958.28221936279,0.9941181002079893,Put,SPXW,SPXW221130P03935000,163.25,0.2391,0.036991785173115924,0.9921314374190993
2022-11-30,78,0.2135523613963039,3940,1.0008354878124979,3958.28221936279,0.9953812744140985,Put,SPXW,SPXW221130P03940000,165.3,0.2385,0.036991785173115924,0.9921314374190993
2022-11-30,78,0.2135523613963039,3945,1.002105583609214,3958.28221936279,0.9966444486202077,Put,SPXW,SPXW221130P03945000,167.35,0.2378,0.036991785173115924,0.9921314374190993
2022-11-30,78,0.2135523613963039,3950,1.0033756794059305,3958.28221936279,0.9979076228263171,Put,SPXW,SPXW221130P03950000,169.45,0.2371,0.036991785173115924,0.9921314374190993
2022-11-30,78,0.2135523613963039,3955,1.004645775202647,3958.28221936279,0.9991707970324263,Put,SPXW,SPXW221130P03955000,171.60000000000002,0.2365,0.036991785173115924,0.9921314374190993
2022-11-30,78,0.2135523613963039,3960,1.0059158709993632,3958.28221936279,1.0004339712385355,Call,SPXW,SPXW221130C03960000,167.35,0.2362,0.036991785173115924,0.9921314374190993
2022-11-30,78,0.2135523613963039,3965,1.0071859667960796,3958.28221936279,1.0016971454446448,Call,SPXW,SPXW221130C03965000,164.55,0.2356,0.036991785173115924,0.9921314374190993
2022-11-30,78,0.2135523613963039,3970,1.008456062592796,3958.28221936279,1.0029603196507542,Call,SPXW,SPXW221130C03970000,161.75,0.2349,0.036991785173115924,0.9921314374190993
2022-11-30,78,0.2135523613963039,3975,1.0097261583895123,3958.28221936279,1.0042234938568633,Call,SPXW,SPXW221130C03975000,158.95,0.2344,0.036991785173115924,0.9921314374190993
2022-11-30,78,0.2135523613963039,3980,1.0109962541862287,3958.28221936279,1.0054866680629726,Call,SPXW,SPXW221130C03980000,156.2,0.2336,0.036991785173115924,0.9921314374190993
2022-11-30,78,0.2135523613963039,3985,1.0122663499829452,3958.28221936279,1.006749842269082,Call,SPXW,SPXW221130C03985000,153.5,0.233,0.036991785173115924,0.9921314374190993
2022-11-30,78,0.2135523613963039,3990,1.0135364457796614,3958.28221936279,1.008013016475191,Call,SPXW,SPXW221130C03990000,150.85,0.2324,0.036991785173115924,0.9921314374190993
2022-11-30,78,0.2135523613963039,3995,1.0148065415763778,3958.28221936279,1.0092761906813004,Call,SPXW,SPXW221130C03995000,148.2,0.2316,0.036991785173115924,0.9921314374190993
2022-11-30,78,0.2135523613963039,4000,1.0160766373730943,3958.28221936279,1.0105393648874097,Call,SPXW,SPXW221130C04000000,145.35,0.2309,0.036991785173115924,0.9921314374190993
2022-11-30,78,0.2135523613963039,4005,1.0173467331698105,3958.28221936279,1.0118025390935188,Call,SPXW,SPXW221130C04005000,142.9,0.2304,0.036991785173115924,0.9921314374190993
2022-11-30,78,0.2135523613963039,4010,1.018616828966527,3958.28221936279,1.0130657132996281,Call,SPXW,SPXW221130C04010000,140.3,0.2297,0.036991785173115924,0.9921314374190993
2022-11-30,78,0.2135523613963039,4015,1.0198869247632434,3958.28221936279,1.0143288875057375,Call,SPXW,SPXW221130C04015000,137.75,0.2291,0.036991785173115924,0.9921314374190993
2022-11-30,78,0.2135523613963039,4020,1.0211570205599596,3958.28221936279,1.0155920617118468,Call,SPXW,SPXW221130C04020000,135.2,0.2284,0.036991785173115924,0.9921314374190993
2022-11-30,78,0.2135523613963039,4025,1.022427116356676,3958.28221936279,1.016855235917956,Call,SPXW,SPXW221130C04025000,132.7,0.2277,0.036991785173115924,0.9921314374190993
2022-11-30,78,0.2135523613963039,4030,1.0236972121533925,3958.28221936279,1.0181184101240652,Call,SPXW,SPXW221130C04030000,130.2,0.2271,0.036991785173115924,0.9921314374190993
2022-11-30,78,0.2135523613963039,4035,1.0249673079501087,3958.28221936279,1.0193815843301746,Call,SPXW,SPXW221130C04035000,127.75,0.2265,0.036991785173115924,0.9921314374190993
2022-11-30,78,0.2135523613963039,4040,1.0262374037468251,3958.28221936279,1.0206447585362837,Call,SPXW,SPXW221130C04040000,125.25,0.2258,0.036991785173115924,0.9921314374190993
2022-11-30,78,0.2135523613963039,4045,1.0275074995435416,3958.28221936279,1.021907932742393,Call,SPXW,SPXW221130C04045000,122.85,0.2252,0.036991785173115924,0.9921314374190993
2022-11-30,78,0.2135523613963039,4050,1.0287775953402578,3958.28221936279,1.0231711069485023,Call,SPXW,SPXW221130C04050000,120.35,0.2244,0.036991785173115924,0.9921314374190993
2022-11-30,78,0.2135523613963039,4055,1.0300476911369743,3958.28221936279,1.0244342811546114,Call,SPXW,SPXW221130C04055000,118.1,0.2239,0.036991785173115924,0.9921314374190993
2022-11-30,78,0.2135523613963039,4060,1.0313177869336907,3958.28221936279,1.0256974553607208,Call,SPXW,SPXW221130C04060000,115.75,0.2232,0.036991785173115924,0.9921314374190993
2022-11-30,78,0.2135523613963039,4065,1.032587882730407,3958.28221936279,1.02696062956683,Call,SPXW,SPXW221130C04065000,113.44999999999999,0.2226,0.036991785173115924,0.9921314374190993
2022-11-30,78,0.2135523613963039,4070,1.0338579785271234,3958.28221936279,1.0282238037729394,Call,SPXW,SPXW221130C04070000,111.2,0.222,0.036991785173115924,0.9921314374190993
2022-11-30,78,0.2135523613963039,4075,1.0351280743238398,3958.28221936279,1.0294869779790485,Call,SPXW,SPXW221130C04075000,108.9,0.2214,0.036991785173115924,0.9921314374190993
2022-11-30,78,0.2135523613963039,4080,1.036398170120556,3958.28221936279,1.0307501521851579,Call,SPXW,SPXW221130C04080000,106.7,0.2208,0.036991785173115924,0.9921314374190993
2022-11-30,78,0.2135523613963039,4085,1.0376682659172725,3958.28221936279,1.0320133263912672,Call,SPXW,SPXW221130C04085000,104.5,0.2202,0.036991785173115924,0.9921314374190993
2022-11-30,78,0.2135523613963039,4090,1.038938361713989,3958.28221936279,1.0332765005973763,Call,SPXW,SPXW221130C04090000,102.35,0.2194,0.036991785173115924,0.9921314374190993
2022-11-30,78,0.2135523613963039,4095,1.0402084575107051,3958.28221936279,1.0345396748034856,Call,SPXW,SPXW221130C04095000,100.15,0.2187,0.036991785173115924,0.9921314374190993
2022-11-30,78,0.2135523613963039,4100,1.0414785533074216,3958.28221936279,1.035802849009595,Call,SPXW,SPXW221130C04100000,97.94999999999999,0.2181,0.036991785173115924,0.9921314374190993
2022-11-30,78,0.2135523613963039,4105,1.042748649104138,3958.28221936279,1.037066023215704,Call,SPXW,SPXW221130C04105000,95.95,0.2175,0.036991785173115924,0.9921314374190993
2022-11-30,78,0.2135523613963039,4110,1.0440187449008542,3958.28221936279,1.0383291974218134,Call,SPXW,SPXW221130C04110000,93.8,0.217,0.036991785173115924,0.9921314374190993
2022-11-30,78,0.2135523613963039,4115,1.0452888406975707,3958.28221936279,1.0395923716279227,Call,SPXW,SPXW221130C04115000,91.85,0.2163,0.036991785173115924,0.9921314374190993
2022-11-30,78,0.2135523613963039,4120,1.046558936494287,3958.28221936279,1.0408555458340318,Call,SPXW,SPXW221130C04120000,89.85,0.2157,0.036991785173115924,0.9921314374190993
2022-11-30,78,0.2135523613963039,4125,1.0478290322910033,3958.28221936279,1.0421187200401412,Call,SPXW,SPXW221130C04125000,87.8,0.2152,0.036991785173115924,0.9921314374190993
2022-11-30,78,0.2135523613963039,4130,1.0490991280877198,3958.28221936279,1.0433818942462505,Call,SPXW,SPXW221130C04130000,85.9,0.2146,0.036991785173115924,0.9921314374190993
2022-11-30,78,0.2135523613963039,4135,1.0503692238844362,3958.28221936279,1.0446450684523598,Call,SPXW,SPXW221130C04135000,83.9,0.214,0.036991785173115924,0.9921314374190993
2022-11-30,78,0.2135523613963039,4140,1.0516393196811524,3958.28221936279,1.045908242658469,Call,SPXW,SPXW221130C04140000,82.1,0.2134,0.036991785173115924,0.9921314374190993
2022-11-30,78,0.2135523613963039,4145,1.0529094154778689,3958.28221936279,1.0471714168645783,Call,SPXW,SPXW221130C04145000,80.15,0.2129,0.036991785173115924,0.9921314374190993
2022-11-30,78,0.2135523613963039,4150,1.0541795112745853,3958.28221936279,1.0484345910706876,Call,SPXW,SPXW221130C04150000,78.30000000000001,0.2122,0.036991785173115924,0.9921314374190993
2022-11-30,78,0.2135523613963039,4155,1.0554496070713015,3958.28221936279,1.0496977652767967,Call,SPXW,SPXW221130C04155000,76.6,0.2117,0.036991785173115924,0.9921314374190993
2022-11-30,78,0.2135523613963039,4160,1.056719702868018,3958.28221936279,1.050960939482906,Call,SPXW,SPXW221130C04160000,74.75,0.2113,0.036991785173115924,0.9921314374190993
2022-11-30,78,0.2135523613963039,4165,1.0579897986647344,3958.28221936279,1.0522241136890154,Call,SPXW,SPXW221130C04165000,72.95,0.2106,0.036991785173115924,0.9921314374190993
2022-11-30,78,0.2135523613963039,4170,1.0592598944614506,3958.28221936279,1.0534872878951245,Call,SPXW,SPXW221130C04170000,71.25,0.2101,0.036991785173115924,0.9921314374190993
2022-11-30,78,0.2135523613963039,4175,1.060529990258167,3958.28221936279,1.0547504621012338,Call,SPXW,SPXW221130C04175000,69.55,0.2096,0.036991785173115924,0.9921314374190993
2022-11-30,78,0.2135523613963039,4180,1.0618000860548835,3958.28221936279,1.0560136363073431,Call,SPXW,SPXW221130C04180000,67.80000000000001,0.2089,0.036991785173115924,0.9921314374190993
2022-11-30,78,0.2135523613963039,4185,1.0630701818515997,3958.28221936279,1.0572768105134522,Call,SPXW,SPXW221130C04185000,66.3,0.2086,0.036991785173115924,0.9921314374190993
2022-11-30,78,0.2135523613963039,4190,1.0643402776483162,3958.28221936279,1.0585399847195616,Call,SPXW,SPXW221130C04190000,64.7,0.208,0.036991785173115924,0.9921314374190993
2022-11-30,78,0.2135523613963039,4195,1.0656103734450326,3958.28221936279,1.059803158925671,Call,SPXW,SPXW221130C04195000,63.099999999999994,0.2076,0.036991785173115924,0.9921314374190993
2022-11-30,78,0.2135523613963039,4200,1.0668804692417488,3958.28221936279,1.0610663331317802,Call,SPXW,SPXW221130C04200000,61.4,0.2068,0.036991785173115924,0.9921314374190993
2022-11-30,78,0.2135523613963039,4205,1.0681505650384653,3958.28221936279,1.0623295073378893,Call,SPXW,SPXW221130C04205000,59.95,0.2064,0.036991785173115924,0.9921314374190993
2022-11-30,78,0.2135523613963039,4210,1.0694206608351817,3958.28221936279,1.0635926815439987,Call,SPXW,SPXW221130C04210000,58.5,0.206,0.036991785173115924,0.9921314374190993
2022-11-30,78,0.2135523613963039,4215,1.070690756631898,3958.28221936279,1.064855855750108,Call,SPXW,SPXW221130C04215000,57.05,0.2055,0.036991785173115924,0.9921314374190993
2022-11-30,78,0.2135523613963039,4220,1.0719608524286144,3958.28221936279,1.066119029956217,Call,SPXW,SPXW221130C04220000,55.65,0.2051,0.036991785173115924,0.9921314374190993
2022-11-30,78,0.2135523613963039,4225,1.0732309482253308,3958.28221936279,1.0673822041623264,Call,SPXW,SPXW221130C04225000,54.25,0.2046,0.036991785173115924,0.9921314374190993
2022-11-30,78,0.2135523613963039,4230,1.074501044022047,3958.28221936279,1.0686453783684358,Call,SPXW,SPXW221130C04230000,52.85,0.2042,0.036991785173115924,0.9921314374190993
2022-11-30,78,0.2135523613963039,4235,1.0757711398187635,3958.28221936279,1.0699085525745449,Call,SPXW,SPXW221130C04235000,51.4,0.2035,0.036991785173115924,0.9921314374190993
2022-11-30,78,0.2135523613963039,4240,1.07704123561548,3958.28221936279,1.0711717267806542,Call,SPXW,SPXW221130C04240000,50.15,0.2032,0.036991785173115924,0.9921314374190993
2022-11-30,78,0.2135523613963039,4245,1.0783113314121962,3958.28221936279,1.0724349009867635,Call,SPXW,SPXW221130C04245000,48.85,0.2027,0.036991785173115924,0.9921314374190993
2022-11-30,78,0.2135523613963039,4250,1.0795814272089126,3958.28221936279,1.0736980751928729,Call,SPXW,SPXW221130C04250000,47.45,0.2018,0.036991785173115924,0.9921314374190993
2022-11-30,78,0.2135523613963039,4255,1.080851523005629,3958.28221936279,1.074961249398982,Call,SPXW,SPXW221130C04255000,46.3,0.2018,0.036991785173115924,0.9921314374190993
2022-11-30,78,0.2135523613963039,4260,1.0821216188023453,3958.28221936279,1.0762244236050913,Call,SPXW,SPXW221130C04260000,45.1,0.2015,0.036991785173115924,0.9921314374190993
2022-11-30,78,0.2135523613963039,4265,1.0833917145990617,3958.28221936279,1.0774875978112006,Call,SPXW,SPXW221130C04265000,43.9,0.201,0.036991785173115924,0.9921314374190993
2022-11-30,78,0.2135523613963039,4270,1.0846618103957781,3958.28221936279,1.0787507720173097,Call,SPXW,SPXW221130C04270000,42.7,0.2006,0.036991785173115924,0.9921314374190993
2022-11-30,78,0.2135523613963039,4275,1.0859319061924944,3958.28221936279,1.080013946223419,Call,SPXW,SPXW221130C04275000,41.6,0.2002,0.036991785173115924,0.9921314374190993
2022-11-30,78,0.2135523613963039,4280,1.0872020019892108,3958.28221936279,1.0812771204295284,Call,SPXW,SPXW221130C04280000,40.45,0.1996,0.036991785173115924,0.9921314374190993
2022-11-30,78,0.2135523613963039,4285,1.0884720977859272,3958.28221936279,1.0825402946356375,Call,SPXW,SPXW221130C04285000,39.349999999999994,0.1992,0.036991785173115924,0.9921314374190993
2022-11-30,78,0.2135523613963039,4290,1.0897421935826435,3958.28221936279,1.0838034688417468,Call,SPXW,SPXW221130C04290000,38.25,0.199,0.036991785173115924,0.9921314374190993
2022-11-30,78,0.2135523613963039,4295,1.09101228937936,3958.28221936279,1.0850666430478562,Call,SPXW,SPXW221130C04295000,37.25,0.1985,0.036991785173115924,0.9921314374190993
2022-11-30,78,0.2135523613963039,4300,1.0922823851760763,3958.28221936279,1.0863298172539653,Call,SPXW,SPXW221130C04300000,35.9,0.1976,0.036991785173115924,0.9921314374190993
2022-11-30,78,0.2135523613963039,4305,1.0935524809727926,3958.28221936279,1.0875929914600746,Call,SPXW,SPXW221130C04305000,35.1,0.1977,0.036991785173115924,0.9921314374190993
2022-11-30,78,0.2135523613963039,4310,1.094822576769509,3958.28221936279,1.088856165666184,Call,SPXW,SPXW221130C04310000,34.25,0.1973,0.036991785173115924,0.9921314374190993
2022-11-30,78,0.2135523613963039,4315,1.0960926725662254,3958.28221936279,1.0901193398722933,Call,SPXW,SPXW221130C04315000,33.25,0.1971,0.036991785173115924,0.9921314374190993
2022-11-30,78,0.2135523613963039,4320,1.0973627683629417,3958.28221936279,1.0913825140784024,Call,SPXW,SPXW221130C04320000,32.3,0.1965,0.036991785173115924,0.9921314374190993
2022-11-30,78,0.2135523613963039,4325,1.098632864159658,3958.28221936279,1.0926456882845117,Call,SPXW,SPXW221130C04325000,31.35,0.1962,0.036991785173115924,0.9921314374190993
2022-11-30,78,0.2135523613963039,4330,1.0999029599563745,3958.28221936279,1.093908862490621,Call,SPXW,SPXW221130C04330000,30.45,0.1959,0.036991785173115924,0.9921314374190993
2022-11-30,78,0.2135523613963039,4335,1.1011730557530908,3958.28221936279,1.0951720366967301,Call,SPXW,SPXW221130C04335000,29.55,0.1956,0.036991785173115924,0.9921314374190993
2022-11-30,78,0.2135523613963039,4340,1.1024431515498072,3958.28221936279,1.0964352109028395,Call,SPXW,SPXW221130C04340000,28.75,0.1952,0.036991785173115924,0.9921314374190993
2022-11-30,78,0.2135523613963039,4350,1.1049833431432399,3958.28221936279,1.098961559315058,Call,SPXW,SPXW221130C04350000,26.9,0.1942,0.036991785173115924,0.9921314374190993
2022-11-30,78,0.2135523613963039,4355,1.1062534389399563,3958.28221936279,1.1002247335211672,Call,SPXW,SPXW221130C04355000,26.25,0.1942,0.036991785173115924,0.9921314374190993
2022-11-30,78,0.2135523613963039,4360,1.1075235347366728,3958.28221936279,1.1014879077272766,Call,SPXW,SPXW221130C04360000,25.55,0.1941,0.036991785173115924,0.9921314374190993
2022-11-30,78,0.2135523613963039,4365,1.108793630533389,3958.28221936279,1.102751081933386,Call,SPXW,SPXW221130C04365000,24.75,0.1937,0.036991785173115924,0.9921314374190993
2022-11-30,78,0.2135523613963039,4370,1.1100637263301054,3958.28221936279,1.104014256139495,Call,SPXW,SPXW221130C04370000,24.05,0.1934,0.036991785173115924,0.9921314374190993
2022-11-30,78,0.2135523613963039,4375,1.1113338221268219,3958.28221936279,1.1052774303456043,Call,SPXW,SPXW221130C04375000,23.35,0.1932,0.036991785173115924,0.9921314374190993
2022-11-30,78,0.2135523613963039,4380,1.112603917923538,3958.28221936279,1.1065406045517137,Call,SPXW,SPXW221130C04380000,22.65,0.1929,0.036991785173115924,0.9921314374190993
2022-11-30,78,0.2135523613963039,4385,1.1138740137202545,3958.28221936279,1.1078037787578228,Call,SPXW,SPXW221130C04385000,21.95,0.1925,0.036991785173115924,0.9921314374190993
2022-11-30,78,0.2135523613963039,4390,1.115144109516971,3958.28221936279,1.109066952963932,Call,SPXW,SPXW221130C04390000,21.35,0.1923,0.036991785173115924,0.9921314374190993
2022-11-30,78,0.2135523613963039,4395,1.1164142053136872,3958.28221936279,1.1103301271700414,Call,SPXW,SPXW221130C04395000,20.65,0.192,0.036991785173115924,0.9921314374190993
2022-11-30,78,0.2135523613963039,4400,1.1176843011104036,3958.28221936279,1.1115933013761505,Call,SPXW,SPXW221130C04400000,20.0,0.1916,0.036991785173115924,0.9921314374190993
2022-11-30,78,0.2135523613963039,4405,1.11895439690712,3958.28221936279,1.1128564755822599,Call,SPXW,SPXW221130C04405000,19.45,0.1916,0.036991785173115924,0.9921314374190993
2022-11-30,78,0.2135523613963039,4410,1.1202244927038363,3958.28221936279,1.1141196497883692,Call,SPXW,SPXW221130C04410000,18.85,0.1913,0.036991785173115924,0.9921314374190993
2022-11-30,78,0.2135523613963039,4420,1.1227646842972692,3958.28221936279,1.1166459982005876,Call,SPXW,SPXW221130C04420000,17.700000000000003,0.1907,0.036991785173115924,0.9921314374190993
2022-11-30,78,0.2135523613963039,4425,1.1240347800939854,3958.28221936279,1.117909172406697,Call,SPXW,SPXW221130C04425000,17.200000000000003,0.1906,0.036991785173115924,0.9921314374190993
2022-11-30,78,0.2135523613963039,4430,1.1253048758907018,3958.28221936279,1.1191723466128063,Call,SPXW,SPXW221130C04430000,16.700000000000003,0.1905,0.036991785173115924,0.9921314374190993
2022-11-30,78,0.2135523613963039,4435,1.1265749716874183,3958.28221936279,1.1204355208189154,Call,SPXW,SPXW221130C04435000,16.200000000000003,0.1903,0.036991785173115924,0.9921314374190993
2022-11-30,78,0.2135523613963039,4440,1.1278450674841345,3958.28221936279,1.1216986950250247,Call,SPXW,SPXW221130C04440000,15.700000000000001,0.1901,0.036991785173115924,0.9921314374190993
2022-11-30,78,0.2135523613963039,4445,1.129115163280851,3958.28221936279,1.122961869231134,Call,SPXW,SPXW221130C04445000,15.2,0.1898,0.036991785173115924,0.9921314374190993
2022-11-30,78,0.2135523613963039,4450,1.1303852590775674,3958.28221936279,1.1242250434372432,Call,SPXW,SPXW221130C04450000,14.7,0.1896,0.036991785173115924,0.9921314374190993
2022-11-30,78,0.2135523613963039,4455,1.1316553548742836,3958.28221936279,1.1254882176433525,Call,SPXW,SPXW221130C04455000,14.25,0.1894,0.036991785173115924,0.9921314374190993
2022-11-30,78,0.2135523613963039,4460,1.132925450671,3958.28221936279,1.1267513918494618,Call,SPXW,SPXW221130C04460000,13.8,0.1892,0.036991785173115924,0.9921314374190993
2022-11-30,78,0.2135523613963039,4465,1.1341955464677165,3958.28221936279,1.128014566055571,Call,SPXW,SPXW221130C04465000,13.4,0.1891,0.036991785173115924,0.9921314374190993
2022-11-30,78,0.2135523613963039,4470,1.1354656422644327,3958.28221936279,1.1292777402616803,Call,SPXW,SPXW221130C04470000,12.95,0.1888,0.036991785173115924,0.9921314374190993
2022-11-30,78,0.2135523613963039,4475,1.1367357380611491,3958.28221936279,1.1305409144677896,Call,SPXW,SPXW221130C04475000,12.55,0.1887,0.036991785173115924,0.9921314374190993
2022-11-30,78,0.2135523613963039,4480,1.1380058338578656,3958.28221936279,1.1318040886738987,Call,SPXW,SPXW221130C04480000,12.15,0.1885,0.036991785173115924,0.9921314374190993
2022-11-30,78,0.2135523613963039,4485,1.1392759296545818,3958.28221936279,1.133067262880008,Call,SPXW,SPXW221130C04485000,11.75,0.1882,0.036991785173115924,0.9921314374190993
2022-11-30,78,0.2135523613963039,4490,1.1405460254512982,3958.28221936279,1.1343304370861174,Call,SPXW,SPXW221130C04490000,11.45,0.1884,0.036991785173115924,0.9921314374190993
2022-11-30,78,0.2135523613963039,4495,1.1418161212480147,3958.28221936279,1.1355936112922267,Call,SPXW,SPXW221130C04495000,11.05,0.188,0.036991785173115924,0.9921314374190993
2022-11-30,78,0.2135523613963039,4500,1.143086217044731,3958.28221936279,1.1368567854983358,Call,SPXW,SPXW221130C04500000,10.7,0.1879,0.036991785173115924,0.9921314374190993
2022-11-30,78,0.2135523613963039,4505,1.1443563128414473,3958.28221936279,1.1381199597044451,Call,SPXW,SPXW221130C04505000,10.35,0.1877,0.036991785173115924,0.9921314374190993
2022-11-30,78,0.2135523613963039,4510,1.1456264086381638,3958.28221936279,1.1393831339105545,Call,SPXW,SPXW221130C04510000,10.05,0.1877,0.036991785173115924,0.9921314374190993
2022-11-30,78,0.2135523613963039,4515,1.14689650443488,3958.28221936279,1.1406463081166636,Call,SPXW,SPXW221130C04515000,9.75,0.1876,0.036991785173115924,0.9921314374190993
2022-11-30,78,0.2135523613963039,4525,1.1494366960283129,3958.28221936279,1.1431726565288822,Call,SPXW,SPXW221130C04525000,9.15,0.1874,0.036991785173115924,0.9921314374190993
2022-11-30,78,0.2135523613963039,4530,1.150706791825029,3958.28221936279,1.1444358307349913,Call,SPXW,SPXW221130C04530000,8.85,0.1873,0.036991785173115924,0.9921314374190993
2022-11-30,78,0.2135523613963039,4535,1.1519768876217455,3958.28221936279,1.1456990049411007,Call,SPXW,SPXW221130C04535000,8.55,0.1871,0.036991785173115924,0.9921314374190993
2022-11-30,78,0.2135523613963039,4540,1.153246983418462,3958.28221936279,1.14696217914721,Call,SPXW,SPXW221130C04540000,8.3,0.1871,0.036991785173115924,0.9921314374190993
2022-11-30,78,0.2135523613963039,4550,1.1557871750118947,3958.28221936279,1.1494885275594284,Call,SPXW,SPXW221130C04550000,7.75,0.1868,0.036991785173115924,0.9921314374190993
2022-11-30,78,0.2135523613963039,4555,1.157057270808611,3958.28221936279,1.1507517017655378,Call,SPXW,SPXW221130C04555000,7.5,0.1866,0.036991785173115924,0.9921314374190993
2022-11-30,78,0.2135523613963039,4560,1.1583273666053273,3958.28221936279,1.152014875971647,Call,SPXW,SPXW221130C04560000,7.3,0.1868,0.036991785173115924,0.9921314374190993
2022-11-30,78,0.2135523613963039,4570,1.1608675581987602,3958.28221936279,1.1545412243838655,Call,SPXW,SPXW221130C04570000,6.8,0.1864,0.036991785173115924,0.9921314374190993
2022-11-30,78,0.2135523613963039,4575,1.1621376539954764,3958.28221936279,1.1558043985899749,Call,SPXW,SPXW221130C04575000,6.6,0.1864,0.036991785173115924,0.9921314374190993
2022-11-30,78,0.2135523613963039,4580,1.1634077497921929,3958.28221936279,1.157067572796084,Call,SPXW,SPXW221130C04580000,6.4,0.1864,0.036991785173115924,0.9921314374190993
2022-11-30,78,0.2135523613963039,4590,1.1659479413856255,3958.28221936279,1.1595939212083026,Call,SPXW,SPXW221130C04590000,6.0,0.1863,0.036991785173115924,0.9921314374190993
2022-11-30,78,0.2135523613963039,4610,1.171028324572491,3958.28221936279,1.1646466180327397,Call,SPXW,SPXW221130C04610000,5.25,0.186,0.036991785173115924,0.9921314374190993
2022-12-16,94,0.25661647273556926,2775,0.7049031671775841,3962.7344498288135,0.7002740241955596,Put,SPX,SPX221216P02775000,12.4,0.413,0.03707827394372076,0.9905302275189892
2022-12-16,94,0.25661647273556926,2800,0.7112536461611659,3962.7344498288135,0.7065827991883123,Put,SPX,SPX221216P02800000,13.0,0.408,0.03707827394372076,0.9905302275189892
2022-12-16,94,0.25661647273556926,2825,0.7176041251447478,3962.7344498288135,0.7128915741810652,Put,SPX,SPX221216P02825000,13.6,0.4028,0.03707827394372076,0.9905302275189892
2022-12-16,94,0.25661647273556926,2850,0.7239546041283296,3962.7344498288135,0.7192003491738179,Put,SPX,SPX221216P02850000,14.3,0.398,0.03707827394372076,0.9905302275189892
2022-12-16,94,0.25661647273556926,2875,0.7303050831119114,3962.7344498288135,0.7255091241665708,Put,SPX,SPX221216P02875000,14.95,0.3928,0.03707827394372076,0.9905302275189892
2022-12-16,94,0.25661647273556926,2900,0.7366555620954933,3962.7344498288135,0.7318178991593235,Put,SPX,SPX221216P02900000,15.700000000000001,0.3879,0.03707827394372076,0.9905302275189892
2022-12-16,94,0.25661647273556926,2925,0.7430060410790751,3962.7344498288135,0.7381266741520763,Put,SPX,SPX221216P02925000,16.5,0.3832,0.03707827394372076,0.9905302275189892
2022-12-16,94,0.25661647273556926,2950,0.749356520062657,3962.7344498288135,0.7444354491448291,Put,SPX,SPX221216P02950000,17.35,0.3785,0.03707827394372076,0.9905302275189892
2022-12-16,94,0.25661647273556926,2975,0.7557069990462388,3962.7344498288135,0.7507442241375819,Put,SPX,SPX221216P02975000,18.25,0.3738,0.03707827394372076,0.9905302275189892
2022-12-16,94,0.25661647273556926,3000,0.7620574780298206,3962.7344498288135,0.7570529991303346,Put,SPX,SPX221216P03000000,19.15,0.3689,0.03707827394372076,0.9905302275189892
2022-12-16,94,0.25661647273556926,3025,0.7684079570134025,3962.7344498288135,0.7633617741230875,Put,SPX,SPX221216P03025000,20.15,0.3643,0.03707827394372076,0.9905302275189892
2022-12-16,94,0.25661647273556926,3050,0.7747584359969844,3962.7344498288135,0.7696705491158402,Put,SPX,SPX221216P03050000,21.25,0.3599,0.03707827394372076,0.9905302275189892
2022-12-16,94,0.25661647273556926,3075,0.7811089149805661,3962.7344498288135,0.775979324108593,Put,SPX,SPX221216P03075000,22.4,0.3554,0.03707827394372076,0.9905302275189892
2022-12-16,94,0.25661647273556926,3100,0.787459393964148,3962.7344498288135,0.7822880991013459,Put,SPX,SPX221216P03100000,23.6,0.3509,0.03707827394372076,0.9905302275189892
2022-12-16,94,0.25661647273556926,3125,0.7938098729477299,3962.7344498288135,0.7885968740940986,Put,SPX,SPX221216P03125000,24.9,0.3465,0.03707827394372076,0.9905302275189892
2022-12-16,94,0.25661647273556926,3150,0.8001603519313116,3962.7344498288135,0.7949056490868515,Put,SPX,SPX221216P03150000,26.3,0.3422,0.03707827394372076,0.9905302275189892
2022-12-16,94,0.25661647273556926,3175,0.8065108309148935,3962.7344498288135,0.8012144240796042,Put,SPX,SPX221216P03175000,27.85,0.3382,0.03707827394372076,0.9905302275189892
2022-12-16,94,0.25661647273556926,3200,0.8128613098984754,3962.7344498288135,0.807523199072357,Put,SPX,SPX221216P03200000,29.45,0.334,0.03707827394372076,0.9905302275189892
2022-12-16,94,0.25661647273556926,3210,0.815401501491908,3962.7344498288135,0.8100467090694581,Put,SPX,SPX221216P03210000,30.15,0.3325,0.03707827394372076,0.9905302275189892
2022-12-16,94,0.25661647273556926,3220,0.8179416930853408,3962.7344498288135,0.8125702190665592,Put,SPX,SPX221216P03220000,30.85,0.3309,0.03707827394372076,0.9905302275189892
2022-12-16,94,0.25661647273556926,3225,0.8192117888820571,3962.7344498288135,0.8138319740651098,Put,SPX,SPX221216P03225000,31.15,0.3299,0.03707827394372076,0.9905302275189892
2022-12-16,94,0.25661647273556926,3230,0.8204818846787736,3962.7344498288135,0.8150937290636603,Put,SPX,SPX221216P03230000,31.55,0.3292,0.03707827394372076,0.9905302275189892
2022-12-16,94,0.25661647273556926,3240,0.8230220762722062,3962.7344498288135,0.8176172390607614,Put,SPX,SPX221216P03240000,32.25,0.3275,0.03707827394372076,0.9905302275189892
2022-12-16,94,0.25661647273556926,3250,0.825562267865639,3962.7344498288135,0.8201407490578626,Put,SPX,SPX221216P03250000,33.05,0.3261,0.03707827394372076,0.9905302275189892
2022-12-16,94,0.25661647273556926,3260,0.8281024594590718,3962.7344498288135,0.8226642590549637,Put,SPX,SPX221216P03260000,33.849999999999994,0.3246,0.03707827394372076,0.9905302275189892
2022-12-16,94,0.25661647273556926,3270,0.8306426510525045,3962.7344498288135,0.8251877690520648,Put,SPX,SPX221216P03270000,34.650000000000006,0.323,0.03707827394372076,0.9905302275189892
2022-12-16,94,0.25661647273556926,3275,0.8319127468492209,3962.7344498288135,0.8264495240506153,Put,SPX,SPX221216P03275000,35.05,0.3222,0.03707827394372076,0.9905302275189892
2022-12-16,94,0.25661647273556926,3280,0.8331828426459372,3962.7344498288135,0.827711279049166,Put,SPX,SPX221216P03280000,35.5,0.3216,0.03707827394372076,0.9905302275189892
2022-12-16,94,0.25661647273556926,3290,0.83572303423937,3962.7344498288135,0.830234789046267,Put,SPX,SPX221216P03290000,36.349999999999994,0.32,0.03707827394372076,0.9905302275189892
2022-12-16,94,0.25661647273556926,3300,0.8382632258328027,3962.7344498288135,0.8327582990433682,Put,SPX,SPX221216P03300000,37.2,0.3185,0.03707827394372076,0.9905302275189892
2022-12-16,94,0.25661647273556926,3310,0.8408034174262354,3962.7344498288135,0.8352818090404692,Put,SPX,SPX221216P03310000,38.150000000000006,0.3171,0.03707827394372076,0.9905302275189892
2022-12-16,94,0.25661647273556926,3320,0.8433436090196682,3962.7344498288135,0.8378053190375704,Put,SPX,SPX221216P03320000,39.1,0.3157,0.03707827394372076,0.9905302275189892
2022-12-16,94,0.25661647273556926,3325,0.8446137048163845,3962.7344498288135,0.8390670740361209,Put,SPX,SPX221216P03325000,39.6,0.315,0.03707827394372076,0.9905302275189892
2022-12-16,94,0.25661647273556926,3330,0.8458838006131009,3962.7344498288135,0.8403288290346715,Put,SPX,SPX221216P03330000,40.1,0.3143,0.03707827394372076,0.9905302275189892
2022-12-16,94,0.25661647273556926,3340,0.8484239922065336,3962.7344498288135,0.8428523390317726,Put,SPX,SPX221216P03340000,41.05,0.3128,0.03707827394372076,0.9905302275189892
2022-12-16,94,0.25661647273556926,3350,0.8509641837999664,3962.7344498288135,0.8453758490288737,Put,SPX,SPX221216P03350000,42.1,0.3114,0.03707827394372076,0.9905302275189892
2022-12-16,94,0.25661647273556926,3360,0.8535043753933991,3962.7344498288135,0.8478993590259748,Put,SPX,SPX221216P03360000,43.1,0.3099,0.03707827394372076,0.9905302275189892
2022-12-16,94,0.25661647273556926,3370,0.8560445669868318,3962.7344498288135,0.850422869023076,Put,SPX,SPX221216P03370000,44.2,0.3086,0.03707827394372076,0.9905302275189892
2022-12-16,94,0.25661647273556926,3375,0.8573146627835482,3962.7344498288135,0.8516846240216265,Put,SPX,SPX221216P03375000,44.75,0.3079,0.03707827394372076,0.9905302275189892
2022-12-16,94,0.25661647273556926,3380,0.8585847585802646,3962.7344498288135,0.8529463790201771,Put,SPX,SPX221216P03380000,45.35,0.3073,0.03707827394372076,0.9905302275189892
2022-12-16,94,0.25661647273556926,3390,0.8611249501736973,3962.7344498288135,0.8554698890172782,Put,SPX,SPX221216P03390000,46.5,0.3059,0.03707827394372076,0.9905302275189892
2022-12-16,94,0.25661647273556926,3400,0.86366514176713,3962.7344498288135,0.8579933990143793,Put,SPX,SPX221216P03400000,47.65,0.3045,0.03707827394372076,0.9905302275189892
2022-12-16,94,0.25661647273556926,3410,0.8662053333605628,3962.7344498288135,0.8605169090114804,Put,SPX,SPX221216P03410000,48.9,0.3032,0.03707827394372076,0.9905302275189892
2022-12-16,94,0.25661647273556926,3420,0.8687455249539955,3962.7344498288135,0.8630404190085815,Put,SPX,SPX221216P03420000,50.15,0.3019,0.03707827394372076,0.9905302275189892
2022-12-16,94,0.25661647273556926,3425,0.8700156207507119,3962.7344498288135,0.864302174007132,Put,SPX,SPX221216P03425000,50.75,0.3012,0.03707827394372076,0.9905302275189892
2022-12-16,94,0.25661647273556926,3430,0.8712857165474283,3962.7344498288135,0.8655639290056827,Put,SPX,SPX221216P03430000,51.45,0.3007,0.03707827394372076,0.9905302275189892
2022-12-16,94,0.25661647273556926,3440,0.873825908140861,3962.7344498288135,0.8680874390027837,Put,SPX,SPX221216P03440000,52.75,0.2993,0.03707827394372076,0.9905302275189892
2022-12-16,94,0.25661647273556926,3450,0.8763660997342937,3962.7344498288135,0.8706109489998849,Put,SPX,SPX221216P03450000,54.15,0.2981,0.03707827394372076,0.9905302275189892
2022-12-16,94,0.25661647273556926,3460,0.8789062913277265,3962.7344498288135,0.873134458996986,Put,SPX,SPX221216P03460000,55.55,0.2969,0.03707827394372076,0.9905302275189892
2022-12-16,94,0.25661647273556926,3470,0.8814464829211592,3962.7344498288135,0.8756579689940871,Put,SPX,SPX221216P03470000,57.0,0.2956,0.03707827394372076,0.9905302275189892
2022-12-16,94,0.25661647273556926,3475,0.8827165787178756,3962.7344498288135,0.8769197239926376,Put,SPX,SPX221216P03475000,57.75,0.295,0.03707827394372076,0.9905302275189892
2022-12-16,94,0.25661647273556926,3480,0.8839866745145919,3962.7344498288135,0.8781814789911883,Put,SPX,SPX221216P03480000,58.5,0.2944,0.03707827394372076,0.9905302275189892
2022-12-16,94,0.25661647273556926,3490,0.8865268661080247,3962.7344498288135,0.8807049889882893,Put,SPX,SPX221216P03490000,60.0,0.2932,0.03707827394372076,0.9905302275189892
2022-12-16,94,0.25661647273556926,3500,0.8890670577014574,3962.7344498288135,0.8832284989853905,Put,SPX,SPX221216P03500000,61.599999999999994,0.292,0.03707827394372076,0.9905302275189892
2022-12-16,94,0.25661647273556926,3510,0.8916072492948901,3962.7344498288135,0.8857520089824916,Put,SPX,SPX221216P03510000,63.2,0.2908,0.03707827394372076,0.9905302275189892
2022-12-16,94,0.25661647273556926,3520,0.8941474408883229,3962.7344498288135,0.8882755189795927,Put,SPX,SPX221216P03520000,64.9,0.2897,0.03707827394372076,0.9905302275189892
2022-12-16,94,0.25661647273556926,3525,0.8954175366850392,3962.7344498288135,0.8895372739781432,Put,SPX,SPX221216P03525000,65.7,0.289,0.03707827394372076,0.9905302275189892
2022-12-16,94,0.25661647273556926,3530,0.8966876324817556,3962.7344498288135,0.8907990289766938,Put,SPX,SPX221216P03530000,66.6,0.2885,0.03707827394372076,0.9905302275189892
2022-12-16,94,0.25661647273556926,3540,0.8992278240751883,3962.7344498288135,0.8933225389737949,Put,SPX,SPX221216P03540000,68.35,0.2874,0.03707827394372076,0.9905302275189892
2022-12-16,94,0.25661647273556926,3550,0.9017680156686211,3962.7344498288135,0.895846048970896,Put,SPX,SPX221216P03550000,70.15,0.2862,0.03707827394372076,0.9905302275189892
2022-12-16,94,0.25661647273556926,3560,0.9043082072620539,3962.7344498288135,0.8983695589679972,Put,SPX,SPX221216P03560000,71.95,0.285,0.03707827394372076,0.9905302275189892
2022-12-16,94,0.25661647273556926,3570,0.9068483988554865,3962.7344498288135,0.9008930689650982,Put,SPX,SPX221216P03570000,73.85,0.2839,0.03707827394372076,0.9905302275189892
2022-12-16,94,0.25661647273556926,3575,0.908118494652203,3962.7344498288135,0.9021548239636489,Put,SPX,SPX221216P03575000,74.85,0.2834,0.03707827394372076,0.9905302275189892
2022-12-16,94,0.25661647273556926,3580,0.9093885904489193,3962.7344498288135,0.9034165789621994,Put,SPX,SPX221216P03580000,75.8,0.2828,0.03707827394372076,0.9905302275189892
2022-12-16,94,0.25661647273556926,3590,0.9119287820423521,3962.7344498288135,0.9059400889593004,Put,SPX,SPX221216P03590000,77.75,0.2816,0.03707827394372076,0.9905302275189892
2022-12-16,94,0.25661647273556926,3600,0.9144689736357847,3962.7344498288135,0.9084635989564016,Put,SPX,SPX221216P03600000,79.85,0.2806,0.03707827394372076,0.9905302275189892
2022-12-16,94,0.25661647273556926,3610,0.9170091652292175,3962.7344498288135,0.9109871089535028,Put,SPX,SPX221216P03610000,81.9,0.2795,0.03707827394372076,0.9905302275189892
2022-12-16,94,0.25661647273556926,3620,0.9195493568226503,3962.7344498288135,0.9135106189506038,Put,SPX,SPX221216P03620000,84.05,0.2784,0.03707827394372076,0.9905302275189892
2022-12-16,94,0.25661647273556926,3625,0.9208194526193666,3962.7344498288135,0.9147723739491544,Put,SPX,SPX221216P03625000,85.15,0.2779,0.03707827394372076,0.9905302275189892
2022-12-16,94,0.25661647273556926,3630,0.9220895484160829,3962.7344498288135,0.916034128947705,Put,SPX,SPX221216P03630000,86.2,0.2772,0.03707827394372076,0.9905302275189892
2022-12-16,94,0.25661647273556926,3640,0.9246297400095157,3962.7344498288135,0.9185576389448061,Put,SPX,SPX221216P03640000,88.45,0.2762,0.03707827394372076,0.9905302275189892
2022-12-16,94,0.25661647273556926,3650,0.9271699316029485,3962.7344498288135,0.9210811489419072,Put,SPX,SPX221216P03650000,90.7,0.275,0.03707827394372076,0.9905302275189892
2022-12-16,94,0.25661647273556926,3660,0.9297101231963811,3962.7344498288135,0.9236046589390083,Put,SPX,SPX221216P03660000,93.05,0.274,0.03707827394372076,0.9905302275189892
2022-12-16,94,0.25661647273556926,3670,0.9322503147898139,3962.7344498288135,0.9261281689361094,Put,SPX,SPX221216P03670000,95.4,0.2728,0.03707827394372076,0.9905302275189892
2022-12-16,94,0.25661647273556926,3675,0.9335204105865302,3962.7344498288135,0.92738992393466,Put,SPX,SPX221216P03675000,96.65,0.2723,0.03707827394372076,0.9905302275189892
2022-12-16,94,0.25661647273556926,3680,0.9347905063832467,3962.7344498288135,0.9286516789332105,Put,SPX,SPX221216P03680000,97.9,0.2718,0.03707827394372076,0.9905302275189892
2022-12-16,94,0.25661647273556926,3690,0.9373306979766793,3962.7344498288135,0.9311751889303117,Put,SPX,SPX221216P03690000,100.35,0.2706,0.03707827394372076,0.9905302275189892
2022-12-16,94,0.25661647273556926,3700,0.9398708895701121,3962.7344498288135,0.9336986989274128,Put,SPX,SPX221216P03700000,102.9,0.2695,0.03707827394372076,0.9905302275189892
2022-12-16,94,0.25661647273556926,3710,0.9424110811635449,3962.7344498288135,0.9362222089245139,Put,SPX,SPX221216P03710000,105.5,0.2684,0.03707827394372076,0.9905302275189892
2022-12-16,94,0.25661647273556926,3720,0.9449512727569775,3962.7344498288135,0.938745718921615,Put,SPX,SPX221216P03720000,108.1,0.2672,0.03707827394372076,0.9905302275189892
2022-12-16,94,0.25661647273556926,3725,0.946221368553694,3962.7344498288135,0.9400074739201656,Put,SPX,SPX221216P03725000,109.44999999999999,0.2667,0.03707827394372076,0.9905302275189892
2022-12-16,94,0.25661647273556926,3730,0.9474914643504103,3962.7344498288135,0.9412692289187161,Put,SPX,SPX221216P03730000,110.8,0.2661,0.03707827394372076,0.9905302275189892
2022-12-16,94,0.25661647273556926,3740,0.9500316559438431,3962.7344498288135,0.9437927389158173,Put,SPX,SPX221216P03740000,113.55000000000001,0.265,0.03707827394372076,0.9905302275189892
2022-12-16,94,0.25661647273556926,3750,0.9525718475372758,3962.7344498288135,0.9463162489129183,Put,SPX,SPX221216P03750000,116.35,0.2639,0.03707827394372076,0.9905302275189892
2022-12-16,94,0.25661647273556926,3760,0.9551120391307085,3962.7344498288135,0.9488397589100195,Put,SPX,SPX221216P03760000,119.25,0.2628,0.03707827394372076,0.9905302275189892
2022-12-16,94,0.25661647273556926,3770,0.9576522307241413,3962.7344498288135,0.9513632689071205,Put,SPX,SPX221216P03770000,122.15,0.2616,0.03707827394372076,0.9905302275189892
2022-12-16,94,0.25661647273556926,3775,0.9589223265208576,3962.7344498288135,0.9526250239056712,Put,SPX,SPX221216P03775000,123.65,0.261,0.03707827394372076,0.9905302275189892
2022-12-16,94,0.25661647273556926,3780,0.960192422317574,3962.7344498288135,0.9538867789042217,Put,SPX,SPX221216P03780000,125.15,0.2605,0.03707827394372076,0.9905302275189892
2022-12-16,94,0.25661647273556926,3790,0.9627326139110067,3962.7344498288135,0.9564102889013228,Put,SPX,SPX221216P03790000,128.25,0.2594,0.03707827394372076,0.9905302275189892
2022-12-16,94,0.25661647273556926,3800,0.9652728055044395,3962.7344498288135,0.9589337988984239,Put,SPX,SPX221216P03800000,131.35,0.2582,0.03707827394372076,0.9905302275189892
2022-12-16,94,0.25661647273556926,3810,0.9678129970978722,3962.7344498288135,0.961457308895525,Put,SPX,SPX221216P03810000,134.5,0.2571,0.03707827394372076,0.9905302275189892
2022-12-16,94,0.25661647273556926,3820,0.9703531886913049,3962.7344498288135,0.9639808188926262,Put,SPX,SPX221216P03820000,137.75,0.2559,0.03707827394372076,0.9905302275189892
2022-12-16,94,0.25661647273556926,3825,0.9716232844880213,3962.7344498288135,0.9652425738911767,Put,SPX,SPX221216P03825000,139.35,0.2553,0.03707827394372076,0.9905302275189892
2022-12-16,94,0.25661647273556926,3830,0.9728933802847377,3962.7344498288135,0.9665043288897273,Put,SPX,SPX221216P03830000,141.0,0.2547,0.03707827394372076,0.9905302275189892
2022-12-16,94,0.25661647273556926,3840,0.9754335718781704,3962.7344498288135,0.9690278388868284,Put,SPX,SPX221216P03840000,144.4,0.2536,0.03707827394372076,0.9905302275189892
2022-12-16,94,0.25661647273556926,3850,0.9779737634716031,3962.7344498288135,0.9715513488839295,Put,SPX,SPX221216P03850000,147.8,0.2524,0.03707827394372076,0.9905302275189892
2022-12-16,94,0.25661647273556926,3860,0.9805139550650359,3962.7344498288135,0.9740748588810306,Put,SPX,SPX221216P03860000,151.3,0.2512,0.03707827394372076,0.9905302275189892
2022-12-16,94,0.25661647273556926,3870,0.9830541466584686,3962.7344498288135,0.9765983688781318,Put,SPX,SPX221216P03870000,154.9,0.2501,0.03707827394372076,0.9905302275189892
2022-12-16,94,0.25661647273556926,3875,0.984324242455185,3962.7344498288135,0.9778601238766823,Put,SPX,SPX221216P03875000,156.7,0.2495,0.03707827394372076,0.9905302275189892
2022-12-16,94,0.25661647273556926,3880,0.9855943382519013,3962.7344498288135,0.9791218788752328,Put,SPX,SPX221216P03880000,158.5,0.2489,0.03707827394372076,0.9905302275189892
2022-12-16,94,0.25661647273556926,3885,0.9868644340486177,3962.7344498288135,0.9803836338737835,Put,SPX,SPX221216P03885000,160.3,0.2483,0.03707827394372076,0.9905302275189892
2022-12-16,94,0.25661647273556926,3890,0.9881345298453341,3962.7344498288135,0.981645388872334,Put,SPX,SPX221216P03890000,162.2,0.2477,0.03707827394372076,0.9905302275189892
2022-12-16,94,0.25661647273556926,3895,0.9894046256420505,3962.7344498288135,0.9829071438708845,Put,SPX,SPX221216P03895000,164.1,0.2472,0.03707827394372076,0.9905302275189892
2022-12-16,94,0.25661647273556926,3900,0.9906747214387668,3962.7344498288135,0.984168898869435,Put,SPX,SPX221216P03900000,166.0,0.2466,0.03707827394372076,0.9905302275189892
2022-12-16,94,0.25661647273556926,3905,0.9919448172354832,3962.7344498288135,0.9854306538679857,Put,SPX,SPX221216P03905000,167.9,0.246,0.03707827394372076,0.9905302275189892
2022-12-16,94,0.25661647273556926,3910,0.9932149130321996,3962.7344498288135,0.9866924088665362,Put,SPX,SPX221216P03910000,169.8,0.2454,0.03707827394372076,0.9905302275189892
2022-12-16,94,0.25661647273556926,3915,0.9944850088289159,3962.7344498288135,0.9879541638650867,Put,SPX,SPX221216P03915000,171.7,0.2447,0.03707827394372076,0.9905302275189892
2022-12-16,94,0.25661647273556926,3920,0.9957551046256323,3962.7344498288135,0.9892159188636374,Put,SPX,SPX221216P03920000,173.64999999999998,0.2441,0.03707827394372076,0.9905302275189892
2022-12-16,94,0.25661647273556926,3925,0.9970252004223487,3962.7344498288135,0.9904776738621879,Put,SPX,SPX221216P03925000,175.7,0.2436,0.03707827394372076,0.9905302275189892
2022-12-16,94,0.25661647273556926,3930,0.998295296219065,3962.7344498288135,0.9917394288607384,Put,SPX,SPX221216P03930000,177.64999999999998,0.2429,0.03707827394372076,0.9905302275189892
2022-12-16,94,0.25661647273556926,3935,0.9995653920157814,3962.7344498288135,0.993001183859289,Put,SPX,SPX221216P03935000,179.75,0.2424,0.03707827394372076,0.9905302275189892
2022-12-16,94,0.25661647273556926,3940,1.0008354878124979,3962.7344498288135,0.9942629388578396,Put,SPX,SPX221216P03940000,181.8,0.2418,0.03707827394372076,0.9905302275189892
2022-12-16,94,0.25661647273556926,3945,1.002105583609214,3962.7344498288135,0.9955246938563901,Put,SPX,SPX221216P03945000,183.85000000000002,0.2412,0.03707827394372076,0.9905302275189892
2022-12-16,94,0.25661647273556926,3950,1.0033756794059305,3962.7344498288135,0.9967864488549406,Put,SPX,SPX221216P03950000,185.85000000000002,0.2405,0.03707827394372076,0.9905302275189892
2022-12-16,94,0.25661647273556926,3955,1.004645775202647,3962.7344498288135,0.9980482038534912,Put,SPX,SPX221216P03955000,187.95,0.2399,0.03707827394372076,0.9905302275189892
2022-12-16,94,0.25661647273556926,3960,1.0059158709993632,3962.7344498288135,0.9993099588520418,Put,SPX,SPX221216P03960000,190.14999999999998,0.2394,0.03707827394372076,0.9905302275189892
2022-12-16,94,0.25661647273556926,3970,1.008456062592796,3962.7344498288135,1.0018334688491428,Call,SPX,SPX221216C03970000,182.64999999999998,0.2378,0.03707827394372076,0.9905302275189892
2022-12-16,94,0.25661647273556926,3975,1.0097261583895123,3962.7344498288135,1.0030952238476936,Call,SPX,SPX221216C03975000,179.95,0.237,0.03707827394372076,0.9905302275189892
2022-12-16,94,0.25661647273556926,3980,1.0109962541862287,3962.7344498288135,1.004356978846244,Call,SPX,SPX221216C03980000,177.2,0.2366,0.03707827394372076,0.9905302275189892
2022-12-16,94,0.25661647273556926,3990,1.0135364457796614,3962.7344498288135,1.0068804888433451,Call,SPX,SPX221216C03990000,171.75,0.2354,0.03707827394372076,0.9905302275189892
2022-12-16,94,0.25661647273556926,4000,1.0160766373730943,3962.7344498288135,1.0094039988404462,Call,SPX,SPX221216C04000000,166.3,0.2342,0.03707827394372076,0.9905302275189892
2022-12-16,94,0.25661647273556926,4010,1.018616828966527,3962.7344498288135,1.0119275088375475,Call,SPX,SPX221216C04010000,161.0,0.233,0.03707827394372076,0.9905302275189892
2022-12-16,94,0.25661647273556926,4020,1.0211570205599596,3962.7344498288135,1.0144510188346485,Call,SPX,SPX221216C04020000,155.8,0.2317,0.03707827394372076,0.9905302275189892
2022-12-16,94,0.25661647273556926,4025,1.022427116356676,3962.7344498288135,1.015712773833199,Call,SPX,SPX221216C04025000,153.25,0.2311,0.03707827394372076,0.9905302275189892
2022-12-16,94,0.25661647273556926,4030,1.0236972121533925,3962.7344498288135,1.0169745288317495,Call,SPX,SPX221216C04030000,150.7,0.2306,0.03707827394372076,0.9905302275189892
2022-12-16,94,0.25661647273556926,4040,1.0262374037468251,3962.7344498288135,1.0194980388288506,Call,SPX,SPX221216C04040000,145.7,0.2294,0.03707827394372076,0.9905302275189892
2022-12-16,94,0.25661647273556926,4050,1.0287775953402578,3962.7344498288135,1.0220215488259519,Call,SPX,SPX221216C04050000,140.75,0.2282,0.03707827394372076,0.9905302275189892
2022-12-16,94,0.25661647273556926,4060,1.0313177869336907,3962.7344498288135,1.024545058823053,Call,SPX,SPX221216C04060000,135.9,0.227,0.03707827394372076,0.9905302275189892
2022-12-16,94,0.25661647273556926,4065,1.032587882730407,3962.7344498288135,1.0258068138216034,Call,SPX,SPX221216C04065000,133.5,0.2263,0.03707827394372076,0.9905302275189892
2022-12-16,94,0.25661647273556926,4070,1.0338579785271234,3962.7344498288135,1.027068568820154,Call,SPX,SPX221216C04070000,131.15,0.2258,0.03707827394372076,0.9905302275189892
2022-12-16,94,0.25661647273556926,4075,1.0351280743238398,3962.7344498288135,1.0283303238187047,Call,SPX,SPX221216C04075000,128.8,0.2251,0.03707827394372076,0.9905302275189892
2022-12-16,94,0.25661647273556926,4080,1.036398170120556,3962.7344498288135,1.0295920788172552,Call,SPX,SPX221216C04080000,126.5,0.2245,0.03707827394372076,0.9905302275189892
2022-12-16,94,0.25661647273556926,4090,1.038938361713989,3962.7344498288135,1.0321155888143563,Call,SPX,SPX221216C04090000,121.94999999999999,0.2234,0.03707827394372076,0.9905302275189892
2022-12-16,94,0.25661647273556926,4100,1.0414785533074216,3962.7344498288135,1.0346390988114573,Call,SPX,SPX221216C04100000,117.44999999999999,0.2222,0.03707827394372076,0.9905302275189892
2022-12-16,94,0.25661647273556926,4105,1.042748649104138,3962.7344498288135,1.0359008538100078,Call,SPX,SPX221216C04105000,115.25,0.2216,0.03707827394372076,0.9905302275189892
2022-12-16,94,0.25661647273556926,4110,1.0440187449008542,3962.7344498288135,1.0371626088085586,Call,SPX,SPX221216C04110000,113.15,0.221,0.03707827394372076,0.9905302275189892
2022-12-16,94,0.25661647273556926,4115,1.0452888406975707,3962.7344498288135,1.0384243638071091,Call,SPX,SPX221216C04115000,110.94999999999999,0.2205,0.03707827394372076,0.9905302275189892
2022-12-16,94,0.25661647273556926,4120,1.046558936494287,3962.7344498288135,1.0396861188056596,Call,SPX,SPX221216C04120000,108.85,0.22,0.03707827394372076,0.9905302275189892
2022-12-16,94,0.25661647273556926,4125,1.0478290322910033,3962.7344498288135,1.0409478738042102,Call,SPX,SPX221216C04125000,106.75,0.2194,0.03707827394372076,0.9905302275189892
2022-12-16,94,0.25661647273556926,4130,1.0490991280877198,3962.7344498288135,1.0422096288027607,Call,SPX,SPX221216C04130000,104.65,0.2187,0.03707827394372076,0.9905302275189892
2022-12-16,94,0.25661647273556926,4135,1.0503692238844362,3962.7344498288135,1.0434713838013112,Call,SPX,SPX221216C04135000,102.6,0.2182,0.03707827394372076,0.9905302275189892
2022-12-16,94,0.25661647273556926,4140,1.0516393196811524,3962.7344498288135,1.044733138799862,Call,SPX,SPX221216C04140000,100.6,0.2176,0.03707827394372076,0.9905302275189892
2022-12-16,94,0.25661647273556926,4150,1.0541795112745853,3962.7344498288135,1.047256648796963,Call,SPX,SPX221216C04150000,96.6,0.2166,0.03707827394372076,0.9905302275189892
2022-12-16,94,0.25661647273556926,4155,1.0554496070713015,3962.7344498288135,1.0485184037955135,Call,SPX,SPX221216C04155000,94.7,0.216,0.03707827394372076,0.9905302275189892
2022-12-16,94,0.25661647273556926,4160,1.056719702868018,3962.7344498288135,1.049780158794064,Call,SPX,SPX221216C04160000,92.8,0.2156,0.03707827394372076,0.9905302275189892
2022-12-16,94,0.25661647273556926,4165,1.0579897986647344,3962.7344498288135,1.0510419137926146,Call,SPX,SPX221216C04165000,90.9,0.215,0.03707827394372076,0.9905302275189892
2022-12-16,94,0.25661647273556926,4170,1.0592598944614506,3962.7344498288135,1.052303668791165,Call,SPX,SPX221216C04170000,89.0,0.2144,0.03707827394372076,0.9905302275189892
2022-12-16,94,0.25661647273556926,4175,1.060529990258167,3962.7344498288135,1.0535654237897158,Call,SPX,SPX221216C04175000,87.2,0.214,0.03707827394372076,0.9905302275189892
2022-12-16,94,0.25661647273556926,4180,1.0618000860548835,3962.7344498288135,1.0548271787882664,Call,SPX,SPX221216C04180000,85.3,0.2133,0.03707827394372076,0.9905302275189892
2022-12-16,94,0.25661647273556926,4185,1.0630701818515997,3962.7344498288135,1.056088933786817,Call,SPX,SPX221216C04185000,83.6,0.2129,0.03707827394372076,0.9905302275189892
2022-12-16,94,0.25661647273556926,4190,1.0643402776483162,3962.7344498288135,1.0573506887853674,Call,SPX,SPX221216C04190000,81.8,0.2124,0.03707827394372076,0.9905302275189892
2022-12-16,94,0.25661647273556926,4195,1.0656103734450326,3962.7344498288135,1.058612443783918,Call,SPX,SPX221216C04195000,80.05,0.2118,0.03707827394372076,0.9905302275189892
2022-12-16,94,0.25661647273556926,4200,1.0668804692417488,3962.7344498288135,1.0598741987824685,Call,SPX,SPX221216C04200000,78.35,0.2113,0.03707827394372076,0.9905302275189892
2022-12-16,94,0.25661647273556926,4205,1.0681505650384653,3962.7344498288135,1.0611359537810192,Call,SPX,SPX221216C04205000,76.65,0.2108,0.03707827394372076,0.9905302275189892
2022-12-16,94,0.25661647273556926,4210,1.0694206608351817,3962.7344498288135,1.0623977087795697,Call,SPX,SPX221216C04210000,75.0,0.2103,0.03707827394372076,0.9905302275189892
2022-12-16,94,0.25661647273556926,4220,1.0719608524286144,3962.7344498288135,1.0649212187766708,Call,SPX,SPX221216C04220000,71.75,0.2093,0.03707827394372076,0.9905302275189892
2022-12-16,94,0.25661647273556926,4225,1.0732309482253308,3962.7344498288135,1.0661829737752213,Call,SPX,SPX221216C04225000,70.15,0.2088,0.03707827394372076,0.9905302275189892
2022-12-16,94,0.25661647273556926,4230,1.074501044022047,3962.7344498288135,1.0674447287737718,Call,SPX,SPX221216C04230000,68.55,0.2083,0.03707827394372076,0.9905302275189892
2022-12-16,94,0.25661647273556926,4240,1.07704123561548,3962.7344498288135,1.069968238770873,Call,SPX,SPX221216C04240000,65.55,0.2074,0.03707827394372076,0.9905302275189892
2022-12-16,94,0.25661647273556926,4250,1.0795814272089126,3962.7344498288135,1.0724917487679742,Call,SPX,SPX221216C04250000,62.599999999999994,0.2064,0.03707827394372076,0.9905302275189892
2022-12-16,94,0.25661647273556926,4260,1.0821216188023453,3962.7344498288135,1.0750152587650752,Call,SPX,SPX221216C04260000,59.75,0.2055,0.03707827394372076,0.9905302275189892
2022-12-16,94,0.25661647273556926,4270,1.0846618103957781,3962.7344498288135,1.0775387687621765,Call,SPX,SPX221216C04270000,57.0,0.2047,0.03707827394372076,0.9905302275189892
2022-12-16,94,0.25661647273556926,4275,1.0859319061924944,3962.7344498288135,1.078800523760727,Call,SPX,SPX221216C04275000,55.65,0.2042,0.03707827394372076,0.9905302275189892
2022-12-16,94,0.25661647273556926,4280,1.0872020019892108,3962.7344498288135,1.0800622787592775,Call,SPX,SPX221216C04280000,54.3,0.2037,0.03707827394372076,0.9905302275189892
2022-12-16,94,0.25661647273556926,4290,1.0897421935826435,3962.7344498288135,1.0825857887563786,Call,SPX,SPX221216C04290000,51.8,0.203,0.03707827394372076,0.9905302275189892
2022-12-16,94,0.25661647273556926,4300,1.0922823851760763,3962.7344498288135,1.0851092987534796,Call,SPX,SPX221216C04300000,49.25,0.202,0.03707827394372076,0.9905302275189892
2022-12-16,94,0.25661647273556926,4310,1.094822576769509,3962.7344498288135,1.0876328087505809,Call,SPX,SPX221216C04310000,46.95,0.2013,0.03707827394372076,0.9905302275189892
2022-12-16,94,0.25661647273556926,4320,1.0973627683629417,3962.7344498288135,1.090156318747682,Call,SPX,SPX221216C04320000,44.65,0.2005,0.03707827394372076,0.9905302275189892
2022-12-16,94,0.25661647273556926,4325,1.098632864159658,3962.7344498288135,1.0914180737462325,Call,SPX,SPX221216C04325000,43.5,0.2,0.03707827394372076,0.9905302275189892
2022-12-16,94,0.25661647273556926,4330,1.0999029599563745,3962.7344498288135,1.092679828744783,Call,SPX,SPX221216C04330000,42.45,0.1997,0.03707827394372076,0.9905302275189892
2022-12-16,94,0.25661647273556926,4340,1.1024431515498072,3962.7344498288135,1.0952033387418842,Call,SPX,SPX221216C04340000,40.35,0.1989,0.03707827394372076,0.9905302275189892
2022-12-16,94,0.25661647273556926,4350,1.1049833431432399,3962.7344498288135,1.0977268487389853,Call,SPX,SPX221216C04350000,38.3,0.1982,0.03707827394372076,0.9905302275189892
2022-12-16,94,0.25661647273556926,4360,1.1075235347366728,3962.7344498288135,1.1002503587360863,Call,SPX,SPX221216C04360000,36.4,0.1975,0.03707827394372076,0.9905302275189892
2022-12-16,94,0.25661647273556926,4370,1.1100637263301054,3962.7344498288135,1.1027738687331876,Call,SPX,SPX221216C04370000,34.55,0.1968,0.03707827394372076,0.9905302275189892
2022-12-16,94,0.25661647273556926,4375,1.1113338221268219,3962.7344498288135,1.1040356237317381,Call,SPX,SPX221216C04375000,33.7,0.1966,0.03707827394372076,0.9905302275189892
2022-12-16,94,0.25661647273556926,4380,1.112603917923538,3962.7344498288135,1.1052973787302887,Call,SPX,SPX221216C04380000,32.8,0.1962,0.03707827394372076,0.9905302275189892
2022-12-16,94,0.25661647273556926,4390,1.115144109516971,3962.7344498288135,1.1078208887273897,Call,SPX,SPX221216C04390000,31.1,0.1956,0.03707827394372076,0.9905302275189892
2022-12-16,94,0.25661647273556926,4400,1.1176843011104036,3962.7344498288135,1.1103443987244908,Call,SPX,SPX221216C04400000,29.5,0.1949,0.03707827394372076,0.9905302275189892
2022-12-16,94,0.25661647273556926,4410,1.1202244927038363,3962.7344498288135,1.112867908721592,Call,SPX,SPX221216C04410000,27.9,0.1943,0.03707827394372076,0.9905302275189892
2022-12-16,94,0.25661647273556926,4420,1.1227646842972692,3962.7344498288135,1.115391418718693,Call,SPX,SPX221216C04420000,26.45,0.1938,0.03707827394372076,0.9905302275189892
2022-12-16,94,0.25661647273556926,4425,1.1240347800939854,3962.7344498288135,1.1166531737172436,Call,SPX,SPX221216C04425000,25.75,0.1935,0.03707827394372076,0.9905302275189892
2022-12-16,94,0.25661647273556926,4430,1.1253048758907018,3962.7344498288135,1.1179149287157941,Call,SPX,SPX221216C04430000,25.05,0.1932,0.03707827394372076,0.9905302275189892
2022-12-16,94,0.25661647273556926,4440,1.1278450674841345,3962.7344498288135,1.1204384387128954,Call,SPX,SPX221216C04440000,23.700000000000003,0.1927,0.03707827394372076,0.9905302275189892
2022-12-16,94,0.25661647273556926,4450,1.1303852590775674,3962.7344498288135,1.1229619487099964,Call,SPX,SPX221216C04450000,22.45,0.1923,0.03707827394372076,0.9905302275189892
2022-12-16,94,0.25661647273556926,4460,1.132925450671,3962.7344498288135,1.1254854587070975,Call,SPX,SPX221216C04460000,21.2,0.1917,0.03707827394372076,0.9905302275189892
2022-12-16,94,0.25661647273556926,4470,1.1354656422644327,3962.7344498288135,1.1280089687041988,Call,SPX,SPX221216C04470000,20.05,0.1912,0.03707827394372076,0.9905302275189892
2022-12-16,94,0.25661647273556926,4475,1.1367357380611491,3962.7344498288135,1.1292707237027493,Call,SPX,SPX221216C04475000,19.5,0.191,0.03707827394372076,0.9905302275189892
2022-12-16,94,0.25661647273556926,4480,1.1380058338578656,3962.7344498288135,1.1305324787012998,Call,SPX,SPX221216C04480000,18.95,0.1908,0.03707827394372076,0.9905302275189892
2022-12-16,94,0.25661647273556926,4490,1.1405460254512982,3962.7344498288135,1.1330559886984009,Call,SPX,SPX221216C04490000,17.9,0.1903,0.03707827394372076,0.9905302275189892
2022-12-16,94,0.25661647273556926,4500,1.143086217044731,3962.7344498288135,1.1355794986955021,Call,SPX,SPX221216C04500000,16.9,0.1899,0.03707827394372076,0.9905302275189892
2022-12-16,94,0.25661647273556926,4510,1.1456264086381638,3962.7344498288135,1.1381030086926032,Call,SPX,SPX221216C04510000,16.0,0.1896,0.03707827394372076,0.9905302275189892
2022-12-16,94,0.25661647273556926,4520,1.1481666002315964,3962.7344498288135,1.1406265186897042,Call,SPX,SPX221216C04520000,15.1,0.1892,0.03707827394372076,0.9905302275189892
2022-12-16,94,0.25661647273556926,4525,1.1494366960283129,3962.7344498288135,1.1418882736882547,Call,SPX,SPX221216C04525000,14.649999999999999,0.189,0.03707827394372076,0.9905302275189892
2022-12-16,94,0.25661647273556926,4530,1.150706791825029,3962.7344498288135,1.1431500286868053,Call,SPX,SPX221216C04530000,14.25,0.1889,0.03707827394372076,0.9905302275189892
2022-12-16,94,0.25661647273556926,4540,1.153246983418462,3962.7344498288135,1.1456735386839065,Call,SPX,SPX221216C04540000,13.45,0.1885,0.03707827394372076,0.9905302275189892
2022-12-16,94,0.25661647273556926,4550,1.1557871750118947,3962.7344498288135,1.1481970486810076,Call,SPX,SPX221216C04550000,12.649999999999999,0.1881,0.03707827394372076,0.9905302275189892
2022-12-16,94,0.25661647273556926,4560,1.1583273666053273,3962.7344498288135,1.1507205586781086,Call,SPX,SPX221216C04560000,11.95,0.1878,0.03707827394372076,0.9905302275189892
2022-12-16,94,0.25661647273556926,4570,1.1608675581987602,3962.7344498288135,1.15324406867521,Call,SPX,SPX221216C04570000,11.25,0.1875,0.03707827394372076,0.9905302275189892
2022-12-16,94,0.25661647273556926,4575,1.1621376539954764,3962.7344498288135,1.1545058236737604,Call,SPX,SPX221216C04575000,10.95,0.1874,0.03707827394372076,0.9905302275189892
2022-12-16,94,0.25661647273556926,4580,1.1634077497921929,3962.7344498288135,1.155767578672311,Call,SPX,SPX221216C04580000,10.6,0.1872,0.03707827394372076,0.9905302275189892
2022-12-16,94,0.25661647273556926,4590,1.1659479413856255,3962.7344498288135,1.158291088669412,Call,SPX,SPX221216C04590000,10.0,0.187,0.03707827394372076,0.9905302275189892
2022-12-16,94,0.25661647273556926,4600,1.1684881329790584,3962.7344498288135,1.1608145986665133,Call,SPX,SPX221216C04600000,9.4,0.1866,0.03707827394372076,0.9905302275189892
2022-12-16,94,0.25661647273556926,4610,1.171028324572491,3962.7344498288135,1.1633381086636143,Call,SPX,SPX221216C04610000,8.9,0.1866,0.03707827394372076,0.9905302275189892
2022-12-16,94,0.25661647273556926,4620,1.1735685161659237,3962.7344498288135,1.1658616186607154,Call,SPX,SPX221216C04620000,8.4,0.1864,0.03707827394372076,0.9905302275189892
2022-12-16,94,0.25661647273556926,4625,1.1748386119626402,3962.7344498288135,1.1671233736592659,Call,SPX,SPX221216C04625000,8.1,0.1861,0.03707827394372076,0.9905302275189892
2022-12-16,94,0.25735797399041754,2775,0.7049031671775841,3962.811372694759,0.7002604310467008,Put,SPXW,SPXW221216P02775000,12.5,0.4131,0.03707972352840404,0.990502625145574
2022-12-16,94,0.25735797399041754,2800,0.7112536461611659,3962.811372694759,0.706569083578653,Put,SPXW,SPXW221216P02800000,13.100000000000001,0.408,0.03707972352840404,0.990502625145574
2022-12-16,94,0.25735797399041754,2825,0.7176041251447478,3962.811372694759,0.7128777361106053,Put,SPXW,SPXW221216P02825000,13.7,0.4028,0.03707972352840404,0.990502625145574
2022-12-16,94,0.25735797399041754,2850,0.7239546041283296,3962.811372694759,0.7191863886425576,Put,SPXW,SPXW221216P02850000,14.399999999999999,0.398,0.03707972352840404,0.990502625145574
2022-12-16,94,0.25735797399041754,2875,0.7303050831119114,3962.811372694759,0.7254950411745098,Put,SPXW,SPXW221216P02875000,15.100000000000001,0.3931,0.03707972352840404,0.990502625145574
2022-12-16,94,0.25735797399041754,2900,0.7366555620954933,3962.811372694759,0.731803693706462,Put,SPXW,SPXW221216P02900000,15.85,0.3882,0.03707972352840404,0.990502625145574
2022-12-16,94,0.25735797399041754,2925,0.7430060410790751,3962.811372694759,0.7381123462384144,Put,SPXW,SPXW221216P02925000,16.65,0.3834,0.03707972352840404,0.990502625145574
2022-12-16,94,0.25735797399041754,2950,0.749356520062657,3962.811372694759,0.7444209987703666,Put,SPXW,SPXW221216P02950000,17.5,0.3786,0.03707972352840404,0.990502625145574
2022-12-16,94,0.25735797399041754,2975,0.7557069990462388,3962.811372694759,0.7507296513023188,Put,SPXW,SPXW221216P02975000,18.4,0.374,0.03707972352840404,0.990502625145574
2022-12-16,94,0.25735797399041754,3000,0.7620574780298206,3962.811372694759,0.7570383038342712,Put,SPXW,SPXW221216P03000000,19.35,0.3693,0.03707972352840404,0.990502625145574
2022-12-16,94,0.25735797399041754,3025,0.7684079570134025,3962.811372694759,0.7633469563662234,Put,SPXW,SPXW221216P03025000,20.35,0.3646,0.03707972352840404,0.990502625145574
2022-12-16,94,0.25735797399041754,3050,0.7747584359969844,3962.811372694759,0.7696556088981756,Put,SPXW,SPXW221216P03050000,21.450000000000003,0.3601,0.03707972352840404,0.990502625145574
2022-12-16,94,0.25735797399041754,3075,0.7811089149805661,3962.811372694759,0.7759642614301279,Put,SPXW,SPXW221216P03075000,22.65,0.3558,0.03707972352840404,0.990502625145574
2022-12-16,94,0.25735797399041754,3100,0.787459393964148,3962.811372694759,0.7822729139620802,Put,SPXW,SPXW221216P03100000,23.85,0.3513,0.03707972352840404,0.990502625145574
2022-12-16,94,0.25735797399041754,3125,0.7938098729477299,3962.811372694759,0.7885815664940324,Put,SPXW,SPXW221216P03125000,25.200000000000003,0.3471,0.03707972352840404,0.990502625145574
2022-12-16,94,0.25735797399041754,3150,0.8001603519313116,3962.811372694759,0.7948902190259847,Put,SPXW,SPXW221216P03150000,26.6,0.3428,0.03707972352840404,0.990502625145574
2022-12-16,94,0.25735797399041754,3175,0.8065108309148935,3962.811372694759,0.8011988715579369,Put,SPXW,SPXW221216P03175000,28.15,0.3387,0.03707972352840404,0.990502625145574
2022-12-16,94,0.25735797399041754,3200,0.8128613098984754,3962.811372694759,0.8075075240898892,Put,SPXW,SPXW221216P03200000,29.799999999999997,0.3346,0.03707972352840404,0.990502625145574
2022-12-16,94,0.25735797399041754,3210,0.815401501491908,3962.811372694759,0.8100309851026701,Put,SPXW,SPXW221216P03210000,30.5,0.3331,0.03707972352840404,0.990502625145574
2022-12-16,94,0.25735797399041754,3220,0.8179416930853408,3962.811372694759,0.812554446115451,Put,SPXW,SPXW221216P03220000,31.200000000000003,0.3314,0.03707972352840404,0.990502625145574
2022-12-16,94,0.25735797399041754,3225,0.8192117888820571,3962.811372694759,0.8138161766218415,Put,SPXW,SPXW221216P03225000,31.6,0.3308,0.03707972352840404,0.990502625145574
2022-12-16,94,0.25735797399041754,3230,0.8204818846787736,3962.811372694759,0.8150779071282319,Put,SPXW,SPXW221216P03230000,31.9,0.3298,0.03707972352840404,0.990502625145574
2022-12-16,94,0.25735797399041754,3240,0.8230220762722062,3962.811372694759,0.8176013681410128,Put,SPXW,SPXW221216P03240000,32.650000000000006,0.3282,0.03707972352840404,0.990502625145574
2022-12-16,94,0.25735797399041754,3250,0.825562267865639,3962.811372694759,0.8201248291537937,Put,SPXW,SPXW221216P03250000,33.45,0.3268,0.03707972352840404,0.990502625145574
2022-12-16,94,0.25735797399041754,3260,0.8281024594590718,3962.811372694759,0.8226482901665746,Put,SPXW,SPXW221216P03260000,34.25,0.3252,0.03707972352840404,0.990502625145574
2022-12-16,94,0.25735797399041754,3270,0.8306426510525045,3962.811372694759,0.8251717511793555,Put,SPXW,SPXW221216P03270000,35.05,0.3236,0.03707972352840404,0.990502625145574
2022-12-16,94,0.25735797399041754,3275,0.8319127468492209,3962.811372694759,0.8264334816857459,Put,SPXW,SPXW221216P03275000,35.45,0.3229,0.03707972352840404,0.990502625145574
2022-12-16,94,0.25735797399041754,3280,0.8331828426459372,3962.811372694759,0.8276952121921364,Put,SPXW,SPXW221216P03280000,35.849999999999994,0.322,0.03707972352840404,0.990502625145574
2022-12-16,94,0.25735797399041754,3290,0.83572303423937,3962.811372694759,0.8302186732049174,Put,SPXW,SPXW221216P03290000,36.75,0.3206,0.03707972352840404,0.990502625145574
2022-12-16,94,0.25735797399041754,3300,0.8382632258328027,3962.811372694759,0.8327421342176983,Put,SPXW,SPXW221216P03300000,37.650000000000006,0.3192,0.03707972352840404,0.990502625145574
2022-12-16,94,0.25735797399041754,3310,0.8408034174262354,3962.811372694759,0.8352655952304792,Put,SPXW,SPXW221216P03310000,38.55,0.3177,0.03707972352840404,0.990502625145574
2022-12-16,94,0.25735797399041754,3320,0.8433436090196682,3962.811372694759,0.83778905624326,Put,SPXW,SPXW221216P03320000,39.55,0.3164,0.03707972352840404,0.990502625145574
2022-12-16,94,0.25735797399041754,3325,0.8446137048163845,3962.811372694759,0.8390507867496505,Put,SPXW,SPXW221216P03325000,40.0,0.3155,0.03707972352840404,0.990502625145574
2022-12-16,94,0.25735797399041754,3330,0.8458838006131009,3962.811372694759,0.840312517256041,Put,SPXW,SPXW221216P03330000,40.5,0.3148,0.03707972352840404,0.990502625145574
2022-12-16,94,0.25735797399041754,3340,0.8484239922065336,3962.811372694759,0.8428359782688218,Put,SPXW,SPXW221216P03340000,41.5,0.3134,0.03707972352840404,0.990502625145574
2022-12-16,94,0.25735797399041754,3350,0.8509641837999664,3962.811372694759,0.8453594392816027,Put,SPXW,SPXW221216P03350000,42.55,0.3121,0.03707972352840404,0.990502625145574
2022-12-16,94,0.25735797399041754,3360,0.8535043753933991,3962.811372694759,0.8478829002943836,Put,SPXW,SPXW221216P03360000,43.6,0.3106,0.03707972352840404,0.990502625145574
2022-12-16,94,0.25735797399041754,3370,0.8560445669868318,3962.811372694759,0.8504063613071645,Put,SPXW,SPXW221216P03370000,44.7,0.3093,0.03707972352840404,0.990502625145574
2022-12-16,94,0.25735797399041754,3375,0.8573146627835482,3962.811372694759,0.851668091813555,Put,SPXW,SPXW221216P03375000,45.25,0.3086,0.03707972352840404,0.990502625145574
2022-12-16,94,0.25735797399041754,3380,0.8585847585802646,3962.811372694759,0.8529298223199455,Put,SPXW,SPXW221216P03380000,45.8,0.3078,0.03707972352840404,0.990502625145574
2022-12-16,94,0.25735797399041754,3390,0.8611249501736973,3962.811372694759,0.8554532833327264,Put,SPXW,SPXW221216P03390000,47.0,0.3066,0.03707972352840404,0.990502625145574
2022-12-16,94,0.25735797399041754,3400,0.86366514176713,3962.811372694759,0.8579767443455073,Put,SPXW,SPXW221216P03400000,48.2,0.3053,0.03707972352840404,0.990502625145574
2022-12-16,94,0.25735797399041754,3410,0.8662053333605628,3962.811372694759,0.8605002053582882,Put,SPXW,SPXW221216P03410000,49.4,0.3039,0.03707972352840404,0.990502625145574
2022-12-16,94,0.25735797399041754,3420,0.8687455249539955,3962.811372694759,0.8630236663710691,Put,SPXW,SPXW221216P03420000,50.7,0.3027,0.03707972352840404,0.990502625145574
2022-12-16,94,0.25735797399041754,3425,0.8700156207507119,3962.811372694759,0.8642853968774595,Put,SPXW,SPXW221216P03425000,51.3,0.3019,0.03707972352840404,0.990502625145574
2022-12-16,94,0.25735797399041754,3430,0.8712857165474283,3962.811372694759,0.86554712738385,Put,SPXW,SPXW221216P03430000,52.0,0.3014,0.03707972352840404,0.990502625145574
2022-12-16,94,0.25735797399041754,3440,0.873825908140861,3962.811372694759,0.8680705883966309,Put,SPXW,SPXW221216P03440000,53.3,0.3,0.03707972352840404,0.990502625145574
2022-12-16,94,0.25735797399041754,3450,0.8763660997342937,3962.811372694759,0.8705940494094118,Put,SPXW,SPXW221216P03450000,54.7,0.2988,0.03707972352840404,0.990502625145574
2022-12-16,94,0.25735797399041754,3460,0.8789062913277265,3962.811372694759,0.8731175104221927,Put,SPXW,SPXW221216P03460000,56.1,0.2975,0.03707972352840404,0.990502625145574
2022-12-16,94,0.25735797399041754,3470,0.8814464829211592,3962.811372694759,0.8756409714349735,Put,SPXW,SPXW221216P03470000,57.55,0.2963,0.03707972352840404,0.990502625145574
2022-12-16,94,0.25735797399041754,3475,0.8827165787178756,3962.811372694759,0.876902701941364,Put,SPXW,SPXW221216P03475000,58.3,0.2957,0.03707972352840404,0.990502625145574
2022-12-16,94,0.25735797399041754,3480,0.8839866745145919,3962.811372694759,0.8781644324477546,Put,SPXW,SPXW221216P03480000,59.05,0.2951,0.03707972352840404,0.990502625145574
2022-12-16,94,0.25735797399041754,3490,0.8865268661080247,3962.811372694759,0.8806878934605354,Put,SPXW,SPXW221216P03490000,60.6,0.2939,0.03707972352840404,0.990502625145574
2022-12-16,94,0.25735797399041754,3500,0.8890670577014574,3962.811372694759,0.8832113544733163,Put,SPXW,SPXW221216P03500000,62.150000000000006,0.2926,0.03707972352840404,0.990502625145574
2022-12-16,94,0.25735797399041754,3510,0.8916072492948901,3962.811372694759,0.8857348154860972,Put,SPXW,SPXW221216P03510000,63.8,0.2915,0.03707972352840404,0.990502625145574
2022-12-16,94,0.25735797399041754,3520,0.8941474408883229,3962.811372694759,0.8882582764988781,Put,SPXW,SPXW221216P03520000,65.45,0.2903,0.03707972352840404,0.990502625145574
2022-12-16,94,0.25735797399041754,3525,0.8954175366850392,3962.811372694759,0.8895200070052686,Put,SPXW,SPXW221216P03525000,66.35,0.2898,0.03707972352840404,0.990502625145574
2022-12-16,94,0.25735797399041754,3530,0.8966876324817556,3962.811372694759,0.890781737511659,Put,SPXW,SPXW221216P03530000,67.15,0.2891,0.03707972352840404,0.990502625145574
2022-12-16,94,0.25735797399041754,3540,0.8992278240751883,3962.811372694759,0.8933051985244399,Put,SPXW,SPXW221216P03540000,68.95,0.288,0.03707972352840404,0.990502625145574
2022-12-16,94,0.25735797399041754,3550,0.9017680156686211,3962.811372694759,0.8958286595372208,Put,SPXW,SPXW221216P03550000,70.75,0.2869,0.03707972352840404,0.990502625145574
2022-12-16,94,0.25735797399041754,3560,0.9043082072620539,3962.811372694759,0.8983521205500017,Put,SPXW,SPXW221216P03560000,72.6,0.2858,0.03707972352840404,0.990502625145574
2022-12-16,94,0.25735797399041754,3570,0.9068483988554865,3962.811372694759,0.9008755815627826,Put,SPXW,SPXW221216P03570000,74.5,0.2846,0.03707972352840404,0.990502625145574
2022-12-16,94,0.25735797399041754,3575,0.908118494652203,3962.811372694759,0.9021373120691731,Put,SPXW,SPXW221216P03575000,75.4,0.284,0.03707972352840404,0.990502625145574
2022-12-16,94,0.25735797399041754,3580,0.9093885904489193,3962.811372694759,0.9033990425755636,Put,SPXW,SPXW221216P03580000,76.45,0.2835,0.03707972352840404,0.990502625145574
2022-12-16,94,0.25735797399041754,3590,0.9119287820423521,3962.811372694759,0.9059225035883445,Put,SPXW,SPXW221216P03590000,78.4,0.2823,0.03707972352840404,0.990502625145574
2022-12-16,94,0.25735797399041754,3600,0.9144689736357847,3962.811372694759,0.9084459646011254,Put,SPXW,SPXW221216P03600000,80.45,0.2812,0.03707972352840404,0.990502625145574
2022-12-16,94,0.25735797399041754,3610,0.9170091652292175,3962.811372694759,0.9109694256139063,Put,SPXW,SPXW221216P03610000,82.55,0.2801,0.03707972352840404,0.990502625145574
2022-12-16,94,0.25735797399041754,3620,0.9195493568226503,3962.811372694759,0.9134928866266872,Put,SPXW,SPXW221216P03620000,84.69999999999999,0.279,0.03707972352840404,0.990502625145574
2022-12-16,94,0.25735797399041754,3625,0.9208194526193666,3962.811372694759,0.9147546171330776,Put,SPXW,SPXW221216P03625000,85.75,0.2784,0.03707972352840404,0.990502625145574
2022-12-16,94,0.25735797399041754,3630,0.9220895484160829,3962.811372694759,0.916016347639468,Put,SPXW,SPXW221216P03630000,86.85,0.2779,0.03707972352840404,0.990502625145574
2022-12-16,94,0.25735797399041754,3640,0.9246297400095157,3962.811372694759,0.9185398086522489,Put,SPXW,SPXW221216P03640000,89.05,0.2767,0.03707972352840404,0.990502625145574
2022-12-16,94,0.25735797399041754,3650,0.9271699316029485,3962.811372694759,0.9210632696650298,Put,SPXW,SPXW221216P03650000,91.35,0.2756,0.03707972352840404,0.990502625145574
2022-12-16,94,0.25735797399041754,3660,0.9297101231963811,3962.811372694759,0.9235867306778107,Put,SPXW,SPXW221216P03660000,93.65,0.2745,0.03707972352840404,0.990502625145574
2022-12-16,94,0.25735797399041754,3670,0.9322503147898139,3962.811372694759,0.9261101916905917,Put,SPXW,SPXW221216P03670000,96.05,0.2734,0.03707972352840404,0.990502625145574
2022-12-16,94,0.25735797399041754,3675,0.9335204105865302,3962.811372694759,0.9273719221969822,Put,SPXW,SPXW221216P03675000,97.25,0.2728,0.03707972352840404,0.990502625145574
2022-12-16,94,0.25735797399041754,3680,0.9347905063832467,3962.811372694759,0.9286336527033726,Put,SPXW,SPXW221216P03680000,98.55000000000001,0.2724,0.03707972352840404,0.990502625145574
2022-12-16,94,0.25735797399041754,3690,0.9373306979766793,3962.811372694759,0.9311571137161535,Put,SPXW,SPXW221216P03690000,101.0,0.2712,0.03707972352840404,0.990502625145574
2022-12-16,94,0.25735797399041754,3700,0.9398708895701121,3962.811372694759,0.9336805747289344,Put,SPXW,SPXW221216P03700000,103.5,0.27,0.03707972352840404,0.990502625145574
2022-12-16,94,0.25735797399041754,3710,0.9424110811635449,3962.811372694759,0.9362040357417153,Put,SPXW,SPXW221216P03710000,106.1,0.2689,0.03707972352840404,0.990502625145574
2022-12-16,94,0.25735797399041754,3720,0.9449512727569775,3962.811372694759,0.9387274967544962,Put,SPXW,SPXW221216P03720000,108.75,0.2678,0.03707972352840404,0.990502625145574
2022-12-16,94,0.25735797399041754,3725,0.946221368553694,3962.811372694759,0.9399892272608866,Put,SPXW,SPXW221216P03725000,110.1,0.2672,0.03707972352840404,0.990502625145574
2022-12-16,94,0.25735797399041754,3730,0.9474914643504103,3962.811372694759,0.9412509577672771,Put,SPXW,SPXW221216P03730000,111.5,0.2666,0.03707972352840404,0.990502625145574
2022-12-16,94,0.25735797399041754,3740,0.9500316559438431,3962.811372694759,0.943774418780058,Put,SPXW,SPXW221216P03740000,114.25,0.2656,0.03707972352840404,0.990502625145574
2022-12-16,94,0.25735797399041754,3750,0.9525718475372758,3962.811372694759,0.9462978797928389,Put,SPXW,SPXW221216P03750000,117.05000000000001,0.2644,0.03707972352840404,0.990502625145574
2022-12-16,94,0.25735797399041754,3760,0.9551120391307085,3962.811372694759,0.9488213408056198,Put,SPXW,SPXW221216P03760000,119.94999999999999,0.2633,0.03707972352840404,0.990502625145574
2022-12-16,94,0.25735797399041754,3770,0.9576522307241413,3962.811372694759,0.9513448018184008,Put,SPXW,SPXW221216P03770000,122.85,0.2621,0.03707972352840404,0.990502625145574
2022-12-16,94,0.25735797399041754,3775,0.9589223265208576,3962.811372694759,0.9526065323247912,Put,SPXW,SPXW221216P03775000,124.35,0.2616,0.03707972352840404,0.990502625145574
2022-12-16,94,0.25735797399041754,3780,0.960192422317574,3962.811372694759,0.9538682628311816,Put,SPXW,SPXW221216P03780000,125.85,0.261,0.03707972352840404,0.990502625145574
2022-12-16,94,0.25735797399041754,3790,0.9627326139110067,3962.811372694759,0.9563917238439625,Put,SPXW,SPXW221216P03790000,128.95,0.2599,0.03707972352840404,0.990502625145574
2022-12-16,94,0.25735797399041754,3800,0.9652728055044395,3962.811372694759,0.9589151848567434,Put,SPXW,SPXW221216P03800000,132.05,0.2588,0.03707972352840404,0.990502625145574
2022-12-16,94,0.25735797399041754,3810,0.9678129970978722,3962.811372694759,0.9614386458695243,Put,SPXW,SPXW221216P03810000,135.25,0.2576,0.03707972352840404,0.990502625145574
2022-12-16,94,0.25735797399041754,3820,0.9703531886913049,3962.811372694759,0.9639621068823052,Put,SPXW,SPXW221216P03820000,138.45,0.2564,0.03707972352840404,0.990502625145574
2022-12-16,94,0.25735797399041754,3825,0.9716232844880213,3962.811372694759,0.9652238373886957,Put,SPXW,SPXW221216P03825000,140.05,0.2558,0.03707972352840404,0.990502625145574
2022-12-16,94,0.25735797399041754,3830,0.9728933802847377,3962.811372694759,0.9664855678950861,Put,SPXW,SPXW221216P03830000,141.7,0.2553,0.03707972352840404,0.990502625145574
2022-12-16,94,0.25735797399041754,3840,0.9754335718781704,3962.811372694759,0.969009028907867,Put,SPXW,SPXW221216P03840000,145.10000000000002,0.2541,0.03707972352840404,0.990502625145574
2022-12-16,94,0.25735797399041754,3850,0.9779737634716031,3962.811372694759,0.9715324899206479,Put,SPXW,SPXW221216P03850000,148.5,0.253,0.03707972352840404,0.990502625145574
2022-12-16,94,0.25735797399041754,3860,0.9805139550650359,3962.811372694759,0.9740559509334289,Put,SPXW,SPXW221216P03860000,152.05,0.2517,0.03707972352840404,0.990502625145574
2022-12-16,94,0.25735797399041754,3870,0.9830541466584686,3962.811372694759,0.9765794119462098,Put,SPXW,SPXW221216P03870000,155.55,0.2507,0.03707972352840404,0.990502625145574
2022-12-16,94,0.25735797399041754,3875,0.984324242455185,3962.811372694759,0.9778411424526002,Put,SPXW,SPXW221216P03875000,157.35,0.2501,0.03707972352840404,0.990502625145574
2022-12-16,94,0.25735797399041754,3880,0.9855943382519013,3962.811372694759,0.9791028729589907,Put,SPXW,SPXW221216P03880000,159.25,0.2494,0.03707972352840404,0.990502625145574
2022-12-16,94,0.25735797399041754,3890,0.9881345298453341,3962.811372694759,0.9816263339717716,Put,SPXW,SPXW221216P03890000,162.95,0.2482,0.03707972352840404,0.990502625145574
2022-12-16,94,0.25735797399041754,3900,0.9906747214387668,3962.811372694759,0.9841497949845525,Put,SPXW,SPXW221216P03900000,166.7,0.247,0.03707972352840404,0.990502625145574
2022-12-16,94,0.25735797399041754,3910,0.9932149130321996,3962.811372694759,0.9866732559973334,Put,SPXW,SPXW221216P03910000,170.55,0.246,0.03707972352840404,0.990502625145574
2022-12-16,94,0.25735797399041754,3920,0.9957551046256323,3962.811372694759,0.9891967170101142,Put,SPXW,SPXW221216P03920000,174.45,0.2448,0.03707972352840404,0.990502625145574
2022-12-16,94,0.25735797399041754,3925,0.9970252004223487,3962.811372694759,0.9904584475165047,Put,SPXW,SPXW221216P03925000,176.45,0.2442,0.03707972352840404,0.990502625145574
2022-12-16,94,0.25735797399041754,3930,0.998295296219065,3962.811372694759,0.9917201780228951,Put,SPXW,SPXW221216P03930000,178.45,0.2436,0.03707972352840404,0.990502625145574
2022-12-16,94,0.25735797399041754,3940,1.0008354878124979,3962.811372694759,0.994243639035676,Put,SPXW,SPXW221216P03940000,182.5,0.2423,0.03707972352840404,0.990502625145574
2022-12-16,94,0.25735797399041754,3950,1.0033756794059305,3962.811372694759,0.9967671000484569,Put,SPXW,SPXW221216P03950000,186.7,0.2412,0.03707972352840404,0.990502625145574
2022-12-16,94,0.25735797399041754,3960,1.0059158709993632,3962.811372694759,0.9992905610612379,Put,SPXW,SPXW221216P03960000,190.89999999999998,0.2399,0.03707972352840404,0.990502625145574
2022-12-16,94,0.25735797399041754,3970,1.008456062592796,3962.811372694759,1.0018140220740188,Call,SPXW,SPXW221216C03970000,183.45,0.2384,0.03707972352840404,0.990502625145574
2022-12-16,94,0.25735797399041754,3975,1.0097261583895123,3962.811372694759,1.0030757525804093,Call,SPXW,SPXW221216C03975000,180.7,0.2379,0.03707972352840404,0.990502625145574
2022-12-16,94,0.25735797399041754,3980,1.0109962541862287,3962.811372694759,1.0043374830867997,Call,SPXW,SPXW221216C03980000,177.89999999999998,0.2372,0.03707972352840404,0.990502625145574
2022-12-16,94,0.25735797399041754,3990,1.0135364457796614,3962.811372694759,1.0068609440995806,Call,SPXW,SPXW221216C03990000,172.5,0.2361,0.03707972352840404,0.990502625145574
2022-12-16,94,0.25735797399041754,4000,1.0160766373730943,3962.811372694759,1.0093844051123615,Call,SPXW,SPXW221216C04000000,167.10000000000002,0.2348,0.03707972352840404,0.990502625145574
2022-12-16,94,0.25735797399041754,4010,1.018616828966527,3962.811372694759,1.0119078661251424,Call,SPXW,SPXW221216C04010000,161.85,0.2335,0.03707972352840404,0.990502625145574
2022-12-16,94,0.25735797399041754,4020,1.0211570205599596,3962.811372694759,1.0144313271379233,Call,SPXW,SPXW221216C04020000,156.65,0.2323,0.03707972352840404,0.990502625145574
2022-12-16,94,0.25735797399041754,4025,1.022427116356676,3962.811372694759,1.0156930576443137,Call,SPXW,SPXW221216C04025000,154.05,0.2319,0.03707972352840404,0.990502625145574
2022-12-16,94,0.25735797399041754,4030,1.0236972121533925,3962.811372694759,1.0169547881507042,Call,SPXW,SPXW221216C04030000,151.55,0.2311,0.03707972352840404,0.990502625145574
2022-12-16,94,0.25735797399041754,4040,1.0262374037468251,3962.811372694759,1.019478249163485,Call,SPXW,SPXW221216C04040000,146.55,0.2299,0.03707972352840404,0.990502625145574
2022-12-16,94,0.25735797399041754,4050,1.0287775953402578,3962.811372694759,1.022001710176266,Call,SPXW,SPXW221216C04050000,141.55,0.2288,0.03707972352840404,0.990502625145574
2022-12-16,94,0.25735797399041754,4060,1.0313177869336907,3962.811372694759,1.0245251711890468,Call,SPXW,SPXW221216C04060000,136.7,0.2276,0.03707972352840404,0.990502625145574
2022-12-16,94,0.25735797399041754,4070,1.0338579785271234,3962.811372694759,1.0270486322018277,Call,SPXW,SPXW221216C04070000,131.89999999999998,0.2264,0.03707972352840404,0.990502625145574
2022-12-16,94,0.25735797399041754,4075,1.0351280743238398,3962.811372694759,1.0283103627082182,Call,SPXW,SPXW221216C04075000,129.60000000000002,0.2258,0.03707972352840404,0.990502625145574
2022-12-16,94,0.25735797399041754,4080,1.036398170120556,3962.811372694759,1.0295720932146086,Call,SPXW,SPXW221216C04080000,127.25,0.2252,0.03707972352840404,0.990502625145574
2022-12-16,94,0.25735797399041754,4090,1.038938361713989,3962.811372694759,1.0320955542273895,Call,SPXW,SPXW221216C04090000,122.75,0.2241,0.03707972352840404,0.990502625145574
2022-12-16,94,0.25735797399041754,4100,1.0414785533074216,3962.811372694759,1.0346190152401706,Call,SPXW,SPXW221216C04100000,118.25,0.2229,0.03707972352840404,0.990502625145574
2022-12-16,94,0.25735797399041754,4110,1.0440187449008542,3962.811372694759,1.0371424762529515,Call,SPXW,SPXW221216C04110000,113.85,0.2217,0.03707972352840404,0.990502625145574
2022-12-16,94,0.25735797399041754,4120,1.046558936494287,3962.811372694759,1.0396659372657324,Call,SPXW,SPXW221216C04120000,109.6,0.2207,0.03707972352840404,0.990502625145574
2022-12-16,94,0.25735797399041754,4125,1.0478290322910033,3962.811372694759,1.0409276677721229,Call,SPXW,SPXW221216C04125000,107.5,0.2201,0.03707972352840404,0.990502625145574
2022-12-16,94,0.25735797399041754,4130,1.0490991280877198,3962.811372694759,1.0421893982785133,Call,SPXW,SPXW221216C04130000,105.4,0.2195,0.03707972352840404,0.990502625145574
2022-12-16,94,0.25735797399041754,4140,1.0516393196811524,3962.811372694759,1.0447128592912942,Call,SPXW,SPXW221216C04140000,101.4,0.2183,0.03707972352840404,0.990502625145574
2022-12-16,94,0.25735797399041754,4150,1.0541795112745853,3962.811372694759,1.047236320304075,Call,SPXW,SPXW221216C04150000,97.4,0.2173,0.03707972352840404,0.990502625145574
2022-12-16,94,0.25735797399041754,4160,1.056719702868018,3962.811372694759,1.049759781316856,Call,SPXW,SPXW221216C04160000,93.55,0.2161,0.03707972352840404,0.990502625145574
2022-12-16,94,0.25735797399041754,4170,1.0592598944614506,3962.811372694759,1.0522832423296369,Call,SPXW,SPXW221216C04170000,89.75,0.215,0.03707972352840404,0.990502625145574
2022-12-16,94,0.25735797399041754,4175,1.060529990258167,3962.811372694759,1.0535449728360273,Call,SPXW,SPXW221216C04175000,87.80000000000001,0.2145,0.03707972352840404,0.990502625145574
2022-12-16,94,0.25735797399041754,4180,1.0618000860548835,3962.811372694759,1.0548067033424178,Call,SPXW,SPXW221216C04180000,86.05000000000001,0.214,0.03707972352840404,0.990502625145574
2022-12-16,94,0.25735797399041754,4190,1.0643402776483162,3962.811372694759,1.0573301643551987,Call,SPXW,SPXW221216C04190000,82.55,0.2129,0.03707972352840404,0.990502625145574
2022-12-16,94,0.25735797399041754,4200,1.0668804692417488,3962.811372694759,1.0598536253679796,Call,SPXW,SPXW221216C04200000,79.0,0.2118,0.03707972352840404,0.990502625145574
2022-12-16,94,0.25735797399041754,4210,1.0694206608351817,3962.811372694759,1.0623770863807604,Call,SPXW,SPXW221216C04210000,75.65,0.2109,0.03707972352840404,0.990502625145574
2022-12-16,94,0.25735797399041754,4220,1.0719608524286144,3962.811372694759,1.0649005473935413,Call,SPXW,SPXW221216C04220000,72.4,0.2099,0.03707972352840404,0.990502625145574
2022-12-16,94,0.25735797399041754,4225,1.0732309482253308,3962.811372694759,1.0661622778999318,Call,SPXW,SPXW221216C04225000,70.80000000000001,0.2094,0.03707972352840404,0.990502625145574
2022-12-16,94,0.25735797399041754,4230,1.074501044022047,3962.811372694759,1.0674240084063222,Call,SPXW,SPXW221216C04230000,69.25,0.209,0.03707972352840404,0.990502625145574
2022-12-16,94,0.25735797399041754,4240,1.07704123561548,3962.811372694759,1.0699474694191031,Call,SPXW,SPXW221216C04240000,66.1,0.208,0.03707972352840404,0.990502625145574
2022-12-16,94,0.25735797399041754,4250,1.0795814272089126,3962.811372694759,1.072470930431884,Call,SPXW,SPXW221216C04250000,63.2,0.2071,0.03707972352840404,0.990502625145574
2022-12-16,94,0.25735797399041754,4260,1.0821216188023453,3962.811372694759,1.074994391444665,Call,SPXW,SPXW221216C04260000,60.3,0.206,0.03707972352840404,0.990502625145574
2022-12-16,94,0.25735797399041754,4270,1.0846618103957781,3962.811372694759,1.0775178524574458,Call,SPXW,SPXW221216C04270000,57.5,0.2052,0.03707972352840404,0.990502625145574
2022-12-16,94,0.25735797399041754,4275,1.0859319061924944,3962.811372694759,1.0787795829638362,Call,SPXW,SPXW221216C04275000,56.25,0.2049,0.03707972352840404,0.990502625145574
2022-12-16,94,0.25735797399041754,4280,1.0872020019892108,3962.811372694759,1.0800413134702267,Call,SPXW,SPXW221216C04280000,54.95,0.2043,0.03707972352840404,0.990502625145574
2022-12-16,94,0.25735797399041754,4290,1.0897421935826435,3962.811372694759,1.0825647744830078,Call,SPXW,SPXW221216C04290000,52.349999999999994,0.2035,0.03707972352840404,0.990502625145574
2022-12-16,94,0.25735797399041754,4300,1.0922823851760763,3962.811372694759,1.0850882354957887,Call,SPXW,SPXW221216C04300000,49.8,0.2026,0.03707972352840404,0.990502625145574
2022-12-16,94,0.25735797399041754,4310,1.094822576769509,3962.811372694759,1.0876116965085696,Call,SPXW,SPXW221216C04310000,47.45,0.2019,0.03707972352840404,0.990502625145574
2022-12-16,94,0.25735797399041754,4320,1.0973627683629417,3962.811372694759,1.0901351575213505,Call,SPXW,SPXW221216C04320000,45.2,0.2011,0.03707972352840404,0.990502625145574
2022-12-16,94,0.25735797399041754,4325,1.098632864159658,3962.811372694759,1.091396888027741,Call,SPXW,SPXW221216C04325000,44.05,0.2006,0.03707972352840404,0.990502625145574
2022-12-16,94,0.25735797399041754,4330,1.0999029599563745,3962.811372694759,1.0926586185341314,Call,SPXW,SPXW221216C04330000,43.0,0.2003,0.03707972352840404,0.990502625145574
2022-12-16,94,0.25735797399041754,4340,1.1024431515498072,3962.811372694759,1.0951820795469123,Call,SPXW,SPXW221216C04340000,40.849999999999994,0.1995,0.03707972352840404,0.990502625145574
2022-12-16,94,0.25735797399041754,4350,1.1049833431432399,3962.811372694759,1.0977055405596932,Call,SPXW,SPXW221216C04350000,38.75,0.1987,0.03707972352840404,0.990502625145574
2022-12-16,94,0.25735797399041754,4360,1.1075235347366728,3962.811372694759,1.100229001572474,Call,SPXW,SPXW221216C04360000,36.9,0.1981,0.03707972352840404,0.990502625145574
2022-12-16,94,0.25735797399041754,4370,1.1100637263301054,3962.811372694759,1.102752462585255,Call,SPXW,SPXW221216C04370000,35.0,0.1975,0.03707972352840404,0.990502625145574
2022-12-16,94,0.25735797399041754,4375,1.1113338221268219,3962.811372694759,1.1040141930916454,Call,SPXW,SPXW221216C04375000,34.1,0.197,0.03707972352840404,0.990502625145574
2022-12-16,94,0.25735797399041754,4380,1.112603917923538,3962.811372694759,1.1052759235980358,Call,SPXW,SPXW221216C04380000,33.2,0.1968,0.03707972352840404,0.990502625145574
2022-12-16,94,0.25735797399041754,4390,1.115144109516971,3962.811372694759,1.1077993846108167,Call,SPXW,SPXW221216C04390000,31.45,0.196,0.03707972352840404,0.990502625145574
2022-12-16,94,0.25735797399041754,4400,1.1176843011104036,3962.811372694759,1.1103228456235976,Call,SPXW,SPXW221216C04400000,29.799999999999997,0.1954,0.03707972352840404,0.990502625145574
2022-12-16,94,0.25735797399041754,4410,1.1202244927038363,3962.811372694759,1.1128463066363785,Call,SPXW,SPXW221216C04410000,28.3,0.1948,0.03707972352840404,0.990502625145574
2022-12-16,94,0.25735797399041754,4420,1.1227646842972692,3962.811372694759,1.1153697676491594,Call,SPXW,SPXW221216C04420000,26.85,0.1942,0.03707972352840404,0.990502625145574
2022-12-16,94,0.25735797399041754,4425,1.1240347800939854,3962.811372694759,1.1166314981555499,Call,SPXW,SPXW221216C04425000,26.1,0.194,0.03707972352840404,0.990502625145574
2022-12-16,94,0.25735797399041754,4430,1.1253048758907018,3962.811372694759,1.1178932286619403,Call,SPXW,SPXW221216C04430000,25.4,0.1938,0.03707972352840404,0.990502625145574
2022-12-16,94,0.25735797399041754,4440,1.1278450674841345,3962.811372694759,1.1204166896747212,Call,SPXW,SPXW221216C04440000,24.0,0.1931,0.03707972352840404,0.990502625145574
2022-12-16,94,0.25735797399041754,4450,1.1303852590775674,3962.811372694759,1.122940150687502,Call,SPXW,SPXW221216C04450000,22.700000000000003,0.1926,0.03707972352840404,0.990502625145574
2022-12-16,94,0.25735797399041754,4460,1.132925450671,3962.811372694759,1.125463611700283,Call,SPXW,SPXW221216C04460000,21.5,0.1922,0.03707972352840404,0.990502625145574
2022-12-16,94,0.25735797399041754,4470,1.1354656422644327,3962.811372694759,1.1279870727130639,Call,SPXW,SPXW221216C04470000,20.35,0.1918,0.03707972352840404,0.990502625145574
2022-12-16,94,0.25735797399041754,4475,1.1367357380611491,3962.811372694759,1.1292488032194545,Call,SPXW,SPXW221216C04475000,19.799999999999997,0.1916,0.03707972352840404,0.990502625145574
2022-12-16,94,0.25735797399041754,4480,1.1380058338578656,3962.811372694759,1.130510533725845,Call,SPXW,SPXW221216C04480000,19.25,0.1913,0.03707972352840404,0.990502625145574
2022-12-16,94,0.25735797399041754,4490,1.1405460254512982,3962.811372694759,1.1330339947386259,Call,SPXW,SPXW221216C04490000,18.200000000000003,0.1909,0.03707972352840404,0.990502625145574
2022-12-16,94,0.25735797399041754,4500,1.143086217044731,3962.811372694759,1.1355574557514068,Call,SPXW,SPXW221216C04500000,17.200000000000003,0.1905,0.03707972352840404,0.990502625145574
2022-12-16,94,0.25735797399041754,4510,1.1456264086381638,3962.811372694759,1.1380809167641877,Call,SPXW,SPXW221216C04510000,16.25,0.1901,0.03707972352840404,0.990502625145574
2022-12-16,94,0.25735797399041754,4520,1.1481666002315964,3962.811372694759,1.1406043777769685,Call,SPXW,SPXW221216C04520000,15.35,0.1897,0.03707972352840404,0.990502625145574
2022-12-16,94,0.25735797399041754,4525,1.1494366960283129,3962.811372694759,1.141866108283359,Call,SPXW,SPXW221216C04525000,14.95,0.1897,0.03707972352840404,0.990502625145574
2022-12-16,94,0.25735797399041754,4530,1.150706791825029,3962.811372694759,1.1431278387897494,Call,SPXW,SPXW221216C04530000,14.45,0.1892,0.03707972352840404,0.990502625145574
2022-12-16,94,0.25735797399041754,4540,1.153246983418462,3962.811372694759,1.1456512998025303,Call,SPXW,SPXW221216C04540000,13.65,0.1889,0.03707972352840404,0.990502625145574
2022-12-16,94,0.25735797399041754,4550,1.1557871750118947,3962.811372694759,1.1481747608153112,Call,SPXW,SPXW221216C04550000,12.899999999999999,0.1887,0.03707972352840404,0.990502625145574
2022-12-16,94,0.25735797399041754,4560,1.1583273666053273,3962.811372694759,1.1506982218280921,Call,SPXW,SPXW221216C04560000,12.2,0.1885,0.03707972352840404,0.990502625145574
2022-12-16,94,0.25735797399041754,4570,1.1608675581987602,3962.811372694759,1.153221682840873,Call,SPXW,SPXW221216C04570000,11.5,0.1881,0.03707972352840404,0.990502625145574
2022-12-16,94,0.25735797399041754,4575,1.1621376539954764,3962.811372694759,1.1544834133472635,Call,SPXW,SPXW221216C04575000,11.15,0.1879,0.03707972352840404,0.990502625145574
2022-12-16,94,0.25735797399041754,4580,1.1634077497921929,3962.811372694759,1.155745143853654,Call,SPXW,SPXW221216C04580000,10.85,0.1879,0.03707972352840404,0.990502625145574
2022-12-16,94,0.25735797399041754,4590,1.1659479413856255,3962.811372694759,1.1582686048664348,Call,SPXW,SPXW221216C04590000,10.2,0.1875,0.03707972352840404,0.990502625145574
2022-12-16,94,0.25735797399041754,4600,1.1684881329790584,3962.811372694759,1.1607920658792157,Call,SPXW,SPXW221216C04600000,9.600000000000001,0.1872,0.03707972352840404,0.990502625145574
2022-12-16,94,0.25735797399041754,4610,1.171028324572491,3962.811372694759,1.1633155268919966,Call,SPXW,SPXW221216C04610000,9.100000000000001,0.1872,0.03707972352840404,0.990502625145574
2022-12-16,94,0.25735797399041754,4620,1.1735685161659237,3962.811372694759,1.1658389879047775,Call,SPXW,SPXW221216C04620000,8.600000000000001,0.187,0.03707972352840404,0.990502625145574
2022-12-16,94,0.25735797399041754,4625,1.1748386119626402,3962.811372694759,1.167100718411168,Call,SPXW,SPXW221216C04625000,8.3,0.1867,0.03707972352840404,0.990502625145574
2022-12-16,94,0.25735797399041754,4650,1.181189090946222,3962.811372694759,1.1734093709431201,Call,SPXW,SPXW221216C04650000,7.2,0.1865,0.03707972352840404,0.990502625145574
2022-12-16,94,0.25735797399041754,4675,1.187539569929804,3962.811372694759,1.1797180234750726,Call,SPXW,SPXW221216C04675000,6.15,0.1858,0.03707972352840404,0.990502625145574
2022-12-16,94,0.25735797399041754,4700,1.1938900489133857,3962.811372694759,1.1860266760070248,Call,SPXW,SPXW221216C04700000,5.35,0.1859,0.03707972352840404,0.990502625145574
2022-12-30,108,0.29568788501026694,2800,0.7112536461611659,3966.799237658808,0.7058587622530025,Put,SPXW,SPXW221230P02800000,15.8,0.3966,0.037152862651823125,0.9890744705276828
2022-12-30,108,0.29568788501026694,2850,0.7239546041283296,3966.799237658808,0.7184633830075203,Put,SPXW,SPXW221230P02850000,17.35,0.3874,0.037152862651823125,0.9890744705276828
2022-12-30,108,0.29568788501026694,2875,0.7303050831119114,3966.799237658808,0.7247656933847793,Put,SPXW,SPXW221230P02875000,18.15,0.3827,0.037152862651823125,0.9890744705276828
2022-12-30,108,0.29568788501026694,2900,0.7366555620954933,3966.799237658808,0.7310680037620383,Put,SPXW,SPXW221230P02900000,18.950000000000003,0.3778,0.037152862651823125,0.9890744705276828
2022-12-30,108,0.29568788501026694,2925,0.7430060410790751,3966.799237658808,0.7373703141392972,Put,SPXW,SPXW221230P02925000,19.95,0.3736,0.037152862651823125,0.9890744705276828
2022-12-30,108,0.29568788501026694,2950,0.749356520062657,3966.799237658808,0.7436726245165561,Put,SPXW,SPXW221230P02950000,20.95,0.3692,0.037152862651823125,0.9890744705276828
2022-12-30,108,0.29568788501026694,2975,0.7557069990462388,3966.799237658808,0.7499749348938151,Put,SPXW,SPXW221230P02975000,22.0,0.3649,0.037152862651823125,0.9890744705276828
2022-12-30,108,0.29568788501026694,3000,0.7620574780298206,3966.799237658808,0.7562772452710741,Put,SPXW,SPXW221230P03000000,22.950000000000003,0.36,0.037152862651823125,0.9890744705276828
2022-12-30,108,0.29568788501026694,3025,0.7684079570134025,3966.799237658808,0.762579555648333,Put,SPXW,SPXW221230P03025000,24.3,0.3563,0.037152862651823125,0.9890744705276828
2022-12-30,108,0.29568788501026694,3050,0.7747584359969844,3966.799237658808,0.7688818660255919,Put,SPXW,SPXW221230P03050000,25.6,0.3523,0.037152862651823125,0.9890744705276828
2022-12-30,108,0.29568788501026694,3060,0.777298627590417,3966.799237658808,0.7714027901764955,Put,SPXW,SPXW221230P03060000,26.1,0.3505,0.037152862651823125,0.9890744705276828
2022-12-30,108,0.29568788501026694,3070,0.7798388191838498,3966.799237658808,0.7739237143273991,Put,SPXW,SPXW221230P03070000,26.6,0.3488,0.037152862651823125,0.9890744705276828
2022-12-30,108,0.29568788501026694,3075,0.7811089149805661,3966.799237658808,0.7751841764028509,Put,SPXW,SPXW221230P03075000,26.9,0.348,0.037152862651823125,0.9890744705276828
2022-12-30,108,0.29568788501026694,3080,0.7823790107772826,3966.799237658808,0.7764446384783027,Put,SPXW,SPXW221230P03080000,27.2,0.3473,0.037152862651823125,0.9890744705276828
2022-12-30,108,0.29568788501026694,3090,0.7849192023707152,3966.799237658808,0.7789655626292062,Put,SPXW,SPXW221230P03090000,27.75,0.3456,0.037152862651823125,0.9890744705276828
2022-12-30,108,0.29568788501026694,3100,0.787459393964148,3966.799237658808,0.7814864867801099,Put,SPXW,SPXW221230P03100000,28.35,0.344,0.037152862651823125,0.9890744705276828
2022-12-30,108,0.29568788501026694,3110,0.7899995855575808,3966.799237658808,0.7840074109310134,Put,SPXW,SPXW221230P03110000,28.95,0.3424,0.037152862651823125,0.9890744705276828
2022-12-30,108,0.29568788501026694,3120,0.7925397771510134,3966.799237658808,0.786528335081917,Put,SPXW,SPXW221230P03120000,29.55,0.3408,0.037152862651823125,0.9890744705276828
2022-12-30,108,0.29568788501026694,3125,0.7938098729477299,3966.799237658808,0.7877887971573688,Put,SPXW,SPXW221230P03125000,29.75,0.3397,0.037152862651823125,0.9890744705276828
2022-12-30,108,0.29568788501026694,3130,0.7950799687444462,3966.799237658808,0.7890492592328205,Put,SPXW,SPXW221230P03130000,30.2,0.3393,0.037152862651823125,0.9890744705276828
2022-12-30,108,0.29568788501026694,3140,0.797620160337879,3966.799237658808,0.7915701833837242,Put,SPXW,SPXW221230P03140000,30.85,0.3377,0.037152862651823125,0.9890744705276828
2022-12-30,108,0.29568788501026694,3150,0.8001603519313116,3966.799237658808,0.7940911075346277,Put,SPXW,SPXW221230P03150000,31.4,0.3358,0.037152862651823125,0.9890744705276828
2022-12-30,108,0.29568788501026694,3160,0.8027005435247444,3966.799237658808,0.7966120316855313,Put,SPXW,SPXW221230P03160000,32.2,0.3346,0.037152862651823125,0.9890744705276828
2022-12-30,108,0.29568788501026694,3170,0.8052407351181772,3966.799237658808,0.799132955836435,Put,SPXW,SPXW221230P03170000,32.9,0.3331,0.037152862651823125,0.9890744705276828
2022-12-30,108,0.29568788501026694,3175,0.8065108309148935,3966.799237658808,0.8003934179118867,Put,SPXW,SPXW221230P03175000,33.15,0.332,0.037152862651823125,0.9890744705276828
2022-12-30,108,0.29568788501026694,3180,0.8077809267116098,3966.799237658808,0.8016538799873385,Put,SPXW,SPXW221230P03180000,33.5,0.3312,0.037152862651823125,0.9890744705276828
2022-12-30,108,0.29568788501026694,3190,0.8103211183050426,3966.799237658808,0.804174804138242,Put,SPXW,SPXW221230P03190000,34.25,0.3298,0.037152862651823125,0.9890744705276828
2022-12-30,108,0.29568788501026694,3200,0.8128613098984754,3966.799237658808,0.8066957282891457,Put,SPXW,SPXW221230P03200000,34.95,0.3281,0.037152862651823125,0.9890744705276828
2022-12-30,108,0.29568788501026694,3210,0.815401501491908,3966.799237658808,0.8092166524400493,Put,SPXW,SPXW221230P03210000,35.8,0.3268,0.037152862651823125,0.9890744705276828
2022-12-30,108,0.29568788501026694,3220,0.8179416930853408,3966.799237658808,0.8117375765909528,Put,SPXW,SPXW221230P03220000,36.55,0.3252,0.037152862651823125,0.9890744705276828
2022-12-30,108,0.29568788501026694,3225,0.8192117888820571,3966.799237658808,0.8129980386664046,Put,SPXW,SPXW221230P03225000,36.95,0.3245,0.037152862651823125,0.9890744705276828
2022-12-30,108,0.29568788501026694,3230,0.8204818846787736,3966.799237658808,0.8142585007418564,Put,SPXW,SPXW221230P03230000,37.35,0.3237,0.037152862651823125,0.9890744705276828
2022-12-30,108,0.29568788501026694,3240,0.8230220762722062,3966.799237658808,0.81677942489276,Put,SPXW,SPXW221230P03240000,38.25,0.3224,0.037152862651823125,0.9890744705276828
2022-12-30,108,0.29568788501026694,3250,0.825562267865639,3966.799237658808,0.8193003490436636,Put,SPXW,SPXW221230P03250000,39.05,0.321,0.037152862651823125,0.9890744705276828
2022-12-30,108,0.29568788501026694,3260,0.8281024594590718,3966.799237658808,0.8218212731945671,Put,SPXW,SPXW221230P03260000,40.0,0.3197,0.037152862651823125,0.9890744705276828
2022-12-30,108,0.29568788501026694,3270,0.8306426510525045,3966.799237658808,0.8243421973454708,Put,SPXW,SPXW221230P03270000,40.95,0.3182,0.037152862651823125,0.9890744705276828
2022-12-30,108,0.29568788501026694,3275,0.8319127468492209,3966.799237658808,0.8256026594209225,Put,SPXW,SPXW221230P03275000,41.4,0.3175,0.037152862651823125,0.9890744705276828
2022-12-30,108,0.29568788501026694,3280,0.8331828426459372,3966.799237658808,0.8268631214963743,Put,SPXW,SPXW221230P03280000,41.9,0.3169,0.037152862651823125,0.9890744705276828
2022-12-30,108,0.29568788501026694,3290,0.83572303423937,3966.799237658808,0.8293840456472779,Put,SPXW,SPXW221230P03290000,42.85,0.3154,0.037152862651823125,0.9890744705276828
2022-12-30,108,0.29568788501026694,3300,0.8382632258328027,3966.799237658808,0.8319049697981814,Put,SPXW,SPXW221230P03300000,43.85,0.3141,0.037152862651823125,0.9890744705276828
2022-12-30,108,0.29568788501026694,3310,0.8408034174262354,3966.799237658808,0.8344258939490851,Put,SPXW,SPXW221230P03310000,44.9,0.3128,0.037152862651823125,0.9890744705276828
2022-12-30,108,0.29568788501026694,3320,0.8433436090196682,3966.799237658808,0.8369468180999886,Put,SPXW,SPXW221230P03320000,45.9,0.3115,0.037152862651823125,0.9890744705276828
2022-12-30,108,0.29568788501026694,3325,0.8446137048163845,3966.799237658808,0.8382072801754404,Put,SPXW,SPXW221230P03325000,46.5,0.3108,0.037152862651823125,0.9890744705276828
2022-12-30,108,0.29568788501026694,3330,0.8458838006131009,3966.799237658808,0.8394677422508922,Put,SPXW,SPXW221230P03330000,47.0,0.3101,0.037152862651823125,0.9890744705276828
2022-12-30,108,0.29568788501026694,3340,0.8484239922065336,3966.799237658808,0.8419886664017958,Put,SPXW,SPXW221230P03340000,48.1,0.3088,0.037152862651823125,0.9890744705276828
2022-12-30,108,0.29568788501026694,3350,0.8509641837999664,3966.799237658808,0.8445095905526994,Put,SPXW,SPXW221230P03350000,49.3,0.3076,0.037152862651823125,0.9890744705276828
2022-12-30,108,0.29568788501026694,3360,0.8535043753933991,3966.799237658808,0.8470305147036029,Put,SPXW,SPXW221230P03360000,50.45,0.3062,0.037152862651823125,0.9890744705276828
2022-12-30,108,0.29568788501026694,3365,0.8547744711901155,3966.799237658808,0.8482909767790547,Put,SPXW,SPXW221230P03365000,51.05,0.3056,0.037152862651823125,0.9890744705276828
2022-12-30,108,0.29568788501026694,3370,0.8560445669868318,3966.799237658808,0.8495514388545066,Put,SPXW,SPXW221230P03370000,51.650000000000006,0.305,0.037152862651823125,0.9890744705276828
2022-12-30,108,0.29568788501026694,3375,0.8573146627835482,3966.799237658808,0.8508119009299583,Put,SPXW,SPXW221230P03375000,52.25,0.3044,0.037152862651823125,0.9890744705276828
2022-12-30,108,0.29568788501026694,3380,0.8585847585802646,3966.799237658808,0.8520723630054101,Put,SPXW,SPXW221230P03380000,52.9,0.3038,0.037152862651823125,0.9890744705276828
2022-12-30,108,0.29568788501026694,3385,0.859854854376981,3966.799237658808,0.8533328250808618,Put,SPXW,SPXW221230P03385000,53.5,0.3031,0.037152862651823125,0.9890744705276828
2022-12-30,108,0.29568788501026694,3390,0.8611249501736973,3966.799237658808,0.8545932871563137,Put,SPXW,SPXW221230P03390000,54.150000000000006,0.3025,0.037152862651823125,0.9890744705276828
2022-12-30,108,0.29568788501026694,3395,0.8623950459704137,3966.799237658808,0.8558537492317655,Put,SPXW,SPXW221230P03395000,54.8,0.3019,0.037152862651823125,0.9890744705276828
2022-12-30,108,0.29568788501026694,3400,0.86366514176713,3966.799237658808,0.8571142113072172,Put,SPXW,SPXW221230P03400000,55.5,0.3013,0.037152862651823125,0.9890744705276828
2022-12-30,108,0.29568788501026694,3405,0.8649352375638464,3966.799237658808,0.858374673382669,Put,SPXW,SPXW221230P03405000,56.150000000000006,0.3007,0.037152862651823125,0.9890744705276828
2022-12-30,108,0.29568788501026694,3410,0.8662053333605628,3966.799237658808,0.8596351354581209,Put,SPXW,SPXW221230P03410000,56.8,0.3001,0.037152862651823125,0.9890744705276828
2022-12-30,108,0.29568788501026694,3415,0.8674754291572792,3966.799237658808,0.8608955975335726,Put,SPXW,SPXW221230P03415000,57.45,0.2994,0.037152862651823125,0.9890744705276828
2022-12-30,108,0.29568788501026694,3420,0.8687455249539955,3966.799237658808,0.8621560596090244,Put,SPXW,SPXW221230P03420000,58.150000000000006,0.2988,0.037152862651823125,0.9890744705276828
2022-12-30,108,0.29568788501026694,3425,0.8700156207507119,3966.799237658808,0.8634165216844762,Put,SPXW,SPXW221230P03425000,58.9,0.2983,0.037152862651823125,0.9890744705276828
2022-12-30,108,0.29568788501026694,3430,0.8712857165474283,3966.799237658808,0.864676983759928,Put,SPXW,SPXW221230P03430000,59.6,0.2977,0.037152862651823125,0.9890744705276828
2022-12-30,108,0.29568788501026694,3435,0.8725558123441446,3966.799237658808,0.8659374458353798,Put,SPXW,SPXW221230P03435000,60.3,0.297,0.037152862651823125,0.9890744705276828
2022-12-30,108,0.29568788501026694,3440,0.873825908140861,3966.799237658808,0.8671979079108316,Put,SPXW,SPXW221230P03440000,61.05,0.2966,0.037152862651823125,0.9890744705276828
2022-12-30,108,0.29568788501026694,3445,0.8750960039375774,3966.799237658808,0.8684583699862833,Put,SPXW,SPXW221230P03445000,61.8,0.2959,0.037152862651823125,0.9890744705276828
2022-12-30,108,0.29568788501026694,3450,0.8763660997342937,3966.799237658808,0.8697188320617352,Put,SPXW,SPXW221230P03450000,62.4,0.2953,0.037152862651823125,0.9890744705276828
2022-12-30,108,0.29568788501026694,3455,0.8776361955310101,3966.799237658808,0.870979294137187,Put,SPXW,SPXW221230P03455000,63.3,0.2947,0.037152862651823125,0.9890744705276828
2022-12-30,108,0.29568788501026694,3460,0.8789062913277265,3966.799237658808,0.8722397562126387,Put,SPXW,SPXW221230P03460000,64.05,0.2942,0.037152862651823125,0.9890744705276828
2022-12-30,108,0.29568788501026694,3465,0.8801763871244428,3966.799237658808,0.8735002182880905,Put,SPXW,SPXW221230P03465000,64.8,0.2935,0.037152862651823125,0.9890744705276828
2022-12-30,108,0.29568788501026694,3470,0.8814464829211592,3966.799237658808,0.8747606803635423,Put,SPXW,SPXW221230P03470000,65.5,0.293,0.037152862651823125,0.9890744705276828
2022-12-30,108,0.29568788501026694,3475,0.8827165787178756,3966.799237658808,0.8760211424389941,Put,SPXW,SPXW221230P03475000,66.30000000000001,0.2925,0.037152862651823125,0.9890744705276828
2022-12-30,108,0.29568788501026694,3480,0.8839866745145919,3966.799237658808,0.8772816045144459,Put,SPXW,SPXW221230P03480000,67.1,0.2919,0.037152862651823125,0.9890744705276828
2022-12-30,108,0.29568788501026694,3485,0.8852567703113083,3966.799237658808,0.8785420665898976,Put,SPXW,SPXW221230P03485000,67.9,0.2913,0.037152862651823125,0.9890744705276828
2022-12-30,108,0.29568788501026694,3490,0.8865268661080247,3966.799237658808,0.8798025286653495,Put,SPXW,SPXW221230P03490000,68.85,0.2907,0.037152862651823125,0.9890744705276828
2022-12-30,108,0.29568788501026694,3495,0.887796961904741,3966.799237658808,0.8810629907408013,Put,SPXW,SPXW221230P03495000,69.55,0.29,0.037152862651823125,0.9890744705276828
2022-12-30,108,0.29568788501026694,3500,0.8890670577014574,3966.799237658808,0.882323452816253,Put,SPXW,SPXW221230P03500000,70.5,0.2895,0.037152862651823125,0.9890744705276828
2022-12-30,108,0.29568788501026694,3505,0.8903371534981738,3966.799237658808,0.8835839148917048,Put,SPXW,SPXW221230P03505000,71.25,0.2888,0.037152862651823125,0.9890744705276828
2022-12-30,108,0.29568788501026694,3510,0.8916072492948901,3966.799237658808,0.8848443769671567,Put,SPXW,SPXW221230P03510000,72.30000000000001,0.2885,0.037152862651823125,0.9890744705276828
2022-12-30,108,0.29568788501026694,3515,0.8928773450916065,3966.799237658808,0.8861048390426084,Put,SPXW,SPXW221230P03515000,73.15,0.2879,0.037152862651823125,0.9890744705276828
2022-12-30,108,0.29568788501026694,3520,0.8941474408883229,3966.799237658808,0.8873653011180602,Put,SPXW,SPXW221230P03520000,73.85,0.2874,0.037152862651823125,0.9890744705276828
2022-12-30,108,0.29568788501026694,3525,0.8954175366850392,3966.799237658808,0.888625763193512,Put,SPXW,SPXW221230P03525000,74.75,0.2869,0.037152862651823125,0.9890744705276828
2022-12-30,108,0.29568788501026694,3530,0.8966876324817556,3966.799237658808,0.8898862252689638,Put,SPXW,SPXW221230P03530000,75.75,0.2862,0.037152862651823125,0.9890744705276828
2022-12-30,108,0.29568788501026694,3535,0.897957728278472,3966.799237658808,0.8911466873444156,Put,SPXW,SPXW221230P03535000,76.69999999999999,0.2857,0.037152862651823125,0.9890744705276828
2022-12-30,108,0.29568788501026694,3540,0.8992278240751883,3966.799237658808,0.8924071494198674,Put,SPXW,SPXW221230P03540000,77.69999999999999,0.2852,0.037152862651823125,0.9890744705276828
2022-12-30,108,0.29568788501026694,3545,0.9004979198719048,3966.799237658808,0.8936676114953191,Put,SPXW,SPXW221230P03545000,78.65,0.2846,0.037152862651823125,0.9890744705276828
2022-12-30,108,0.29568788501026694,3550,0.9017680156686211,3966.799237658808,0.894928073570771,Put,SPXW,SPXW221230P03550000,79.6,0.2841,0.037152862651823125,0.9890744705276828
2022-12-30,108,0.29568788501026694,3555,0.9030381114653374,3966.799237658808,0.8961885356462228,Put,SPXW,SPXW221230P03555000,80.5,0.2834,0.037152862651823125,0.9890744705276828
2022-12-30,108,0.29568788501026694,3560,0.9043082072620539,3966.799237658808,0.8974489977216745,Put,SPXW,SPXW221230P03560000,81.55000000000001,0.283,0.037152862651823125,0.9890744705276828
2022-12-30,108,0.29568788501026694,3565,0.9055783030587702,3966.799237658808,0.8987094597971264,Put,SPXW,SPXW221230P03565000,82.65,0.2828,0.037152862651823125,0.9890744705276828
2022-12-30,108,0.29568788501026694,3570,0.9068483988554865,3966.799237658808,0.8999699218725781,Put,SPXW,SPXW221230P03570000,83.6,0.2822,0.037152862651823125,0.9890744705276828
2022-12-30,108,0.29568788501026694,3575,0.908118494652203,3966.799237658808,0.9012303839480299,Put,SPXW,SPXW221230P03575000,84.3,0.2814,0.037152862651823125,0.9890744705276828
2022-12-30,108,0.29568788501026694,3580,0.9093885904489193,3966.799237658808,0.9024908460234817,Put,SPXW,SPXW221230P03580000,85.7,0.2811,0.037152862651823125,0.9890744705276828
2022-12-30,108,0.29568788501026694,3585,0.9106586862456356,3966.799237658808,0.9037513080989334,Put,SPXW,SPXW221230P03585000,86.55000000000001,0.2803,0.037152862651823125,0.9890744705276828
2022-12-30,108,0.29568788501026694,3590,0.9119287820423521,3966.799237658808,0.9050117701743853,Put,SPXW,SPXW221230P03590000,87.55000000000001,0.2798,0.037152862651823125,0.9890744705276828
2022-12-30,108,0.29568788501026694,3595,0.9131988778390684,3966.799237658808,0.9062722322498371,Put,SPXW,SPXW221230P03595000,88.65,0.2792,0.037152862651823125,0.9890744705276828
2022-12-30,108,0.29568788501026694,3600,0.9144689736357847,3966.799237658808,0.9075326943252888,Put,SPXW,SPXW221230P03600000,89.5,0.2786,0.037152862651823125,0.9890744705276828
2022-12-30,108,0.29568788501026694,3605,0.9157390694325012,3966.799237658808,0.9087931564007407,Put,SPXW,SPXW221230P03605000,90.75,0.2781,0.037152862651823125,0.9890744705276828
2022-12-30,108,0.29568788501026694,3610,0.9170091652292175,3966.799237658808,0.9100536184761925,Put,SPXW,SPXW221230P03610000,91.7,0.2773,0.037152862651823125,0.9890744705276828
2022-12-30,108,0.29568788501026694,3615,0.9182792610259338,3966.799237658808,0.9113140805516442,Put,SPXW,SPXW221230P03615000,92.94999999999999,0.277,0.037152862651823125,0.9890744705276828
2022-12-30,108,0.29568788501026694,3620,0.9195493568226503,3966.799237658808,0.912574542627096,Put,SPXW,SPXW221230P03620000,94.0,0.2764,0.037152862651823125,0.9890744705276828
2022-12-30,108,0.29568788501026694,3625,0.9208194526193666,3966.799237658808,0.9138350047025479,Put,SPXW,SPXW221230P03625000,95.0,0.276,0.037152862651823125,0.9890744705276828
2022-12-30,108,0.29568788501026694,3630,0.9220895484160829,3966.799237658808,0.9150954667779996,Put,SPXW,SPXW221230P03630000,96.3,0.2755,0.037152862651823125,0.9890744705276828
2022-12-30,108,0.29568788501026694,3635,0.9233596442127994,3966.799237658808,0.9163559288534514,Put,SPXW,SPXW221230P03635000,97.44999999999999,0.2749,0.037152862651823125,0.9890744705276828
2022-12-30,108,0.29568788501026694,3640,0.9246297400095157,3966.799237658808,0.9176163909289032,Put,SPXW,SPXW221230P03640000,98.6,0.2744,0.037152862651823125,0.9890744705276828
2022-12-30,108,0.29568788501026694,3645,0.925899835806232,3966.799237658808,0.918876853004355,Put,SPXW,SPXW221230P03645000,99.6,0.2738,0.037152862651823125,0.9890744705276828
2022-12-30,108,0.29568788501026694,3650,0.9271699316029485,3966.799237658808,0.9201373150798068,Put,SPXW,SPXW221230P03650000,100.95,0.2734,0.037152862651823125,0.9890744705276828
2022-12-30,108,0.29568788501026694,3655,0.9284400273996648,3966.799237658808,0.9213977771552585,Put,SPXW,SPXW221230P03655000,102.15,0.2728,0.037152862651823125,0.9890744705276828
2022-12-30,108,0.29568788501026694,3660,0.9297101231963811,3966.799237658808,0.9226582392307103,Put,SPXW,SPXW221230P03660000,103.3,0.2722,0.037152862651823125,0.9890744705276828
2022-12-30,108,0.29568788501026694,3665,0.9309802189930976,3966.799237658808,0.9239187013061622,Put,SPXW,SPXW221230P03665000,104.5,0.2717,0.037152862651823125,0.9890744705276828
2022-12-30,108,0.29568788501026694,3670,0.9322503147898139,3966.799237658808,0.9251791633816139,Put,SPXW,SPXW221230P03670000,105.85,0.2712,0.037152862651823125,0.9890744705276828
2022-12-30,108,0.29568788501026694,3675,0.9335204105865302,3966.799237658808,0.9264396254570657,Put,SPXW,SPXW221230P03675000,107.05,0.2707,0.037152862651823125,0.9890744705276828
2022-12-30,108,0.29568788501026694,3680,0.9347905063832467,3966.799237658808,0.9277000875325175,Put,SPXW,SPXW221230P03680000,108.25,0.27,0.037152862651823125,0.9890744705276828
2022-12-30,108,0.29568788501026694,3685,0.936060602179963,3966.799237658808,0.9289605496079693,Put,SPXW,SPXW221230P03685000,109.55,0.2696,0.037152862651823125,0.9890744705276828
2022-12-30,108,0.29568788501026694,3690,0.9373306979766793,3966.799237658808,0.9302210116834211,Put,SPXW,SPXW221230P03690000,110.69999999999999,0.2691,0.037152862651823125,0.9890744705276828
2022-12-30,108,0.29568788501026694,3695,0.9386007937733958,3966.799237658808,0.9314814737588729,Put,SPXW,SPXW221230P03695000,111.95,0.2685,0.037152862651823125,0.9890744705276828
2022-12-30,108,0.29568788501026694,3700,0.9398708895701121,3966.799237658808,0.9327419358343246,Put,SPXW,SPXW221230P03700000,113.25,0.268,0.037152862651823125,0.9890744705276828
2022-12-30,108,0.29568788501026694,3705,0.9411409853668284,3966.799237658808,0.9340023979097765,Put,SPXW,SPXW221230P03705000,114.75,0.2674,0.037152862651823125,0.9890744705276828
2022-12-30,108,0.29568788501026694,3710,0.9424110811635449,3966.799237658808,0.9352628599852283,Put,SPXW,SPXW221230P03710000,116.1,0.267,0.037152862651823125,0.9890744705276828
2022-12-30,108,0.29568788501026694,3715,0.9436811769602612,3966.799237658808,0.93652332206068,Put,SPXW,SPXW221230P03715000,117.35,0.2662,0.037152862651823125,0.9890744705276828
2022-12-30,108,0.29568788501026694,3720,0.9449512727569775,3966.799237658808,0.9377837841361318,Put,SPXW,SPXW221230P03720000,118.8,0.2659,0.037152862651823125,0.9890744705276828
2022-12-30,108,0.29568788501026694,3725,0.946221368553694,3966.799237658808,0.9390442462115837,Put,SPXW,SPXW221230P03725000,119.95,0.2654,0.037152862651823125,0.9890744705276828
2022-12-30,108,0.29568788501026694,3730,0.9474914643504103,3966.799237658808,0.9403047082870354,Put,SPXW,SPXW221230P03730000,121.44999999999999,0.2646,0.037152862651823125,0.9890744705276828
2022-12-30,108,0.29568788501026694,3735,0.9487615601471266,3966.799237658808,0.9415651703624872,Put,SPXW,SPXW221230P03735000,122.75,0.264,0.037152862651823125,0.9890744705276828
2022-12-30,108,0.29568788501026694,3740,0.9500316559438431,3966.799237658808,0.9428256324379389,Put,SPXW,SPXW221230P03740000,124.15,0.2637,0.037152862651823125,0.9890744705276828
2022-12-30,108,0.29568788501026694,3745,0.9513017517405594,3966.799237658808,0.9440860945133908,Put,SPXW,SPXW221230P03745000,125.6,0.2632,0.037152862651823125,0.9890744705276828
2022-12-30,108,0.29568788501026694,3750,0.9525718475372758,3966.799237658808,0.9453465565888426,Put,SPXW,SPXW221230P03750000,127.05000000000001,0.2624,0.037152862651823125,0.9890744705276828
2022-12-30,108,0.29568788501026694,3755,0.9538419433339922,3966.799237658808,0.9466070186642943,Put,SPXW,SPXW221230P03755000,128.45,0.2621,0.037152862651823125,0.9890744705276828
2022-12-30,108,0.29568788501026694,3760,0.9551120391307085,3966.799237658808,0.9478674807397461,Put,SPXW,SPXW221230P03760000,129.95,0.2613,0.037152862651823125,0.9890744705276828
2022-12-30,108,0.29568788501026694,3765,0.9563821349274249,3966.799237658808,0.949127942815198,Put,SPXW,SPXW221230P03765000,131.60000000000002,0.261,0.037152862651823125,0.9890744705276828
2022-12-30,108,0.29568788501026694,3770,0.9576522307241413,3966.799237658808,0.9503884048906497,Put,SPXW,SPXW221230P03770000,132.9,0.2604,0.037152862651823125,0.9890744705276828
2022-12-30,108,0.29568788501026694,3775,0.9589223265208576,3966.799237658808,0.9516488669661015,Put,SPXW,SPXW221230P03775000,134.55,0.2598,0.037152862651823125,0.9890744705276828
2022-12-30,108,0.29568788501026694,3780,0.960192422317574,3966.799237658808,0.9529093290415533,Put,SPXW,SPXW221230P03780000,135.9,0.2594,0.037152862651823125,0.9890744705276828
2022-12-30,108,0.29568788501026694,3785,0.9614625181142904,3966.799237658808,0.9541697911170051,Put,SPXW,SPXW221230P03785000,137.45,0.2586,0.037152862651823125,0.9890744705276828
2022-12-30,108,0.29568788501026694,3790,0.9627326139110067,3966.799237658808,0.9554302531924569,Put,SPXW,SPXW221230P03790000,138.95,0.2582,0.037152862651823125,0.9890744705276828
2022-12-30,108,0.29568788501026694,3795,0.9640027097077231,3966.799237658808,0.9566907152679087,Put,SPXW,SPXW221230P03795000,140.55,0.2575,0.037152862651823125,0.9890744705276828
2022-12-30,108,0.29568788501026694,3800,0.9652728055044395,3966.799237658808,0.9579511773433604,Put,SPXW,SPXW221230P03800000,142.2,0.257,0.037152862651823125,0.9890744705276828
2022-12-30,108,0.29568788501026694,3805,0.9665429013011558,3966.799237658808,0.9592116394188123,Put,SPXW,SPXW221230P03805000,143.75,0.2564,0.037152862651823125,0.9890744705276828
2022-12-30,108,0.29568788501026694,3810,0.9678129970978722,3966.799237658808,0.9604721014942641,Put,SPXW,SPXW221230P03810000,145.35,0.2559,0.037152862651823125,0.9890744705276828
2022-12-30,108,0.29568788501026694,3815,0.9690830928945886,3966.799237658808,0.9617325635697158,Put,SPXW,SPXW221230P03815000,146.95,0.2555,0.037152862651823125,0.9890744705276828
2022-12-30,108,0.29568788501026694,3820,0.9703531886913049,3966.799237658808,0.9629930256451676,Put,SPXW,SPXW221230P03820000,148.7,0.2548,0.037152862651823125,0.9890744705276828
2022-12-30,108,0.29568788501026694,3825,0.9716232844880213,3966.799237658808,0.9642534877206194,Put,SPXW,SPXW221230P03825000,150.35,0.2543,0.037152862651823125,0.9890744705276828
2022-12-30,108,0.29568788501026694,3830,0.9728933802847377,3966.799237658808,0.9655139497960712,Put,SPXW,SPXW221230P03830000,151.85,0.2538,0.037152862651823125,0.9890744705276828
2022-12-30,108,0.29568788501026694,3835,0.974163476081454,3966.799237658808,0.966774411871523,Put,SPXW,SPXW221230P03835000,153.60000000000002,0.2531,0.037152862651823125,0.9890744705276828
2022-12-30,108,0.29568788501026694,3840,0.9754335718781704,3966.799237658808,0.9680348739469747,Put,SPXW,SPXW221230P03840000,155.45,0.2527,0.037152862651823125,0.9890744705276828
2022-12-30,108,0.29568788501026694,3845,0.9767036676748868,3966.799237658808,0.9692953360224266,Put,SPXW,SPXW221230P03845000,157.0,0.252,0.037152862651823125,0.9890744705276828
2022-12-30,108,0.29568788501026694,3850,0.9779737634716031,3966.799237658808,0.9705557980978784,Put,SPXW,SPXW221230P03850000,158.65,0.2514,0.037152862651823125,0.9890744705276828
2022-12-30,108,0.29568788501026694,3860,0.9805139550650359,3966.799237658808,0.973076722248782,Put,SPXW,SPXW221230P03860000,162.3,0.2504,0.037152862651823125,0.9890744705276828
2022-12-30,108,0.29568788501026694,3865,0.9817840508617522,3966.799237658808,0.9743371843242338,Put,SPXW,SPXW221230P03865000,164.05,0.2499,0.037152862651823125,0.9890744705276828
2022-12-30,108,0.29568788501026694,3870,0.9830541466584686,3966.799237658808,0.9755976463996855,Put,SPXW,SPXW221230P03870000,165.7,0.2491,0.037152862651823125,0.9890744705276828
2022-12-30,108,0.29568788501026694,3875,0.984324242455185,3966.799237658808,0.9768581084751373,Put,SPXW,SPXW221230P03875000,167.55,0.2486,0.037152862651823125,0.9890744705276828
2022-12-30,108,0.29568788501026694,3880,0.9855943382519013,3966.799237658808,0.9781185705505892,Put,SPXW,SPXW221230P03880000,169.5,0.2482,0.037152862651823125,0.9890744705276828
2022-12-30,108,0.29568788501026694,3885,0.9868644340486177,3966.799237658808,0.9793790326260409,Put,SPXW,SPXW221230P03885000,171.3,0.2476,0.037152862651823125,0.9890744705276828
2022-12-30,108,0.29568788501026694,3890,0.9881345298453341,3966.799237658808,0.9806394947014927,Put,SPXW,SPXW221230P03890000,173.3,0.2472,0.037152862651823125,0.9890744705276828
2022-12-30,108,0.29568788501026694,3895,0.9894046256420505,3966.799237658808,0.9818999567769445,Put,SPXW,SPXW221230P03895000,174.75,0.2466,0.037152862651823125,0.9890744705276828
2022-12-30,108,0.29568788501026694,3900,0.9906747214387668,3966.799237658808,0.9831604188523962,Put,SPXW,SPXW221230P03900000,176.8,0.2458,0.037152862651823125,0.9890744705276828
2022-12-30,108,0.29568788501026694,3905,0.9919448172354832,3966.799237658808,0.9844208809278481,Put,SPXW,SPXW221230P03905000,178.9,0.2455,0.037152862651823125,0.9890744705276828
2022-12-30,108,0.29568788501026694,3910,0.9932149130321996,3966.799237658808,0.9856813430032998,Put,SPXW,SPXW221230P03910000,180.60000000000002,0.2446,0.037152862651823125,0.9890744705276828
2022-12-30,108,0.29568788501026694,3915,0.9944850088289159,3966.799237658808,0.9869418050787516,Put,SPXW,SPXW221230P03915000,182.5,0.2441,0.037152862651823125,0.9890744705276828
2022-12-30,108,0.29568788501026694,3920,0.9957551046256323,3966.799237658808,0.9882022671542035,Put,SPXW,SPXW221230P03920000,184.39999999999998,0.2434,0.037152862651823125,0.9890744705276828
2022-12-30,108,0.29568788501026694,3925,0.9970252004223487,3966.799237658808,0.9894627292296552,Put,SPXW,SPXW221230P03925000,186.4,0.243,0.037152862651823125,0.9890744705276828
2022-12-30,108,0.29568788501026694,3930,0.998295296219065,3966.799237658808,0.990723191305107,Put,SPXW,SPXW221230P03930000,188.55,0.2425,0.037152862651823125,0.9890744705276828
2022-12-30,108,0.29568788501026694,3935,0.9995653920157814,3966.799237658808,0.9919836533805588,Put,SPXW,SPXW221230P03935000,190.39999999999998,0.2417,0.037152862651823125,0.9890744705276828
2022-12-30,108,0.29568788501026694,3940,1.0008354878124979,3966.799237658808,0.9932441154560105,Put,SPXW,SPXW221230P03940000,192.4,0.2412,0.037152862651823125,0.9890744705276828
2022-12-30,108,0.29568788501026694,3945,1.002105583609214,3966.799237658808,0.9945045775314624,Put,SPXW,SPXW221230P03945000,194.5,0.2408,0.037152862651823125,0.9890744705276828
2022-12-30,108,0.29568788501026694,3950,1.0033756794059305,3966.799237658808,0.9957650396069142,Put,SPXW,SPXW221230P03950000,196.55,0.2401,0.037152862651823125,0.9890744705276828
2022-12-30,108,0.29568788501026694,3955,1.004645775202647,3966.799237658808,0.9970255016823659,Put,SPXW,SPXW221230P03955000,198.85000000000002,0.2398,0.037152862651823125,0.9890744705276828
2022-12-30,108,0.29568788501026694,3960,1.0059158709993632,3966.799237658808,0.9982859637578178,Put,SPXW,SPXW221230P03960000,200.65,0.2388,0.037152862651823125,0.9890744705276828
2022-12-30,108,0.29568788501026694,3965,1.0071859667960796,3966.799237658808,0.9995464258332696,Put,SPXW,SPXW221230P03965000,203.0,0.2386,0.037152862651823125,0.9890744705276828
2022-12-30,108,0.29568788501026694,3970,1.008456062592796,3966.799237658808,1.0008068879087213,Call,SPXW,SPXW221230C03970000,198.95,0.2374,0.037152862651823125,0.9890744705276828
2022-12-30,108,0.29568788501026694,3975,1.0097261583895123,3966.799237658808,1.002067349984173,Call,SPXW,SPXW221230C03975000,196.14999999999998,0.2368,0.037152862651823125,0.9890744705276828
2022-12-30,108,0.29568788501026694,3980,1.0109962541862287,3966.799237658808,1.003327812059625,Call,SPXW,SPXW221230C03980000,193.3,0.2364,0.037152862651823125,0.9890744705276828
2022-12-30,108,0.29568788501026694,3985,1.0122663499829452,3966.799237658808,1.0045882741350767,Call,SPXW,SPXW221230C03985000,190.55,0.2357,0.037152862651823125,0.9890744705276828
2022-12-30,108,0.29568788501026694,3990,1.0135364457796614,3966.799237658808,1.0058487362105284,Call,SPXW,SPXW221230C03990000,187.95,0.2351,0.037152862651823125,0.9890744705276828
2022-12-30,108,0.29568788501026694,3995,1.0148065415763778,3966.799237658808,1.0071091982859803,Call,SPXW,SPXW221230C03995000,185.1,0.2345,0.037152862651823125,0.9890744705276828
2022-12-30,108,0.29568788501026694,4000,1.0160766373730943,3966.799237658808,1.008369660361432,Call,SPXW,SPXW221230C04000000,182.35,0.2338,0.037152862651823125,0.9890744705276828
2022-12-30,108,0.29568788501026694,4005,1.0173467331698105,3966.799237658808,1.0096301224368838,Call,SPXW,SPXW221230C04005000,179.8,0.2333,0.037152862651823125,0.9890744705276828
2022-12-30,108,0.29568788501026694,4010,1.018616828966527,3966.799237658808,1.0108905845123357,Call,SPXW,SPXW221230C04010000,177.05,0.2328,0.037152862651823125,0.9890744705276828
2022-12-30,108,0.29568788501026694,4015,1.0198869247632434,3966.799237658808,1.0121510465877874,Call,SPXW,SPXW221230C04015000,174.5,0.2322,0.037152862651823125,0.9890744705276828
2022-12-30,108,0.29568788501026694,4020,1.0211570205599596,3966.799237658808,1.0134115086632391,Call,SPXW,SPXW221230C04020000,171.8,0.2317,0.037152862651823125,0.9890744705276828
2022-12-30,108,0.29568788501026694,4025,1.022427116356676,3966.799237658808,1.014671970738691,Call,SPXW,SPXW221230C04025000,169.25,0.2311,0.037152862651823125,0.9890744705276828
2022-12-30,108,0.29568788501026694,4030,1.0236972121533925,3966.799237658808,1.0159324328141428,Call,SPXW,SPXW221230C04030000,166.64999999999998,0.2305,0.037152862651823125,0.9890744705276828
2022-12-30,108,0.29568788501026694,4035,1.0249673079501087,3966.799237658808,1.0171928948895945,Call,SPXW,SPXW221230C04035000,163.95,0.2299,0.037152862651823125,0.9890744705276828
2022-12-30,108,0.29568788501026694,4040,1.0262374037468251,3966.799237658808,1.0184533569650465,Call,SPXW,SPXW221230C04040000,161.5,0.2294,0.037152862651823125,0.9890744705276828
2022-12-30,108,0.29568788501026694,4045,1.0275074995435416,3966.799237658808,1.0197138190404982,Call,SPXW,SPXW221230C04045000,159.0,0.2288,0.037152862651823125,0.9890744705276828
2022-12-30,108,0.29568788501026694,4050,1.0287775953402578,3966.799237658808,1.02097428111595,Call,SPXW,SPXW221230C04050000,156.3,0.2281,0.037152862651823125,0.9890744705276828
2022-12-30,108,0.29568788501026694,4055,1.0300476911369743,3966.799237658808,1.0222347431914018,Call,SPXW,SPXW221230C04055000,153.9,0.2277,0.037152862651823125,0.9890744705276828
2022-12-30,108,0.29568788501026694,4060,1.0313177869336907,3966.799237658808,1.0234952052668536,Call,SPXW,SPXW221230C04060000,151.5,0.2271,0.037152862651823125,0.9890744705276828
2022-12-30,108,0.29568788501026694,4065,1.032587882730407,3966.799237658808,1.0247556673423053,Call,SPXW,SPXW221230C04065000,149.05,0.2265,0.037152862651823125,0.9890744705276828
2022-12-30,108,0.29568788501026694,4070,1.0338579785271234,3966.799237658808,1.0260161294177572,Call,SPXW,SPXW221230C04070000,146.6,0.2259,0.037152862651823125,0.9890744705276828
2022-12-30,108,0.29568788501026694,4075,1.0351280743238398,3966.799237658808,1.027276591493209,Call,SPXW,SPXW221230C04075000,144.2,0.2254,0.037152862651823125,0.9890744705276828
2022-12-30,108,0.29568788501026694,4080,1.036398170120556,3966.799237658808,1.0285370535686607,Call,SPXW,SPXW221230C04080000,141.8,0.2248,0.037152862651823125,0.9890744705276828
2022-12-30,108,0.29568788501026694,4085,1.0376682659172725,3966.799237658808,1.0297975156441126,Call,SPXW,SPXW221230C04085000,139.4,0.2242,0.037152862651823125,0.9890744705276828
2022-12-30,108,0.29568788501026694,4090,1.038938361713989,3966.799237658808,1.0310579777195643,Call,SPXW,SPXW221230C04090000,137.2,0.2236,0.037152862651823125,0.9890744705276828
2022-12-30,108,0.29568788501026694,4095,1.0402084575107051,3966.799237658808,1.032318439795016,Call,SPXW,SPXW221230C04095000,134.8,0.2232,0.037152862651823125,0.9890744705276828
2022-12-30,108,0.29568788501026694,4100,1.0414785533074216,3966.799237658808,1.033578901870468,Call,SPXW,SPXW221230C04100000,132.5,0.2223,0.037152862651823125,0.9890744705276828
2022-12-30,108,0.29568788501026694,4105,1.042748649104138,3966.799237658808,1.0348393639459197,Call,SPXW,SPXW221230C04105000,130.25,0.2219,0.037152862651823125,0.9890744705276828
2022-12-30,108,0.29568788501026694,4110,1.0440187449008542,3966.799237658808,1.0360998260213714,Call,SPXW,SPXW221230C04110000,127.95,0.2215,0.037152862651823125,0.9890744705276828
2022-12-30,108,0.29568788501026694,4115,1.0452888406975707,3966.799237658808,1.0373602880968233,Call,SPXW,SPXW221230C04115000,125.75,0.2208,0.037152862651823125,0.9890744705276828
2022-12-30,108,0.29568788501026694,4120,1.046558936494287,3966.799237658808,1.038620750172275,Call,SPXW,SPXW221230C04120000,123.5,0.2203,0.037152862651823125,0.9890744705276828
2022-12-30,108,0.29568788501026694,4125,1.0478290322910033,3966.799237658808,1.0398812122477268,Call,SPXW,SPXW221230C04125000,121.4,0.2198,0.037152862651823125,0.9890744705276828
2022-12-30,108,0.29568788501026694,4130,1.0490991280877198,3966.799237658808,1.0411416743231785,Call,SPXW,SPXW221230C04130000,119.15,0.2192,0.037152862651823125,0.9890744705276828
2022-12-30,108,0.29568788501026694,4135,1.0503692238844362,3966.799237658808,1.0424021363986304,Call,SPXW,SPXW221230C04135000,117.05,0.2187,0.037152862651823125,0.9890744705276828
2022-12-30,108,0.29568788501026694,4140,1.0516393196811524,3966.799237658808,1.0436625984740822,Call,SPXW,SPXW221230C04140000,114.9,0.2181,0.037152862651823125,0.9890744705276828
2022-12-30,108,0.29568788501026694,4145,1.0529094154778689,3966.799237658808,1.0449230605495339,Call,SPXW,SPXW221230C04145000,112.8,0.2175,0.037152862651823125,0.9890744705276828
2022-12-30,108,0.29568788501026694,4150,1.0541795112745853,3966.799237658808,1.0461835226249858,Call,SPXW,SPXW221230C04150000,110.75,0.217,0.037152862651823125,0.9890744705276828
2022-12-30,108,0.29568788501026694,4155,1.0554496070713015,3966.799237658808,1.0474439847004375,Call,SPXW,SPXW221230C04155000,108.65,0.2164,0.037152862651823125,0.9890744705276828
2022-12-30,108,0.29568788501026694,4160,1.056719702868018,3966.799237658808,1.0487044467758893,Call,SPXW,SPXW221230C04160000,106.65,0.2159,0.037152862651823125,0.9890744705276828
2022-12-30,108,0.29568788501026694,4165,1.0579897986647344,3966.799237658808,1.0499649088513412,Call,SPXW,SPXW221230C04165000,104.65,0.2153,0.037152862651823125,0.9890744705276828
2022-12-30,108,0.29568788501026694,4170,1.0592598944614506,3966.799237658808,1.051225370926793,Call,SPXW,SPXW221230C04170000,102.75,0.2148,0.037152862651823125,0.9890744705276828
2022-12-30,108,0.29568788501026694,4175,1.060529990258167,3966.799237658808,1.0524858330022446,Call,SPXW,SPXW221230C04175000,100.75,0.2143,0.037152862651823125,0.9890744705276828
2022-12-30,108,0.29568788501026694,4180,1.0618000860548835,3966.799237658808,1.0537462950776966,Call,SPXW,SPXW221230C04180000,98.85,0.2137,0.037152862651823125,0.9890744705276828
2022-12-30,108,0.29568788501026694,4185,1.0630701818515997,3966.799237658808,1.0550067571531483,Call,SPXW,SPXW221230C04185000,96.9,0.2133,0.037152862651823125,0.9890744705276828
2022-12-30,108,0.29568788501026694,4190,1.0643402776483162,3966.799237658808,1.0562672192286,Call,SPXW,SPXW221230C04190000,95.05,0.2127,0.037152862651823125,0.9890744705276828
2022-12-30,108,0.29568788501026694,4195,1.0656103734450326,3966.799237658808,1.057527681304052,Call,SPXW,SPXW221230C04195000,93.25,0.2121,0.037152862651823125,0.9890744705276828
2022-12-30,108,0.29568788501026694,4200,1.0668804692417488,3966.799237658808,1.0587881433795037,Call,SPXW,SPXW221230C04200000,91.25,0.2116,0.037152862651823125,0.9890744705276828
2022-12-30,108,0.29568788501026694,4205,1.0681505650384653,3966.799237658808,1.0600486054549554,Call,SPXW,SPXW221230C04205000,89.65,0.2112,0.037152862651823125,0.9890744705276828
2022-12-30,108,0.29568788501026694,4210,1.0694206608351817,3966.799237658808,1.0613090675304073,Call,SPXW,SPXW221230C04210000,87.80000000000001,0.2107,0.037152862651823125,0.9890744705276828
2022-12-30,108,0.29568788501026694,4215,1.070690756631898,3966.799237658808,1.062569529605859,Call,SPXW,SPXW221230C04215000,86.05000000000001,0.2103,0.037152862651823125,0.9890744705276828
2022-12-30,108,0.29568788501026694,4220,1.0719608524286144,3966.799237658808,1.0638299916813108,Call,SPXW,SPXW221230C04220000,84.30000000000001,0.2097,0.037152862651823125,0.9890744705276828
2022-12-30,108,0.29568788501026694,4225,1.0732309482253308,3966.799237658808,1.0650904537567627,Call,SPXW,SPXW221230C04225000,82.55000000000001,0.2092,0.037152862651823125,0.9890744705276828
2022-12-30,108,0.29568788501026694,4230,1.074501044022047,3966.799237658808,1.0663509158322144,Call,SPXW,SPXW221230C04230000,80.94999999999999,0.2088,0.037152862651823125,0.9890744705276828
2022-12-30,108,0.29568788501026694,4235,1.0757711398187635,3966.799237658808,1.0676113779076661,Call,SPXW,SPXW221230C04235000,79.25,0.2082,0.037152862651823125,0.9890744705276828
2022-12-30,108,0.29568788501026694,4240,1.07704123561548,3966.799237658808,1.068871839983118,Call,SPXW,SPXW221230C04240000,77.6,0.2078,0.037152862651823125,0.9890744705276828
2022-12-30,108,0.29568788501026694,4245,1.0783113314121962,3966.799237658808,1.0701323020585698,Call,SPXW,SPXW221230C04245000,76.0,0.2073,0.037152862651823125,0.9890744705276828
2022-12-30,108,0.29568788501026694,4250,1.0795814272089126,3966.799237658808,1.0713927641340215,Call,SPXW,SPXW221230C04250000,74.25,0.2065,0.037152862651823125,0.9890744705276828
2022-12-30,108,0.29568788501026694,4255,1.080851523005629,3966.799237658808,1.0726532262094735,Call,SPXW,SPXW221230C04255000,72.85,0.2063,0.037152862651823125,0.9890744705276828
2022-12-30,108,0.29568788501026694,4260,1.0821216188023453,3966.799237658808,1.0739136882849252,Call,SPXW,SPXW221230C04260000,71.25,0.2058,0.037152862651823125,0.9890744705276828
2022-12-30,108,0.29568788501026694,4265,1.0833917145990617,3966.799237658808,1.075174150360377,Call,SPXW,SPXW221230C04265000,69.65,0.2052,0.037152862651823125,0.9890744705276828
2022-12-30,108,0.29568788501026694,4270,1.0846618103957781,3966.799237658808,1.0764346124358288,Call,SPXW,SPXW221230C04270000,68.2,0.2048,0.037152862651823125,0.9890744705276828
2022-12-30,108,0.29568788501026694,4275,1.0859319061924944,3966.799237658808,1.0776950745112805,Call,SPXW,SPXW221230C04275000,66.75,0.2044,0.037152862651823125,0.9890744705276828
2022-12-30,108,0.29568788501026694,4280,1.0872020019892108,3966.799237658808,1.0789555365867323,Call,SPXW,SPXW221230C04280000,65.3,0.204,0.037152862651823125,0.9890744705276828
2022-12-30,108,0.29568788501026694,4285,1.0884720977859272,3966.799237658808,1.0802159986621842,Call,SPXW,SPXW221230C04285000,63.9,0.2036,0.037152862651823125,0.9890744705276828
2022-12-30,108,0.29568788501026694,4290,1.0897421935826435,3966.799237658808,1.081476460737636,Call,SPXW,SPXW221230C04290000,62.45,0.2031,0.037152862651823125,0.9890744705276828
2022-12-30,108,0.29568788501026694,4295,1.09101228937936,3966.799237658808,1.0827369228130876,Call,SPXW,SPXW221230C04295000,61.099999999999994,0.2027,0.037152862651823125,0.9890744705276828
2022-12-30,108,0.29568788501026694,4300,1.0922823851760763,3966.799237658808,1.0839973848885396,Call,SPXW,SPXW221230C04300000,59.6,0.2019,0.037152862651823125,0.9890744705276828
2022-12-30,108,0.29568788501026694,4305,1.0935524809727926,3966.799237658808,1.0852578469639913,Call,SPXW,SPXW221230C04305000,58.400000000000006,0.2018,0.037152862651823125,0.9890744705276828
2022-12-30,108,0.29568788501026694,4310,1.094822576769509,3966.799237658808,1.086518309039443,Call,SPXW,SPXW221230C04310000,57.099999999999994,0.2014,0.037152862651823125,0.9890744705276828
2022-12-30,108,0.29568788501026694,4315,1.0960926725662254,3966.799237658808,1.0877787711148947,Call,SPXW,SPXW221230C04315000,55.900000000000006,0.2009,0.037152862651823125,0.9890744705276828
2022-12-30,108,0.29568788501026694,4320,1.0973627683629417,3966.799237658808,1.0890392331903467,Call,SPXW,SPXW221230C04320000,54.55,0.2006,0.037152862651823125,0.9890744705276828
2022-12-30,108,0.29568788501026694,4325,1.098632864159658,3966.799237658808,1.0902996952657984,Call,SPXW,SPXW221230C04325000,53.400000000000006,0.2001,0.037152862651823125,0.9890744705276828
2022-12-30,108,0.29568788501026694,4330,1.0999029599563745,3966.799237658808,1.0915601573412501,Call,SPXW,SPXW221230C04330000,52.099999999999994,0.1997,0.037152862651823125,0.9890744705276828
2022-12-30,108,0.29568788501026694,4335,1.1011730557530908,3966.799237658808,1.092820619416702,Call,SPXW,SPXW221230C04335000,50.85,0.1993,0.037152862651823125,0.9890744705276828
2022-12-30,108,0.29568788501026694,4340,1.1024431515498072,3966.799237658808,1.0940810814921538,Call,SPXW,SPXW221230C04340000,49.8,0.1988,0.037152862651823125,0.9890744705276828
2022-12-30,108,0.29568788501026694,4345,1.1037132473465237,3966.799237658808,1.0953415435676055,Call,SPXW,SPXW221230C04345000,48.55,0.1985,0.037152862651823125,0.9890744705276828
2022-12-30,108,0.29568788501026694,4350,1.1049833431432399,3966.799237658808,1.0966020056430574,Call,SPXW,SPXW221230C04350000,47.25,0.1979,0.037152862651823125,0.9890744705276828
2022-12-30,108,0.29568788501026694,4355,1.1062534389399563,3966.799237658808,1.0978624677185091,Call,SPXW,SPXW221230C04355000,46.35,0.1979,0.037152862651823125,0.9890744705276828
2022-12-30,108,0.29568788501026694,4360,1.1075235347366728,3966.799237658808,1.0991229297939609,Call,SPXW,SPXW221230C04360000,45.25,0.1975,0.037152862651823125,0.9890744705276828
2022-12-30,108,0.29568788501026694,4365,1.108793630533389,3966.799237658808,1.1003833918694128,Call,SPXW,SPXW221230C04365000,44.099999999999994,0.197,0.037152862651823125,0.9890744705276828
2022-12-30,108,0.29568788501026694,4370,1.1100637263301054,3966.799237658808,1.1016438539448645,Call,SPXW,SPXW221230C04370000,43.15,0.1968,0.037152862651823125,0.9890744705276828
2022-12-30,108,0.29568788501026694,4375,1.1113338221268219,3966.799237658808,1.1029043160203162,Call,SPXW,SPXW221230C04375000,42.15,0.1962,0.037152862651823125,0.9890744705276828
2022-12-30,108,0.29568788501026694,4380,1.112603917923538,3966.799237658808,1.1041647780957682,Call,SPXW,SPXW221230C04380000,41.0,0.1959,0.037152862651823125,0.9890744705276828
2022-12-30,108,0.29568788501026694,4385,1.1138740137202545,3966.799237658808,1.10542524017122,Call,SPXW,SPXW221230C04385000,40.1,0.1955,0.037152862651823125,0.9890744705276828
2022-12-30,108,0.29568788501026694,4390,1.115144109516971,3966.799237658808,1.1066857022466716,Call,SPXW,SPXW221230C04390000,39.099999999999994,0.1952,0.037152862651823125,0.9890744705276828
2022-12-30,108,0.29568788501026694,4395,1.1164142053136872,3966.799237658808,1.1079461643221236,Call,SPXW,SPXW221230C04395000,38.099999999999994,0.1948,0.037152862651823125,0.9890744705276828
2022-12-30,108,0.29568788501026694,4400,1.1176843011104036,3966.799237658808,1.1092066263975753,Call,SPXW,SPXW221230C04400000,37.0,0.1942,0.037152862651823125,0.9890744705276828
2022-12-30,108,0.29568788501026694,4405,1.11895439690712,3966.799237658808,1.110467088473027,Call,SPXW,SPXW221230C04405000,36.25,0.1942,0.037152862651823125,0.9890744705276828
2022-12-30,108,0.29568788501026694,4410,1.1202244927038363,3966.799237658808,1.111727550548479,Call,SPXW,SPXW221230C04410000,35.35,0.1938,0.037152862651823125,0.9890744705276828
2022-12-30,108,0.29568788501026694,4415,1.1214945885005527,3966.799237658808,1.1129880126239307,Call,SPXW,SPXW221230C04415000,34.5,0.1935,0.037152862651823125,0.9890744705276828
2022-12-30,108,0.29568788501026694,4420,1.1227646842972692,3966.799237658808,1.1142484746993824,Call,SPXW,SPXW221230C04420000,33.65,0.1932,0.037152862651823125,0.9890744705276828
2022-12-30,108,0.29568788501026694,4425,1.1240347800939854,3966.799237658808,1.1155089367748343,Call,SPXW,SPXW221230C04425000,32.9,0.1928,0.037152862651823125,0.9890744705276828
2022-12-30,108,0.29568788501026694,4430,1.1253048758907018,3966.799237658808,1.116769398850286,Call,SPXW,SPXW221230C04430000,31.950000000000003,0.1926,0.037152862651823125,0.9890744705276828
2022-12-30,108,0.29568788501026694,4435,1.1265749716874183,3966.799237658808,1.1180298609257378,Call,SPXW,SPXW221230C04435000,31.15,0.1922,0.037152862651823125,0.9890744705276828
2022-12-30,108,0.29568788501026694,4440,1.1278450674841345,3966.799237658808,1.1192903230011897,Call,SPXW,SPXW221230C04440000,30.4,0.192,0.037152862651823125,0.9890744705276828
2022-12-30,108,0.29568788501026694,4445,1.129115163280851,3966.799237658808,1.1205507850766414,Call,SPXW,SPXW221230C04445000,29.6,0.1917,0.037152862651823125,0.9890744705276828
2022-12-30,108,0.29568788501026694,4450,1.1303852590775674,3966.799237658808,1.1218112471520931,Call,SPXW,SPXW221230C04450000,28.65,0.191,0.037152862651823125,0.9890744705276828
2022-12-30,108,0.29568788501026694,4455,1.1316553548742836,3966.799237658808,1.123071709227545,Call,SPXW,SPXW221230C04455000,28.1,0.1911,0.037152862651823125,0.9890744705276828
2022-12-30,108,0.29568788501026694,4460,1.132925450671,3966.799237658808,1.1243321713029968,Call,SPXW,SPXW221230C04460000,27.4,0.1908,0.037152862651823125,0.9890744705276828
2022-12-30,108,0.29568788501026694,4465,1.1341955464677165,3966.799237658808,1.1255926333784485,Call,SPXW,SPXW221230C04465000,26.7,0.1906,0.037152862651823125,0.9890744705276828
2022-12-30,108,0.29568788501026694,4470,1.1354656422644327,3966.799237658808,1.1268530954539004,Call,SPXW,SPXW221230C04470000,25.95,0.1902,0.037152862651823125,0.9890744705276828
2022-12-30,108,0.29568788501026694,4475,1.1367357380611491,3966.799237658808,1.1281135575293522,Call,SPXW,SPXW221230C04475000,25.35,0.1898,0.037152862651823125,0.9890744705276828
2022-12-30,108,0.29568788501026694,4480,1.1380058338578656,3966.799237658808,1.1293740196048039,Call,SPXW,SPXW221230C04480000,24.700000000000003,0.1898,0.037152862651823125,0.9890744705276828
2022-12-30,108,0.29568788501026694,4485,1.1392759296545818,3966.799237658808,1.1306344816802556,Call,SPXW,SPXW221230C04485000,24.0,0.1894,0.037152862651823125,0.9890744705276828
2022-12-30,108,0.29568788501026694,4490,1.1405460254512982,3966.799237658808,1.1318949437557075,Call,SPXW,SPXW221230C04490000,23.45,0.1893,0.037152862651823125,0.9890744705276828
2022-12-30,108,0.29568788501026694,4495,1.1418161212480147,3966.799237658808,1.1331554058311593,Call,SPXW,SPXW221230C04495000,22.8,0.189,0.037152862651823125,0.9890744705276828
2022-12-30,108,0.29568788501026694,4500,1.143086217044731,3966.799237658808,1.134415867906611,Call,SPXW,SPXW221230C04500000,22.1,0.1885,0.037152862651823125,0.9890744705276828
2022-12-30,108,0.29568788501026694,4505,1.1443563128414473,3966.799237658808,1.135676329982063,Call,SPXW,SPXW221230C04505000,21.65,0.1886,0.037152862651823125,0.9890744705276828
2022-12-30,108,0.29568788501026694,4510,1.1456264086381638,3966.799237658808,1.1369367920575146,Call,SPXW,SPXW221230C04510000,21.1,0.1884,0.037152862651823125,0.9890744705276828
2022-12-30,108,0.29568788501026694,4515,1.14689650443488,3966.799237658808,1.1381972541329664,Call,SPXW,SPXW221230C04515000,20.55,0.1882,0.037152862651823125,0.9890744705276828
2022-12-30,108,0.29568788501026694,4520,1.1481666002315964,3966.799237658808,1.1394577162084183,Call,SPXW,SPXW221230C04520000,20.0,0.188,0.037152862651823125,0.9890744705276828
2022-12-30,108,0.29568788501026694,4525,1.1494366960283129,3966.799237658808,1.14071817828387,Call,SPXW,SPXW221230C04525000,19.5,0.1878,0.037152862651823125,0.9890744705276828
2022-12-30,108,0.29568788501026694,4530,1.150706791825029,3966.799237658808,1.1419786403593217,Call,SPXW,SPXW221230C04530000,19.0,0.1877,0.037152862651823125,0.9890744705276828
2022-12-30,108,0.29568788501026694,4540,1.153246983418462,3966.799237658808,1.1444995645102254,Call,SPXW,SPXW221230C04540000,17.95,0.1871,0.037152862651823125,0.9890744705276828
2022-12-30,108,0.29568788501026694,4545,1.1545170792151782,3966.799237658808,1.145760026585677,Call,SPXW,SPXW221230C04545000,17.5,0.187,0.037152862651823125,0.9890744705276828
2022-12-30,108,0.29568788501026694,4550,1.1557871750118947,3966.799237658808,1.147020488661129,Call,SPXW,SPXW221230C04550000,17.0,0.1867,0.037152862651823125,0.9890744705276828
2022-12-30,108,0.29568788501026694,4555,1.157057270808611,3966.799237658808,1.1482809507365808,Call,SPXW,SPXW221230C04555000,16.55,0.1865,0.037152862651823125,0.9890744705276828
2022-12-30,108,0.29568788501026694,4560,1.1583273666053273,3966.799237658808,1.1495414128120325,Call,SPXW,SPXW221230C04560000,16.1,0.1863,0.037152862651823125,0.9890744705276828
2022-12-30,108,0.29568788501026694,4570,1.1608675581987602,3966.799237658808,1.1520623369629361,Call,SPXW,SPXW221230C04570000,15.25,0.186,0.037152862651823125,0.9890744705276828
2022-12-30,108,0.29568788501026694,4575,1.1621376539954764,3966.799237658808,1.1533227990383879,Call,SPXW,SPXW221230C04575000,14.850000000000001,0.1858,0.037152862651823125,0.9890744705276828
2022-12-30,108,0.29568788501026694,4580,1.1634077497921929,3966.799237658808,1.1545832611138398,Call,SPXW,SPXW221230C04580000,14.45,0.1857,0.037152862651823125,0.9890744705276828
2022-12-30,108,0.29568788501026694,4590,1.1659479413856255,3966.799237658808,1.1571041852647432,Call,SPXW,SPXW221230C04590000,13.649999999999999,0.1853,0.037152862651823125,0.9890744705276828
2022-12-30,108,0.29568788501026694,4600,1.1684881329790584,3966.799237658808,1.159625109415647,Call,SPXW,SPXW221230C04600000,12.8,0.1846,0.037152862651823125,0.9890744705276828
2022-12-30,108,0.29568788501026694,4610,1.171028324572491,3966.799237658808,1.1621460335665506,Call,SPXW,SPXW221230C04610000,12.2,0.1846,0.037152862651823125,0.9890744705276828
2022-12-30,108,0.29568788501026694,4620,1.1735685161659237,3966.799237658808,1.164666957717454,Call,SPXW,SPXW221230C04620000,11.55,0.1844,0.037152862651823125,0.9890744705276828
2022-12-30,108,0.29568788501026694,4625,1.1748386119626402,3966.799237658808,1.165927419792906,Call,SPXW,SPXW221230C04625000,11.2,0.1841,0.037152862651823125,0.9890744705276828
2022-12-30,108,0.29568788501026694,4630,1.1761087077593566,3966.799237658808,1.1671878818683576,Call,SPXW,SPXW221230C04630000,10.9,0.184,0.037152862651823125,0.9890744705276828
2022-12-30,108,0.29568788501026694,4640,1.1786488993527893,3966.799237658808,1.1697088060192613,Call,SPXW,SPXW221230C04640000,10.3,0.1837,0.037152862651823125,0.9890744705276828
2022-12-30,108,0.29568788501026694,4650,1.181189090946222,3966.799237658808,1.1722297301701647,Call,SPXW,SPXW221230C04650000,9.8,0.1837,0.037152862651823125,0.9890744705276828
2022-12-30,108,0.29568788501026694,4660,1.1837292825396548,3966.799237658808,1.1747506543210684,Call,SPXW,SPXW221230C04660000,9.2,0.1832,0.037152862651823125,0.9890744705276828
2022-12-30,108,0.29568788501026694,4670,1.1862694741330875,3966.799237658808,1.1772715784719718,Call,SPXW,SPXW221230C04670000,8.7,0.183,0.037152862651823125,0.9890744705276828
2022-12-30,108,0.29568788501026694,4675,1.187539569929804,3966.799237658808,1.1785320405474238,Call,SPXW,SPXW221230C04675000,8.45,0.1829,0.037152862651823125,0.9890744705276828
2022-12-30,108,0.29568788501026694,4680,1.1888096657265201,3966.799237658808,1.1797925026228755,Call,SPXW,SPXW221230C04680000,8.2,0.1828,0.037152862651823125,0.9890744705276828
2022-12-30,108,0.29568788501026694,4690,1.191349857319953,3966.799237658808,1.1823134267737792,Call,SPXW,SPXW221230C04690000,7.75,0.1826,0.037152862651823125,0.9890744705276828
2022-12-30,108,0.29568788501026694,4700,1.1938900489133857,3966.799237658808,1.1848343509246826,Call,SPXW,SPXW221230C04700000,7.35,0.1825,0.037152862651823125,0.9890744705276828
2023-01-20,129,0.3524412502851928,2800,0.7112536461611659,3972.743314551241,0.7048026460064125,Put,SPX,SPX230120P02800000,20.4,0.3856,0.037254833965701145,0.9869556839908081
2023-01-20,129,0.3524412502851928,2850,0.7239546041283296,3972.743314551241,0.7173884075422413,Put,SPX,SPX230120P02850000,22.299999999999997,0.377,0.037254833965701145,0.9869556839908081
2023-01-20,129,0.3524412502851928,2900,0.7366555620954933,3972.743314551241,0.7299741690780701,Put,SPX,SPX230120P02900000,24.4,0.3687,0.037254833965701145,0.9869556839908081
2023-01-20,129,0.3524412502851928,2950,0.749356520062657,3972.743314551241,0.7425599306138988,Put,SPX,SPX230120P02950000,26.700000000000003,0.3604,0.037254833965701145,0.9869556839908081
2023-01-20,129,0.3524412502851928,2975,0.7557069990462388,3972.743314551241,0.7488528113818133,Put,SPX,SPX230120P02975000,27.950000000000003,0.3563,0.037254833965701145,0.9869556839908081
2023-01-20,129,0.3524412502851928,3000,0.7620574780298206,3972.743314551241,0.7551456921497276,Put,SPX,SPX230120P03000000,29.299999999999997,0.3524,0.037254833965701145,0.9869556839908081
2023-01-20,129,0.3524412502851928,3025,0.7684079570134025,3972.743314551241,0.761438572917642,Put,SPX,SPX230120P03025000,30.9,0.349,0.037254833965701145,0.9869556839908081
2023-01-20,129,0.3524412502851928,3050,0.7747584359969844,3972.743314551241,0.7677314536855564,Put,SPX,SPX230120P03050000,32.25,0.3447,0.037254833965701145,0.9869556839908081
2023-01-20,129,0.3524412502851928,3075,0.7811089149805661,3972.743314551241,0.7740243344534709,Put,SPX,SPX230120P03075000,33.9,0.3411,0.037254833965701145,0.9869556839908081
2023-01-20,129,0.3524412502851928,3100,0.787459393964148,3972.743314551241,0.7803172152213852,Put,SPX,SPX230120P03100000,35.6,0.3374,0.037254833965701145,0.9869556839908081
2023-01-20,129,0.3524412502851928,3125,0.7938098729477299,3972.743314551241,0.7866100959892997,Put,SPX,SPX230120P03125000,37.4,0.3337,0.037254833965701145,0.9869556839908081
2023-01-20,129,0.3524412502851928,3150,0.8001603519313116,3972.743314551241,0.792902976757214,Put,SPX,SPX230120P03150000,39.3,0.3301,0.037254833965701145,0.9869556839908081
2023-01-20,129,0.3524412502851928,3175,0.8065108309148935,3972.743314551241,0.7991958575251285,Put,SPX,SPX230120P03175000,41.3,0.3265,0.037254833965701145,0.9869556839908081
2023-01-20,129,0.3524412502851928,3200,0.8128613098984754,3972.743314551241,0.8054887382930428,Put,SPX,SPX230120P03200000,43.45,0.323,0.037254833965701145,0.9869556839908081
2023-01-20,129,0.3524412502851928,3225,0.8192117888820571,3972.743314551241,0.8117816190609572,Put,SPX,SPX230120P03225000,45.75,0.3196,0.037254833965701145,0.9869556839908081
2023-01-20,129,0.3524412502851928,3250,0.825562267865639,3972.743314551241,0.8180744998288716,Put,SPX,SPX230120P03250000,48.2,0.3164,0.037254833965701145,0.9869556839908081
2023-01-20,129,0.3524412502851928,3275,0.8319127468492209,3972.743314551241,0.824367380596786,Put,SPX,SPX230120P03275000,50.8,0.3131,0.037254833965701145,0.9869556839908081
2023-01-20,129,0.3524412502851928,3300,0.8382632258328027,3972.743314551241,0.8306602613647004,Put,SPX,SPX230120P03300000,53.6,0.31,0.037254833965701145,0.9869556839908081
2023-01-20,129,0.3524412502851928,3325,0.8446137048163845,3972.743314551241,0.8369531421326148,Put,SPX,SPX230120P03325000,56.5,0.3068,0.037254833965701145,0.9869556839908081
2023-01-20,129,0.3524412502851928,3330,0.8458838006131009,3972.743314551241,0.8382117182861977,Put,SPX,SPX230120P03330000,57.1,0.3062,0.037254833965701145,0.9869556839908081
2023-01-20,129,0.3524412502851928,3340,0.8484239922065336,3972.743314551241,0.8407288705933634,Put,SPX,SPX230120P03340000,58.349999999999994,0.305,0.037254833965701145,0.9869556839908081
2023-01-20,129,0.3524412502851928,3350,0.8509641837999664,3972.743314551241,0.8432460229005292,Put,SPX,SPX230120P03350000,59.55,0.3037,0.037254833965701145,0.9869556839908081
2023-01-20,129,0.3524412502851928,3360,0.8535043753933991,3972.743314551241,0.845763175207695,Put,SPX,SPX230120P03360000,60.849999999999994,0.3025,0.037254833965701145,0.9869556839908081
2023-01-20,129,0.3524412502851928,3370,0.8560445669868318,3972.743314551241,0.8482803275148607,Put,SPX,SPX230120P03370000,62.2,0.3014,0.037254833965701145,0.9869556839908081
2023-01-20,129,0.3524412502851928,3375,0.8573146627835482,3972.743314551241,0.8495389036684436,Put,SPX,SPX230120P03375000,62.849999999999994,0.3007,0.037254833965701145,0.9869556839908081
2023-01-20,129,0.3524412502851928,3380,0.8585847585802646,3972.743314551241,0.8507974798220265,Put,SPX,SPX230120P03380000,63.55,0.3001,0.037254833965701145,0.9869556839908081
2023-01-20,129,0.3524412502851928,3390,0.8611249501736973,3972.743314551241,0.8533146321291922,Put,SPX,SPX230120P03390000,65.0,0.2991,0.037254833965701145,0.9869556839908081
2023-01-20,129,0.3524412502851928,3400,0.86366514176713,3972.743314551241,0.855831784436358,Put,SPX,SPX230120P03400000,66.4,0.2979,0.037254833965701145,0.9869556839908081
2023-01-20,129,0.3524412502851928,3410,0.8662053333605628,3972.743314551241,0.8583489367435237,Put,SPX,SPX230120P03410000,67.85,0.2967,0.037254833965701145,0.9869556839908081
2023-01-20,129,0.3524412502851928,3420,0.8687455249539955,3972.743314551241,0.8608660890506895,Put,SPX,SPX230120P03420000,69.35,0.2956,0.037254833965701145,0.9869556839908081
2023-01-20,129,0.3524412502851928,3425,0.8700156207507119,3972.743314551241,0.8621246652042724,Put,SPX,SPX230120P03425000,70.0,0.2951,0.037254833965701145,0.9869556839908081
2023-01-20,129,0.3524412502851928,3430,0.8712857165474283,3972.743314551241,0.8633832413578553,Put,SPX,SPX230120P03430000,70.85,0.2944,0.037254833965701145,0.9869556839908081
2023-01-20,129,0.3524412502851928,3440,0.873825908140861,3972.743314551241,0.865900393665021,Put,SPX,SPX230120P03440000,72.4,0.2932,0.037254833965701145,0.9869556839908081
2023-01-20,129,0.3524412502851928,3450,0.8763660997342937,3972.743314551241,0.8684175459721868,Put,SPX,SPX230120P03450000,74.0,0.2921,0.037254833965701145,0.9869556839908081
2023-01-20,129,0.3524412502851928,3460,0.8789062913277265,3972.743314551241,0.8709346982793525,Put,SPX,SPX230120P03460000,75.65,0.291,0.037254833965701145,0.9869556839908081
2023-01-20,129,0.3524412502851928,3470,0.8814464829211592,3972.743314551241,0.8734518505865183,Put,SPX,SPX230120P03470000,77.35,0.29,0.037254833965701145,0.9869556839908081
2023-01-20,129,0.3524412502851928,3475,0.8827165787178756,3972.743314551241,0.8747104267401012,Put,SPX,SPX230120P03475000,78.2,0.2894,0.037254833965701145,0.9869556839908081
2023-01-20,129,0.3524412502851928,3480,0.8839866745145919,3972.743314551241,0.8759690028936841,Put,SPX,SPX230120P03480000,79.05000000000001,0.2889,0.037254833965701145,0.9869556839908081
2023-01-20,129,0.3524412502851928,3490,0.8865268661080247,3972.743314551241,0.8784861552008498,Put,SPX,SPX230120P03490000,80.75,0.2877,0.037254833965701145,0.9869556839908081
2023-01-20,129,0.3524412502851928,3500,0.8890670577014574,3972.743314551241,0.8810033075080156,Put,SPX,SPX230120P03500000,82.6,0.2867,0.037254833965701145,0.9869556839908081
2023-01-20,129,0.3524412502851928,3510,0.8916072492948901,3972.743314551241,0.8835204598151813,Put,SPX,SPX230120P03510000,84.4,0.2856,0.037254833965701145,0.9869556839908081
2023-01-20,129,0.3524412502851928,3520,0.8941474408883229,3972.743314551241,0.8860376121223471,Put,SPX,SPX230120P03520000,86.2,0.2845,0.037254833965701145,0.9869556839908081
2023-01-20,129,0.3524412502851928,3525,0.8954175366850392,3972.743314551241,0.8872961882759299,Put,SPX,SPX230120P03525000,87.2,0.284,0.037254833965701145,0.9869556839908081
2023-01-20,129,0.3524412502851928,3530,0.8966876324817556,3972.743314551241,0.8885547644295129,Put,SPX,SPX230120P03530000,88.1,0.2834,0.037254833965701145,0.9869556839908081
2023-01-20,129,0.3524412502851928,3540,0.8992278240751883,3972.743314551241,0.8910719167366786,Put,SPX,SPX230120P03540000,90.1,0.2824,0.037254833965701145,0.9869556839908081
2023-01-20,129,0.3524412502851928,3550,0.9017680156686211,3972.743314551241,0.8935890690438444,Put,SPX,SPX230120P03550000,92.1,0.2814,0.037254833965701145,0.9869556839908081
2023-01-20,129,0.3524412502851928,3560,0.9043082072620539,3972.743314551241,0.8961062213510101,Put,SPX,SPX230120P03560000,94.15,0.2804,0.037254833965701145,0.9869556839908081
2023-01-20,129,0.3524412502851928,3570,0.9068483988554865,3972.743314551241,0.8986233736581759,Put,SPX,SPX230120P03570000,96.1,0.2792,0.037254833965701145,0.9869556839908081
2023-01-20,129,0.3524412502851928,3575,0.908118494652203,3972.743314551241,0.8998819498117587,Put,SPX,SPX230120P03575000,97.25,0.2788,0.037254833965701145,0.9869556839908081
2023-01-20,129,0.3524412502851928,3580,0.9093885904489193,3972.743314551241,0.9011405259653417,Put,SPX,SPX230120P03580000,98.2,0.2781,0.037254833965701145,0.9869556839908081
2023-01-20,129,0.3524412502851928,3590,0.9119287820423521,3972.743314551241,0.9036576782725074,Put,SPX,SPX230120P03590000,100.5,0.2772,0.037254833965701145,0.9869556839908081
2023-01-20,129,0.3524412502851928,3600,0.9144689736357847,3972.743314551241,0.9061748305796732,Put,SPX,SPX230120P03600000,102.6,0.2761,0.037254833965701145,0.9869556839908081
2023-01-20,129,0.3524412502851928,3610,0.9170091652292175,3972.743314551241,0.908691982886839,Put,SPX,SPX230120P03610000,104.9,0.2751,0.037254833965701145,0.9869556839908081
2023-01-20,129,0.3524412502851928,3620,0.9195493568226503,3972.743314551241,0.9112091351940047,Put,SPX,SPX230120P03620000,107.05,0.2739,0.037254833965701145,0.9869556839908081
2023-01-20,129,0.3524412502851928,3625,0.9208194526193666,3972.743314551241,0.9124677113475875,Put,SPX,SPX230120P03625000,108.25,0.2735,0.037254833965701145,0.9869556839908081
2023-01-20,129,0.3524412502851928,3630,0.9220895484160829,3972.743314551241,0.9137262875011705,Put,SPX,SPX230120P03630000,109.44999999999999,0.273,0.037254833965701145,0.9869556839908081
2023-01-20,129,0.3524412502851928,3640,0.9246297400095157,3972.743314551241,0.9162434398083362,Put,SPX,SPX230120P03640000,111.75,0.2719,0.037254833965701145,0.9869556839908081
2023-01-20,129,0.3524412502851928,3650,0.9271699316029485,3972.743314551241,0.918760592115502,Put,SPX,SPX230120P03650000,114.1,0.2708,0.037254833965701145,0.9869556839908081
2023-01-20,129,0.3524412502851928,3660,0.9297101231963811,3972.743314551241,0.9212777444226677,Put,SPX,SPX230120P03660000,116.69999999999999,0.2699,0.037254833965701145,0.9869556839908081
2023-01-20,129,0.3524412502851928,3670,0.9322503147898139,3972.743314551241,0.9237948967298335,Put,SPX,SPX230120P03670000,119.19999999999999,0.2689,0.037254833965701145,0.9869556839908081
2023-01-20,129,0.3524412502851928,3675,0.9335204105865302,3972.743314551241,0.9250534728834163,Put,SPX,SPX230120P03675000,120.44999999999999,0.2683,0.037254833965701145,0.9869556839908081
2023-01-20,129,0.3524412502851928,3680,0.9347905063832467,3972.743314551241,0.9263120490369993,Put,SPX,SPX230120P03680000,121.7,0.2678,0.037254833965701145,0.9869556839908081
2023-01-20,129,0.3524412502851928,3690,0.9373306979766793,3972.743314551241,0.928829201344165,Put,SPX,SPX230120P03690000,124.3,0.2667,0.037254833965701145,0.9869556839908081
2023-01-20,129,0.3524412502851928,3700,0.9398708895701121,3972.743314551241,0.9313463536513308,Put,SPX,SPX230120P03700000,126.85,0.2656,0.037254833965701145,0.9869556839908081
2023-01-20,129,0.3524412502851928,3710,0.9424110811635449,3972.743314551241,0.9338635059584965,Put,SPX,SPX230120P03710000,129.60000000000002,0.2646,0.037254833965701145,0.9869556839908081
2023-01-20,129,0.3524412502851928,3720,0.9449512727569775,3972.743314551241,0.9363806582656623,Put,SPX,SPX230120P03720000,132.25,0.2635,0.037254833965701145,0.9869556839908081
2023-01-20,129,0.3524412502851928,3725,0.946221368553694,3972.743314551241,0.9376392344192451,Put,SPX,SPX230120P03725000,133.8,0.2632,0.037254833965701145,0.9869556839908081
2023-01-20,129,0.3524412502851928,3730,0.9474914643504103,3972.743314551241,0.9388978105728281,Put,SPX,SPX230120P03730000,135.05,0.2625,0.037254833965701145,0.9869556839908081
2023-01-20,129,0.3524412502851928,3740,0.9500316559438431,3972.743314551241,0.9414149628799938,Put,SPX,SPX230120P03740000,138.05,0.2616,0.037254833965701145,0.9869556839908081
2023-01-20,129,0.3524412502851928,3750,0.9525718475372758,3972.743314551241,0.9439321151871596,Put,SPX,SPX230120P03750000,140.8,0.2604,0.037254833965701145,0.9869556839908081
2023-01-20,129,0.3524412502851928,3760,0.9551120391307085,3972.743314551241,0.9464492674943253,Put,SPX,SPX230120P03760000,143.8,0.2595,0.037254833965701145,0.9869556839908081
2023-01-20,129,0.3524412502851928,3770,0.9576522307241413,3972.743314551241,0.9489664198014911,Put,SPX,SPX230120P03770000,146.7,0.2583,0.037254833965701145,0.9869556839908081
2023-01-20,129,0.3524412502851928,3775,0.9589223265208576,3972.743314551241,0.9502249959550739,Put,SPX,SPX230120P03775000,148.2,0.2578,0.037254833965701145,0.9869556839908081
2023-01-20,129,0.3524412502851928,3780,0.960192422317574,3972.743314551241,0.9514835721086569,Put,SPX,SPX230120P03780000,149.9,0.2574,0.037254833965701145,0.9869556839908081
2023-01-20,129,0.3524412502851928,3790,0.9627326139110067,3972.743314551241,0.9540007244158226,Put,SPX,SPX230120P03790000,152.8,0.2565,0.037254833965701145,0.9869556839908081
2023-01-20,129,0.3524412502851928,3800,0.9652728055044395,3972.743314551241,0.9565178767229884,Put,SPX,SPX230120P03800000,156.0,0.2552,0.037254833965701145,0.9869556839908081
2023-01-20,129,0.3524412502851928,3810,0.9678129970978722,3972.743314551241,0.9590350290301541,Put,SPX,SPX230120P03810000,159.45,0.2545,0.037254833965701145,0.9869556839908081
2023-01-20,129,0.3524412502851928,3820,0.9703531886913049,3972.743314551241,0.9615521813373199,Put,SPX,SPX230120P03820000,162.55,0.2532,0.037254833965701145,0.9869556839908081
2023-01-20,129,0.3524412502851928,3825,0.9716232844880213,3972.743314551241,0.9628107574909027,Put,SPX,SPX230120P03825000,164.4,0.2529,0.037254833965701145,0.9869556839908081
2023-01-20,129,0.3524412502851928,3830,0.9728933802847377,3972.743314551241,0.9640693336444857,Put,SPX,SPX230120P03830000,166.05,0.2524,0.037254833965701145,0.9869556839908081
2023-01-20,129,0.3524412502851928,3840,0.9754335718781704,3972.743314551241,0.9665864859516514,Put,SPX,SPX230120P03840000,169.25,0.2513,0.037254833965701145,0.9869556839908081
2023-01-20,129,0.3524412502851928,3850,0.9779737634716031,3972.743314551241,0.9691036382588172,Put,SPX,SPX230120P03850000,172.85,0.2503,0.037254833965701145,0.9869556839908081
2023-01-20,129,0.3524412502851928,3860,0.9805139550650359,3972.743314551241,0.9716207905659829,Put,SPX,SPX230120P03860000,176.35,0.2492,0.037254833965701145,0.9869556839908081
2023-01-20,129,0.3524412502851928,3870,0.9830541466584686,3972.743314551241,0.9741379428731487,Put,SPX,SPX230120P03870000,179.85,0.2481,0.037254833965701145,0.9869556839908081
2023-01-20,129,0.3524412502851928,3875,0.984324242455185,3972.743314551241,0.9753965190267315,Put,SPX,SPX230120P03875000,181.65,0.2476,0.037254833965701145,0.9869556839908081
2023-01-20,129,0.3524412502851928,3880,0.9855943382519013,3972.743314551241,0.9766550951803145,Put,SPX,SPX230120P03880000,183.3,0.2471,0.037254833965701145,0.9869556839908081
2023-01-20,129,0.3524412502851928,3890,0.9881345298453341,3972.743314551241,0.9791722474874802,Put,SPX,SPX230120P03890000,187.15,0.246,0.037254833965701145,0.9869556839908081
2023-01-20,129,0.3524412502851928,3900,0.9906747214387668,3972.743314551241,0.981689399794646,Put,SPX,SPX230120P03900000,190.85,0.245,0.037254833965701145,0.9869556839908081
2023-01-20,129,0.3524412502851928,3910,0.9932149130321996,3972.743314551241,0.9842065521018117,Put,SPX,SPX230120P03910000,194.65,0.2439,0.037254833965701145,0.9869556839908081
2023-01-20,129,0.3524412502851928,3920,0.9957551046256323,3972.743314551241,0.9867237044089775,Put,SPX,SPX230120P03920000,198.5,0.2429,0.037254833965701145,0.9869556839908081
2023-01-20,129,0.3524412502851928,3925,0.9970252004223487,3972.743314551241,0.9879822805625603,Put,SPX,SPX230120P03925000,200.3,0.2423,0.037254833965701145,0.9869556839908081
2023-01-20,129,0.3524412502851928,3930,0.998295296219065,3972.743314551241,0.9892408567161433,Put,SPX,SPX230120P03930000,202.39999999999998,0.2418,0.037254833965701145,0.9869556839908081
2023-01-20,129,0.3524412502851928,3940,1.0008354878124979,3972.743314551241,0.991758009023309,Put,SPX,SPX230120P03940000,206.39999999999998,0.2407,0.037254833965701145,0.9869556839908081
2023-01-20,129,0.3524412502851928,3950,1.0033756794059305,3972.743314551241,0.9942751613304748,Put,SPX,SPX230120P03950000,210.35,0.2396,0.037254833965701145,0.9869556839908081
2023-01-20,129,0.3524412502851928,3960,1.0059158709993632,3972.743314551241,0.9967923136376405,Put,SPX,SPX230120P03960000,214.45,0.2385,0.037254833965701145,0.9869556839908081
2023-01-20,129,0.3524412502851928,3970,1.008456062592796,3972.743314551241,0.9993094659448063,Put,SPX,SPX230120P03970000,218.55,0.2376,0.037254833965701145,0.9869556839908081
2023-01-20,129,0.3524412502851928,3975,1.0097261583895123,3972.743314551241,1.0005680420983891,Call,SPX,SPX230120C03975000,218.45,0.2368,0.037254833965701145,0.9869556839908081
2023-01-20,129,0.3524412502851928,3980,1.0109962541862287,3972.743314551241,1.001826618251972,Call,SPX,SPX230120C03980000,215.65,0.2363,0.037254833965701145,0.9869556839908081
2023-01-20,129,0.3524412502851928,3990,1.0135364457796614,3972.743314551241,1.0043437705591378,Call,SPX,SPX230120C03990000,210.10000000000002,0.2353,0.037254833965701145,0.9869556839908081
2023-01-20,129,0.3524412502851928,4000,1.0160766373730943,3972.743314551241,1.0068609228663035,Call,SPX,SPX230120C04000000,204.55,0.2342,0.037254833965701145,0.9869556839908081
2023-01-20,129,0.3524412502851928,4010,1.018616828966527,3972.743314551241,1.0093780751734693,Call,SPX,SPX230120C04010000,199.2,0.2332,0.037254833965701145,0.9869556839908081
2023-01-20,129,0.3524412502851928,4020,1.0211570205599596,3972.743314551241,1.011895227480635,Call,SPX,SPX230120C04020000,193.8,0.232,0.037254833965701145,0.9869556839908081
2023-01-20,129,0.3524412502851928,4025,1.022427116356676,3972.743314551241,1.013153803634218,Call,SPX,SPX230120C04025000,191.15,0.2315,0.037254833965701145,0.9869556839908081
2023-01-20,129,0.3524412502851928,4030,1.0236972121533925,3972.743314551241,1.0144123797878009,Call,SPX,SPX230120C04030000,188.5,0.231,0.037254833965701145,0.9869556839908081
2023-01-20,129,0.3524412502851928,4040,1.0262374037468251,3972.743314551241,1.0169295320949665,Call,SPX,SPX230120C04040000,183.3,0.2299,0.037254833965701145,0.9869556839908081
2023-01-20,129,0.3524412502851928,4050,1.0287775953402578,3972.743314551241,1.0194466844021324,Call,SPX,SPX230120C04050000,178.15,0.2288,0.037254833965701145,0.9869556839908081
2023-01-20,129,0.3524412502851928,4060,1.0313177869336907,3972.743314551241,1.021963836709298,Call,SPX,SPX230120C04060000,173.2,0.2276,0.037254833965701145,0.9869556839908081
2023-01-20,129,0.3524412502851928,4070,1.0338579785271234,3972.743314551241,1.024480989016464,Call,SPX,SPX230120C04070000,168.25,0.2268,0.037254833965701145,0.9869556839908081
2023-01-20,129,0.3524412502851928,4075,1.0351280743238398,3972.743314551241,1.0257395651700467,Call,SPX,SPX230120C04075000,165.65,0.2261,0.037254833965701145,0.9869556839908081
2023-01-20,129,0.3524412502851928,4080,1.036398170120556,3972.743314551241,1.0269981413236295,Call,SPX,SPX230120C04080000,163.3,0.2255,0.037254833965701145,0.9869556839908081
2023-01-20,129,0.3524412502851928,4090,1.038938361713989,3972.743314551241,1.0295152936307954,Call,SPX,SPX230120C04090000,158.35,0.2246,0.037254833965701145,0.9869556839908081
2023-01-20,129,0.3524412502851928,4100,1.0414785533074216,3972.743314551241,1.032032445937961,Call,SPX,SPX230120C04100000,153.45,0.2233,0.037254833965701145,0.9869556839908081
2023-01-20,129,0.3524412502851928,4110,1.0440187449008542,3972.743314551241,1.034549598245127,Call,SPX,SPX230120C04110000,148.9,0.2224,0.037254833965701145,0.9869556839908081
2023-01-20,129,0.3524412502851928,4120,1.046558936494287,3972.743314551241,1.0370667505522926,Call,SPX,SPX230120C04120000,144.3,0.2213,0.037254833965701145,0.9869556839908081
2023-01-20,129,0.3524412502851928,4125,1.0478290322910033,3972.743314551241,1.0383253267058754,Call,SPX,SPX230120C04125000,142.0,0.2208,0.037254833965701145,0.9869556839908081
2023-01-20,129,0.3524412502851928,4130,1.0490991280877198,3972.743314551241,1.0395839028594585,Call,SPX,SPX230120C04130000,139.8,0.2203,0.037254833965701145,0.9869556839908081
2023-01-20,129,0.3524412502851928,4140,1.0516393196811524,3972.743314551241,1.042101055166624,Call,SPX,SPX230120C04140000,135.3,0.2193,0.037254833965701145,0.9869556839908081
2023-01-20,129,0.3524412502851928,4150,1.0541795112745853,3972.743314551241,1.04461820747379,Call,SPX,SPX230120C04150000,131.10000000000002,0.2181,0.037254833965701145,0.9869556839908081
2023-01-20,129,0.3524412502851928,4160,1.056719702868018,3972.743314551241,1.0471353597809556,Call,SPX,SPX230120C04160000,126.65,0.2172,0.037254833965701145,0.9869556839908081
2023-01-20,129,0.3524412502851928,4170,1.0592598944614506,3972.743314551241,1.0496525120881215,Call,SPX,SPX230120C04170000,122.45,0.2161,0.037254833965701145,0.9869556839908081
2023-01-20,129,0.3524412502851928,4175,1.060529990258167,3972.743314551241,1.0509110882417043,Call,SPX,SPX230120C04175000,120.45,0.2157,0.037254833965701145,0.9869556839908081
2023-01-20,129,0.3524412502851928,4180,1.0618000860548835,3972.743314551241,1.0521696643952871,Call,SPX,SPX230120C04180000,118.35,0.2151,0.037254833965701145,0.9869556839908081
2023-01-20,129,0.3524412502851928,4190,1.0643402776483162,3972.743314551241,1.054686816702453,Call,SPX,SPX230120C04190000,114.35,0.2141,0.037254833965701145,0.9869556839908081
2023-01-20,129,0.3524412502851928,4200,1.0668804692417488,3972.743314551241,1.0572039690096187,Call,SPX,SPX230120C04200000,110.35,0.2131,0.037254833965701145,0.9869556839908081
2023-01-20,129,0.3524412502851928,4210,1.0694206608351817,3972.743314551241,1.0597211213167845,Call,SPX,SPX230120C04210000,106.55,0.2121,0.037254833965701145,0.9869556839908081
2023-01-20,129,0.3524412502851928,4220,1.0719608524286144,3972.743314551241,1.0622382736239502,Call,SPX,SPX230120C04220000,102.8,0.2112,0.037254833965701145,0.9869556839908081
2023-01-20,129,0.3524412502851928,4225,1.0732309482253308,3972.743314551241,1.063496849777533,Call,SPX,SPX230120C04225000,100.9,0.2106,0.037254833965701145,0.9869556839908081
2023-01-20,129,0.3524412502851928,4230,1.074501044022047,3972.743314551241,1.064755425931116,Call,SPX,SPX230120C04230000,99.1,0.2102,0.037254833965701145,0.9869556839908081
2023-01-20,129,0.3524412502851928,4240,1.07704123561548,3972.743314551241,1.0672725782382817,Call,SPX,SPX230120C04240000,95.5,0.2092,0.037254833965701145,0.9869556839908081
2023-01-20,129,0.3524412502851928,4250,1.0795814272089126,3972.743314551241,1.0697897305454476,Call,SPX,SPX230120C04250000,91.9,0.208,0.037254833965701145,0.9869556839908081
2023-01-20,129,0.3524412502851928,4260,1.0821216188023453,3972.743314551241,1.0723068828526132,Call,SPX,SPX230120C04260000,88.6,0.2073,0.037254833965701145,0.9869556839908081
2023-01-20,129,0.3524412502851928,4270,1.0846618103957781,3972.743314551241,1.074824035159779,Call,SPX,SPX230120C04270000,85.25,0.2064,0.037254833965701145,0.9869556839908081
2023-01-20,129,0.3524412502851928,4275,1.0859319061924944,3972.743314551241,1.076082611313362,Call,SPX,SPX230120C04275000,83.4,0.2056,0.037254833965701145,0.9869556839908081
2023-01-20,129,0.3524412502851928,4280,1.0872020019892108,3972.743314551241,1.0773411874669447,Call,SPX,SPX230120C04280000,82.05,0.2055,0.037254833965701145,0.9869556839908081
2023-01-20,129,0.3524412502851928,4290,1.0897421935826435,3972.743314551241,1.0798583397741106,Call,SPX,SPX230120C04290000,78.85,0.2046,0.037254833965701145,0.9869556839908081
2023-01-20,129,0.3524412502851928,4300,1.0922823851760763,3972.743314551241,1.0823754920812763,Call,SPX,SPX230120C04300000,75.55000000000001,0.2033,0.037254833965701145,0.9869556839908081
2023-01-20,129,0.3524412502851928,4310,1.094822576769509,3972.743314551241,1.0848926443884421,Call,SPX,SPX230120C04310000,72.80000000000001,0.2027,0.037254833965701145,0.9869556839908081
2023-01-20,129,0.3524412502851928,4320,1.0973627683629417,3972.743314551241,1.0874097966956078,Call,SPX,SPX230120C04320000,69.9,0.2018,0.037254833965701145,0.9869556839908081
2023-01-20,129,0.3524412502851928,4325,1.098632864159658,3972.743314551241,1.0886683728491906,Call,SPX,SPX230120C04325000,68.4,0.2014,0.037254833965701145,0.9869556839908081
2023-01-20,129,0.3524412502851928,4330,1.0999029599563745,3972.743314551241,1.0899269490027736,Call,SPX,SPX230120C04330000,67.05000000000001,0.201,0.037254833965701145,0.9869556839908081
2023-01-20,129,0.3524412502851928,4340,1.1024431515498072,3972.743314551241,1.0924441013099393,Call,SPX,SPX230120C04340000,64.3,0.2002,0.037254833965701145,0.9869556839908081
2023-01-20,129,0.3524412502851928,4350,1.1049833431432399,3972.743314551241,1.0949612536171052,Call,SPX,SPX230120C04350000,61.4,0.199,0.037254833965701145,0.9869556839908081
2023-01-20,129,0.3524412502851928,4360,1.1075235347366728,3972.743314551241,1.0974784059242708,Call,SPX,SPX230120C04360000,59.05,0.1985,0.037254833965701145,0.9869556839908081
2023-01-20,129,0.3524412502851928,4370,1.1100637263301054,3972.743314551241,1.0999955582314367,Call,SPX,SPX230120C04370000,56.599999999999994,0.1978,0.037254833965701145,0.9869556839908081
2023-01-20,129,0.3524412502851928,4375,1.1113338221268219,3972.743314551241,1.1012541343850195,Call,SPX,SPX230120C04375000,55.1,0.1969,0.037254833965701145,0.9869556839908081
2023-01-20,129,0.3524412502851928,4380,1.112603917923538,3972.743314551241,1.1025127105386023,Call,SPX,SPX230120C04380000,54.2,0.197,0.037254833965701145,0.9869556839908081
2023-01-20,129,0.3524412502851928,4390,1.115144109516971,3972.743314551241,1.1050298628457682,Call,SPX,SPX230120C04390000,51.900000000000006,0.1962,0.037254833965701145,0.9869556839908081
2023-01-20,129,0.3524412502851928,4400,1.1176843011104036,3972.743314551241,1.1075470151529339,Call,SPX,SPX230120C04400000,49.349999999999994,0.195,0.037254833965701145,0.9869556839908081
2023-01-20,129,0.3524412502851928,4410,1.1202244927038363,3972.743314551241,1.1100641674600997,Call,SPX,SPX230120C04410000,47.45,0.1947,0.037254833965701145,0.9869556839908081
2023-01-20,129,0.3524412502851928,4420,1.1227646842972692,3972.743314551241,1.1125813197672654,Call,SPX,SPX230120C04420000,45.3,0.1939,0.037254833965701145,0.9869556839908081
2023-01-20,129,0.3524412502851928,4425,1.1240347800939854,3972.743314551241,1.1138398959208482,Call,SPX,SPX230120C04425000,44.25,0.1935,0.037254833965701145,0.9869556839908081
2023-01-20,129,0.3524412502851928,4430,1.1253048758907018,3972.743314551241,1.1150984720744312,Call,SPX,SPX230120C04430000,43.25,0.1931,0.037254833965701145,0.9869556839908081
2023-01-20,129,0.3524412502851928,4440,1.1278450674841345,3972.743314551241,1.117615624381597,Call,SPX,SPX230120C04440000,41.35,0.1925,0.037254833965701145,0.9869556839908081
2023-01-20,129,0.3524412502851928,4450,1.1303852590775674,3972.743314551241,1.1201327766887628,Call,SPX,SPX230120C04450000,39.25,0.1915,0.037254833965701145,0.9869556839908081
2023-01-20,129,0.3524412502851928,4460,1.132925450671,3972.743314551241,1.1226499289959284,Call,SPX,SPX230120C04460000,37.7,0.1912,0.037254833965701145,0.9869556839908081
2023-01-20,129,0.3524412502851928,4470,1.1354656422644327,3972.743314551241,1.1251670813030943,Call,SPX,SPX230120C04470000,35.95,0.1906,0.037254833965701145,0.9869556839908081
2023-01-20,129,0.3524412502851928,4475,1.1367357380611491,3972.743314551241,1.126425657456677,Call,SPX,SPX230120C04475000,35.099999999999994,0.1903,0.037254833965701145,0.9869556839908081
2023-01-20,129,0.3524412502851928,4480,1.1380058338578656,3972.743314551241,1.12768423361026,Call,SPX,SPX230120C04480000,34.3,0.19,0.037254833965701145,0.9869556839908081
2023-01-20,129,0.3524412502851928,4490,1.1405460254512982,3972.743314551241,1.1302013859174258,Call,SPX,SPX230120C04490000,32.7,0.1894,0.037254833965701145,0.9869556839908081
2023-01-20,129,0.3524412502851928,4500,1.143086217044731,3972.743314551241,1.1327185382245915,Call,SPX,SPX230120C04500000,30.95,0.1884,0.037254833965701145,0.9869556839908081
2023-01-20,129,0.3524412502851928,4510,1.1456264086381638,3972.743314551241,1.1352356905317573,Call,SPX,SPX230120C04510000,29.65,0.1882,0.037254833965701145,0.9869556839908081
2023-01-20,129,0.3524412502851928,4520,1.1481666002315964,3972.743314551241,1.137752842838923,Call,SPX,SPX230120C04520000,28.25,0.1876,0.037254833965701145,0.9869556839908081
2023-01-20,129,0.3524412502851928,4525,1.1494366960283129,3972.743314551241,1.1390114189925058,Call,SPX,SPX230120C04525000,27.549999999999997,0.1873,0.037254833965701145,0.9869556839908081
2023-01-20,129,0.3524412502851928,4530,1.150706791825029,3972.743314551241,1.1402699951460888,Call,SPX,SPX230120C04530000,26.9,0.1871,0.037254833965701145,0.9869556839908081
2023-01-20,129,0.3524412502851928,4540,1.153246983418462,3972.743314551241,1.1427871474532545,Call,SPX,SPX230120C04540000,25.6,0.1866,0.037254833965701145,0.9869556839908081
2023-01-20,129,0.3524412502851928,4550,1.1557871750118947,3972.743314551241,1.1453042997604204,Call,SPX,SPX230120C04550000,24.15,0.1856,0.037254833965701145,0.9869556839908081
2023-01-20,129,0.3524412502851928,4560,1.1583273666053273,3972.743314551241,1.147821452067586,Call,SPX,SPX230120C04560000,23.200000000000003,0.1856,0.037254833965701145,0.9869556839908081
2023-01-20,129,0.3524412502851928,4570,1.1608675581987602,3972.743314551241,1.1503386043747519,Call,SPX,SPX230120C04570000,22.0,0.185,0.037254833965701145,0.9869556839908081
2023-01-20,129,0.3524412502851928,4575,1.1621376539954764,3972.743314551241,1.1515971805283347,Call,SPX,SPX230120C04575000,21.5,0.1849,0.037254833965701145,0.9869556839908081
2023-01-20,129,0.3524412502851928,4580,1.1634077497921929,3972.743314551241,1.1528557566819175,Call,SPX,SPX230120C04580000,20.95,0.1846,0.037254833965701145,0.9869556839908081
2023-01-20,129,0.3524412502851928,4590,1.1659479413856255,3972.743314551241,1.1553729089890834,Call,SPX,SPX230120C04590000,19.9,0.1842,0.037254833965701145,0.9869556839908081
2023-01-20,129,0.3524412502851928,4600,1.1684881329790584,3972.743314551241,1.157890061296249,Call,SPX,SPX230120C04600000,18.65,0.1831,0.037254833965701145,0.9869556839908081
2023-01-20,129,0.3524412502851928,4610,1.171028324572491,3972.743314551241,1.160407213603415,Call,SPX,SPX230120C04610000,17.95,0.1833,0.037254833965701145,0.9869556839908081
2023-01-20,129,0.3524412502851928,4620,1.1735685161659237,3972.743314551241,1.1629243659105806,Call,SPX,SPX230120C04620000,17.05,0.1829,0.037254833965701145,0.9869556839908081
2023-01-20,129,0.3524412502851928,4625,1.1748386119626402,3972.743314551241,1.1641829420641634,Call,SPX,SPX230120C04625000,16.65,0.1828,0.037254833965701145,0.9869556839908081
2023-01-20,129,0.3524412502851928,4650,1.181189090946222,3972.743314551241,1.1704758228320777,Call,SPX,SPX230120C04650000,14.45,0.1814,0.037254833965701145,0.9869556839908081
2023-01-20,129,0.3524412502851928,4675,1.187539569929804,3972.743314551241,1.1767687035999923,Call,SPX,SPX230120C04675000,12.8,0.181,0.037254833965701145,0.9869556839908081
2023-01-20,129,0.3524412502851928,4700,1.1938900489133857,3972.743314551241,1.1830615843679066,Call,SPX,SPX230120C04700000,11.15,0.18,0.037254833965701145,0.9869556839908081
2023-01-20,129,0.3524412502851928,4725,1.2002405278969674,3972.743314551241,1.189354465135821,Call,SPX,SPX230120C04725000,9.850000000000001,0.1797,0.037254833965701145,0.9869556839908081
2023-01-20,129,0.3524412502851928,4750,1.2065910068805494,3972.743314551241,1.1956473459037353,Call,SPX,SPX230120C04750000,8.6,0.179,0.037254833965701145,0.9869556839908081
2023-01-20,129,0.3531827515400411,2800,0.7112536461611659,3972.8212705277824,0.7047888161422436,Put,SPXW,SPXW230120P02800000,20.700000000000003,0.3865,0.037256117389297926,0.986927972846187
2023-01-20,129,0.3531827515400411,2850,0.7239546041283296,3972.8212705277824,0.7173743307162123,Put,SPXW,SPXW230120P02850000,22.6,0.3779,0.037256117389297926,0.986927972846187
2023-01-20,129,0.3531827515400411,2900,0.7366555620954933,3972.8212705277824,0.7299598452901809,Put,SPXW,SPXW230120P02900000,24.75,0.3696,0.037256117389297926,0.986927972846187
2023-01-20,129,0.3531827515400411,2950,0.749356520062657,3972.8212705277824,0.7425453598641495,Put,SPXW,SPXW230120P02950000,27.15,0.3615,0.037256117389297926,0.986927972846187
2023-01-20,129,0.3531827515400411,2975,0.7557069990462388,3972.8212705277824,0.7488381171511339,Put,SPXW,SPXW230120P02975000,28.45,0.3576,0.037256117389297926,0.986927972846187
2023-01-20,129,0.3531827515400411,3000,0.7620574780298206,3972.8212705277824,0.7551308744381182,Put,SPXW,SPXW230120P03000000,29.799999999999997,0.3536,0.037256117389297926,0.986927972846187
2023-01-20,129,0.3531827515400411,3025,0.7684079570134025,3972.8212705277824,0.7614236317251025,Put,SPXW,SPXW230120P03025000,31.25,0.3497,0.037256117389297926,0.986927972846187
2023-01-20,129,0.3531827515400411,3050,0.7747584359969844,3972.8212705277824,0.7677163890120868,Put,SPXW,SPXW230120P03050000,32.599999999999994,0.3454,0.037256117389297926,0.986927972846187
2023-01-20,129,0.3531827515400411,3075,0.7811089149805661,3972.8212705277824,0.7740091462990711,Put,SPXW,SPXW230120P03075000,34.25,0.3417,0.037256117389297926,0.986927972846187
2023-01-20,129,0.3531827515400411,3100,0.787459393964148,3972.8212705277824,0.7803019035860554,Put,SPXW,SPXW230120P03100000,35.95,0.338,0.037256117389297926,0.986927972846187
2023-01-20,129,0.3531827515400411,3125,0.7938098729477299,3972.8212705277824,0.7865946608730398,Put,SPXW,SPXW230120P03125000,37.8,0.3344,0.037256117389297926,0.986927972846187
2023-01-20,129,0.3531827515400411,3150,0.8001603519313116,3972.8212705277824,0.7928874181600241,Put,SPXW,SPXW230120P03150000,39.7,0.3308,0.037256117389297926,0.986927972846187
2023-01-20,129,0.3531827515400411,3175,0.8065108309148935,3972.8212705277824,0.7991801754470084,Put,SPXW,SPXW230120P03175000,41.75,0.3274,0.037256117389297926,0.986927972846187
2023-01-20,129,0.3531827515400411,3200,0.8128613098984754,3972.8212705277824,0.8054729327339927,Put,SPXW,SPXW230120P03200000,43.900000000000006,0.3238,0.037256117389297926,0.986927972846187
2023-01-20,129,0.3531827515400411,3225,0.8192117888820571,3972.8212705277824,0.8117656900209771,Put,SPXW,SPXW230120P03225000,46.25,0.3205,0.037256117389297926,0.986927972846187
2023-01-20,129,0.3531827515400411,3250,0.825562267865639,3972.8212705277824,0.8180584473079614,Put,SPXW,SPXW230120P03250000,48.7,0.3171,0.037256117389297926,0.986927972846187
2023-01-20,129,0.3531827515400411,3275,0.8319127468492209,3972.8212705277824,0.8243512045949457,Put,SPXW,SPXW230120P03275000,51.35,0.314,0.037256117389297926,0.986927972846187
2023-01-20,129,0.3531827515400411,3300,0.8382632258328027,3972.8212705277824,0.83064396188193,Put,SPXW,SPXW230120P03300000,54.05,0.3106,0.037256117389297926,0.986927972846187
2023-01-20,129,0.3531827515400411,3325,0.8446137048163845,3972.8212705277824,0.8369367191689143,Put,SPXW,SPXW230120P03325000,57.0,0.3076,0.037256117389297926,0.986927972846187
2023-01-20,129,0.3531827515400411,3340,0.8484239922065336,3972.8212705277824,0.840712373541105,Put,SPXW,SPXW230120P03340000,58.9,0.3058,0.037256117389297926,0.986927972846187
2023-01-20,129,0.3531827515400411,3350,0.8509641837999664,3972.8212705277824,0.8432294764558986,Put,SPXW,SPXW230120P03350000,60.2,0.3046,0.037256117389297926,0.986927972846187
2023-01-20,129,0.3531827515400411,3360,0.8535043753933991,3972.8212705277824,0.8457465793706923,Put,SPXW,SPXW230120P03360000,61.45,0.3034,0.037256117389297926,0.986927972846187
2023-01-20,129,0.3531827515400411,3375,0.8573146627835482,3972.8212705277824,0.8495222337428829,Put,SPXW,SPXW230120P03375000,63.5,0.3017,0.037256117389297926,0.986927972846187
2023-01-20,129,0.3531827515400411,3380,0.8585847585802646,3972.8212705277824,0.8507807852002798,Put,SPXW,SPXW230120P03380000,64.2,0.3011,0.037256117389297926,0.986927972846187
2023-01-20,129,0.3531827515400411,3390,0.8611249501736973,3972.8212705277824,0.8532978881150736,Put,SPXW,SPXW230120P03390000,65.6,0.2999,0.037256117389297926,0.986927972846187
2023-01-20,129,0.3531827515400411,3400,0.86366514176713,3972.8212705277824,0.8558149910298672,Put,SPXW,SPXW230120P03400000,67.0,0.2988,0.037256117389297926,0.986927972846187
2023-01-20,129,0.3531827515400411,3410,0.8662053333605628,3972.8212705277824,0.858332093944661,Put,SPXW,SPXW230120P03410000,68.5,0.2976,0.037256117389297926,0.986927972846187
2023-01-20,129,0.3531827515400411,3420,0.8687455249539955,3972.8212705277824,0.8608491968594547,Put,SPXW,SPXW230120P03420000,70.0,0.2964,0.037256117389297926,0.986927972846187
2023-01-20,129,0.3531827515400411,3425,0.8700156207507119,3972.8212705277824,0.8621077483168516,Put,SPXW,SPXW230120P03425000,70.75,0.2959,0.037256117389297926,0.986927972846187
2023-01-20,129,0.3531827515400411,3440,0.873825908140861,3972.8212705277824,0.8658834026890422,Put,SPXW,SPXW230120P03440000,73.1,0.2942,0.037256117389297926,0.986927972846187
2023-01-20,129,0.3531827515400411,3450,0.8763660997342937,3972.8212705277824,0.8684005056038359,Put,SPXW,SPXW230120P03450000,74.7,0.293,0.037256117389297926,0.986927972846187
2023-01-20,129,0.3531827515400411,3460,0.8789062913277265,3972.8212705277824,0.8709176085186296,Put,SPXW,SPXW230120P03460000,76.35,0.2919,0.037256117389297926,0.986927972846187
2023-01-20,129,0.3531827515400411,3475,0.8827165787178756,3972.8212705277824,0.8746932628908203,Put,SPXW,SPXW230120P03475000,78.85,0.2903,0.037256117389297926,0.986927972846187
2023-01-20,129,0.3531827515400411,3480,0.8839866745145919,3972.8212705277824,0.8759518143482171,Put,SPXW,SPXW230120P03480000,79.75,0.2897,0.037256117389297926,0.986927972846187
2023-01-20,129,0.3531827515400411,3490,0.8865268661080247,3972.8212705277824,0.8784689172630108,Put,SPXW,SPXW230120P03490000,81.5,0.2887,0.037256117389297926,0.986927972846187
2023-01-20,129,0.3531827515400411,3500,0.8890670577014574,3972.8212705277824,0.8809860201778046,Put,SPXW,SPXW230120P03500000,83.25,0.2876,0.037256117389297926,0.986927972846187
2023-01-20,129,0.3531827515400411,3525,0.8954175366850392,3972.8212705277824,0.8872787774647889,Put,SPXW,SPXW230120P03525000,87.80000000000001,0.285,0.037256117389297926,0.986927972846187
2023-01-20,129,0.3531827515400411,3530,0.8966876324817556,3972.8212705277824,0.8885373289221857,Put,SPXW,SPXW230120P03530000,88.85,0.2843,0.037256117389297926,0.986927972846187
2023-01-20,129,0.3531827515400411,3550,0.9017680156686211,3972.8212705277824,0.8935715347517732,Put,SPXW,SPXW230120P03550000,92.80000000000001,0.2822,0.037256117389297926,0.986927972846187
2023-01-20,129,0.3531827515400411,3560,0.9043082072620539,3972.8212705277824,0.8960886376665669,Put,SPXW,SPXW230120P03560000,94.85,0.2811,0.037256117389297926,0.986927972846187
2023-01-20,129,0.3531827515400411,3570,0.9068483988554865,3972.8212705277824,0.8986057405813607,Put,SPXW,SPXW230120P03570000,96.9,0.2801,0.037256117389297926,0.986927972846187
2023-01-20,129,0.3531827515400411,3575,0.908118494652203,3972.8212705277824,0.8998642920387575,Put,SPXW,SPXW230120P03575000,98.0,0.2796,0.037256117389297926,0.986927972846187
2023-01-20,129,0.3531827515400411,3580,0.9093885904489193,3972.8212705277824,0.9011228434961543,Put,SPXW,SPXW230120P03580000,99.0,0.279,0.037256117389297926,0.986927972846187
2023-01-20,129,0.3531827515400411,3590,0.9119287820423521,3972.8212705277824,0.9036399464109481,Put,SPXW,SPXW230120P03590000,101.25,0.2781,0.037256117389297926,0.986927972846187
2023-01-20,129,0.3531827515400411,3600,0.9144689736357847,3972.8212705277824,0.9061570493257418,Put,SPXW,SPXW230120P03600000,103.25,0.277,0.037256117389297926,0.986927972846187
2023-01-20,129,0.3531827515400411,3610,0.9170091652292175,3972.8212705277824,0.9086741522405355,Put,SPXW,SPXW230120P03610000,105.65,0.2759,0.037256117389297926,0.986927972846187
2023-01-20,129,0.3531827515400411,3620,0.9195493568226503,3972.8212705277824,0.9111912551553293,Put,SPXW,SPXW230120P03620000,107.9,0.2748,0.037256117389297926,0.986927972846187
2023-01-20,129,0.3531827515400411,3630,0.9220895484160829,3972.8212705277824,0.913708358070123,Put,SPXW,SPXW230120P03630000,110.25,0.2738,0.037256117389297926,0.986927972846187
2023-01-20,129,0.3531827515400411,3640,0.9246297400095157,3972.8212705277824,0.9162254609849168,Put,SPXW,SPXW230120P03640000,112.65,0.2728,0.037256117389297926,0.986927972846187
2023-01-20,129,0.3531827515400411,3650,0.9271699316029485,3972.8212705277824,0.9187425638997104,Put,SPXW,SPXW230120P03650000,115.05000000000001,0.2718,0.037256117389297926,0.986927972846187
2023-01-20,129,0.3531827515400411,3660,0.9297101231963811,3972.8212705277824,0.9212596668145042,Put,SPXW,SPXW230120P03660000,117.44999999999999,0.2707,0.037256117389297926,0.986927972846187
2023-01-20,129,0.3531827515400411,3670,0.9322503147898139,3972.8212705277824,0.9237767697292979,Put,SPXW,SPXW230120P03670000,120.0,0.2698,0.037256117389297926,0.986927972846187
2023-01-20,129,0.3531827515400411,3675,0.9335204105865302,3972.8212705277824,0.9250353211866947,Put,SPXW,SPXW230120P03675000,121.25,0.2691,0.037256117389297926,0.986927972846187
2023-01-20,129,0.3531827515400411,3680,0.9347905063832467,3972.8212705277824,0.9262938726440917,Put,SPXW,SPXW230120P03680000,122.45,0.2685,0.037256117389297926,0.986927972846187
2023-01-20,129,0.3531827515400411,3690,0.9373306979766793,3972.8212705277824,0.9288109755588854,Put,SPXW,SPXW230120P03690000,125.15,0.2676,0.037256117389297926,0.986927972846187
2023-01-20,129,0.3531827515400411,3700,0.9398708895701121,3972.8212705277824,0.931328078473679,Put,SPXW,SPXW230120P03700000,127.8,0.2666,0.037256117389297926,0.986927972846187
2023-01-20,129,0.3531827515400411,3720,0.9449512727569775,3972.8212705277824,0.9363622843032665,Put,SPXW,SPXW230120P03720000,133.05,0.2646,0.037256117389297926,0.986927972846187
2023-01-20,129,0.3531827515400411,3725,0.946221368553694,3972.8212705277824,0.9376208357606634,Put,SPXW,SPXW230120P03725000,134.65,0.2641,0.037256117389297926,0.986927972846187
2023-01-20,129,0.3531827515400411,3730,0.9474914643504103,3972.8212705277824,0.9388793872180603,Put,SPXW,SPXW230120P03730000,136.05,0.2636,0.037256117389297926,0.986927972846187
2023-01-20,129,0.3531827515400411,3740,0.9500316559438431,3972.8212705277824,0.941396490132854,Put,SPXW,SPXW230120P03740000,138.7,0.2623,0.037256117389297926,0.986927972846187
2023-01-20,129,0.3531827515400411,3750,0.9525718475372758,3972.8212705277824,0.9439135930476478,Put,SPXW,SPXW230120P03750000,141.55,0.2614,0.037256117389297926,0.986927972846187
2023-01-20,129,0.3531827515400411,3760,0.9551120391307085,3972.8212705277824,0.9464306959624414,Put,SPXW,SPXW230120P03760000,144.55,0.2602,0.037256117389297926,0.986927972846187
2023-01-20,129,0.3531827515400411,3770,0.9576522307241413,3972.8212705277824,0.9489477988772351,Put,SPXW,SPXW230120P03770000,147.75,0.2594,0.037256117389297926,0.986927972846187
2023-01-20,129,0.3531827515400411,3775,0.9589223265208576,3972.8212705277824,0.9502063503346321,Put,SPXW,SPXW230120P03775000,149.05,0.2586,0.037256117389297926,0.986927972846187
2023-01-20,129,0.3531827515400411,3780,0.960192422317574,3972.8212705277824,0.9514649017920289,Put,SPXW,SPXW230120P03780000,150.55,0.2584,0.037256117389297926,0.986927972846187
2023-01-20,129,0.3531827515400411,3790,0.9627326139110067,3972.8212705277824,0.9539820047068226,Put,SPXW,SPXW230120P03790000,153.75,0.2572,0.037256117389297926,0.986927972846187
2023-01-20,129,0.3531827515400411,3800,0.9652728055044395,3972.8212705277824,0.9564991076216164,Put,SPXW,SPXW230120P03800000,157.05,0.2563,0.037256117389297926,0.986927972846187
2023-01-20,129,0.3531827515400411,3810,0.9678129970978722,3972.8212705277824,0.9590162105364101,Put,SPXW,SPXW230120P03810000,160.15,0.2551,0.037256117389297926,0.986927972846187
2023-01-20,129,0.3531827515400411,3820,0.9703531886913049,3972.8212705277824,0.9615333134512039,Put,SPXW,SPXW230120P03820000,163.5,0.2542,0.037256117389297926,0.986927972846187
2023-01-20,129,0.3531827515400411,3825,0.9716232844880213,3972.8212705277824,0.9627918649086007,Put,SPXW,SPXW230120P03825000,165.15,0.2536,0.037256117389297926,0.986927972846187
2023-01-20,129,0.3531827515400411,3830,0.9728933802847377,3972.8212705277824,0.9640504163659975,Put,SPXW,SPXW230120P03830000,166.6,0.2532,0.037256117389297926,0.986927972846187
2023-01-20,129,0.3531827515400411,3840,0.9754335718781704,3972.8212705277824,0.9665675192807913,Put,SPXW,SPXW230120P03840000,170.2,0.2521,0.037256117389297926,0.986927972846187
2023-01-20,129,0.3531827515400411,3850,0.9779737634716031,3972.8212705277824,0.969084622195585,Put,SPXW,SPXW230120P03850000,173.45,0.2508,0.037256117389297926,0.986927972846187
2023-01-20,129,0.3531827515400411,3860,0.9805139550650359,3972.8212705277824,0.9716017251103787,Put,SPXW,SPXW230120P03860000,176.89999999999998,0.2498,0.037256117389297926,0.986927972846187
2023-01-20,129,0.3531827515400411,3870,0.9830541466584686,3972.8212705277824,0.9741188280251725,Put,SPXW,SPXW230120P03870000,180.65,0.249,0.037256117389297926,0.986927972846187
2023-01-20,129,0.3531827515400411,3875,0.984324242455185,3972.8212705277824,0.9753773794825693,Put,SPXW,SPXW230120P03875000,182.3,0.2482,0.037256117389297926,0.986927972846187
2023-01-20,129,0.3531827515400411,3880,0.9855943382519013,3972.8212705277824,0.9766359309399661,Put,SPXW,SPXW230120P03880000,184.3,0.2479,0.037256117389297926,0.986927972846187
2023-01-20,129,0.3531827515400411,3890,0.9881345298453341,3972.8212705277824,0.9791530338547599,Put,SPXW,SPXW230120P03890000,187.9,0.2468,0.037256117389297926,0.986927972846187
2023-01-20,129,0.3531827515400411,3900,0.9906747214387668,3972.8212705277824,0.9816701367695536,Put,SPXW,SPXW230120P03900000,191.45,0.2458,0.037256117389297926,0.986927972846187
2023-01-20,129,0.3531827515400411,3910,0.9932149130321996,3972.8212705277824,0.9841872396843474,Put,SPXW,SPXW230120P03910000,195.2,0.2447,0.037256117389297926,0.986927972846187
2023-01-20,129,0.3531827515400411,3920,0.9957551046256323,3972.8212705277824,0.9867043425991411,Put,SPXW,SPXW230120P03920000,199.3,0.2437,0.037256117389297926,0.986927972846187
2023-01-20,129,0.3531827515400411,3925,0.9970252004223487,3972.8212705277824,0.9879628940565379,Put,SPXW,SPXW230120P03925000,201.0,0.2429,0.037256117389297926,0.986927972846187
2023-01-20,129,0.3531827515400411,3930,0.998295296219065,3972.8212705277824,0.9892214455139348,Put,SPXW,SPXW230120P03930000,203.0,0.2423,0.037256117389297926,0.986927972846187
2023-01-20,129,0.3531827515400411,3940,1.0008354878124979,3972.8212705277824,0.9917385484287286,Put,SPXW,SPXW230120P03940000,206.89999999999998,0.2416,0.037256117389297926,0.986927972846187
2023-01-20,129,0.3531827515400411,3950,1.0033756794059305,3972.8212705277824,0.9942556513435222,Put,SPXW,SPXW230120P03950000,211.0,0.2402,0.037256117389297926,0.986927972846187
2023-01-20,129,0.3531827515400411,3960,1.0059158709993632,3972.8212705277824,0.996772754258316,Put,SPXW,SPXW230120P03960000,215.10000000000002,0.2391,0.037256117389297926,0.986927972846187
2023-01-20,129,0.3531827515400411,3970,1.008456062592796,3972.8212705277824,0.9992898571731097,Put,SPXW,SPXW230120P03970000,219.3,0.2381,0.037256117389297926,0.986927972846187
2023-01-20,129,0.3531827515400411,3975,1.0097261583895123,3972.8212705277824,1.0005484086305065,Call,SPXW,SPXW230120C03975000,219.35000000000002,0.2373,0.037256117389297926,0.986927972846187
2023-01-20,129,0.3531827515400411,3980,1.0109962541862287,3972.8212705277824,1.0018069600879034,Call,SPXW,SPXW230120C03980000,216.45,0.2368,0.037256117389297926,0.986927972846187
2023-01-20,129,0.3531827515400411,3990,1.0135364457796614,3972.8212705277824,1.0043240630026973,Call,SPXW,SPXW230120C03990000,210.95,0.2357,0.037256117389297926,0.986927972846187
2023-01-20,129,0.3531827515400411,4000,1.0160766373730943,3972.8212705277824,1.006841165917491,Call,SPXW,SPXW230120C04000000,205.3,0.2344,0.037256117389297926,0.986927972846187
2023-01-20,129,0.3531827515400411,4010,1.018616828966527,3972.8212705277824,1.0093582688322846,Call,SPXW,SPXW230120C04010000,200.05,0.2337,0.037256117389297926,0.986927972846187
2023-01-20,129,0.3531827515400411,4020,1.0211570205599596,3972.8212705277824,1.0118753717470783,Call,SPXW,SPXW230120C04020000,194.7,0.2325,0.037256117389297926,0.986927972846187
2023-01-20,129,0.3531827515400411,4025,1.022427116356676,3972.8212705277824,1.0131339232044752,Call,SPXW,SPXW230120C04025000,192.0,0.2321,0.037256117389297926,0.986927972846187
2023-01-20,129,0.3531827515400411,4030,1.0236972121533925,3972.8212705277824,1.014392474661872,Call,SPXW,SPXW230120C04030000,189.3,0.2315,0.037256117389297926,0.986927972846187
2023-01-20,129,0.3531827515400411,4040,1.0262374037468251,3972.8212705277824,1.016909577576666,Call,SPXW,SPXW230120C04040000,184.1,0.2304,0.037256117389297926,0.986927972846187
2023-01-20,129,0.3531827515400411,4050,1.0287775953402578,3972.8212705277824,1.0194266804914596,Call,SPXW,SPXW230120C04050000,178.89999999999998,0.2292,0.037256117389297926,0.986927972846187
2023-01-20,129,0.3531827515400411,4060,1.0313177869336907,3972.8212705277824,1.0219437834062532,Call,SPXW,SPXW230120C04060000,173.95,0.2282,0.037256117389297926,0.986927972846187
2023-01-20,129,0.3531827515400411,4070,1.0338579785271234,3972.8212705277824,1.024460886321047,Call,SPXW,SPXW230120C04070000,168.9,0.2272,0.037256117389297926,0.986927972846187
2023-01-20,129,0.3531827515400411,4075,1.0351280743238398,3972.8212705277824,1.0257194377784438,Call,SPXW,SPXW230120C04075000,166.45,0.2267,0.037256117389297926,0.986927972846187
2023-01-20,129,0.3531827515400411,4080,1.036398170120556,3972.8212705277824,1.0269779892358408,Call,SPXW,SPXW230120C04080000,164.0,0.2261,0.037256117389297926,0.986927972846187
2023-01-20,129,0.3531827515400411,4090,1.038938361713989,3972.8212705277824,1.0294950921506345,Call,SPXW,SPXW230120C04090000,159.2,0.225,0.037256117389297926,0.986927972846187
2023-01-20,129,0.3531827515400411,4100,1.0414785533074216,3972.8212705277824,1.0320121950654282,Call,SPXW,SPXW230120C04100000,154.3,0.2238,0.037256117389297926,0.986927972846187
2023-01-20,129,0.3531827515400411,4110,1.0440187449008542,3972.8212705277824,1.0345292979802219,Call,SPXW,SPXW230120C04110000,149.7,0.2229,0.037256117389297926,0.986927972846187
2023-01-20,129,0.3531827515400411,4120,1.046558936494287,3972.8212705277824,1.0370464008950155,Call,SPXW,SPXW230120C04120000,145.15,0.2218,0.037256117389297926,0.986927972846187
2023-01-20,129,0.3531827515400411,4125,1.0478290322910033,3972.8212705277824,1.0383049523524126,Call,SPXW,SPXW230120C04125000,142.85,0.2214,0.037256117389297926,0.986927972846187
2023-01-20,129,0.3531827515400411,4130,1.0490991280877198,3972.8212705277824,1.0395635038098094,Call,SPXW,SPXW230120C04130000,140.55,0.2208,0.037256117389297926,0.986927972846187
2023-01-20,129,0.3531827515400411,4140,1.0516393196811524,3972.8212705277824,1.0420806067246031,Call,SPXW,SPXW230120C04140000,136.15,0.2198,0.037256117389297926,0.986927972846187
2023-01-20,129,0.3531827515400411,4150,1.0541795112745853,3972.8212705277824,1.0445977096393968,Call,SPXW,SPXW230120C04150000,131.7,0.2186,0.037256117389297926,0.986927972846187
2023-01-20,129,0.3531827515400411,4160,1.056719702868018,3972.8212705277824,1.0471148125541905,Call,SPXW,SPXW230120C04160000,127.5,0.2178,0.037256117389297926,0.986927972846187
2023-01-20,129,0.3531827515400411,4170,1.0592598944614506,3972.8212705277824,1.0496319154689844,Call,SPXW,SPXW230120C04170000,123.3,0.2168,0.037256117389297926,0.986927972846187
2023-01-20,129,0.3531827515400411,4175,1.060529990258167,3972.8212705277824,1.0508904669263812,Call,SPXW,SPXW230120C04175000,121.25,0.2161,0.037256117389297926,0.986927972846187
2023-01-20,129,0.3531827515400411,4180,1.0618000860548835,3972.8212705277824,1.052149018383778,Call,SPXW,SPXW230120C04180000,119.2,0.2157,0.037256117389297926,0.986927972846187
2023-01-20,129,0.3531827515400411,4190,1.0643402776483162,3972.8212705277824,1.0546661212985717,Call,SPXW,SPXW230120C04190000,115.15,0.2146,0.037256117389297926,0.986927972846187
2023-01-20,129,0.3531827515400411,4200,1.0668804692417488,3972.8212705277824,1.0571832242133654,Call,SPXW,SPXW230120C04200000,111.1,0.2135,0.037256117389297926,0.986927972846187
2023-01-20,129,0.3531827515400411,4210,1.0694206608351817,3972.8212705277824,1.059700327128159,Call,SPXW,SPXW230120C04210000,107.3,0.2127,0.037256117389297926,0.986927972846187
2023-01-20,129,0.3531827515400411,4220,1.0719608524286144,3972.8212705277824,1.062217430042953,Call,SPXW,SPXW230120C04220000,103.5,0.2117,0.037256117389297926,0.986927972846187
2023-01-20,129,0.3531827515400411,4225,1.0732309482253308,3972.8212705277824,1.0634759815003498,Call,SPXW,SPXW230120C04225000,101.65,0.2112,0.037256117389297926,0.986927972846187
2023-01-20,129,0.3531827515400411,4230,1.074501044022047,3972.8212705277824,1.0647345329577467,Call,SPXW,SPXW230120C04230000,99.85,0.2106,0.037256117389297926,0.986927972846187
2023-01-20,129,0.3531827515400411,4240,1.07704123561548,3972.8212705277824,1.0672516358725403,Call,SPXW,SPXW230120C04240000,96.2,0.2097,0.037256117389297926,0.986927972846187
2023-01-20,129,0.3531827515400411,4250,1.0795814272089126,3972.8212705277824,1.069768738787334,Call,SPXW,SPXW230120C04250000,92.55,0.2086,0.037256117389297926,0.986927972846187
2023-01-20,129,0.3531827515400411,4260,1.0821216188023453,3972.8212705277824,1.0722858417021277,Call,SPXW,SPXW230120C04260000,89.2,0.2078,0.037256117389297926,0.986927972846187
2023-01-20,129,0.3531827515400411,4270,1.0846618103957781,3972.8212705277824,1.0748029446169216,Call,SPXW,SPXW230120C04270000,85.85,0.2068,0.037256117389297926,0.986927972846187
2023-01-20,129,0.3531827515400411,4275,1.0859319061924944,3972.8212705277824,1.0760614960743184,Call,SPXW,SPXW230120C04275000,84.4,0.2064,0.037256117389297926,0.986927972846187
2023-01-20,129,0.3531827515400411,4280,1.0872020019892108,3972.8212705277824,1.0773200475317153,Call,SPXW,SPXW230120C04280000,82.7,0.206,0.037256117389297926,0.986927972846187
2023-01-20,129,0.3531827515400411,4290,1.0897421935826435,3972.8212705277824,1.079837150446509,Call,SPXW,SPXW230120C04290000,79.55,0.2051,0.037256117389297926,0.986927972846187
2023-01-20,129,0.3531827515400411,4300,1.0922823851760763,3972.8212705277824,1.0823542533613026,Call,SPXW,SPXW230120C04300000,76.25,0.204,0.037256117389297926,0.986927972846187
2023-01-20,129,0.3531827515400411,4310,1.094822576769509,3972.8212705277824,1.0848713562760965,Call,SPXW,SPXW230120C04310000,73.35,0.2032,0.037256117389297926,0.986927972846187
2023-01-20,129,0.3531827515400411,4320,1.0973627683629417,3972.8212705277824,1.0873884591908902,Call,SPXW,SPXW230120C04320000,70.4,0.2023,0.037256117389297926,0.986927972846187
2023-01-20,129,0.3531827515400411,4325,1.098632864159658,3972.8212705277824,1.088647010648287,Call,SPXW,SPXW230120C04325000,68.9,0.2018,0.037256117389297926,0.986927972846187
2023-01-20,129,0.3531827515400411,4330,1.0999029599563745,3972.8212705277824,1.089905562105684,Call,SPXW,SPXW230120C04330000,67.5,0.2014,0.037256117389297926,0.986927972846187
2023-01-20,129,0.3531827515400411,4340,1.1024431515498072,3972.8212705277824,1.0924226650204776,Call,SPXW,SPXW230120C04340000,64.69999999999999,0.2004,0.037256117389297926,0.986927972846187
2023-01-20,129,0.3531827515400411,4350,1.1049833431432399,3972.8212705277824,1.0949397679352713,Call,SPXW,SPXW230120C04350000,62.1,0.1997,0.037256117389297926,0.986927972846187
2023-01-20,129,0.3531827515400411,4360,1.1075235347366728,3972.8212705277824,1.0974568708500652,Call,SPXW,SPXW230120C04360000,59.5,0.1988,0.037256117389297926,0.986927972846187
2023-01-20,129,0.3531827515400411,4370,1.1100637263301054,3972.8212705277824,1.0999739737648588,Call,SPXW,SPXW230120C04370000,57.0,0.198,0.037256117389297926,0.986927972846187
2023-01-20,129,0.3531827515400411,4375,1.1113338221268219,3972.8212705277824,1.1012325252222557,Call,SPXW,SPXW230120C04375000,55.75,0.1976,0.037256117389297926,0.986927972846187
2023-01-20,129,0.3531827515400411,4380,1.112603917923538,3972.8212705277824,1.1024910766796525,Call,SPXW,SPXW230120C04380000,54.55,0.1972,0.037256117389297926,0.986927972846187
2023-01-20,129,0.3531827515400411,4390,1.115144109516971,3972.8212705277824,1.1050081795944462,Call,SPXW,SPXW230120C04390000,52.25,0.1965,0.037256117389297926,0.986927972846187
2023-01-20,129,0.3531827515400411,4400,1.1176843011104036,3972.8212705277824,1.10752528250924,Call,SPXW,SPXW230120C04400000,49.95,0.1957,0.037256117389297926,0.986927972846187
2023-01-20,129,0.3531827515400411,4410,1.1202244927038363,3972.8212705277824,1.1100423854240338,Call,SPXW,SPXW230120C04410000,48.05,0.1952,0.037256117389297926,0.986927972846187
2023-01-20,129,0.3531827515400411,4420,1.1227646842972692,3972.8212705277824,1.1125594883388275,Call,SPXW,SPXW230120C04420000,45.8,0.1944,0.037256117389297926,0.986927972846187
2023-01-20,129,0.3531827515400411,4425,1.1240347800939854,3972.8212705277824,1.1138180397962243,Call,SPXW,SPXW230120C04425000,44.8,0.1941,0.037256117389297926,0.986927972846187
2023-01-20,129,0.3531827515400411,4430,1.1253048758907018,3972.8212705277824,1.1150765912536211,Call,SPXW,SPXW230120C04430000,43.8,0.1938,0.037256117389297926,0.986927972846187
2023-01-20,129,0.3531827515400411,4440,1.1278450674841345,3972.8212705277824,1.1175936941684148,Call,SPXW,SPXW230120C04440000,41.95,0.193,0.037256117389297926,0.986927972846187
2023-01-20,129,0.3531827515400411,4450,1.1303852590775674,3972.8212705277824,1.1201107970832087,Call,SPXW,SPXW230120C04450000,39.75,0.1921,0.037256117389297926,0.986927972846187
2023-01-20,129,0.3531827515400411,4460,1.132925450671,3972.8212705277824,1.1226278999980024,Call,SPXW,SPXW230120C04460000,38.150000000000006,0.1918,0.037256117389297926,0.986927972846187
2023-01-20,129,0.3531827515400411,4470,1.1354656422644327,3972.8212705277824,1.125145002912796,Call,SPXW,SPXW230120C04470000,36.4,0.191,0.037256117389297926,0.986927972846187
2023-01-20,129,0.3531827515400411,4475,1.1367357380611491,3972.8212705277824,1.126403554370193,Call,SPXW,SPXW230120C04475000,35.5,0.1907,0.037256117389297926,0.986927972846187
2023-01-20,129,0.3531827515400411,4480,1.1380058338578656,3972.8212705277824,1.1276621058275897,Call,SPXW,SPXW230120C04480000,34.7,0.1904,0.037256117389297926,0.986927972846187
2023-01-20,129,0.3531827515400411,4490,1.1405460254512982,3972.8212705277824,1.1301792087423836,Call,SPXW,SPXW230120C04490000,33.1,0.1898,0.037256117389297926,0.986927972846187
2023-01-20,129,0.3531827515400411,4500,1.143086217044731,3972.8212705277824,1.1326963116571773,Call,SPXW,SPXW230120C04500000,31.35,0.1889,0.037256117389297926,0.986927972846187
2023-01-20,129,0.3531827515400411,4510,1.1456264086381638,3972.8212705277824,1.135213414571971,Call,SPXW,SPXW230120C04510000,30.05,0.1887,0.037256117389297926,0.986927972846187
2023-01-20,129,0.3531827515400411,4520,1.1481666002315964,3972.8212705277824,1.1377305174867647,Call,SPXW,SPXW230120C04520000,28.6,0.1881,0.037256117389297926,0.986927972846187
2023-01-20,129,0.3531827515400411,4525,1.1494366960283129,3972.8212705277824,1.1389890689441615,Call,SPXW,SPXW230120C04525000,27.95,0.1879,0.037256117389297926,0.986927972846187
2023-01-20,129,0.3531827515400411,4530,1.150706791825029,3972.8212705277824,1.1402476204015584,Call,SPXW,SPXW230120C04530000,27.3,0.1876,0.037256117389297926,0.986927972846187
2023-01-20,129,0.3531827515400411,4540,1.153246983418462,3972.8212705277824,1.1427647233163523,Call,SPXW,SPXW230120C04540000,26.0,0.1872,0.037256117389297926,0.986927972846187
2023-01-20,129,0.3531827515400411,4550,1.1557871750118947,3972.8212705277824,1.145281826231146,Call,SPXW,SPXW230120C04550000,24.6,0.1863,0.037256117389297926,0.986927972846187
2023-01-20,129,0.3531827515400411,4560,1.1583273666053273,3972.8212705277824,1.1477989291459396,Call,SPXW,SPXW230120C04560000,23.55,0.1862,0.037256117389297926,0.986927972846187
2023-01-20,129,0.3531827515400411,4570,1.1608675581987602,3972.8212705277824,1.1503160320607333,Call,SPXW,SPXW230120C04570000,22.35,0.1856,0.037256117389297926,0.986927972846187
2023-01-20,129,0.3531827515400411,4575,1.1621376539954764,3972.8212705277824,1.1515745835181301,Call,SPXW,SPXW230120C04575000,21.85,0.1855,0.037256117389297926,0.986927972846187
2023-01-20,129,0.3531827515400411,4580,1.1634077497921929,3972.8212705277824,1.1528331349755272,Call,SPXW,SPXW230120C04580000,21.299999999999997,0.1852,0.037256117389297926,0.986927972846187
2023-01-20,129,0.3531827515400411,4600,1.1684881329790584,3972.8212705277824,1.1578673408051146,Call,SPXW,SPXW230120C04600000,19.25,0.1843,0.037256117389297926,0.986927972846187
2023-01-20,129,0.3531827515400411,4610,1.171028324572491,3972.8212705277824,1.1603844437199082,Call,SPXW,SPXW230120C04610000,18.299999999999997,0.1839,0.037256117389297926,0.986927972846187
2023-01-20,129,0.3531827515400411,4620,1.1735685161659237,3972.8212705277824,1.162901546634702,Call,SPXW,SPXW230120C04620000,17.4,0.1836,0.037256117389297926,0.986927972846187
2023-01-20,129,0.3531827515400411,4625,1.1748386119626402,3972.8212705277824,1.1641600980920987,Call,SPXW,SPXW230120C04625000,16.95,0.1834,0.037256117389297926,0.986927972846187
2023-01-20,129,0.3531827515400411,4650,1.181189090946222,3972.8212705277824,1.1704528553790832,Call,SPXW,SPXW230120C04650000,14.9,0.1824,0.037256117389297926,0.986927972846187
2023-01-20,129,0.3531827515400411,4675,1.187539569929804,3972.8212705277824,1.1767456126660676,Call,SPXW,SPXW230120C04675000,13.1,0.1817,0.037256117389297926,0.986927972846187
2023-01-20,129,0.3531827515400411,4700,1.1938900489133857,3972.8212705277824,1.1830383699530518,Call,SPXW,SPXW230120C04700000,11.5,0.181,0.037256117389297926,0.986927972846187
2023-01-20,129,0.3531827515400411,4725,1.2002405278969674,3972.8212705277824,1.1893311272400362,Call,SPXW,SPXW230120C04725000,10.100000000000001,0.1804,0.037256117389297926,0.986927972846187
2023-01-20,129,0.3531827515400411,4750,1.2065910068805494,3972.8212705277824,1.1956238845270204,Call,SPXW,SPXW230120C04750000,8.85,0.1798,0.037256117389297926,0.986927972846187
2023-01-20,129,0.3531827515400411,4775,1.2129414858641312,3972.8212705277824,1.2019166418140048,Call,SPXW,SPXW230120C04775000,7.8,0.1795,0.037256117389297926,0.986927972846187
2023-01-20,129,0.3531827515400411,4800,1.219291964847713,3972.8212705277824,1.208209399100989,Call,SPXW,SPXW230120C04800000,6.8,0.1789,0.037256117389297926,0.986927972846187
2023-01-20,129,0.3531827515400411,4825,1.225642443831295,3972.8212705277824,1.2145021563879734,Call,SPXW,SPXW230120C04825000,6.0,0.1788,0.037256117389297926,0.986927972846187
2023-01-31,140,0.38329911019849416,2800,0.7112536461611659,3975.9935801158776,0.704226489198304,Put,SPXW,SPXW230131P02800000,23.1,0.381,0.037307200196281746,0.9858019401269198
2023-01-31,140,0.38329911019849416,2850,0.7239546041283296,3975.9935801158776,0.7168019622197023,Put,SPXW,SPXW230131P02850000,25.200000000000003,0.3728,0.037307200196281746,0.9858019401269198
2023-01-31,140,0.38329911019849416,2900,0.7366555620954933,3975.9935801158776,0.7293774352411005,Put,SPXW,SPXW230131P02900000,27.5,0.3647,0.037307200196281746,0.9858019401269198
2023-01-31,140,0.38329911019849416,2950,0.749356520062657,3975.9935801158776,0.7419529082624988,Put,SPXW,SPXW230131P02950000,30.1,0.3569,0.037307200196281746,0.9858019401269198
2023-01-31,140,0.38329911019849416,3000,0.7620574780298206,3975.9935801158776,0.7545283812838971,Put,SPXW,SPXW230131P03000000,32.95,0.3492,0.037307200196281746,0.9858019401269198
2023-01-31,140,0.38329911019849416,3050,0.7747584359969844,3975.9935801158776,0.7671038543052954,Put,SPXW,SPXW230131P03050000,36.15,0.3418,0.037307200196281746,0.9858019401269198
2023-01-31,140,0.38329911019849416,3100,0.787459393964148,3975.9935801158776,0.7796793273266936,Put,SPXW,SPXW230131P03100000,39.6,0.3343,0.037307200196281746,0.9858019401269198
2023-01-31,140,0.38329911019849416,3150,0.8001603519313116,3975.9935801158776,0.7922548003480919,Put,SPXW,SPXW230131P03150000,43.650000000000006,0.3275,0.037307200196281746,0.9858019401269198
2023-01-31,140,0.38329911019849416,3200,0.8128613098984754,3975.9935801158776,0.8048302733694902,Put,SPXW,SPXW230131P03200000,48.2,0.3209,0.037307200196281746,0.9858019401269198
2023-01-31,140,0.38329911019849416,3250,0.825562267865639,3975.9935801158776,0.8174057463908885,Put,SPXW,SPXW230131P03250000,53.25,0.3146,0.037307200196281746,0.9858019401269198
2023-01-31,140,0.38329911019849416,3275,0.8319127468492209,3975.9935801158776,0.8236934829015876,Put,SPXW,SPXW230131P03275000,56.05,0.3114,0.037307200196281746,0.9858019401269198
2023-01-31,140,0.38329911019849416,3300,0.8382632258328027,3975.9935801158776,0.8299812194122869,Put,SPXW,SPXW230131P03300000,59.0,0.3084,0.037307200196281746,0.9858019401269198
2023-01-31,140,0.38329911019849416,3350,0.8509641837999664,3975.9935801158776,0.8425566924336851,Put,SPXW,SPXW230131P03350000,65.35,0.3024,0.037307200196281746,0.9858019401269198
2023-01-31,140,0.38329911019849416,3375,0.8573146627835482,3975.9935801158776,0.8488444289443843,Put,SPXW,SPXW230131P03375000,68.85,0.2996,0.037307200196281746,0.9858019401269198
2023-01-31,140,0.38329911019849416,3400,0.86366514176713,3975.9935801158776,0.8551321654550834,Put,SPXW,SPXW230131P03400000,72.5,0.2967,0.037307200196281746,0.9858019401269198
2023-01-31,140,0.38329911019849416,3425,0.8700156207507119,3975.9935801158776,0.8614199019657826,Put,SPXW,SPXW230131P03425000,76.4,0.294,0.037307200196281746,0.9858019401269198
2023-01-31,140,0.38329911019849416,3450,0.8763660997342937,3975.9935801158776,0.8677076384764817,Put,SPXW,SPXW230131P03450000,80.45,0.2913,0.037307200196281746,0.9858019401269198
2023-01-31,140,0.38329911019849416,3470,0.8814464829211592,3975.9935801158776,0.8727378276850409,Put,SPXW,SPXW230131P03470000,83.95,0.2892,0.037307200196281746,0.9858019401269198
2023-01-31,140,0.38329911019849416,3475,0.8827165787178756,3975.9935801158776,0.8739953749871808,Put,SPXW,SPXW230131P03475000,84.85,0.2886,0.037307200196281746,0.9858019401269198
2023-01-31,140,0.38329911019849416,3480,0.8839866745145919,3975.9935801158776,0.8752529222893206,Put,SPXW,SPXW230131P03480000,85.7,0.2882,0.037307200196281746,0.9858019401269198
2023-01-31,140,0.38329911019849416,3490,0.8865268661080247,3975.9935801158776,0.8777680168936003,Put,SPXW,SPXW230131P03490000,87.5,0.2871,0.037307200196281746,0.9858019401269198
2023-01-31,140,0.38329911019849416,3500,0.8890670577014574,3975.9935801158776,0.88028311149788,Put,SPXW,SPXW230131P03500000,89.35,0.2859,0.037307200196281746,0.9858019401269198
2023-01-31,140,0.38329911019849416,3510,0.8916072492948901,3975.9935801158776,0.8827982061021596,Put,SPXW,SPXW230131P03510000,91.25,0.285,0.037307200196281746,0.9858019401269198
2023-01-31,140,0.38329911019849416,3520,0.8941474408883229,3975.9935801158776,0.8853133007064392,Put,SPXW,SPXW230131P03520000,93.1,0.2838,0.037307200196281746,0.9858019401269198
2023-01-31,140,0.38329911019849416,3525,0.8954175366850392,3975.9935801158776,0.8865708480085791,Put,SPXW,SPXW230131P03525000,93.94999999999999,0.2834,0.037307200196281746,0.9858019401269198
2023-01-31,140,0.38329911019849416,3550,0.9017680156686211,3975.9935801158776,0.8928585845192782,Put,SPXW,SPXW230131P03550000,99.1,0.2807,0.037307200196281746,0.9858019401269198
2023-01-31,140,0.38329911019849416,3575,0.908118494652203,3975.9935801158776,0.8991463210299774,Put,SPXW,SPXW230131P03575000,104.4,0.2781,0.037307200196281746,0.9858019401269198
2023-01-31,140,0.38329911019849416,3580,0.9093885904489193,3975.9935801158776,0.9004038683321172,Put,SPXW,SPXW230131P03580000,105.55000000000001,0.2777,0.037307200196281746,0.9858019401269198
2023-01-31,140,0.38329911019849416,3590,0.9119287820423521,3975.9935801158776,0.9029189629363968,Put,SPXW,SPXW230131P03590000,107.55000000000001,0.2768,0.037307200196281746,0.9858019401269198
2023-01-31,140,0.38329911019849416,3600,0.9144689736357847,3975.9935801158776,0.9054340575406765,Put,SPXW,SPXW230131P03600000,109.94999999999999,0.2756,0.037307200196281746,0.9858019401269198
2023-01-31,140,0.38329911019849416,3620,0.9195493568226503,3975.9935801158776,0.9104642467492359,Put,SPXW,SPXW230131P03620000,114.6,0.2736,0.037307200196281746,0.9858019401269198
2023-01-31,140,0.38329911019849416,3625,0.9208194526193666,3975.9935801158776,0.9117217940513757,Put,SPXW,SPXW230131P03625000,115.6,0.2732,0.037307200196281746,0.9858019401269198
2023-01-31,140,0.38329911019849416,3630,0.9220895484160829,3975.9935801158776,0.9129793413535154,Put,SPXW,SPXW230131P03630000,116.94999999999999,0.2727,0.037307200196281746,0.9858019401269198
2023-01-31,140,0.38329911019849416,3640,0.9246297400095157,3975.9935801158776,0.9154944359577951,Put,SPXW,SPXW230131P03640000,119.35,0.2716,0.037307200196281746,0.9858019401269198
2023-01-31,140,0.38329911019849416,3650,0.9271699316029485,3975.9935801158776,0.9180095305620748,Put,SPXW,SPXW230131P03650000,121.85,0.2706,0.037307200196281746,0.9858019401269198
2023-01-31,140,0.38329911019849416,3660,0.9297101231963811,3975.9935801158776,0.9205246251663545,Put,SPXW,SPXW230131P03660000,124.35,0.2696,0.037307200196281746,0.9858019401269198
2023-01-31,140,0.38329911019849416,3670,0.9322503147898139,3975.9935801158776,0.9230397197706341,Put,SPXW,SPXW230131P03670000,126.9,0.2687,0.037307200196281746,0.9858019401269198
2023-01-31,140,0.38329911019849416,3675,0.9335204105865302,3975.9935801158776,0.9242972670727739,Put,SPXW,SPXW230131P03675000,128.0,0.2679,0.037307200196281746,0.9858019401269198
2023-01-31,140,0.38329911019849416,3680,0.9347905063832467,3975.9935801158776,0.9255548143749138,Put,SPXW,SPXW230131P03680000,129.3,0.2674,0.037307200196281746,0.9858019401269198
2023-01-31,140,0.38329911019849416,3690,0.9373306979766793,3975.9935801158776,0.9280699089791934,Put,SPXW,SPXW230131P03690000,131.89999999999998,0.2667,0.037307200196281746,0.9858019401269198
2023-01-31,140,0.38329911019849416,3700,0.9398708895701121,3975.9935801158776,0.9305850035834731,Put,SPXW,SPXW230131P03700000,134.8,0.2656,0.037307200196281746,0.9858019401269198
2023-01-31,140,0.38329911019849416,3710,0.9424110811635449,3975.9935801158776,0.9331000981877527,Put,SPXW,SPXW230131P03710000,137.25,0.2647,0.037307200196281746,0.9858019401269198
2023-01-31,140,0.38329911019849416,3720,0.9449512727569775,3975.9935801158776,0.9356151927920324,Put,SPXW,SPXW230131P03720000,140.10000000000002,0.2633,0.037307200196281746,0.9858019401269198
2023-01-31,140,0.38329911019849416,3725,0.946221368553694,3975.9935801158776,0.9368727400941722,Put,SPXW,SPXW230131P03725000,141.5,0.2628,0.037307200196281746,0.9858019401269198
2023-01-31,140,0.38329911019849416,3730,0.9474914643504103,3975.9935801158776,0.9381302873963121,Put,SPXW,SPXW230131P03730000,142.95,0.2624,0.037307200196281746,0.9858019401269198
2023-01-31,140,0.38329911019849416,3740,0.9500316559438431,3975.9935801158776,0.9406453820005917,Put,SPXW,SPXW230131P03740000,145.85,0.2614,0.037307200196281746,0.9858019401269198
2023-01-31,140,0.38329911019849416,3750,0.9525718475372758,3975.9935801158776,0.9431604766048713,Put,SPXW,SPXW230131P03750000,148.9,0.2605,0.037307200196281746,0.9858019401269198
2023-01-31,140,0.38329911019849416,3760,0.9551120391307085,3975.9935801158776,0.945675571209151,Put,SPXW,SPXW230131P03760000,151.7,0.2593,0.037307200196281746,0.9858019401269198
2023-01-31,140,0.38329911019849416,3770,0.9576522307241413,3975.9935801158776,0.9481906658134307,Put,SPXW,SPXW230131P03770000,154.7,0.2583,0.037307200196281746,0.9858019401269198
2023-01-31,140,0.38329911019849416,3775,0.9589223265208576,3975.9935801158776,0.9494482131155705,Put,SPXW,SPXW230131P03775000,156.25,0.2578,0.037307200196281746,0.9858019401269198
2023-01-31,140,0.38329911019849416,3780,0.960192422317574,3975.9935801158776,0.9507057604177104,Put,SPXW,SPXW230131P03780000,157.8,0.2574,0.037307200196281746,0.9858019401269198
2023-01-31,140,0.38329911019849416,3790,0.9627326139110067,3975.9935801158776,0.95322085502199,Put,SPXW,SPXW230131P03790000,161.0,0.2565,0.037307200196281746,0.9858019401269198
2023-01-31,140,0.38329911019849416,3800,0.9652728055044395,3975.9935801158776,0.9557359496262696,Put,SPXW,SPXW230131P03800000,164.15,0.2554,0.037307200196281746,0.9858019401269198
2023-01-31,140,0.38329911019849416,3810,0.9678129970978722,3975.9935801158776,0.9582510442305493,Put,SPXW,SPXW230131P03810000,167.2,0.2545,0.037307200196281746,0.9858019401269198
2023-01-31,140,0.38329911019849416,3820,0.9703531886913049,3975.9935801158776,0.960766138834829,Put,SPXW,SPXW230131P03820000,170.5,0.2532,0.037307200196281746,0.9858019401269198
2023-01-31,140,0.38329911019849416,3825,0.9716232844880213,3975.9935801158776,0.9620236861369688,Put,SPXW,SPXW230131P03825000,172.4,0.2529,0.037307200196281746,0.9858019401269198
2023-01-31,140,0.38329911019849416,3830,0.9728933802847377,3975.9935801158776,0.9632812334391087,Put,SPXW,SPXW230131P03830000,174.1,0.2525,0.037307200196281746,0.9858019401269198
2023-01-31,140,0.38329911019849416,3840,0.9754335718781704,3975.9935801158776,0.9657963280433883,Put,SPXW,SPXW230131P03840000,177.35,0.2513,0.037307200196281746,0.9858019401269198
2023-01-31,140,0.38329911019849416,3850,0.9779737634716031,3975.9935801158776,0.9683114226476679,Put,SPXW,SPXW230131P03850000,180.95,0.2504,0.037307200196281746,0.9858019401269198
2023-01-31,140,0.38329911019849416,3860,0.9805139550650359,3975.9935801158776,0.9708265172519476,Put,SPXW,SPXW230131P03860000,184.45,0.2494,0.037307200196281746,0.9858019401269198
2023-01-31,140,0.38329911019849416,3870,0.9830541466584686,3975.9935801158776,0.9733416118562273,Put,SPXW,SPXW230131P03870000,188.05,0.2485,0.037307200196281746,0.9858019401269198
2023-01-31,140,0.38329911019849416,3875,0.984324242455185,3975.9935801158776,0.974599159158367,Put,SPXW,SPXW230131P03875000,189.85000000000002,0.248,0.037307200196281746,0.9858019401269198
2023-01-31,140,0.38329911019849416,3880,0.9855943382519013,3975.9935801158776,0.9758567064605069,Put,SPXW,SPXW230131P03880000,191.4,0.2472,0.037307200196281746,0.9858019401269198
2023-01-31,140,0.38329911019849416,3890,0.9881345298453341,3975.9935801158776,0.9783718010647866,Put,SPXW,SPXW230131P03890000,195.0,0.2464,0.037307200196281746,0.9858019401269198
2023-01-31,140,0.38329911019849416,3900,0.9906747214387668,3975.9935801158776,0.9808868956690663,Put,SPXW,SPXW230131P03900000,199.05,0.2454,0.037307200196281746,0.9858019401269198
2023-01-31,140,0.38329911019849416,3910,0.9932149130321996,3975.9935801158776,0.9834019902733458,Put,SPXW,SPXW230131P03910000,202.5,0.2444,0.037307200196281746,0.9858019401269198
2023-01-31,140,0.38329911019849416,3920,0.9957551046256323,3975.9935801158776,0.9859170848776255,Put,SPXW,SPXW230131P03920000,206.35,0.243,0.037307200196281746,0.9858019401269198
2023-01-31,140,0.38329911019849416,3925,0.9970252004223487,3975.9935801158776,0.9871746321797654,Put,SPXW,SPXW230131P03925000,208.55,0.2428,0.037307200196281746,0.9858019401269198
2023-01-31,140,0.38329911019849416,3940,1.0008354878124979,3975.9935801158776,0.9909472740861849,Put,SPXW,SPXW230131P03940000,214.2,0.2414,0.037307200196281746,0.9858019401269198
2023-01-31,140,0.38329911019849416,3950,1.0033756794059305,3975.9935801158776,0.9934623686904646,Put,SPXW,SPXW230131P03950000,218.25,0.2403,0.037307200196281746,0.9858019401269198
2023-01-31,140,0.38329911019849416,3960,1.0059158709993632,3975.9935801158776,0.9959774632947441,Put,SPXW,SPXW230131P03960000,222.3,0.2393,0.037307200196281746,0.9858019401269198
2023-01-31,140,0.38329911019849416,3970,1.008456062592796,3975.9935801158776,0.9984925578990238,Put,SPXW,SPXW230131P03970000,226.5,0.238,0.037307200196281746,0.9858019401269198
2023-01-31,140,0.38329911019849416,3975,1.0097261583895123,3975.9935801158776,0.9997501052011637,Put,SPXW,SPXW230131P03975000,228.6,0.2374,0.037307200196281746,0.9858019401269198
2023-01-31,140,0.38329911019849416,3980,1.0109962541862287,3975.9935801158776,1.0010076525033036,Call,SPXW,SPXW230131C03980000,227.3,0.237,0.037307200196281746,0.9858019401269198
2023-01-31,140,0.38329911019849416,3990,1.0135364457796614,3975.9935801158776,1.0035227471075832,Call,SPXW,SPXW230131C03990000,221.8,0.236,0.037307200196281746,0.9858019401269198
2023-01-31,140,0.38329911019849416,4000,1.0160766373730943,3975.9935801158776,1.0060378417118627,Call,SPXW,SPXW230131C04000000,216.2,0.2346,0.037307200196281746,0.9858019401269198
2023-01-31,140,0.38329911019849416,4010,1.018616828966527,3975.9935801158776,1.0085529363161425,Call,SPXW,SPXW230131C04010000,210.8,0.2339,0.037307200196281746,0.9858019401269198
2023-01-31,140,0.38329911019849416,4020,1.0211570205599596,3975.9935801158776,1.011068030920422,Call,SPXW,SPXW230131C04020000,205.4,0.2329,0.037307200196281746,0.9858019401269198
2023-01-31,140,0.38329911019849416,4025,1.022427116356676,3975.9935801158776,1.012325578222562,Call,SPXW,SPXW230131C04025000,202.85,0.2323,0.037307200196281746,0.9858019401269198
2023-01-31,140,0.38329911019849416,4030,1.0236972121533925,3975.9935801158776,1.0135831255247019,Call,SPXW,SPXW230131C04030000,200.0,0.2318,0.037307200196281746,0.9858019401269198
2023-01-31,140,0.38329911019849416,4040,1.0262374037468251,3975.9935801158776,1.0160982201289814,Call,SPXW,SPXW230131C04040000,194.95,0.2308,0.037307200196281746,0.9858019401269198
2023-01-31,140,0.38329911019849416,4050,1.0287775953402578,3975.9935801158776,1.018613314733261,Call,SPXW,SPXW230131C04050000,189.45,0.2296,0.037307200196281746,0.9858019401269198
2023-01-31,140,0.38329911019849416,4060,1.0313177869336907,3975.9935801158776,1.0211284093375408,Call,SPXW,SPXW230131C04060000,184.55,0.2287,0.037307200196281746,0.9858019401269198
2023-01-31,140,0.38329911019849416,4070,1.0338579785271234,3975.9935801158776,1.0236435039418204,Call,SPXW,SPXW230131C04070000,179.55,0.2277,0.037307200196281746,0.9858019401269198
2023-01-31,140,0.38329911019849416,4075,1.0351280743238398,3975.9935801158776,1.0249010512439602,Call,SPXW,SPXW230131C04075000,177.05,0.2271,0.037307200196281746,0.9858019401269198
2023-01-31,140,0.38329911019849416,4080,1.036398170120556,3975.9935801158776,1.0261585985461001,Call,SPXW,SPXW230131C04080000,174.55,0.2266,0.037307200196281746,0.9858019401269198
2023-01-31,140,0.38329911019849416,4090,1.038938361713989,3975.9935801158776,1.0286736931503797,Call,SPXW,SPXW230131C04090000,169.8,0.2256,0.037307200196281746,0.9858019401269198
2023-01-31,140,0.38329911019849416,4100,1.0414785533074216,3975.9935801158776,1.0311887877546593,Call,SPXW,SPXW230131C04100000,164.64999999999998,0.2245,0.037307200196281746,0.9858019401269198
2023-01-31,140,0.38329911019849416,4110,1.0440187449008542,3975.9935801158776,1.033703882358939,Call,SPXW,SPXW230131C04110000,160.15,0.2236,0.037307200196281746,0.9858019401269198
2023-01-31,140,0.38329911019849416,4120,1.046558936494287,3975.9935801158776,1.0362189769632186,Call,SPXW,SPXW230131C04120000,155.39999999999998,0.2225,0.037307200196281746,0.9858019401269198
2023-01-31,140,0.38329911019849416,4125,1.0478290322910033,3975.9935801158776,1.0374765242653585,Call,SPXW,SPXW230131C04125000,153.10000000000002,0.222,0.037307200196281746,0.9858019401269198
2023-01-31,140,0.38329911019849416,4130,1.0490991280877198,3975.9935801158776,1.0387340715674984,Call,SPXW,SPXW230131C04130000,150.95,0.2215,0.037307200196281746,0.9858019401269198
2023-01-31,140,0.38329911019849416,4140,1.0516393196811524,3975.9935801158776,1.041249166171778,Call,SPXW,SPXW230131C04140000,146.2,0.2205,0.037307200196281746,0.9858019401269198
2023-01-31,140,0.38329911019849416,4150,1.0541795112745853,3975.9935801158776,1.0437642607760576,Call,SPXW,SPXW230131C04150000,142.0,0.2194,0.037307200196281746,0.9858019401269198
2023-01-31,140,0.38329911019849416,4160,1.056719702868018,3975.9935801158776,1.0462793553803373,Call,SPXW,SPXW230131C04160000,137.55,0.2185,0.037307200196281746,0.9858019401269198
2023-01-31,140,0.38329911019849416,4170,1.0592598944614506,3975.9935801158776,1.048794449984617,Call,SPXW,SPXW230131C04170000,133.2,0.2176,0.037307200196281746,0.9858019401269198
2023-01-31,140,0.38329911019849416,4175,1.060529990258167,3975.9935801158776,1.0500519972867568,Call,SPXW,SPXW230131C04175000,131.1,0.2171,0.037307200196281746,0.9858019401269198
2023-01-31,140,0.38329911019849416,4180,1.0618000860548835,3975.9935801158776,1.0513095445888967,Call,SPXW,SPXW230131C04180000,129.0,0.2166,0.037307200196281746,0.9858019401269198
2023-01-31,140,0.38329911019849416,4190,1.0643402776483162,3975.9935801158776,1.0538246391931763,Call,SPXW,SPXW230131C04190000,124.9,0.2156,0.037307200196281746,0.9858019401269198
2023-01-31,140,0.38329911019849416,4200,1.0668804692417488,3975.9935801158776,1.056339733797456,Call,SPXW,SPXW230131C04200000,120.65,0.2144,0.037307200196281746,0.9858019401269198
2023-01-31,140,0.38329911019849416,4210,1.0694206608351817,3975.9935801158776,1.0588548284017356,Call,SPXW,SPXW230131C04210000,116.9,0.2137,0.037307200196281746,0.9858019401269198
2023-01-31,140,0.38329911019849416,4220,1.0719608524286144,3975.9935801158776,1.0613699230060152,Call,SPXW,SPXW230131C04220000,112.9,0.2126,0.037307200196281746,0.9858019401269198
2023-01-31,140,0.38329911019849416,4225,1.0732309482253308,3975.9935801158776,1.062627470308155,Call,SPXW,SPXW230131C04225000,111.15,0.2121,0.037307200196281746,0.9858019401269198
2023-01-31,140,0.38329911019849416,4230,1.074501044022047,3975.9935801158776,1.063885017610295,Call,SPXW,SPXW230131C04230000,109.15,0.2117,0.037307200196281746,0.9858019401269198
2023-01-31,140,0.38329911019849416,4240,1.07704123561548,3975.9935801158776,1.0664001122145745,Call,SPXW,SPXW230131C04240000,105.4,0.2106,0.037307200196281746,0.9858019401269198
2023-01-31,140,0.38329911019849416,4250,1.0795814272089126,3975.9935801158776,1.0689152068188543,Call,SPXW,SPXW230131C04250000,101.75,0.2094,0.037307200196281746,0.9858019401269198
2023-01-31,140,0.38329911019849416,4260,1.0821216188023453,3975.9935801158776,1.071430301423134,Call,SPXW,SPXW230131C04260000,98.2,0.2087,0.037307200196281746,0.9858019401269198
2023-01-31,140,0.38329911019849416,4270,1.0846618103957781,3975.9935801158776,1.0739453960274135,Call,SPXW,SPXW230131C04270000,94.75,0.2079,0.037307200196281746,0.9858019401269198
2023-01-31,140,0.38329911019849416,4275,1.0859319061924944,3975.9935801158776,1.0752029433295534,Call,SPXW,SPXW230131C04275000,93.0,0.2074,0.037307200196281746,0.9858019401269198
2023-01-31,140,0.38329911019849416,4280,1.0872020019892108,3975.9935801158776,1.0764604906316932,Call,SPXW,SPXW230131C04280000,91.3,0.207,0.037307200196281746,0.9858019401269198
2023-01-31,140,0.38329911019849416,4290,1.0897421935826435,3975.9935801158776,1.0789755852359728,Call,SPXW,SPXW230131C04290000,88.0,0.206,0.037307200196281746,0.9858019401269198
2023-01-31,140,0.38329911019849416,4300,1.0922823851760763,3975.9935801158776,1.0814906798402526,Call,SPXW,SPXW230131C04300000,84.6,0.2048,0.037307200196281746,0.9858019401269198
2023-01-31,140,0.38329911019849416,4310,1.094822576769509,3975.9935801158776,1.0840057744445322,Call,SPXW,SPXW230131C04310000,81.55,0.2042,0.037307200196281746,0.9858019401269198
2023-01-31,140,0.38329911019849416,4320,1.0973627683629417,3975.9935801158776,1.0865208690488117,Call,SPXW,SPXW230131C04320000,78.45,0.2033,0.037307200196281746,0.9858019401269198
2023-01-31,140,0.38329911019849416,4325,1.098632864159658,3975.9935801158776,1.0877784163509516,Call,SPXW,SPXW230131C04325000,76.95,0.2028,0.037307200196281746,0.9858019401269198
2023-01-31,140,0.38329911019849416,4330,1.0999029599563745,3975.9935801158776,1.0890359636530915,Call,SPXW,SPXW230131C04330000,75.55000000000001,0.2024,0.037307200196281746,0.9858019401269198
2023-01-31,140,0.38329911019849416,4340,1.1024431515498072,3975.9935801158776,1.091551058257371,Call,SPXW,SPXW230131C04340000,72.6,0.2016,0.037307200196281746,0.9858019401269198
2023-01-31,140,0.38329911019849416,4350,1.1049833431432399,3975.9935801158776,1.0940661528616509,Call,SPXW,SPXW230131C04350000,69.55000000000001,0.2004,0.037307200196281746,0.9858019401269198
2023-01-31,140,0.38329911019849416,4375,1.1113338221268219,3975.9935801158776,1.10035388937235,Call,SPXW,SPXW230131C04375000,63.05,0.1985,0.037307200196281746,0.9858019401269198
2023-01-31,140,0.38329911019849416,4400,1.1176843011104036,3975.9935801158776,1.1066416258830492,Call,SPXW,SPXW230131C04400000,56.65,0.1964,0.037307200196281746,0.9858019401269198
2023-01-31,140,0.38329911019849416,4425,1.1240347800939854,3975.9935801158776,1.1129293623937482,Call,SPXW,SPXW230131C04425000,51.099999999999994,0.1948,0.037307200196281746,0.9858019401269198
2023-01-31,140,0.38329911019849416,4450,1.1303852590775674,3975.9935801158776,1.1192170989044474,Call,SPXW,SPXW230131C04450000,45.55,0.1926,0.037307200196281746,0.9858019401269198
2023-01-31,140,0.38329911019849416,4475,1.1367357380611491,3975.9935801158776,1.1255048354151465,Call,SPXW,SPXW230131C04475000,41.099999999999994,0.1914,0.037307200196281746,0.9858019401269198
2023-01-31,140,0.38329911019849416,4500,1.143086217044731,3975.9935801158776,1.1317925719258457,Call,SPXW,SPXW230131C04500000,36.4,0.1893,0.037307200196281746,0.9858019401269198
2023-01-31,140,0.38329911019849416,4550,1.1557871750118947,3975.9935801158776,1.144368044947244,Call,SPXW,SPXW230131C04550000,28.799999999999997,0.1864,0.037307200196281746,0.9858019401269198
2023-01-31,140,0.38329911019849416,4600,1.1684881329790584,3975.9935801158776,1.1569435179686423,Call,SPXW,SPXW230131C04600000,22.950000000000003,0.1846,0.037307200196281746,0.9858019401269198
2023-01-31,140,0.38329911019849416,4700,1.1938900489133857,3975.9935801158776,1.1820944640114388,Call,SPXW,SPXW230131C04700000,14.0,0.1807,0.037307200196281746,0.9858019401269198
2023-02-17,157,0.42910107232489164,2800,0.7112536461611659,3980.839913913777,0.7033691533822997,Put,SPX,SPX230217P02800000,27.5,0.3761,0.0373810508945607,0.9840877106887902
2023-02-17,157,0.42910107232489164,2850,0.7239546041283296,3980.839913913777,0.715929316835555,Put,SPX,SPX230217P02850000,29.9,0.3683,0.0373810508945607,0.9840877106887902
2023-02-17,157,0.42910107232489164,2900,0.7366555620954933,3980.839913913777,0.7284894802888104,Put,SPX,SPX230217P02900000,32.45,0.3604,0.0373810508945607,0.9840877106887902
2023-02-17,157,0.42910107232489164,2950,0.749356520062657,3980.839913913777,0.7410496437420657,Put,SPX,SPX230217P02950000,35.5,0.3533,0.0373810508945607,0.9840877106887902
2023-02-17,157,0.42910107232489164,3000,0.7620574780298206,3980.839913913777,0.7536098071953211,Put,SPX,SPX230217P03000000,38.650000000000006,0.3458,0.0373810508945607,0.9840877106887902
2023-02-17,157,0.42910107232489164,3025,0.7684079570134025,3980.839913913777,0.7598898889219488,Put,SPX,SPX230217P03025000,40.6,0.3428,0.0373810508945607,0.9840877106887902
2023-02-17,157,0.42910107232489164,3050,0.7747584359969844,3980.839913913777,0.7661699706485764,Put,SPX,SPX230217P03050000,42.349999999999994,0.339,0.0373810508945607,0.9840877106887902
2023-02-17,157,0.42910107232489164,3075,0.7811089149805661,3980.839913913777,0.7724500523752041,Put,SPX,SPX230217P03075000,44.3,0.3356,0.0373810508945607,0.9840877106887902
2023-02-17,157,0.42910107232489164,3100,0.787459393964148,3980.839913913777,0.7787301341018318,Put,SPX,SPX230217P03100000,46.4,0.3323,0.0373810508945607,0.9840877106887902
2023-02-17,157,0.42910107232489164,3125,0.7938098729477299,3980.839913913777,0.7850102158284594,Put,SPX,SPX230217P03125000,48.6,0.3291,0.0373810508945607,0.9840877106887902
2023-02-17,157,0.42910107232489164,3150,0.8001603519313116,3980.839913913777,0.7912902975550872,Put,SPX,SPX230217P03150000,50.9,0.3258,0.0373810508945607,0.9840877106887902
2023-02-17,157,0.42910107232489164,3175,0.8065108309148935,3980.839913913777,0.7975703792817148,Put,SPX,SPX230217P03175000,53.349999999999994,0.3227,0.0373810508945607,0.9840877106887902
2023-02-17,157,0.42910107232489164,3200,0.8128613098984754,3980.839913913777,0.8038504610083425,Put,SPX,SPX230217P03200000,55.95,0.3196,0.0373810508945607,0.9840877106887902
2023-02-17,157,0.42910107232489164,3225,0.8192117888820571,3980.839913913777,0.8101305427349702,Put,SPX,SPX230217P03225000,58.650000000000006,0.3165,0.0373810508945607,0.9840877106887902
2023-02-17,157,0.42910107232489164,3250,0.825562267865639,3980.839913913777,0.8164106244615978,Put,SPX,SPX230217P03250000,61.5,0.3135,0.0373810508945607,0.9840877106887902
2023-02-17,157,0.42910107232489164,3275,0.8319127468492209,3980.839913913777,0.8226907061882255,Put,SPX,SPX230217P03275000,64.55,0.3106,0.0373810508945607,0.9840877106887902
2023-02-17,157,0.42910107232489164,3300,0.8382632258328027,3980.839913913777,0.8289707879148532,Put,SPX,SPX230217P03300000,67.75,0.3077,0.0373810508945607,0.9840877106887902
2023-02-17,157,0.42910107232489164,3325,0.8446137048163845,3980.839913913777,0.8352508696414809,Put,SPX,SPX230217P03325000,71.1,0.305,0.0373810508945607,0.9840877106887902
2023-02-17,157,0.42910107232489164,3330,0.8458838006131009,3980.839913913777,0.8365068859868064,Put,SPX,SPX230217P03330000,71.8,0.3044,0.0373810508945607,0.9840877106887902
2023-02-17,157,0.42910107232489164,3340,0.8484239922065336,3980.839913913777,0.8390189186774575,Put,SPX,SPX230217P03340000,73.2,0.3033,0.0373810508945607,0.9840877106887902
2023-02-17,157,0.42910107232489164,3350,0.8509641837999664,3980.839913913777,0.8415309513681085,Put,SPX,SPX230217P03350000,74.65,0.3021,0.0373810508945607,0.9840877106887902
2023-02-17,157,0.42910107232489164,3360,0.8535043753933991,3980.839913913777,0.8440429840587597,Put,SPX,SPX230217P03360000,76.15,0.301,0.0373810508945607,0.9840877106887902
2023-02-17,157,0.42910107232489164,3370,0.8560445669868318,3980.839913913777,0.8465550167494107,Put,SPX,SPX230217P03370000,77.6,0.2999,0.0373810508945607,0.9840877106887902
2023-02-17,157,0.42910107232489164,3375,0.8573146627835482,3980.839913913777,0.8478110330947363,Put,SPX,SPX230217P03375000,78.45,0.2994,0.0373810508945607,0.9840877106887902
2023-02-17,157,0.42910107232489164,3380,0.8585847585802646,3980.839913913777,0.8490670494400617,Put,SPX,SPX230217P03380000,79.2,0.2989,0.0373810508945607,0.9840877106887902
2023-02-17,157,0.42910107232489164,3390,0.8611249501736973,3980.839913913777,0.8515790821307129,Put,SPX,SPX230217P03390000,80.7,0.2978,0.0373810508945607,0.9840877106887902
2023-02-17,157,0.42910107232489164,3400,0.86366514176713,3980.839913913777,0.8540911148213639,Put,SPX,SPX230217P03400000,82.3,0.2966,0.0373810508945607,0.9840877106887902
2023-02-17,157,0.42910107232489164,3410,0.8662053333605628,3980.839913913777,0.8566031475120149,Put,SPX,SPX230217P03410000,83.95,0.2957,0.0373810508945607,0.9840877106887902
2023-02-17,157,0.42910107232489164,3420,0.8687455249539955,3980.839913913777,0.8591151802026661,Put,SPX,SPX230217P03420000,85.65,0.2946,0.0373810508945607,0.9840877106887902
2023-02-17,157,0.42910107232489164,3425,0.8700156207507119,3980.839913913777,0.8603711965479915,Put,SPX,SPX230217P03425000,86.45,0.2941,0.0373810508945607,0.9840877106887902
2023-02-17,157,0.42910107232489164,3440,0.873825908140861,3980.839913913777,0.8641392455839682,Put,SPX,SPX230217P03440000,89.15,0.2926,0.0373810508945607,0.9840877106887902
2023-02-17,157,0.42910107232489164,3450,0.8763660997342937,3980.839913913777,0.8666512782746193,Put,SPX,SPX230217P03450000,90.8,0.2914,0.0373810508945607,0.9840877106887902
2023-02-17,157,0.42910107232489164,3460,0.8789062913277265,3980.839913913777,0.8691633109652703,Put,SPX,SPX230217P03460000,92.65,0.2905,0.0373810508945607,0.9840877106887902
2023-02-17,157,0.42910107232489164,3470,0.8814464829211592,3980.839913913777,0.8716753436559214,Put,SPX,SPX230217P03470000,94.35,0.2893,0.0373810508945607,0.9840877106887902
2023-02-17,157,0.42910107232489164,3475,0.8827165787178756,3980.839913913777,0.8729313600012469,Put,SPX,SPX230217P03475000,95.35,0.2888,0.0373810508945607,0.9840877106887902
2023-02-17,157,0.42910107232489164,3480,0.8839866745145919,3980.839913913777,0.8741873763465725,Put,SPX,SPX230217P03480000,96.35,0.2884,0.0373810508945607,0.9840877106887902
2023-02-17,157,0.42910107232489164,3500,0.8890670577014574,3980.839913913777,0.8792114417278746,Put,SPX,SPX230217P03500000,100.2,0.2864,0.0373810508945607,0.9840877106887902
2023-02-17,157,0.42910107232489164,3510,0.8916072492948901,3980.839913913777,0.8817234744185257,Put,SPX,SPX230217P03510000,102.15,0.2854,0.0373810508945607,0.9840877106887902
2023-02-17,157,0.42910107232489164,3520,0.8941474408883229,3980.839913913777,0.8842355071091768,Put,SPX,SPX230217P03520000,104.1,0.2843,0.0373810508945607,0.9840877106887902
2023-02-17,157,0.42910107232489164,3525,0.8954175366850392,3980.839913913777,0.8854915234545023,Put,SPX,SPX230217P03525000,104.94999999999999,0.2839,0.0373810508945607,0.9840877106887902
2023-02-17,157,0.42910107232489164,3530,0.8966876324817556,3980.839913913777,0.8867475397998278,Put,SPX,SPX230217P03530000,106.2,0.2833,0.0373810508945607,0.9840877106887902
2023-02-17,157,0.42910107232489164,3540,0.8992278240751883,3980.839913913777,0.8892595724904789,Put,SPX,SPX230217P03540000,108.25,0.2823,0.0373810508945607,0.9840877106887902
2023-02-17,157,0.42910107232489164,3550,0.9017680156686211,3980.839913913777,0.89177160518113,Put,SPX,SPX230217P03550000,110.35,0.2812,0.0373810508945607,0.9840877106887902
2023-02-17,157,0.42910107232489164,3560,0.9043082072620539,3980.839913913777,0.894283637871781,Put,SPX,SPX230217P03560000,112.55,0.2803,0.0373810508945607,0.9840877106887902
2023-02-17,157,0.42910107232489164,3570,0.9068483988554865,3980.839913913777,0.8967956705624321,Put,SPX,SPX230217P03570000,114.75,0.2793,0.0373810508945607,0.9840877106887902
2023-02-17,157,0.42910107232489164,3575,0.908118494652203,3980.839913913777,0.8980516869077576,Put,SPX,SPX230217P03575000,115.65,0.2789,0.0373810508945607,0.9840877106887902
2023-02-17,157,0.42910107232489164,3580,0.9093885904489193,3980.839913913777,0.8993077032530832,Put,SPX,SPX230217P03580000,116.75,0.2784,0.0373810508945607,0.9840877106887902
2023-02-17,157,0.42910107232489164,3590,0.9119287820423521,3980.839913913777,0.9018197359437342,Put,SPX,SPX230217P03590000,119.3,0.2774,0.0373810508945607,0.9840877106887902
2023-02-17,157,0.42910107232489164,3600,0.9144689736357847,3980.839913913777,0.9043317686343854,Put,SPX,SPX230217P03600000,121.65,0.2764,0.0373810508945607,0.9840877106887902
2023-02-17,157,0.42910107232489164,3610,0.9170091652292175,3980.839913913777,0.9068438013250364,Put,SPX,SPX230217P03610000,123.9,0.2753,0.0373810508945607,0.9840877106887902
2023-02-17,157,0.42910107232489164,3620,0.9195493568226503,3980.839913913777,0.9093558340156874,Put,SPX,SPX230217P03620000,126.35,0.2744,0.0373810508945607,0.9840877106887902
2023-02-17,157,0.42910107232489164,3625,0.9208194526193666,3980.839913913777,0.910611850361013,Put,SPX,SPX230217P03625000,127.5,0.2738,0.0373810508945607,0.9840877106887902
2023-02-17,157,0.42910107232489164,3630,0.9220895484160829,3980.839913913777,0.9118678667063386,Put,SPX,SPX230217P03630000,128.85,0.2735,0.0373810508945607,0.9840877106887902
2023-02-17,157,0.42910107232489164,3640,0.9246297400095157,3980.839913913777,0.9143798993969896,Put,SPX,SPX230217P03640000,131.10000000000002,0.2722,0.0373810508945607,0.9840877106887902
2023-02-17,157,0.42910107232489164,3650,0.9271699316029485,3980.839913913777,0.9168919320876406,Put,SPX,SPX230217P03650000,133.75,0.2715,0.0373810508945607,0.9840877106887902
2023-02-17,157,0.42910107232489164,3660,0.9297101231963811,3980.839913913777,0.9194039647782918,Put,SPX,SPX230217P03660000,136.35,0.2705,0.0373810508945607,0.9840877106887902
2023-02-17,157,0.42910107232489164,3670,0.9322503147898139,3980.839913913777,0.9219159974689428,Put,SPX,SPX230217P03670000,138.8,0.2693,0.0373810508945607,0.9840877106887902
2023-02-17,157,0.42910107232489164,3675,0.9335204105865302,3980.839913913777,0.9231720138142684,Put,SPX,SPX230217P03675000,140.10000000000002,0.2691,0.0373810508945607,0.9840877106887902
2023-02-17,157,0.42910107232489164,3680,0.9347905063832467,3980.839913913777,0.9244280301595938,Put,SPX,SPX230217P03680000,141.39999999999998,0.2687,0.0373810508945607,0.9840877106887902
2023-02-17,157,0.42910107232489164,3690,0.9373306979766793,3980.839913913777,0.926940062850245,Put,SPX,SPX230217P03690000,144.2,0.2676,0.0373810508945607,0.9840877106887902
2023-02-17,157,0.42910107232489164,3700,0.9398708895701121,3980.839913913777,0.929452095540896,Put,SPX,SPX230217P03700000,147.1,0.2666,0.0373810508945607,0.9840877106887902
2023-02-17,157,0.42910107232489164,3710,0.9424110811635449,3980.839913913777,0.9319641282315471,Put,SPX,SPX230217P03710000,149.60000000000002,0.2656,0.0373810508945607,0.9840877106887902
2023-02-17,157,0.42910107232489164,3720,0.9449512727569775,3980.839913913777,0.9344761609221982,Put,SPX,SPX230217P03720000,152.5,0.2648,0.0373810508945607,0.9840877106887902
2023-02-17,157,0.42910107232489164,3725,0.946221368553694,3980.839913913777,0.9357321772675237,Put,SPX,SPX230217P03725000,153.89999999999998,0.264,0.0373810508945607,0.9840877106887902
2023-02-17,157,0.42910107232489164,3730,0.9474914643504103,3980.839913913777,0.9369881936128492,Put,SPX,SPX230217P03730000,155.3,0.2638,0.0373810508945607,0.9840877106887902
2023-02-17,157,0.42910107232489164,3740,0.9500316559438431,3980.839913913777,0.9395002263035003,Put,SPX,SPX230217P03740000,158.3,0.2626,0.0373810508945607,0.9840877106887902
2023-02-17,157,0.42910107232489164,3750,0.9525718475372758,3980.839913913777,0.9420122589941514,Put,SPX,SPX230217P03750000,161.45,0.2618,0.0373810508945607,0.9840877106887902
2023-02-17,157,0.42910107232489164,3760,0.9551120391307085,3980.839913913777,0.9445242916848025,Put,SPX,SPX230217P03760000,164.5,0.2608,0.0373810508945607,0.9840877106887902
2023-02-17,157,0.42910107232489164,3770,0.9576522307241413,3980.839913913777,0.9470363243754535,Put,SPX,SPX230217P03770000,167.35,0.2596,0.0373810508945607,0.9840877106887902
2023-02-17,157,0.42910107232489164,3775,0.9589223265208576,3980.839913913777,0.9482923407207791,Put,SPX,SPX230217P03775000,168.85,0.2591,0.0373810508945607,0.9840877106887902
2023-02-17,157,0.42910107232489164,3780,0.960192422317574,3980.839913913777,0.9495483570661046,Put,SPX,SPX230217P03780000,170.45,0.2586,0.0373810508945607,0.9840877106887902
2023-02-17,157,0.42910107232489164,3790,0.9627326139110067,3980.839913913777,0.9520603897567557,Put,SPX,SPX230217P03790000,173.55,0.2579,0.0373810508945607,0.9840877106887902
2023-02-17,157,0.42910107232489164,3800,0.9652728055044395,3980.839913913777,0.9545724224474067,Put,SPX,SPX230217P03800000,176.85,0.2567,0.0373810508945607,0.9840877106887902
2023-02-17,157,0.42910107232489164,3810,0.9678129970978722,3980.839913913777,0.9570844551380578,Put,SPX,SPX230217P03810000,180.15,0.2558,0.0373810508945607,0.9840877106887902
2023-02-17,157,0.42910107232489164,3820,0.9703531886913049,3980.839913913777,0.9595964878287089,Put,SPX,SPX230217P03820000,183.45,0.2548,0.0373810508945607,0.9840877106887902
2023-02-17,157,0.42910107232489164,3825,0.9716232844880213,3980.839913913777,0.9608525041740344,Put,SPX,SPX230217P03825000,185.10000000000002,0.2543,0.0373810508945607,0.9840877106887902
2023-02-17,157,0.42910107232489164,3830,0.9728933802847377,3980.839913913777,0.9621085205193599,Put,SPX,SPX230217P03830000,186.75,0.2538,0.0373810508945607,0.9840877106887902
2023-02-17,157,0.42910107232489164,3840,0.9754335718781704,3980.839913913777,0.9646205532100111,Put,SPX,SPX230217P03840000,190.2,0.2529,0.0373810508945607,0.9840877106887902
2023-02-17,157,0.42910107232489164,3850,0.9779737634716031,3980.839913913777,0.9671325859006621,Put,SPX,SPX230217P03850000,193.65,0.2519,0.0373810508945607,0.9840877106887902
2023-02-17,157,0.42910107232489164,3860,0.9805139550650359,3980.839913913777,0.9696446185913131,Put,SPX,SPX230217P03860000,197.15,0.2509,0.0373810508945607,0.9840877106887902
2023-02-17,157,0.42910107232489164,3870,0.9830541466584686,3980.839913913777,0.9721566512819642,Put,SPX,SPX230217P03870000,200.7,0.2499,0.0373810508945607,0.9840877106887902
2023-02-17,157,0.42910107232489164,3875,0.984324242455185,3980.839913913777,0.9734126676272897,Put,SPX,SPX230217P03875000,202.5,0.2494,0.0373810508945607,0.9840877106887902
2023-02-17,157,0.42910107232489164,3880,0.9855943382519013,3980.839913913777,0.9746686839726153,Put,SPX,SPX230217P03880000,204.35,0.2491,0.0373810508945607,0.9840877106887902
2023-02-17,157,0.42910107232489164,3890,0.9881345298453341,3980.839913913777,0.9771807166632663,Put,SPX,SPX230217P03890000,208.0,0.248,0.0373810508945607,0.9840877106887902
2023-02-17,157,0.42910107232489164,3900,0.9906747214387668,3980.839913913777,0.9796927493539174,Put,SPX,SPX230217P03900000,212.0,0.2473,0.0373810508945607,0.9840877106887902
2023-02-17,157,0.42910107232489164,3910,0.9932149130321996,3980.839913913777,0.9822047820445685,Put,SPX,SPX230217P03910000,215.85,0.2464,0.0373810508945607,0.9840877106887902
2023-02-17,157,0.42910107232489164,3920,0.9957551046256323,3980.839913913777,0.9847168147352195,Put,SPX,SPX230217P03920000,219.5,0.2452,0.0373810508945607,0.9840877106887902
2023-02-17,157,0.42910107232489164,3925,0.9970252004223487,3980.839913913777,0.9859728310805451,Put,SPX,SPX230217P03925000,221.65,0.245,0.0373810508945607,0.9840877106887902
2023-02-17,157,0.42910107232489164,3930,0.998295296219065,3980.839913913777,0.9872288474258706,Put,SPX,SPX230217P03930000,223.4,0.2442,0.0373810508945607,0.9840877106887902
2023-02-17,157,0.42910107232489164,3940,1.0008354878124979,3980.839913913777,0.9897408801165217,Put,SPX,SPX230217P03940000,227.55,0.2434,0.0373810508945607,0.9840877106887902
2023-02-17,157,0.42910107232489164,3950,1.0033756794059305,3980.839913913777,0.9922529128071728,Put,SPX,SPX230217P03950000,231.35,0.2422,0.0373810508945607,0.9840877106887902
2023-02-17,157,0.42910107232489164,3960,1.0059158709993632,3980.839913913777,0.9947649454978238,Put,SPX,SPX230217P03960000,235.4,0.2412,0.0373810508945607,0.9840877106887902
2023-02-17,157,0.42910107232489164,3970,1.008456062592796,3980.839913913777,0.9972769781884749,Put,SPX,SPX230217P03970000,239.8,0.2405,0.0373810508945607,0.9840877106887902
2023-02-17,157,0.42910107232489164,3975,1.0097261583895123,3980.839913913777,0.9985329945338004,Put,SPX,SPX230217P03975000,241.9,0.2401,0.0373810508945607,0.9840877106887902
2023-02-17,157,0.42910107232489164,3980,1.0109962541862287,3980.839913913777,0.999789010879126,Put,SPX,SPX230217P03980000,244.0,0.2396,0.0373810508945607,0.9840877106887902
2023-02-17,157,0.42910107232489164,3990,1.0135364457796614,3980.839913913777,1.002301043569777,Call,SPX,SPX230217C03990000,239.3,0.2384,0.0373810508945607,0.9840877106887902
2023-02-17,157,0.42910107232489164,4000,1.0160766373730943,3980.839913913777,1.0048130762604282,Call,SPX,SPX230217C04000000,233.45,0.2371,0.0373810508945607,0.9840877106887902
2023-02-17,157,0.42910107232489164,4010,1.018616828966527,3980.839913913777,1.0073251089510793,Call,SPX,SPX230217C04010000,228.3,0.2364,0.0373810508945607,0.9840877106887902
2023-02-17,157,0.42910107232489164,4020,1.0211570205599596,3980.839913913777,1.0098371416417302,Call,SPX,SPX230217C04020000,222.9,0.2354,0.0373810508945607,0.9840877106887902
2023-02-17,157,0.42910107232489164,4025,1.022427116356676,3980.839913913777,1.011093157987056,Call,SPX,SPX230217C04025000,220.2,0.2349,0.0373810508945607,0.9840877106887902
2023-02-17,157,0.42910107232489164,4030,1.0236972121533925,3980.839913913777,1.0123491743323814,Call,SPX,SPX230217C04030000,217.7,0.2344,0.0373810508945607,0.9840877106887902
2023-02-17,157,0.42910107232489164,4050,1.0287775953402578,3980.839913913777,1.0173732397136834,Call,SPX,SPX230217C04050000,206.85,0.2322,0.0373810508945607,0.9840877106887902
2023-02-17,157,0.42910107232489164,4060,1.0313177869336907,3980.839913913777,1.0198852724043346,Call,SPX,SPX230217C04060000,201.95,0.2315,0.0373810508945607,0.9840877106887902
2023-02-17,157,0.42910107232489164,4070,1.0338579785271234,3980.839913913777,1.0223973050949857,Call,SPX,SPX230217C04070000,196.85000000000002,0.2305,0.0373810508945607,0.9840877106887902
2023-02-17,157,0.42910107232489164,4075,1.0351280743238398,3980.839913913777,1.0236533214403112,Call,SPX,SPX230217C04075000,194.25,0.2299,0.0373810508945607,0.9840877106887902
2023-02-17,157,0.42910107232489164,4080,1.036398170120556,3980.839913913777,1.0249093377856366,Call,SPX,SPX230217C04080000,191.75,0.2294,0.0373810508945607,0.9840877106887902
2023-02-17,157,0.42910107232489164,4090,1.038938361713989,3980.839913913777,1.0274213704762878,Call,SPX,SPX230217C04090000,186.8,0.2285,0.0373810508945607,0.9840877106887902
2023-02-17,157,0.42910107232489164,4100,1.0414785533074216,3980.839913913777,1.029933403166939,Call,SPX,SPX230217C04100000,181.64999999999998,0.2272,0.0373810508945607,0.9840877106887902
2023-02-17,157,0.42910107232489164,4110,1.0440187449008542,3980.839913913777,1.0324454358575899,Call,SPX,SPX230217C04110000,177.0,0.2264,0.0373810508945607,0.9840877106887902
2023-02-17,157,0.42910107232489164,4120,1.046558936494287,3980.839913913777,1.034957468548241,Call,SPX,SPX230217C04120000,172.35,0.2255,0.0373810508945607,0.9840877106887902
2023-02-17,157,0.42910107232489164,4125,1.0478290322910033,3980.839913913777,1.0362134848935665,Call,SPX,SPX230217C04125000,169.89999999999998,0.225,0.0373810508945607,0.9840877106887902
2023-02-17,157,0.42910107232489164,4130,1.0490991280877198,3980.839913913777,1.0374695012388921,Call,SPX,SPX230217C04130000,167.65,0.2246,0.0373810508945607,0.9840877106887902
2023-02-17,157,0.42910107232489164,4140,1.0516393196811524,3980.839913913777,1.039981533929543,Call,SPX,SPX230217C04140000,163.05,0.2236,0.0373810508945607,0.9840877106887902
2023-02-17,157,0.42910107232489164,4150,1.0541795112745853,3980.839913913777,1.0424935666201942,Call,SPX,SPX230217C04150000,158.35000000000002,0.2225,0.0373810508945607,0.9840877106887902
2023-02-17,157,0.42910107232489164,4160,1.056719702868018,3980.839913913777,1.0450055993108454,Call,SPX,SPX230217C04160000,154.05,0.2217,0.0373810508945607,0.9840877106887902
2023-02-17,157,0.42910107232489164,4170,1.0592598944614506,3980.839913913777,1.0475176320014963,Call,SPX,SPX230217C04170000,149.65,0.2207,0.0373810508945607,0.9840877106887902
2023-02-17,157,0.42910107232489164,4175,1.060529990258167,3980.839913913777,1.048773648346822,Call,SPX,SPX230217C04175000,147.5,0.2203,0.0373810508945607,0.9840877106887902
2023-02-17,157,0.42910107232489164,4180,1.0618000860548835,3980.839913913777,1.0500296646921474,Call,SPX,SPX230217C04180000,145.35,0.2198,0.0373810508945607,0.9840877106887902
2023-02-17,157,0.42910107232489164,4190,1.0643402776483162,3980.839913913777,1.0525416973827986,Call,SPX,SPX230217C04190000,141.05,0.2188,0.0373810508945607,0.9840877106887902
2023-02-17,157,0.42910107232489164,4200,1.0668804692417488,3980.839913913777,1.0550537300734495,Call,SPX,SPX230217C04200000,136.85,0.2178,0.0373810508945607,0.9840877106887902
2023-02-17,157,0.42910107232489164,4210,1.0694206608351817,3980.839913913777,1.0575657627641006,Call,SPX,SPX230217C04210000,132.8,0.2169,0.0373810508945607,0.9840877106887902
2023-02-17,157,0.42910107232489164,4225,1.0732309482253308,3980.839913913777,1.0613338118000772,Call,SPX,SPX230217C04225000,126.75,0.2155,0.0373810508945607,0.9840877106887902
2023-02-17,157,0.42910107232489164,4230,1.074501044022047,3980.839913913777,1.0625898281454027,Call,SPX,SPX230217C04230000,124.8,0.215,0.0373810508945607,0.9840877106887902
2023-02-17,157,0.42910107232489164,4240,1.07704123561548,3980.839913913777,1.0651018608360538,Call,SPX,SPX230217C04240000,120.95,0.2142,0.0373810508945607,0.9840877106887902
2023-02-17,157,0.42910107232489164,4250,1.0795814272089126,3980.839913913777,1.067613893526705,Call,SPX,SPX230217C04250000,117.1,0.2129,0.0373810508945607,0.9840877106887902
2023-02-17,157,0.42910107232489164,4260,1.0821216188023453,3980.839913913777,1.070125926217356,Call,SPX,SPX230217C04260000,113.35,0.2123,0.0373810508945607,0.9840877106887902
2023-02-17,157,0.42910107232489164,4270,1.0846618103957781,3980.839913913777,1.072637958908007,Call,SPX,SPX230217C04270000,109.7,0.2114,0.0373810508945607,0.9840877106887902
2023-02-17,157,0.42910107232489164,4275,1.0859319061924944,3980.839913913777,1.0738939752533325,Call,SPX,SPX230217C04275000,107.9,0.2109,0.0373810508945607,0.9840877106887902
2023-02-17,157,0.42910107232489164,4280,1.0872020019892108,3980.839913913777,1.0751499915986582,Call,SPX,SPX230217C04280000,106.15,0.2103,0.0373810508945607,0.9840877106887902
2023-02-17,157,0.42910107232489164,4290,1.0897421935826435,3980.839913913777,1.0776620242893091,Call,SPX,SPX230217C04290000,102.5,0.2094,0.0373810508945607,0.9840877106887902
2023-02-17,157,0.42910107232489164,4300,1.0922823851760763,3980.839913913777,1.0801740569799603,Call,SPX,SPX230217C04300000,98.9,0.2084,0.0373810508945607,0.9840877106887902
2023-02-17,157,0.42910107232489164,4310,1.094822576769509,3980.839913913777,1.0826860896706112,Call,SPX,SPX230217C04310000,95.8,0.2078,0.0373810508945607,0.9840877106887902
2023-02-17,157,0.42910107232489164,4320,1.0973627683629417,3980.839913913777,1.0851981223612623,Call,SPX,SPX230217C04320000,92.55000000000001,0.2069,0.0373810508945607,0.9840877106887902
2023-02-17,157,0.42910107232489164,4325,1.098632864159658,3980.839913913777,1.0864541387065878,Call,SPX,SPX230217C04325000,90.94999999999999,0.2065,0.0373810508945607,0.9840877106887902
2023-02-17,157,0.42910107232489164,4330,1.0999029599563745,3980.839913913777,1.0877101550519135,Call,SPX,SPX230217C04330000,89.35,0.206,0.0373810508945607,0.9840877106887902
2023-02-17,157,0.42910107232489164,4340,1.1024431515498072,3980.839913913777,1.0902221877425644,Call,SPX,SPX230217C04340000,86.15,0.205,0.0373810508945607,0.9840877106887902
2023-02-17,157,0.42910107232489164,4350,1.1049833431432399,3980.839913913777,1.0927342204332156,Call,SPX,SPX230217C04350000,82.85,0.204,0.0373810508945607,0.9840877106887902
2023-02-17,157,0.42910107232489164,4360,1.1075235347366728,3980.839913913777,1.0952462531238667,Call,SPX,SPX230217C04360000,80.0,0.2033,0.0373810508945607,0.9840877106887902
2023-02-17,157,0.42910107232489164,4370,1.1100637263301054,3980.839913913777,1.0977582858145176,Call,SPX,SPX230217C04370000,77.30000000000001,0.2024,0.0373810508945607,0.9840877106887902
2023-02-17,157,0.42910107232489164,4375,1.1113338221268219,3980.839913913777,1.0990143021598433,Call,SPX,SPX230217C04375000,75.8,0.2019,0.0373810508945607,0.9840877106887902
2023-02-17,157,0.42910107232489164,4380,1.112603917923538,3980.839913913777,1.1002703185051688,Call,SPX,SPX230217C04380000,74.30000000000001,0.2015,0.0373810508945607,0.9840877106887902
2023-02-17,157,0.42910107232489164,4390,1.115144109516971,3980.839913913777,1.10278235119582,Call,SPX,SPX230217C04390000,71.6,0.2007,0.0373810508945607,0.9840877106887902
2023-02-17,157,0.42910107232489164,4400,1.1176843011104036,3980.839913913777,1.1052943838864708,Call,SPX,SPX230217C04400000,68.65,0.1996,0.0373810508945607,0.9840877106887902
2023-02-17,157,0.42910107232489164,4410,1.1202244927038363,3980.839913913777,1.107806416577122,Call,SPX,SPX230217C04410000,66.25,0.1991,0.0373810508945607,0.9840877106887902
2023-02-17,157,0.42910107232489164,4420,1.1227646842972692,3980.839913913777,1.1103184492677731,Call,SPX,SPX230217C04420000,63.75,0.1985,0.0373810508945607,0.9840877106887902
2023-02-17,157,0.42910107232489164,4425,1.1240347800939854,3980.839913913777,1.1115744656130986,Call,SPX,SPX230217C04425000,62.55,0.1981,0.0373810508945607,0.9840877106887902
2023-02-17,157,0.42910107232489164,4430,1.1253048758907018,3980.839913913777,1.112830481958424,Call,SPX,SPX230217C04430000,61.2,0.1976,0.0373810508945607,0.9840877106887902
2023-02-17,157,0.42910107232489164,4440,1.1278450674841345,3980.839913913777,1.1153425146490752,Call,SPX,SPX230217C04440000,58.8,0.1968,0.0373810508945607,0.9840877106887902
2023-02-17,157,0.42910107232489164,4450,1.1303852590775674,3980.839913913777,1.1178545473397263,Call,SPX,SPX230217C04450000,56.3,0.1958,0.0373810508945607,0.9840877106887902
2023-02-17,157,0.42910107232489164,4460,1.132925450671,3980.839913913777,1.1203665800303773,Call,SPX,SPX230217C04460000,54.349999999999994,0.1955,0.0373810508945607,0.9840877106887902
2023-02-17,157,0.42910107232489164,4470,1.1354656422644327,3980.839913913777,1.1228786127210284,Call,SPX,SPX230217C04470000,52.1,0.1947,0.0373810508945607,0.9840877106887902
2023-02-17,157,0.42910107232489164,4475,1.1367357380611491,3980.839913913777,1.1241346290663539,Call,SPX,SPX230217C04475000,51.1,0.1943,0.0373810508945607,0.9840877106887902
2023-02-17,157,0.42910107232489164,4480,1.1380058338578656,3980.839913913777,1.1253906454116795,Call,SPX,SPX230217C04480000,50.05,0.194,0.0373810508945607,0.9840877106887902
2023-02-17,157,0.42910107232489164,4500,1.143086217044731,3980.839913913777,1.1304147107929816,Call,SPX,SPX230217C04500000,45.75,0.1922,0.0373810508945607,0.9840877106887902
2023-02-17,157,0.42910107232489164,4510,1.1456264086381638,3980.839913913777,1.1329267434836328,Call,SPX,SPX230217C04510000,44.099999999999994,0.1918,0.0373810508945607,0.9840877106887902
2023-02-17,157,0.42910107232489164,4525,1.1494366960283129,3980.839913913777,1.1366947925196094,Call,SPX,SPX230217C04525000,41.2,0.1907,0.0373810508945607,0.9840877106887902
2023-02-17,157,0.42910107232489164,4550,1.1557871750118947,3980.839913913777,1.142974874246237,Call,SPX,SPX230217C04550000,36.95,0.1891,0.0373810508945607,0.9840877106887902
2023-02-17,157,0.42910107232489164,4575,1.1621376539954764,3980.839913913777,1.1492549559728646,Call,SPX,SPX230217C04575000,33.3,0.188,0.0373810508945607,0.9840877106887902
2023-02-17,157,0.42910107232489164,4600,1.1684881329790584,3980.839913913777,1.1555350376994924,Call,SPX,SPX230217C04600000,29.75,0.1866,0.0373810508945607,0.9840877106887902
2023-02-17,157,0.42910107232489164,4625,1.1748386119626402,3980.839913913777,1.16181511942612,Call,SPX,SPX230217C04625000,26.55,0.1853,0.0373810508945607,0.9840877106887902
2023-02-17,157,0.42910107232489164,4650,1.181189090946222,3980.839913913777,1.1680952011527477,Call,SPX,SPX230217C04650000,23.5,0.1837,0.0373810508945607,0.9840877106887902
2023-02-17,157,0.42910107232489164,4675,1.187539569929804,3980.839913913777,1.1743752828793754,Call,SPX,SPX230217C04675000,21.1,0.183,0.0373810508945607,0.9840877106887902
2023-02-17,157,0.42910107232489164,4700,1.1938900489133857,3980.839913913777,1.180655364606003,Call,SPX,SPX230217C04700000,18.55,0.1815,0.0373810508945607,0.9840877106887902
2023-02-17,157,0.42910107232489164,4725,1.2002405278969674,3980.839913913777,1.1869354463326307,Call,SPX,SPX230217C04725000,16.75,0.1813,0.0373810508945607,0.9840877106887902
2023-02-17,157,0.42910107232489164,4750,1.2065910068805494,3980.839913913777,1.1932155280592585,Call,SPX,SPX230217C04750000,14.8,0.1802,0.0373810508945607,0.9840877106887902
2023-02-17,157,0.42910107232489164,4775,1.2129414858641312,3980.839913913777,1.199495609785886,Call,SPX,SPX230217C04775000,13.2,0.1797,0.0373810508945607,0.9840877106887902
2023-02-17,157,0.42910107232489164,4800,1.219291964847713,3980.839913913777,1.2057756915125137,Call,SPX,SPX230217C04800000,11.7,0.179,0.0373810508945607,0.9840877106887902
2023-02-28,168,0.459958932238193,2800,0.7112536461611659,3984.1188618415836,0.7027902773728375,Put,SPXW,SPXW230228P02800000,30.0,0.3715,0.03742825878814411,0.9829318774007392
2023-02-28,168,0.459958932238193,2900,0.7366555620954933,3984.1188618415836,0.7278899301361531,Put,SPXW,SPXW230228P02900000,35.5,0.3568,0.03742825878814411,0.9829318774007392
2023-02-28,168,0.459958932238193,3000,0.7620574780298206,3984.1188618415836,0.7529895828994687,Put,SPXW,SPXW230228P03000000,42.3,0.3431,0.03742825878814411,0.9829318774007392
2023-02-28,168,0.459958932238193,3050,0.7747584359969844,3984.1188618415836,0.7655394092811265,Put,SPXW,SPXW230228P03050000,46.0,0.336,0.03742825878814411,0.9829318774007392
2023-02-28,168,0.459958932238193,3100,0.787459393964148,3984.1188618415836,0.7780892356627843,Put,SPXW,SPXW230228P03100000,50.3,0.3296,0.03742825878814411,0.9829318774007392
2023-02-28,168,0.459958932238193,3150,0.8001603519313116,3984.1188618415836,0.7906390620444421,Put,SPXW,SPXW230228P03150000,55.1,0.3233,0.03742825878814411,0.9829318774007392
2023-02-28,168,0.459958932238193,3200,0.8128613098984754,3984.1188618415836,0.8031888884260999,Put,SPXW,SPXW230228P03200000,60.400000000000006,0.3173,0.03742825878814411,0.9829318774007392
2023-02-28,168,0.459958932238193,3250,0.825562267865639,3984.1188618415836,0.8157387148077577,Put,SPXW,SPXW230228P03250000,66.2,0.3113,0.03742825878814411,0.9829318774007392
2023-02-28,168,0.459958932238193,3275,0.8319127468492209,3984.1188618415836,0.8220136279985867,Put,SPXW,SPXW230228P03275000,69.35,0.3084,0.03742825878814411,0.9829318774007392
2023-02-28,168,0.459958932238193,3300,0.8382632258328027,3984.1188618415836,0.8282885411894155,Put,SPXW,SPXW230228P03300000,72.75,0.3058,0.03742825878814411,0.9829318774007392
2023-02-28,168,0.459958932238193,3325,0.8446137048163845,3984.1188618415836,0.8345634543802445,Put,SPXW,SPXW230228P03325000,76.15,0.3029,0.03742825878814411,0.9829318774007392
2023-02-28,168,0.459958932238193,3350,0.8509641837999664,3984.1188618415836,0.8408383675710734,Put,SPXW,SPXW230228P03350000,79.85,0.3002,0.03742825878814411,0.9829318774007392
2023-02-28,168,0.459958932238193,3375,0.8573146627835482,3984.1188618415836,0.8471132807619023,Put,SPXW,SPXW230228P03375000,83.75,0.2976,0.03742825878814411,0.9829318774007392
2023-02-28,168,0.459958932238193,3400,0.86366514176713,3984.1188618415836,0.8533881939527312,Put,SPXW,SPXW230228P03400000,87.85,0.295,0.03742825878814411,0.9829318774007392
2023-02-28,168,0.459958932238193,3425,0.8700156207507119,3984.1188618415836,0.8596631071435601,Put,SPXW,SPXW230228P03425000,92.1,0.2925,0.03742825878814411,0.9829318774007392
2023-02-28,168,0.459958932238193,3450,0.8763660997342937,3984.1188618415836,0.865938020334389,Put,SPXW,SPXW230228P03450000,96.55000000000001,0.2898,0.03742825878814411,0.9829318774007392
2023-02-28,168,0.459958932238193,3475,0.8827165787178756,3984.1188618415836,0.8722129335252179,Put,SPXW,SPXW230228P03475000,101.25,0.2873,0.03742825878814411,0.9829318774007392
2023-02-28,168,0.459958932238193,3500,0.8890670577014574,3984.1188618415836,0.8784878467160468,Put,SPXW,SPXW230228P03500000,106.05000000000001,0.2848,0.03742825878814411,0.9829318774007392
2023-02-28,168,0.459958932238193,3510,0.8916072492948901,3984.1188618415836,0.8809978119923784,Put,SPXW,SPXW230228P03510000,108.1,0.2838,0.03742825878814411,0.9829318774007392
2023-02-28,168,0.459958932238193,3520,0.8941474408883229,3984.1188618415836,0.88350777726871,Put,SPXW,SPXW230228P03520000,110.15,0.2828,0.03742825878814411,0.9829318774007392
2023-02-28,168,0.459958932238193,3525,0.8954175366850392,3984.1188618415836,0.8847627599068757,Put,SPXW,SPXW230228P03525000,111.19999999999999,0.2824,0.03742825878814411,0.9829318774007392
2023-02-28,168,0.459958932238193,3530,0.8966876324817556,3984.1188618415836,0.8860177425450415,Put,SPXW,SPXW230228P03530000,112.25,0.2819,0.03742825878814411,0.9829318774007392
2023-02-28,168,0.459958932238193,3550,0.9017680156686211,3984.1188618415836,0.8910376730977047,Put,SPXW,SPXW230228P03550000,116.55000000000001,0.2799,0.03742825878814411,0.9829318774007392
2023-02-28,168,0.459958932238193,3560,0.9043082072620539,3984.1188618415836,0.8935476383740362,Put,SPXW,SPXW230228P03560000,118.69999999999999,0.2789,0.03742825878814411,0.9829318774007392
2023-02-28,168,0.459958932238193,3570,0.9068483988554865,3984.1188618415836,0.8960576036503678,Put,SPXW,SPXW230228P03570000,121.0,0.2779,0.03742825878814411,0.9829318774007392
2023-02-28,168,0.459958932238193,3580,0.9093885904489193,3984.1188618415836,0.8985675689266993,Put,SPXW,SPXW230228P03580000,123.30000000000001,0.277,0.03742825878814411,0.9829318774007392
2023-02-28,168,0.459958932238193,3600,0.9144689736357847,3984.1188618415836,0.9035874994793625,Put,SPXW,SPXW230228P03600000,127.9,0.275,0.03742825878814411,0.9829318774007392
2023-02-28,168,0.459958932238193,3625,0.9208194526193666,3984.1188618415836,0.9098624126701913,Put,SPXW,SPXW230228P03625000,134.0,0.2727,0.03742825878814411,0.9829318774007392
2023-02-28,168,0.459958932238193,3630,0.9220895484160829,3984.1188618415836,0.9111173953083571,Put,SPXW,SPXW230228P03630000,135.3,0.2722,0.03742825878814411,0.9829318774007392
2023-02-28,168,0.459958932238193,3650,0.9271699316029485,3984.1188618415836,0.9161373258610203,Put,SPXW,SPXW230228P03650000,140.3,0.2702,0.03742825878814411,0.9829318774007392
2023-02-28,168,0.459958932238193,3660,0.9297101231963811,3984.1188618415836,0.9186472911373518,Put,SPXW,SPXW230228P03660000,142.9,0.2693,0.03742825878814411,0.9829318774007392
2023-02-28,168,0.459958932238193,3675,0.9335204105865302,3984.1188618415836,0.9224122390518492,Put,SPXW,SPXW230228P03675000,146.85000000000002,0.2679,0.03742825878814411,0.9829318774007392
2023-02-28,168,0.459958932238193,3680,0.9347905063832467,3984.1188618415836,0.9236672216900149,Put,SPXW,SPXW230228P03680000,148.2,0.2674,0.03742825878814411,0.9829318774007392
2023-02-28,168,0.459958932238193,3690,0.9373306979766793,3984.1188618415836,0.9261771869663465,Put,SPXW,SPXW230228P03690000,150.95,0.2665,0.03742825878814411,0.9829318774007392
2023-02-28,168,0.459958932238193,3700,0.9398708895701121,3984.1188618415836,0.9286871522426781,Put,SPXW,SPXW230228P03700000,153.7,0.2655,0.03742825878814411,0.9829318774007392
2023-02-28,168,0.459958932238193,3710,0.9424110811635449,3984.1188618415836,0.9311971175190097,Put,SPXW,SPXW230228P03710000,156.5,0.2646,0.03742825878814411,0.9829318774007392
2023-02-28,168,0.459958932238193,3725,0.946221368553694,3984.1188618415836,0.934962065433507,Put,SPXW,SPXW230228P03725000,160.8,0.2631,0.03742825878814411,0.9829318774007392
2023-02-28,168,0.459958932238193,3730,0.9474914643504103,3984.1188618415836,0.9362170480716727,Put,SPXW,SPXW230228P03730000,162.35000000000002,0.2626,0.03742825878814411,0.9829318774007392
2023-02-28,168,0.459958932238193,3740,0.9500316559438431,3984.1188618415836,0.9387270133480043,Put,SPXW,SPXW230228P03740000,165.2,0.2617,0.03742825878814411,0.9829318774007392
2023-02-28,168,0.459958932238193,3750,0.9525718475372758,3984.1188618415836,0.9412369786243359,Put,SPXW,SPXW230228P03750000,168.3,0.2608,0.03742825878814411,0.9829318774007392
2023-02-28,168,0.459958932238193,3760,0.9551120391307085,3984.1188618415836,0.9437469439006675,Put,SPXW,SPXW230228P03760000,171.25,0.2598,0.03742825878814411,0.9829318774007392
2023-02-28,168,0.459958932238193,3770,0.9576522307241413,3984.1188618415836,0.946256909176999,Put,SPXW,SPXW230228P03770000,174.4,0.2589,0.03742825878814411,0.9829318774007392
2023-02-28,168,0.459958932238193,3775,0.9589223265208576,3984.1188618415836,0.9475118918151648,Put,SPXW,SPXW230228P03775000,175.95,0.2584,0.03742825878814411,0.9829318774007392
2023-02-28,168,0.459958932238193,3780,0.960192422317574,3984.1188618415836,0.9487668744533305,Put,SPXW,SPXW230228P03780000,177.55,0.2579,0.03742825878814411,0.9829318774007392
2023-02-28,168,0.459958932238193,3790,0.9627326139110067,3984.1188618415836,0.9512768397296621,Put,SPXW,SPXW230228P03790000,180.6,0.2569,0.03742825878814411,0.9829318774007392
2023-02-28,168,0.459958932238193,3800,0.9652728055044395,3984.1188618415836,0.9537868050059937,Put,SPXW,SPXW230228P03800000,183.95,0.256,0.03742825878814411,0.9829318774007392
2023-02-28,168,0.459958932238193,3810,0.9678129970978722,3984.1188618415836,0.9562967702823253,Put,SPXW,SPXW230228P03810000,187.2,0.2551,0.03742825878814411,0.9829318774007392
2023-02-28,168,0.459958932238193,3825,0.9716232844880213,3984.1188618415836,0.9600617181968226,Put,SPXW,SPXW230228P03825000,192.14999999999998,0.2536,0.03742825878814411,0.9829318774007392
2023-02-28,168,0.459958932238193,3830,0.9728933802847377,3984.1188618415836,0.9613167008349884,Put,SPXW,SPXW230228P03830000,193.8,0.2532,0.03742825878814411,0.9829318774007392
2023-02-28,168,0.459958932238193,3840,0.9754335718781704,3984.1188618415836,0.96382666611132,Put,SPXW,SPXW230228P03840000,197.35000000000002,0.2522,0.03742825878814411,0.9829318774007392
2023-02-28,168,0.459958932238193,3850,0.9779737634716031,3984.1188618415836,0.9663366313876515,Put,SPXW,SPXW230228P03850000,200.7,0.2513,0.03742825878814411,0.9829318774007392
2023-02-28,168,0.459958932238193,3860,0.9805139550650359,3984.1188618415836,0.9688465966639831,Put,SPXW,SPXW230228P03860000,204.3,0.2503,0.03742825878814411,0.9829318774007392
2023-02-28,168,0.459958932238193,3910,0.9932149130321996,3984.1188618415836,0.9813964230456409,Put,SPXW,SPXW230228P03910000,222.85,0.2457,0.03742825878814411,0.9829318774007392
2023-02-28,168,0.459958932238193,3920,0.9957551046256323,3984.1188618415836,0.9839063883219724,Put,SPXW,SPXW230228P03920000,226.55,0.2448,0.03742825878814411,0.9829318774007392
2023-02-28,168,0.459958932238193,3925,0.9970252004223487,3984.1188618415836,0.9851613709601382,Put,SPXW,SPXW230228P03925000,228.6,0.2442,0.03742825878814411,0.9829318774007392
2023-02-28,168,0.459958932238193,3930,0.998295296219065,3984.1188618415836,0.986416353598304,Put,SPXW,SPXW230228P03930000,230.45,0.2438,0.03742825878814411,0.9829318774007392
2023-02-28,168,0.459958932238193,3940,1.0008354878124979,3984.1188618415836,0.9889263188746356,Put,SPXW,SPXW230228P03940000,234.5,0.2428,0.03742825878814411,0.9829318774007392
2023-02-28,168,0.459958932238193,3950,1.0033756794059305,3984.1188618415836,0.9914362841509672,Put,SPXW,SPXW230228P03950000,238.5,0.2419,0.03742825878814411,0.9829318774007392
2023-02-28,168,0.459958932238193,3970,1.008456062592796,3984.1188618415836,0.9964562147036302,Put,SPXW,SPXW230228P03970000,246.60000000000002,0.24,0.03742825878814411,0.9829318774007392
2023-02-28,168,0.459958932238193,3975,1.0097261583895123,3984.1188618415836,0.997711197341796,Put,SPXW,SPXW230228P03975000,248.75,0.2396,0.03742825878814411,0.9829318774007392
2023-02-28,168,0.459958932238193,3980,1.0109962541862287,3984.1188618415836,0.9989661799799618,Put,SPXW,SPXW230228P03980000,250.55,0.2391,0.03742825878814411,0.9829318774007392
2023-02-28,168,0.459958932238193,3990,1.0135364457796614,3984.1188618415836,1.0014761452562935,Call,SPXW,SPXW230228C03990000,248.39999999999998,0.2381,0.03742825878814411,0.9829318774007392
2023-02-28,168,0.459958932238193,4000,1.0160766373730943,3984.1188618415836,1.0039861105326249,Call,SPXW,SPXW230228C04000000,242.8,0.2372,0.03742825878814411,0.9829318774007392
2023-02-28,168,0.459958932238193,4010,1.018616828966527,3984.1188618415836,1.0064960758089565,Call,SPXW,SPXW230228C04010000,237.39999999999998,0.2362,0.03742825878814411,0.9829318774007392
2023-02-28,168,0.459958932238193,4020,1.0211570205599596,3984.1188618415836,1.0090060410852881,Call,SPXW,SPXW230228C04020000,231.9,0.2353,0.03742825878814411,0.9829318774007392
2023-02-28,168,0.459958932238193,4025,1.022427116356676,3984.1188618415836,1.010261023723454,Call,SPXW,SPXW230228C04025000,229.3,0.2348,0.03742825878814411,0.9829318774007392
2023-02-28,168,0.459958932238193,4040,1.0262374037468251,3984.1188618415836,1.0140259716379512,Call,SPXW,SPXW230228C04040000,221.35,0.2333,0.03742825878814411,0.9829318774007392
2023-02-28,168,0.459958932238193,4060,1.0313177869336907,3984.1188618415836,1.0190459021906144,Call,SPXW,SPXW230228C04060000,210.95,0.2314,0.03742825878814411,0.9829318774007392
2023-02-28,168,0.459958932238193,4070,1.0338579785271234,3984.1188618415836,1.0215558674669458,Call,SPXW,SPXW230228C04070000,205.75,0.2305,0.03742825878814411,0.9829318774007392
2023-02-28,168,0.459958932238193,4075,1.0351280743238398,3984.1188618415836,1.0228108501051116,Call,SPXW,SPXW230228C04075000,203.3,0.23,0.03742825878814411,0.9829318774007392
2023-02-28,168,0.459958932238193,4100,1.0414785533074216,3984.1188618415836,1.0290857632959405,Call,SPXW,SPXW230228C04100000,190.9,0.2276,0.03742825878814411,0.9829318774007392
2023-02-28,168,0.459958932238193,4120,1.046558936494287,3984.1188618415836,1.0341056938486037,Call,SPXW,SPXW230228C04120000,181.15,0.2258,0.03742825878814411,0.9829318774007392
2023-02-28,168,0.459958932238193,4125,1.0478290322910033,3984.1188618415836,1.0353606764867695,Call,SPXW,SPXW230228C04125000,178.85,0.2253,0.03742825878814411,0.9829318774007392
2023-02-28,168,0.459958932238193,4130,1.0490991280877198,3984.1188618415836,1.0366156591249354,Call,SPXW,SPXW230228C04130000,176.45,0.2248,0.03742825878814411,0.9829318774007392
2023-02-28,168,0.459958932238193,4140,1.0516393196811524,3984.1188618415836,1.0391256244012668,Call,SPXW,SPXW230228C04140000,171.7,0.2238,0.03742825878814411,0.9829318774007392
2023-02-28,168,0.459958932238193,4150,1.0541795112745853,3984.1188618415836,1.0416355896775984,Call,SPXW,SPXW230228C04150000,167.2,0.223,0.03742825878814411,0.9829318774007392
2023-02-28,168,0.459958932238193,4160,1.056719702868018,3984.1188618415836,1.04414555495393,Call,SPXW,SPXW230228C04160000,162.7,0.222,0.03742825878814411,0.9829318774007392
2023-02-28,168,0.459958932238193,4170,1.0592598944614506,3984.1188618415836,1.0466555202302614,Call,SPXW,SPXW230228C04170000,158.3,0.221,0.03742825878814411,0.9829318774007392
2023-02-28,168,0.459958932238193,4175,1.060529990258167,3984.1188618415836,1.0479105028684272,Call,SPXW,SPXW230228C04175000,156.05,0.2205,0.03742825878814411,0.9829318774007392
2023-02-28,168,0.459958932238193,4180,1.0618000860548835,3984.1188618415836,1.049165485506593,Call,SPXW,SPXW230228C04180000,153.85,0.22,0.03742825878814411,0.9829318774007392
2023-02-28,168,0.459958932238193,4190,1.0643402776483162,3984.1188618415836,1.0516754507829247,Call,SPXW,SPXW230228C04190000,149.6,0.2191,0.03742825878814411,0.9829318774007392
2023-02-28,168,0.459958932238193,4200,1.0668804692417488,3984.1188618415836,1.054185416059256,Call,SPXW,SPXW230228C04200000,145.25,0.2182,0.03742825878814411,0.9829318774007392
2023-02-28,168,0.459958932238193,4210,1.0694206608351817,3984.1188618415836,1.0566953813355877,Call,SPXW,SPXW230228C04210000,141.1,0.2172,0.03742825878814411,0.9829318774007392
2023-02-28,168,0.459958932238193,4225,1.0732309482253308,3984.1188618415836,1.0604603292500852,Call,SPXW,SPXW230228C04225000,135.05,0.2158,0.03742825878814411,0.9829318774007392
2023-02-28,168,0.459958932238193,4250,1.0795814272089126,3984.1188618415836,1.066735242440914,Call,SPXW,SPXW230228C04250000,125.1,0.2136,0.03742825878814411,0.9829318774007392
2023-02-28,168,0.459958932238193,4300,1.0922823851760763,3984.1188618415836,1.079285068822572,Call,SPXW,SPXW230228C04300000,106.7,0.2091,0.03742825878814411,0.9829318774007392
2023-02-28,168,0.459958932238193,4325,1.098632864159658,3984.1188618415836,1.0855599820134008,Call,SPXW,SPXW230228C04325000,98.25,0.2069,0.03742825878814411,0.9829318774007392
2023-02-28,168,0.459958932238193,4350,1.1049833431432399,3984.1188618415836,1.0918348952042296,Call,SPXW,SPXW230228C04350000,90.19999999999999,0.2048,0.03742825878814411,0.9829318774007392
2023-02-28,168,0.459958932238193,4400,1.1176843011104036,3984.1188618415836,1.1043847215858875,Call,SPXW,SPXW230228C04400000,75.5,0.2007,0.03742825878814411,0.9829318774007392
2023-02-28,168,0.459958932238193,4450,1.1303852590775674,3984.1188618415836,1.1169345479675452,Call,SPXW,SPXW230228C04450000,62.55,0.1968,0.03742825878814411,0.9829318774007392
2023-02-28,168,0.459958932238193,4500,1.143086217044731,3984.1188618415836,1.1294843743492031,Call,SPXW,SPXW230228C04500000,51.35,0.1932,0.03742825878814411,0.9829318774007392
2023-02-28,168,0.459958932238193,4600,1.1684881329790584,3984.1188618415836,1.1545840271125187,Call,SPXW,SPXW230228C04600000,33.85,0.187,0.03742825878814411,0.9829318774007392
2023-02-28,168,0.459958932238193,4700,1.1938900489133857,3984.1188618415836,1.1796836798758343,Call,SPXW,SPXW230228C04700000,21.8,0.1822,0.03742825878814411,0.9829318774007392
2023-02-28,168,0.459958932238193,4800,1.219291964847713,3984.1188618415836,1.20478333263915,Call,SPXW,SPXW230228C04800000,13.850000000000001,0.1789,0.03742825878814411,0.9829318774007392
2023-03-17,185,0.5057608943645905,2800,0.7112536461611659,3989.004760588347,0.701929470644959,Put,SPX,SPX230317P02800000,34.3,0.3675,0.03749465463511079,0.9812153426887403
2023-03-17,185,0.5057608943645905,2850,0.7239546041283296,3989.004760588347,0.7144639254779047,Put,SPX,SPX230317P02850000,37.15,0.3603,0.03749465463511079,0.9812153426887403
2023-03-17,185,0.5057608943645905,2900,0.7366555620954933,3989.004760588347,0.7269983803108504,Put,SPX,SPX230317P02900000,40.3,0.3533,0.03749465463511079,0.9812153426887403
2023-03-17,185,0.5057608943645905,2950,0.749356520062657,3989.004760588347,0.7395328351437962,Put,SPX,SPX230317P02950000,43.8,0.3465,0.03749465463511079,0.9812153426887403
2023-03-17,185,0.5057608943645905,3000,0.7620574780298206,3989.004760588347,0.7520672899767419,Put,SPX,SPX230317P03000000,47.6,0.3399,0.03749465463511079,0.9812153426887403
2023-03-17,185,0.5057608943645905,3050,0.7747584359969844,3989.004760588347,0.7646017448096876,Put,SPX,SPX230317P03050000,51.849999999999994,0.3335,0.03749465463511079,0.9812153426887403
2023-03-17,185,0.5057608943645905,3100,0.787459393964148,3989.004760588347,0.7771361996426333,Put,SPX,SPX230317P03100000,56.55,0.3274,0.03749465463511079,0.9812153426887403
2023-03-17,185,0.5057608943645905,3125,0.7938098729477299,3989.004760588347,0.783403427059106,Put,SPX,SPX230317P03125000,59.05,0.3244,0.03749465463511079,0.9812153426887403
2023-03-17,185,0.5057608943645905,3150,0.8001603519313116,3989.004760588347,0.7896706544755789,Put,SPX,SPX230317P03150000,61.7,0.3214,0.03749465463511079,0.9812153426887403
2023-03-17,185,0.5057608943645905,3175,0.8065108309148935,3989.004760588347,0.7959378818920518,Put,SPX,SPX230317P03175000,64.45,0.3186,0.03749465463511079,0.9812153426887403
2023-03-17,185,0.5057608943645905,3200,0.8128613098984754,3989.004760588347,0.8022051093085246,Put,SPX,SPX230317P03200000,67.35,0.3157,0.03749465463511079,0.9812153426887403
2023-03-17,185,0.5057608943645905,3225,0.8192117888820571,3989.004760588347,0.8084723367249975,Put,SPX,SPX230317P03225000,70.45,0.3129,0.03749465463511079,0.9812153426887403
2023-03-17,185,0.5057608943645905,3250,0.825562267865639,3989.004760588347,0.8147395641414703,Put,SPX,SPX230317P03250000,73.65,0.3101,0.03749465463511079,0.9812153426887403
2023-03-17,185,0.5057608943645905,3275,0.8319127468492209,3989.004760588347,0.8210067915579432,Put,SPX,SPX230317P03275000,77.0,0.3073,0.03749465463511079,0.9812153426887403
2023-03-17,185,0.5057608943645905,3300,0.8382632258328027,3989.004760588347,0.827274018974416,Put,SPX,SPX230317P03300000,80.6,0.3048,0.03749465463511079,0.9812153426887403
2023-03-17,185,0.5057608943645905,3325,0.8446137048163845,3989.004760588347,0.8335412463908889,Put,SPX,SPX230317P03325000,84.25,0.3021,0.03749465463511079,0.9812153426887403
2023-03-17,185,0.5057608943645905,3350,0.8509641837999664,3989.004760588347,0.8398084738073617,Put,SPX,SPX230317P03350000,88.15,0.2995,0.03749465463511079,0.9812153426887403
2023-03-17,185,0.5057608943645905,3375,0.8573146627835482,3989.004760588347,0.8460757012238346,Put,SPX,SPX230317P03375000,92.2,0.297,0.03749465463511079,0.9812153426887403
2023-03-17,185,0.5057608943645905,3400,0.86366514176713,3989.004760588347,0.8523429286403075,Put,SPX,SPX230317P03400000,96.44999999999999,0.2944,0.03749465463511079,0.9812153426887403
2023-03-17,185,0.5057608943645905,3425,0.8700156207507119,3989.004760588347,0.8586101560567803,Put,SPX,SPX230317P03425000,100.94999999999999,0.292,0.03749465463511079,0.9812153426887403
2023-03-17,185,0.5057608943645905,3450,0.8763660997342937,3989.004760588347,0.8648773834732532,Put,SPX,SPX230317P03450000,105.6,0.2896,0.03749465463511079,0.9812153426887403
2023-03-17,185,0.5057608943645905,3475,0.8827165787178756,3989.004760588347,0.871144610889726,Put,SPX,SPX230317P03475000,110.44999999999999,0.2871,0.03749465463511079,0.9812153426887403
2023-03-17,185,0.5057608943645905,3500,0.8890670577014574,3989.004760588347,0.8774118383061988,Put,SPX,SPX230317P03500000,115.5,0.2847,0.03749465463511079,0.9812153426887403
2023-03-17,185,0.5057608943645905,3525,0.8954175366850392,3989.004760588347,0.8836790657226716,Put,SPX,SPX230317P03525000,120.8,0.2823,0.03749465463511079,0.9812153426887403
2023-03-17,185,0.5057608943645905,3550,0.9017680156686211,3989.004760588347,0.8899462931391445,Put,SPX,SPX230317P03550000,126.35,0.28,0.03749465463511079,0.9812153426887403
2023-03-17,185,0.5057608943645905,3575,0.908118494652203,3989.004760588347,0.8962135205556173,Put,SPX,SPX230317P03575000,132.0,0.2775,0.03749465463511079,0.9812153426887403
2023-03-17,185,0.5057608943645905,3600,0.9144689736357847,3989.004760588347,0.9024807479720902,Put,SPX,SPX230317P03600000,137.95,0.2752,0.03749465463511079,0.9812153426887403
2023-03-17,185,0.5057608943645905,3625,0.9208194526193666,3989.004760588347,0.9087479753885631,Put,SPX,SPX230317P03625000,144.10000000000002,0.2729,0.03749465463511079,0.9812153426887403
2023-03-17,185,0.5057608943645905,3650,0.9271699316029485,3989.004760588347,0.9150152028050359,Put,SPX,SPX230317P03650000,150.60000000000002,0.2705,0.03749465463511079,0.9812153426887403
2023-03-17,185,0.5057608943645905,3675,0.9335204105865302,3989.004760588347,0.9212824302215088,Put,SPX,SPX230317P03675000,157.15,0.2683,0.03749465463511079,0.9812153426887403
2023-03-17,185,0.5057608943645905,3700,0.9398708895701121,3989.004760588347,0.9275496576379816,Put,SPX,SPX230317P03700000,164.05,0.2658,0.03749465463511079,0.9812153426887403
2023-03-17,185,0.5057608943645905,3725,0.946221368553694,3989.004760588347,0.9338168850544545,Put,SPX,SPX230317P03725000,171.5,0.2637,0.03749465463511079,0.9812153426887403
2023-03-17,185,0.5057608943645905,3750,0.9525718475372758,3989.004760588347,0.9400841124709273,Put,SPX,SPX230317P03750000,178.75,0.2614,0.03749465463511079,0.9812153426887403
2023-03-17,185,0.5057608943645905,3775,0.9589223265208576,3989.004760588347,0.9463513398874002,Put,SPX,SPX230317P03775000,186.75,0.2591,0.03749465463511079,0.9812153426887403
2023-03-17,185,0.5057608943645905,3800,0.9652728055044395,3989.004760588347,0.952618567303873,Put,SPX,SPX230317P03800000,194.65,0.2567,0.03749465463511079,0.9812153426887403
2023-03-17,185,0.5057608943645905,3825,0.9716232844880213,3989.004760588347,0.9588857947203459,Put,SPX,SPX230317P03825000,202.89999999999998,0.2544,0.03749465463511079,0.9812153426887403
2023-03-17,185,0.5057608943645905,3850,0.9779737634716031,3989.004760588347,0.9651530221368188,Put,SPX,SPX230317P03850000,211.5,0.2523,0.03749465463511079,0.9812153426887403
2023-03-17,185,0.5057608943645905,3875,0.984324242455185,3989.004760588347,0.9714202495532915,Put,SPX,SPX230317P03875000,220.5,0.2498,0.03749465463511079,0.9812153426887403
2023-03-17,185,0.5057608943645905,3900,0.9906747214387668,3989.004760588347,0.9776874769697644,Put,SPX,SPX230317P03900000,229.95,0.2478,0.03749465463511079,0.9812153426887403
2023-03-17,185,0.5057608943645905,3925,0.9970252004223487,3989.004760588347,0.9839547043862372,Put,SPX,SPX230317P03925000,239.3,0.2454,0.03749465463511079,0.9812153426887403
2023-03-17,185,0.5057608943645905,3950,1.0033756794059305,3989.004760588347,0.9902219318027101,Put,SPX,SPX230317P03950000,249.05,0.2433,0.03749465463511079,0.9812153426887403
2023-03-17,185,0.5057608943645905,3975,1.0097261583895123,3989.004760588347,0.9964891592191829,Put,SPX,SPX230317P03975000,259.35,0.2407,0.03749465463511079,0.9812153426887403
2023-03-17,185,0.5057608943645905,4000,1.0160766373730943,3989.004760588347,1.0027563866356557,Call,SPX,SPX230317C04000000,258.25,0.2381,0.03749465463511079,0.9812153426887403
2023-03-17,185,0.5057608943645905,4025,1.022427116356676,3989.004760588347,1.0090236140521287,Call,SPX,SPX230317C04025000,245.0,0.2363,0.03749465463511079,0.9812153426887403
2023-03-17,185,0.5057608943645905,4050,1.0287775953402578,3989.004760588347,1.0152908414686015,Call,SPX,SPX230317C04050000,231.39999999999998,0.2336,0.03749465463511079,0.9812153426887403
2023-03-17,185,0.5057608943645905,4075,1.0351280743238398,3989.004760588347,1.0215580688850743,Call,SPX,SPX230317C04075000,218.85,0.2317,0.03749465463511079,0.9812153426887403
2023-03-17,185,0.5057608943645905,4100,1.0414785533074216,3989.004760588347,1.0278252963015473,Call,SPX,SPX230317C04100000,206.05,0.2292,0.03749465463511079,0.9812153426887403
2023-03-17,185,0.5057608943645905,4125,1.0478290322910033,3989.004760588347,1.03409252371802,Call,SPX,SPX230317C04125000,194.2,0.2272,0.03749465463511079,0.9812153426887403
2023-03-17,185,0.5057608943645905,4150,1.0541795112745853,3989.004760588347,1.0403597511344929,Call,SPX,SPX230317C04150000,182.14999999999998,0.2246,0.03749465463511079,0.9812153426887403
2023-03-17,185,0.5057608943645905,4175,1.060529990258167,3989.004760588347,1.0466269785509656,Call,SPX,SPX230317C04175000,170.89999999999998,0.2225,0.03749465463511079,0.9812153426887403
2023-03-17,185,0.5057608943645905,4200,1.0668804692417488,3989.004760588347,1.0528942059674387,Call,SPX,SPX230317C04200000,160.0,0.2203,0.03749465463511079,0.9812153426887403
2023-03-17,185,0.5057608943645905,4225,1.0732309482253308,3989.004760588347,1.0591614333839114,Call,SPX,SPX230317C04225000,149.55,0.2182,0.03749465463511079,0.9812153426887403
2023-03-17,185,0.5057608943645905,4250,1.0795814272089126,3989.004760588347,1.0654286608003842,Call,SPX,SPX230317C04250000,139.2,0.2157,0.03749465463511079,0.9812153426887403
2023-03-17,185,0.5057608943645905,4275,1.0859319061924944,3989.004760588347,1.0716958882168572,Call,SPX,SPX230317C04275000,129.60000000000002,0.2135,0.03749465463511079,0.9812153426887403
2023-03-17,185,0.5057608943645905,4300,1.0922823851760763,3989.004760588347,1.07796311563333,Call,SPX,SPX230317C04300000,120.2,0.2114,0.03749465463511079,0.9812153426887403
2023-03-17,185,0.5057608943645905,4325,1.098632864159658,3989.004760588347,1.0842303430498028,Call,SPX,SPX230317C04325000,111.3,0.2091,0.03749465463511079,0.9812153426887403
2023-03-17,185,0.5057608943645905,4350,1.1049833431432399,3989.004760588347,1.0904975704662756,Call,SPX,SPX230317C04350000,102.8,0.207,0.03749465463511079,0.9812153426887403
2023-03-17,185,0.5057608943645905,4375,1.1113338221268219,3989.004760588347,1.0967647978827486,Call,SPX,SPX230317C04375000,94.7,0.205,0.03749465463511079,0.9812153426887403
2023-03-17,185,0.5057608943645905,4400,1.1176843011104036,3989.004760588347,1.1030320252992214,Call,SPX,SPX230317C04400000,87.2,0.2028,0.03749465463511079,0.9812153426887403
2023-03-17,185,0.5057608943645905,4425,1.1240347800939854,3989.004760588347,1.1092992527156942,Call,SPX,SPX230317C04425000,79.94999999999999,0.2009,0.03749465463511079,0.9812153426887403
2023-03-17,185,0.5057608943645905,4450,1.1303852590775674,3989.004760588347,1.115566480132167,Call,SPX,SPX230317C04450000,73.30000000000001,0.1991,0.03749465463511079,0.9812153426887403
2023-03-17,185,0.5057608943645905,4475,1.1367357380611491,3989.004760588347,1.12183370754864,Call,SPX,SPX230317C04475000,66.95,0.1971,0.03749465463511079,0.9812153426887403
2023-03-17,185,0.5057608943645905,4500,1.143086217044731,3989.004760588347,1.1281009349651128,Call,SPX,SPX230317C04500000,61.05,0.1953,0.03749465463511079,0.9812153426887403
2023-03-17,185,0.5057608943645905,4525,1.1494366960283129,3989.004760588347,1.1343681623815856,Call,SPX,SPX230317C04525000,55.85,0.1939,0.03749465463511079,0.9812153426887403
2023-03-17,185,0.5057608943645905,4550,1.1557871750118947,3989.004760588347,1.1406353897980586,Call,SPX,SPX230317C04550000,50.5,0.1919,0.03749465463511079,0.9812153426887403
2023-03-17,185,0.5057608943645905,4575,1.1621376539954764,3989.004760588347,1.1469026172145314,Call,SPX,SPX230317C04575000,46.0,0.1907,0.03749465463511079,0.9812153426887403
2023-03-17,185,0.5057608943645905,4600,1.1684881329790584,3989.004760588347,1.1531698446310041,Call,SPX,SPX230317C04600000,41.45,0.1889,0.03749465463511079,0.9812153426887403
2023-03-17,185,0.5057608943645905,4625,1.1748386119626402,3989.004760588347,1.159437072047477,Call,SPX,SPX230317C04625000,37.7,0.1878,0.03749465463511079,0.9812153426887403
2023-03-17,185,0.5057608943645905,4650,1.181189090946222,3989.004760588347,1.16570429946395,Call,SPX,SPX230317C04650000,33.8,0.1861,0.03749465463511079,0.9812153426887403
2023-03-17,185,0.5057608943645905,4675,1.187539569929804,3989.004760588347,1.1719715268804227,Call,SPX,SPX230317C04675000,30.55,0.185,0.03749465463511079,0.9812153426887403
2023-03-17,185,0.5057608943645905,4700,1.1938900489133857,3989.004760588347,1.1782387542968955,Call,SPX,SPX230317C04700000,27.5,0.1838,0.03749465463511079,0.9812153426887403
2023-03-17,185,0.5057608943645905,4725,1.2002405278969674,3989.004760588347,1.1845059817133685,Call,SPX,SPX230317C04725000,25.0,0.1832,0.03749465463511079,0.9812153426887403
2023-03-17,185,0.5057608943645905,4750,1.2065910068805494,3989.004760588347,1.1907732091298413,Call,SPX,SPX230317C04750000,22.25,0.1817,0.03749465463511079,0.9812153426887403
2023-03-17,185,0.5057608943645905,4775,1.2129414858641312,3989.004760588347,1.197040436546314,Call,SPX,SPX230317C04775000,20.2,0.1813,0.03749465463511079,0.9812153426887403
2023-03-17,185,0.5057608943645905,4800,1.219291964847713,3989.004760588347,1.2033076639627869,Call,SPX,SPX230317C04800000,18.1,0.1803,0.03749465463511079,0.9812153426887403
2023-03-17,185,0.5057608943645905,4825,1.225642443831295,3989.004760588347,1.2095748913792599,Call,SPX,SPX230317C04825000,16.3,0.1797,0.03749465463511079,0.9812153426887403
2023-03-17,185,0.5057608943645905,4850,1.2319929228148767,3989.004760588347,1.2158421187957327,Call,SPX,SPX230317C04850000,14.45,0.1785,0.03749465463511079,0.9812153426887403
2023-03-17,185,0.5057608943645905,4875,1.2383434017984585,3989.004760588347,1.2221093462122055,Call,SPX,SPX230317C04875000,13.149999999999999,0.1785,0.03749465463511079,0.9812153426887403
2023-03-17,185,0.5057608943645905,4900,1.2446938807820405,3989.004760588347,1.2283765736286782,Call,SPX,SPX230317C04900000,11.65,0.1774,0.03749465463511079,0.9812153426887403
2023-03-17,185,0.5057608943645905,4925,1.2510443597656222,3989.004760588347,1.2346438010451513,Call,SPX,SPX230317C04925000,10.55,0.1773,0.03749465463511079,0.9812153426887403
2023-03-17,185,0.5057608943645905,4950,1.257394838749204,3989.004760588347,1.240911028461624,Call,SPX,SPX230317C04950000,9.35,0.1764,0.03749465463511079,0.9812153426887403
2023-03-17,185,0.5057608943645905,4975,1.263745317732786,3989.004760588347,1.2471782558780968,Call,SPX,SPX230317C04975000,8.5,0.1765,0.03749465463511079,0.9812153426887403
2023-03-17,185,0.5057608943645905,5000,1.2700957967163677,3989.004760588347,1.2534454832945698,Call,SPX,SPX230317C05000000,7.550000000000001,0.1759,0.03749465463511079,0.9812153426887403
2023-03-31,199,0.5448323066392882,2800,0.7112536461611659,3993.1892650550544,0.7011939114690062,Put,SPXW,SPXW230331P02800000,37.95,0.3645,0.03754791628428812,0.9797505134515727
2023-03-31,199,0.5448323066392882,2850,0.7239546041283296,3993.1892650550544,0.713715231316667,Put,SPXW,SPXW230331P02850000,41.05,0.3576,0.03754791628428812,0.9797505134515727
2023-03-31,199,0.5448323066392882,2900,0.7366555620954933,3993.1892650550544,0.726236551164328,Put,SPXW,SPXW230331P02900000,44.5,0.3509,0.03754791628428812,0.9797505134515727
2023-03-31,199,0.5448323066392882,2950,0.749356520062657,3993.1892650550544,0.7387578710119888,Put,SPXW,SPXW230331P02950000,48.05,0.344,0.03754791628428812,0.9797505134515727
2023-03-31,199,0.5448323066392882,2975,0.7557069990462388,3993.1892650550544,0.7450185309358192,Put,SPXW,SPXW230331P02975000,50.1,0.3409,0.03754791628428812,0.9797505134515727
2023-03-31,199,0.5448323066392882,3000,0.7620574780298206,3993.1892650550544,0.7512791908596496,Put,SPXW,SPXW230331P03000000,52.25,0.3378,0.03754791628428812,0.9797505134515727
2023-03-31,199,0.5448323066392882,3025,0.7684079570134025,3993.1892650550544,0.75753985078348,Put,SPXW,SPXW230331P03025000,54.45,0.3348,0.03754791628428812,0.9797505134515727
2023-03-31,199,0.5448323066392882,3050,0.7747584359969844,3993.1892650550544,0.7638005107073104,Put,SPXW,SPXW230331P03050000,56.8,0.3318,0.03754791628428812,0.9797505134515727
2023-03-31,199,0.5448323066392882,3075,0.7811089149805661,3993.1892650550544,0.7700611706311408,Put,SPXW,SPXW230331P03075000,59.25,0.3288,0.03754791628428812,0.9797505134515727
2023-03-31,199,0.5448323066392882,3100,0.787459393964148,3993.1892650550544,0.7763218305549712,Put,SPXW,SPXW230331P03100000,61.85,0.326,0.03754791628428812,0.9797505134515727
2023-03-31,199,0.5448323066392882,3125,0.7938098729477299,3993.1892650550544,0.7825824904788016,Put,SPXW,SPXW230331P03125000,64.45,0.323,0.03754791628428812,0.9797505134515727
2023-03-31,199,0.5448323066392882,3150,0.8001603519313116,3993.1892650550544,0.7888431504026321,Put,SPXW,SPXW230331P03150000,67.3,0.3202,0.03754791628428812,0.9797505134515727
2023-03-31,199,0.5448323066392882,3175,0.8065108309148935,3993.1892650550544,0.7951038103264625,Put,SPXW,SPXW230331P03175000,70.3,0.3175,0.03754791628428812,0.9797505134515727
2023-03-31,199,0.5448323066392882,3200,0.8128613098984754,3993.1892650550544,0.8013644702502929,Put,SPXW,SPXW230331P03200000,73.44999999999999,0.3149,0.03754791628428812,0.9797505134515727
2023-03-31,199,0.5448323066392882,3225,0.8192117888820571,3993.1892650550544,0.8076251301741233,Put,SPXW,SPXW230331P03225000,76.65,0.3121,0.03754791628428812,0.9797505134515727
2023-03-31,199,0.5448323066392882,3250,0.825562267865639,3993.1892650550544,0.8138857900979537,Put,SPXW,SPXW230331P03250000,80.0,0.3094,0.03754791628428812,0.9797505134515727
2023-03-31,199,0.5448323066392882,3275,0.8319127468492209,3993.1892650550544,0.8201464500217841,Put,SPXW,SPXW230331P03275000,83.65,0.307,0.03754791628428812,0.9797505134515727
2023-03-31,199,0.5448323066392882,3300,0.8382632258328027,3993.1892650550544,0.8264071099456145,Put,SPXW,SPXW230331P03300000,87.35,0.3044,0.03754791628428812,0.9797505134515727
2023-03-31,199,0.5448323066392882,3325,0.8446137048163845,3993.1892650550544,0.8326677698694449,Put,SPXW,SPXW230331P03325000,91.25,0.3019,0.03754791628428812,0.9797505134515727
2023-03-31,199,0.5448323066392882,3350,0.8509641837999664,3993.1892650550544,0.8389284297932753,Put,SPXW,SPXW230331P03350000,95.2,0.2992,0.03754791628428812,0.9797505134515727
2023-03-31,199,0.5448323066392882,3375,0.8573146627835482,3993.1892650550544,0.8451890897171057,Put,SPXW,SPXW230331P03375000,99.4,0.2968,0.03754791628428812,0.9797505134515727
2023-03-31,199,0.5448323066392882,3400,0.86366514176713,3993.1892650550544,0.8514497496409362,Put,SPXW,SPXW230331P03400000,103.85,0.2944,0.03754791628428812,0.9797505134515727
2023-03-31,199,0.5448323066392882,3425,0.8700156207507119,3993.1892650550544,0.8577104095647666,Put,SPXW,SPXW230331P03425000,108.5,0.292,0.03754791628428812,0.9797505134515727
2023-03-31,199,0.5448323066392882,3450,0.8763660997342937,3993.1892650550544,0.863971069488597,Put,SPXW,SPXW230331P03450000,113.2,0.2896,0.03754791628428812,0.9797505134515727
2023-03-31,199,0.5448323066392882,3475,0.8827165787178756,3993.1892650550544,0.8702317294124274,Put,SPXW,SPXW230331P03475000,118.15,0.2871,0.03754791628428812,0.9797505134515727
2023-03-31,199,0.5448323066392882,3500,0.8890670577014574,3993.1892650550544,0.8764923893362578,Put,SPXW,SPXW230331P03500000,123.35,0.2848,0.03754791628428812,0.9797505134515727
2023-03-31,199,0.5448323066392882,3525,0.8954175366850392,3993.1892650550544,0.8827530492600882,Put,SPXW,SPXW230331P03525000,128.7,0.2824,0.03754791628428812,0.9797505134515727
2023-03-31,199,0.5448323066392882,3550,0.9017680156686211,3993.1892650550544,0.8890137091839186,Put,SPXW,SPXW230331P03550000,134.3,0.28,0.03754791628428812,0.9797505134515727
2023-03-31,199,0.5448323066392882,3575,0.908118494652203,3993.1892650550544,0.895274369107749,Put,SPXW,SPXW230331P03575000,140.05,0.278,0.03754791628428812,0.9797505134515727
2023-03-31,199,0.5448323066392882,3600,0.9144689736357847,3993.1892650550544,0.9015350290315794,Put,SPXW,SPXW230331P03600000,146.3,0.2756,0.03754791628428812,0.9797505134515727
2023-03-31,199,0.5448323066392882,3625,0.9208194526193666,3993.1892650550544,0.9077956889554099,Put,SPXW,SPXW230331P03625000,152.7,0.2734,0.03754791628428812,0.9797505134515727
2023-03-31,199,0.5448323066392882,3650,0.9271699316029485,3993.1892650550544,0.9140563488792403,Put,SPXW,SPXW230331P03650000,159.0,0.2712,0.03754791628428812,0.9797505134515727
2023-03-31,199,0.5448323066392882,3675,0.9335204105865302,3993.1892650550544,0.9203170088030708,Put,SPXW,SPXW230331P03675000,166.05,0.2689,0.03754791628428812,0.9797505134515727
2023-03-31,199,0.5448323066392882,3700,0.9398708895701121,3993.1892650550544,0.9265776687269012,Put,SPXW,SPXW230331P03700000,172.89999999999998,0.2665,0.03754791628428812,0.9797505134515727
2023-03-31,199,0.5448323066392882,3725,0.946221368553694,3993.1892650550544,0.9328383286507316,Put,SPXW,SPXW230331P03725000,180.05,0.2645,0.03754791628428812,0.9797505134515727
2023-03-31,199,0.5448323066392882,3750,0.9525718475372758,3993.1892650550544,0.939098988574562,Put,SPXW,SPXW230331P03750000,187.60000000000002,0.2622,0.03754791628428812,0.9797505134515727
2023-03-31,199,0.5448323066392882,3775,0.9589223265208576,3993.1892650550544,0.9453596484983924,Put,SPXW,SPXW230331P03775000,195.64999999999998,0.26,0.03754791628428812,0.9797505134515727
2023-03-31,199,0.5448323066392882,3800,0.9652728055044395,3993.1892650550544,0.9516203084222228,Put,SPXW,SPXW230331P03800000,203.45,0.2575,0.03754791628428812,0.9797505134515727
2023-03-31,199,0.5448323066392882,3825,0.9716232844880213,3993.1892650550544,0.9578809683460532,Put,SPXW,SPXW230331P03825000,211.75,0.2552,0.03754791628428812,0.9797505134515727
2023-03-31,199,0.5448323066392882,3850,0.9779737634716031,3993.1892650550544,0.9641416282698836,Put,SPXW,SPXW230331P03850000,220.64999999999998,0.2532,0.03754791628428812,0.9797505134515727
2023-03-31,199,0.5448323066392882,3875,0.984324242455185,3993.1892650550544,0.970402288193714,Put,SPXW,SPXW230331P03875000,229.55,0.251,0.03754791628428812,0.9797505134515727
2023-03-31,199,0.5448323066392882,3900,0.9906747214387668,3993.1892650550544,0.9766629481175444,Put,SPXW,SPXW230331P03900000,238.7,0.2487,0.03754791628428812,0.9797505134515727
2023-03-31,199,0.5448323066392882,3925,0.9970252004223487,3993.1892650550544,0.9829236080413748,Put,SPXW,SPXW230331P03925000,248.0,0.2467,0.03754791628428812,0.9797505134515727
2023-03-31,199,0.5448323066392882,3950,1.0033756794059305,3993.1892650550544,0.9891842679652053,Put,SPXW,SPXW230331P03950000,257.95,0.2442,0.03754791628428812,0.9797505134515727
2023-03-31,199,0.5448323066392882,3975,1.0097261583895123,3993.1892650550544,0.9954449278890357,Put,SPXW,SPXW230331P03975000,268.05,0.242,0.03754791628428812,0.9797505134515727
2023-03-31,199,0.5448323066392882,4000,1.0160766373730943,3993.1892650550544,1.001705587812866,Call,SPXW,SPXW230331C04000000,272.25,0.2399,0.03754791628428812,0.9797505134515727
2023-03-31,199,0.5448323066392882,4025,1.022427116356676,3993.1892650550544,1.0079662477366964,Call,SPXW,SPXW230331C04025000,258.65,0.2377,0.03754791628428812,0.9797505134515727
2023-03-31,199,0.5448323066392882,4050,1.0287775953402578,3993.1892650550544,1.0142269076605268,Call,SPXW,SPXW230331C04050000,245.4,0.2356,0.03754791628428812,0.9797505134515727
2023-03-31,199,0.5448323066392882,4075,1.0351280743238398,3993.1892650550544,1.0204875675843572,Call,SPXW,SPXW230331C04075000,232.35,0.2333,0.03754791628428812,0.9797505134515727
2023-03-31,199,0.5448323066392882,4100,1.0414785533074216,3993.1892650550544,1.0267482275081878,Call,SPXW,SPXW230331C04100000,219.6,0.2309,0.03754791628428812,0.9797505134515727
2023-03-31,199,0.5448323066392882,4125,1.0478290322910033,3993.1892650550544,1.0330088874320182,Call,SPXW,SPXW230331C04125000,207.45,0.2287,0.03754791628428812,0.9797505134515727
2023-03-31,199,0.5448323066392882,4150,1.0541795112745853,3993.1892650550544,1.0392695473558486,Call,SPXW,SPXW230331C04150000,195.5,0.2266,0.03754791628428812,0.9797505134515727
2023-03-31,199,0.5448323066392882,4175,1.060529990258167,3993.1892650550544,1.045530207279679,Call,SPXW,SPXW230331C04175000,184.0,0.2244,0.03754791628428812,0.9797505134515727
2023-03-31,199,0.5448323066392882,4200,1.0668804692417488,3993.1892650550544,1.0517908672035094,Call,SPXW,SPXW230331C04200000,172.85000000000002,0.2222,0.03754791628428812,0.9797505134515727
2023-03-31,199,0.5448323066392882,4225,1.0732309482253308,3993.1892650550544,1.0580515271273399,Call,SPXW,SPXW230331C04225000,162.2,0.2201,0.03754791628428812,0.9797505134515727
2023-03-31,199,0.5448323066392882,4250,1.0795814272089126,3993.1892650550544,1.0643121870511703,Call,SPXW,SPXW230331C04250000,151.7,0.2178,0.03754791628428812,0.9797505134515727
2023-03-31,199,0.5448323066392882,4275,1.0859319061924944,3993.1892650550544,1.0705728469750007,Call,SPXW,SPXW230331C04275000,141.8,0.2158,0.03754791628428812,0.9797505134515727
2023-03-31,199,0.5448323066392882,4300,1.0922823851760763,3993.1892650550544,1.076833506898831,Call,SPXW,SPXW230331C04300000,132.1,0.2135,0.03754791628428812,0.9797505134515727
2023-03-31,199,0.5448323066392882,4325,1.098632864159658,3993.1892650550544,1.0830941668226615,Call,SPXW,SPXW230331C04325000,123.05000000000001,0.2116,0.03754791628428812,0.9797505134515727
2023-03-31,199,0.5448323066392882,4350,1.1049833431432399,3993.1892650550544,1.0893548267464919,Call,SPXW,SPXW230331C04350000,114.0,0.2092,0.03754791628428812,0.9797505134515727
2023-03-31,199,0.5448323066392882,4375,1.1113338221268219,3993.1892650550544,1.0956154866703223,Call,SPXW,SPXW230331C04375000,105.75,0.2073,0.03754791628428812,0.9797505134515727
2023-03-31,199,0.5448323066392882,4400,1.1176843011104036,3993.1892650550544,1.1018761465941527,Call,SPXW,SPXW230331C04400000,97.6,0.2051,0.03754791628428812,0.9797505134515727
2023-03-31,199,0.5448323066392882,4425,1.1240347800939854,3993.1892650550544,1.108136806517983,Call,SPXW,SPXW230331C04425000,90.25,0.2031,0.03754791628428812,0.9797505134515727
2023-03-31,199,0.5448323066392882,4450,1.1303852590775674,3993.1892650550544,1.1143974664418135,Call,SPXW,SPXW230331C04450000,82.9,0.201,0.03754791628428812,0.9797505134515727
2023-03-31,199,0.5448323066392882,4475,1.1367357380611491,3993.1892650550544,1.1206581263656439,Call,SPXW,SPXW230331C04475000,76.5,0.1996,0.03754791628428812,0.9797505134515727
2023-03-31,199,0.5448323066392882,4500,1.143086217044731,3993.1892650550544,1.1269187862894743,Call,SPXW,SPXW230331C04500000,69.85,0.1974,0.03754791628428812,0.9797505134515727
2023-03-31,199,0.5448323066392882,4525,1.1494366960283129,3993.1892650550544,1.1331794462133047,Call,SPXW,SPXW230331C04525000,64.1,0.1958,0.03754791628428812,0.9797505134515727
2023-03-31,199,0.5448323066392882,4550,1.1557871750118947,3993.1892650550544,1.139440106137135,Call,SPXW,SPXW230331C04550000,58.35,0.1939,0.03754791628428812,0.9797505134515727
2023-03-31,199,0.5448323066392882,4575,1.1621376539954764,3993.1892650550544,1.1457007660609655,Call,SPXW,SPXW230331C04575000,53.4,0.1925,0.03754791628428812,0.9797505134515727
2023-03-31,199,0.5448323066392882,4600,1.1684881329790584,3993.1892650550544,1.151961425984796,Call,SPXW,SPXW230331C04600000,48.45,0.1906,0.03754791628428812,0.9797505134515727
2023-03-31,199,0.5448323066392882,4625,1.1748386119626402,3993.1892650550544,1.1582220859086265,Call,SPXW,SPXW230331C04625000,44.2,0.1894,0.03754791628428812,0.9797505134515727
2023-03-31,199,0.5448323066392882,4650,1.181189090946222,3993.1892650550544,1.164482745832457,Call,SPXW,SPXW230331C04650000,40.0,0.1878,0.03754791628428812,0.9797505134515727
2023-03-31,199,0.5448323066392882,4675,1.187539569929804,3993.1892650550544,1.1707434057562873,Call,SPXW,SPXW230331C04675000,36.45,0.1867,0.03754791628428812,0.9797505134515727
2023-03-31,199,0.5448323066392882,4700,1.1938900489133857,3993.1892650550544,1.1770040656801177,Call,SPXW,SPXW230331C04700000,33.05,0.1856,0.03754791628428812,0.9797505134515727
2023-03-31,199,0.5448323066392882,4725,1.2002405278969674,3993.1892650550544,1.1832647256039481,Call,SPXW,SPXW230331C04725000,30.05,0.1846,0.03754791628428812,0.9797505134515727
2023-03-31,199,0.5448323066392882,4750,1.2065910068805494,3993.1892650550544,1.1895253855277785,Call,SPXW,SPXW230331C04750000,27.15,0.1835,0.03754791628428812,0.9797505134515727
2023-03-31,199,0.5448323066392882,4775,1.2129414858641312,3993.1892650550544,1.195786045451609,Call,SPXW,SPXW230331C04775000,24.6,0.1826,0.03754791628428812,0.9797505134515727
2023-03-31,199,0.5448323066392882,4800,1.219291964847713,3993.1892650550544,1.2020467053754393,Call,SPXW,SPXW230331C04800000,22.049999999999997,0.1814,0.03754791628428812,0.9797505134515727
2023-03-31,199,0.5448323066392882,4825,1.225642443831295,3993.1892650550544,1.2083073652992697,Call,SPXW,SPXW230331C04825000,20.0,0.1807,0.03754791628428812,0.9797505134515727
2023-03-31,199,0.5448323066392882,4850,1.2319929228148767,3993.1892650550544,1.2145680252231001,Call,SPXW,SPXW230331C04850000,18.05,0.18,0.03754791628428812,0.9797505134515727
2023-03-31,199,0.5448323066392882,4875,1.2383434017984585,3993.1892650550544,1.2208286851469305,Call,SPXW,SPXW230331C04875000,16.25,0.1792,0.03754791628428812,0.9797505134515727
2023-03-31,199,0.5448323066392882,4900,1.2446938807820405,3993.1892650550544,1.227089345070761,Call,SPXW,SPXW230331C04900000,14.6,0.1784,0.03754791628428812,0.9797505134515727
2023-03-31,199,0.5448323066392882,4925,1.2510443597656222,3993.1892650550544,1.2333500049945914,Call,SPXW,SPXW230331C04925000,13.25,0.1781,0.03754791628428812,0.9797505134515727
2023-03-31,199,0.5448323066392882,4950,1.257394838749204,3993.1892650550544,1.2396106649184218,Call,SPXW,SPXW230331C04950000,11.9,0.1774,0.03754791628428812,0.9797505134515727
2023-04-21,220,0.601585671914214,2800,0.7112536461611659,3999.292067136095,0.7001239101812058,Put,SPX,SPX230421P02800000,42.4,0.3588,0.037619924666997664,0.9776225661099841
2023-04-21,220,0.601585671914214,2850,0.7239546041283296,3999.292067136095,0.712626122863013,Put,SPX,SPX230421P02850000,45.6,0.3519,0.037619924666997664,0.9776225661099841
2023-04-21,220,0.601585671914214,2900,0.7366555620954933,3999.292067136095,0.7251283355448203,Put,SPX,SPX230421P02900000,49.5,0.3459,0.037619924666997664,0.9776225661099841
2023-04-21,220,0.601585671914214,2950,0.749356520062657,3999.292067136095,0.7376305482266275,Put,SPX,SPX230421P02950000,53.6,0.3398,0.037619924666997664,0.9776225661099841
2023-04-21,220,0.601585671914214,3000,0.7620574780298206,3999.292067136095,0.7501327609084347,Put,SPX,SPX230421P03000000,58.0,0.3338,0.037619924666997664,0.9776225661099841
2023-04-21,220,0.601585671914214,3025,0.7684079570134025,3999.292067136095,0.7563838672493384,Put,SPX,SPX230421P03025000,60.400000000000006,0.3309,0.037619924666997664,0.9776225661099841
2023-04-21,220,0.601585671914214,3050,0.7747584359969844,3999.292067136095,0.762634973590242,Put,SPX,SPX230421P03050000,62.95,0.3281,0.037619924666997664,0.9776225661099841
2023-04-21,220,0.601585671914214,3075,0.7811089149805661,3999.292067136095,0.7688860799311457,Put,SPX,SPX230421P03075000,65.65,0.3254,0.037619924666997664,0.9776225661099841
2023-04-21,220,0.601585671914214,3100,0.787459393964148,3999.292067136095,0.7751371862720492,Put,SPX,SPX230421P03100000,68.35,0.3226,0.037619924666997664,0.9776225661099841
2023-04-21,220,0.601585671914214,3125,0.7938098729477299,3999.292067136095,0.7813882926129528,Put,SPX,SPX230421P03125000,71.15,0.3198,0.037619924666997664,0.9776225661099841
2023-04-21,220,0.601585671914214,3150,0.8001603519313116,3999.292067136095,0.7876393989538565,Put,SPX,SPX230421P03150000,74.2,0.3172,0.037619924666997664,0.9776225661099841
2023-04-21,220,0.601585671914214,3175,0.8065108309148935,3999.292067136095,0.7938905052947601,Put,SPX,SPX230421P03175000,77.3,0.3145,0.037619924666997664,0.9776225661099841
2023-04-21,220,0.601585671914214,3200,0.8128613098984754,3999.292067136095,0.8001416116356638,Put,SPX,SPX230421P03200000,80.75,0.3122,0.037619924666997664,0.9776225661099841
2023-04-21,220,0.601585671914214,3225,0.8192117888820571,3999.292067136095,0.8063927179765673,Put,SPX,SPX230421P03225000,84.1,0.3095,0.037619924666997664,0.9776225661099841
2023-04-21,220,0.601585671914214,3250,0.825562267865639,3999.292067136095,0.812643824317471,Put,SPX,SPX230421P03250000,87.7,0.307,0.037619924666997664,0.9776225661099841
2023-04-21,220,0.601585671914214,3275,0.8319127468492209,3999.292067136095,0.8188949306583746,Put,SPX,SPX230421P03275000,91.44999999999999,0.3046,0.037619924666997664,0.9776225661099841
2023-04-21,220,0.601585671914214,3300,0.8382632258328027,3999.292067136095,0.8251460369992782,Put,SPX,SPX230421P03300000,95.3,0.3021,0.037619924666997664,0.9776225661099841
2023-04-21,220,0.601585671914214,3325,0.8446137048163845,3999.292067136095,0.8313971433401819,Put,SPX,SPX230421P03325000,99.35,0.2997,0.037619924666997664,0.9776225661099841
2023-04-21,220,0.601585671914214,3350,0.8509641837999664,3999.292067136095,0.8376482496810854,Put,SPX,SPX230421P03350000,103.55000000000001,0.2972,0.037619924666997664,0.9776225661099841
2023-04-21,220,0.601585671914214,3375,0.8573146627835482,3999.292067136095,0.8438993560219891,Put,SPX,SPX230421P03375000,108.0,0.2949,0.037619924666997664,0.9776225661099841
2023-04-21,220,0.601585671914214,3400,0.86366514176713,3999.292067136095,0.8501504623628927,Put,SPX,SPX230421P03400000,112.55000000000001,0.2926,0.037619924666997664,0.9776225661099841
2023-04-21,220,0.601585671914214,3425,0.8700156207507119,3999.292067136095,0.8564015687037964,Put,SPX,SPX230421P03425000,117.25,0.2902,0.037619924666997664,0.9776225661099841
2023-04-21,220,0.601585671914214,3450,0.8763660997342937,3999.292067136095,0.8626526750447,Put,SPX,SPX230421P03450000,122.19999999999999,0.2879,0.037619924666997664,0.9776225661099841
2023-04-21,220,0.601585671914214,3475,0.8827165787178756,3999.292067136095,0.8689037813856035,Put,SPX,SPX230421P03475000,127.4,0.2857,0.037619924666997664,0.9776225661099841
2023-04-21,220,0.601585671914214,3500,0.8890670577014574,3999.292067136095,0.8751548877265072,Put,SPX,SPX230421P03500000,132.65,0.2834,0.037619924666997664,0.9776225661099841
2023-04-21,220,0.601585671914214,3525,0.8954175366850392,3999.292067136095,0.8814059940674108,Put,SPX,SPX230421P03525000,138.0,0.2812,0.037619924666997664,0.9776225661099841
2023-04-21,220,0.601585671914214,3550,0.9017680156686211,3999.292067136095,0.8876571004083145,Put,SPX,SPX230421P03550000,143.9,0.2789,0.037619924666997664,0.9776225661099841
2023-04-21,220,0.601585671914214,3575,0.908118494652203,3999.292067136095,0.8939082067492181,Put,SPX,SPX230421P03575000,149.85000000000002,0.2766,0.037619924666997664,0.9776225661099841
2023-04-21,220,0.601585671914214,3600,0.9144689736357847,3999.292067136095,0.9001593130901216,Put,SPX,SPX230421P03600000,156.0,0.2744,0.037619924666997664,0.9776225661099841
2023-04-21,220,0.601585671914214,3625,0.9208194526193666,3999.292067136095,0.9064104194310253,Put,SPX,SPX230421P03625000,162.4,0.2722,0.037619924666997664,0.9776225661099841
2023-04-21,220,0.601585671914214,3650,0.9271699316029485,3999.292067136095,0.9126615257719289,Put,SPX,SPX230421P03650000,169.05,0.2701,0.037619924666997664,0.9776225661099841
2023-04-21,220,0.601585671914214,3675,0.9335204105865302,3999.292067136095,0.9189126321128326,Put,SPX,SPX230421P03675000,175.9,0.2679,0.037619924666997664,0.9776225661099841
2023-04-21,220,0.601585671914214,3700,0.9398708895701121,3999.292067136095,0.9251637384537362,Put,SPX,SPX230421P03700000,182.85000000000002,0.2657,0.037619924666997664,0.9776225661099841
2023-04-21,220,0.601585671914214,3725,0.946221368553694,3999.292067136095,0.9314148447946398,Put,SPX,SPX230421P03725000,190.2,0.2635,0.037619924666997664,0.9776225661099841
2023-04-21,220,0.601585671914214,3750,0.9525718475372758,3999.292067136095,0.9376659511355434,Put,SPX,SPX230421P03750000,197.8,0.2614,0.037619924666997664,0.9776225661099841
2023-04-21,220,0.601585671914214,3775,0.9589223265208576,3999.292067136095,0.943917057476447,Put,SPX,SPX230421P03775000,205.6,0.2592,0.037619924666997664,0.9776225661099841
2023-04-21,220,0.601585671914214,3800,0.9652728055044395,3999.292067136095,0.9501681638173507,Put,SPX,SPX230421P03800000,213.6,0.257,0.037619924666997664,0.9776225661099841
2023-04-21,220,0.601585671914214,3825,0.9716232844880213,3999.292067136095,0.9564192701582543,Put,SPX,SPX230421P03825000,221.8,0.2547,0.037619924666997664,0.9776225661099841
2023-04-21,220,0.601585671914214,3850,0.9779737634716031,3999.292067136095,0.9626703764991579,Put,SPX,SPX230421P03850000,230.55,0.2527,0.037619924666997664,0.9776225661099841
2023-04-21,220,0.601585671914214,3875,0.984324242455185,3999.292067136095,0.9689214828400615,Put,SPX,SPX230421P03875000,239.35,0.2505,0.037619924666997664,0.9776225661099841
2023-04-21,220,0.601585671914214,3900,0.9906747214387668,3999.292067136095,0.9751725891809652,Put,SPX,SPX230421P03900000,248.35000000000002,0.2482,0.037619924666997664,0.9776225661099841
2023-04-21,220,0.601585671914214,3925,0.9970252004223487,3999.292067136095,0.9814236955218688,Put,SPX,SPX230421P03925000,257.75,0.246,0.037619924666997664,0.9776225661099841
2023-04-21,220,0.601585671914214,3950,1.0033756794059305,3999.292067136095,0.9876748018627725,Put,SPX,SPX230421P03950000,267.55,0.2439,0.037619924666997664,0.9776225661099841
2023-04-21,220,0.601585671914214,3975,1.0097261583895123,3999.292067136095,0.993925908203676,Put,SPX,SPX230421P03975000,277.55,0.2417,0.037619924666997664,0.9776225661099841
2023-04-21,220,0.601585671914214,4000,1.0160766373730943,3999.292067136095,1.0001770145445796,Call,SPX,SPX230421C04000000,289.35,0.2396,0.037619924666997664,0.9776225661099841
2023-04-21,220,0.601585671914214,4025,1.022427116356676,3999.292067136095,1.0064281208854833,Call,SPX,SPX230421C04025000,275.35,0.2373,0.037619924666997664,0.9776225661099841
2023-04-21,220,0.601585671914214,4050,1.0287775953402578,3999.292067136095,1.012679227226387,Call,SPX,SPX230421C04050000,262.25,0.2354,0.037619924666997664,0.9776225661099841
2023-04-21,220,0.601585671914214,4075,1.0351280743238398,3999.292067136095,1.0189303335672906,Call,SPX,SPX230421C04075000,249.0,0.2331,0.037619924666997664,0.9776225661099841
2023-04-21,220,0.601585671914214,4100,1.0414785533074216,3999.292067136095,1.0251814399081942,Call,SPX,SPX230421C04100000,236.45,0.2311,0.037619924666997664,0.9776225661099841
2023-04-21,220,0.601585671914214,4125,1.0478290322910033,3999.292067136095,1.0314325462490979,Call,SPX,SPX230421C04125000,223.3,0.2284,0.037619924666997664,0.9776225661099841
2023-04-21,220,0.601585671914214,4150,1.0541795112745853,3999.292067136095,1.0376836525900015,Call,SPX,SPX230421C04150000,211.75,0.2267,0.037619924666997664,0.9776225661099841
2023-04-21,220,0.601585671914214,4175,1.060529990258167,3999.292067136095,1.043934758930905,Call,SPX,SPX230421C04175000,200.05,0.2246,0.037619924666997664,0.9776225661099841
2023-04-21,220,0.601585671914214,4200,1.0668804692417488,3999.292067136095,1.0501858652718086,Call,SPX,SPX230421C04200000,188.7,0.2225,0.037619924666997664,0.9776225661099841
2023-04-21,220,0.601585671914214,4225,1.0732309482253308,3999.292067136095,1.0564369716127122,Call,SPX,SPX230421C04225000,177.7,0.2204,0.037619924666997664,0.9776225661099841
2023-04-21,220,0.601585671914214,4250,1.0795814272089126,3999.292067136095,1.0626880779536159,Call,SPX,SPX230421C04250000,167.0,0.2183,0.037619924666997664,0.9776225661099841
2023-04-21,220,0.601585671914214,4275,1.0859319061924944,3999.292067136095,1.0689391842945195,Call,SPX,SPX230421C04275000,156.65,0.2161,0.037619924666997664,0.9776225661099841
2023-04-21,220,0.601585671914214,4300,1.0922823851760763,3999.292067136095,1.0751902906354232,Call,SPX,SPX230421C04300000,146.8,0.2141,0.037619924666997664,0.9776225661099841
2023-04-21,220,0.601585671914214,4325,1.098632864159658,3999.292067136095,1.0814413969763268,Call,SPX,SPX230421C04325000,136.95,0.2118,0.037619924666997664,0.9776225661099841
2023-04-21,220,0.601585671914214,4350,1.1049833431432399,3999.292067136095,1.0876925033172304,Call,SPX,SPX230421C04350000,128.05,0.2099,0.037619924666997664,0.9776225661099841
2023-04-21,220,0.601585671914214,4375,1.1113338221268219,3999.292067136095,1.093943609658134,Call,SPX,SPX230421C04375000,119.1,0.2078,0.037619924666997664,0.9776225661099841
2023-04-21,220,0.601585671914214,4400,1.1176843011104036,3999.292067136095,1.1001947159990377,Call,SPX,SPX230421C04400000,110.85,0.2059,0.037619924666997664,0.9776225661099841
2023-04-21,220,0.601585671914214,4425,1.1240347800939854,3999.292067136095,1.1064458223399412,Call,SPX,SPX230421C04425000,102.8,0.2039,0.037619924666997664,0.9776225661099841
2023-04-21,220,0.601585671914214,4450,1.1303852590775674,3999.292067136095,1.1126969286808448,Call,SPX,SPX230421C04450000,95.25,0.202,0.037619924666997664,0.9776225661099841
2023-04-21,220,0.601585671914214,4475,1.1367357380611491,3999.292067136095,1.1189480350217484,Call,SPX,SPX230421C04475000,88.0,0.2,0.037619924666997664,0.9776225661099841
2023-04-21,220,0.601585671914214,4500,1.143086217044731,3999.292067136095,1.125199141362652,Call,SPX,SPX230421C04500000,81.15,0.1982,0.037619924666997664,0.9776225661099841
2023-04-21,220,0.601585671914214,4525,1.1494366960283129,3999.292067136095,1.1314502477035557,Call,SPX,SPX230421C04525000,74.9,0.1966,0.037619924666997664,0.9776225661099841
2023-04-21,220,0.601585671914214,4550,1.1557871750118947,3999.292067136095,1.1377013540444594,Call,SPX,SPX230421C04550000,68.75,0.1947,0.037619924666997664,0.9776225661099841
2023-04-21,220,0.601585671914214,4575,1.1621376539954764,3999.292067136095,1.143952460385363,Call,SPX,SPX230421C04575000,63.1,0.193,0.037619924666997664,0.9776225661099841
2023-04-21,220,0.601585671914214,4600,1.1684881329790584,3999.292067136095,1.1502035667262667,Call,SPX,SPX230421C04600000,57.95,0.1916,0.037619924666997664,0.9776225661099841
2023-04-21,220,0.601585671914214,4625,1.1748386119626402,3999.292067136095,1.1564546730671703,Call,SPX,SPX230421C04625000,52.95,0.19,0.037619924666997664,0.9776225661099841
2023-04-21,220,0.601585671914214,4650,1.181189090946222,3999.292067136095,1.162705779408074,Call,SPX,SPX230421C04650000,48.5,0.1886,0.037619924666997664,0.9776225661099841
2023-04-21,220,0.601585671914214,4675,1.187539569929804,3999.292067136095,1.1689568857489774,Call,SPX,SPX230421C04675000,44.15,0.1871,0.037619924666997664,0.9776225661099841
2023-04-21,220,0.601585671914214,4700,1.1938900489133857,3999.292067136095,1.175207992089881,Call,SPX,SPX230421C04700000,40.400000000000006,0.186,0.037619924666997664,0.9776225661099841
2023-04-21,220,0.601585671914214,4725,1.2002405278969674,3999.292067136095,1.1814590984307847,Call,SPX,SPX230421C04725000,37.0,0.1851,0.037619924666997664,0.9776225661099841
2023-04-21,220,0.601585671914214,4750,1.2065910068805494,3999.292067136095,1.1877102047716883,Call,SPX,SPX230421C04750000,33.5,0.1836,0.037619924666997664,0.9776225661099841
2023-04-21,220,0.601585671914214,4775,1.2129414858641312,3999.292067136095,1.193961311112592,Call,SPX,SPX230421C04775000,30.5,0.1826,0.037619924666997664,0.9776225661099841
2023-04-21,220,0.601585671914214,4800,1.219291964847713,3999.292067136095,1.2002124174534956,Call,SPX,SPX230421C04800000,27.85,0.1819,0.037619924666997664,0.9776225661099841
2023-04-21,220,0.601585671914214,4825,1.225642443831295,3999.292067136095,1.2064635237943993,Call,SPX,SPX230421C04825000,25.200000000000003,0.1808,0.037619924666997664,0.9776225661099841
2023-04-21,220,0.601585671914214,4850,1.2319929228148767,3999.292067136095,1.212714630135303,Call,SPX,SPX230421C04850000,23.0,0.1801,0.037619924666997664,0.9776225661099841
2023-04-21,220,0.601585671914214,4900,1.2446938807820405,3999.292067136095,1.2252168428171102,Call,SPX,SPX230421C04900000,18.7,0.1781,0.037619924666997664,0.9776225661099841
2023-05-19,248,0.6782454939539129,2825,0.7176041251447478,4007.5759789398408,0.7049148949004636,Put,SPX,SPX230519P02825000,51.0,0.3507,0.03770751965118436,0.9747493136084248
2023-05-19,248,0.6782454939539129,2850,0.7239546041283296,4007.5759789398408,0.7111530798110871,Put,SPX,SPX230519P02850000,53.150000000000006,0.348,0.03770751965118436,0.9747493136084248
2023-05-19,248,0.6782454939539129,2875,0.7303050831119114,4007.5759789398408,0.7173912647217107,Put,SPX,SPX230519P02875000,55.2,0.3451,0.03770751965118436,0.9747493136084248
2023-05-19,248,0.6782454939539129,2900,0.7366555620954933,4007.5759789398408,0.7236294496323342,Put,SPX,SPX230519P02900000,57.35,0.3422,0.03770751965118436,0.9747493136084248
2023-05-19,248,0.6782454939539129,2925,0.7430060410790751,4007.5759789398408,0.7298676345429578,Put,SPX,SPX230519P02925000,59.5,0.3392,0.03770751965118436,0.9747493136084248
2023-05-19,248,0.6782454939539129,2950,0.749356520062657,4007.5759789398408,0.7361058194535813,Put,SPX,SPX230519P02950000,61.900000000000006,0.3364,0.03770751965118436,0.9747493136084248
2023-05-19,248,0.6782454939539129,2975,0.7557069990462388,4007.5759789398408,0.7423440043642049,Put,SPX,SPX230519P02975000,64.3,0.3336,0.03770751965118436,0.9747493136084248
2023-05-19,248,0.6782454939539129,3000,0.7620574780298206,4007.5759789398408,0.7485821892748286,Put,SPX,SPX230519P03000000,66.9,0.331,0.03770751965118436,0.9747493136084248
2023-05-19,248,0.6782454939539129,3025,0.7684079570134025,4007.5759789398408,0.7548203741854521,Put,SPX,SPX230519P03025000,69.6,0.3283,0.03770751965118436,0.9747493136084248
2023-05-19,248,0.6782454939539129,3050,0.7747584359969844,4007.5759789398408,0.7610585590960757,Put,SPX,SPX230519P03050000,72.35,0.3256,0.03770751965118436,0.9747493136084248
2023-05-19,248,0.6782454939539129,3075,0.7811089149805661,4007.5759789398408,0.7672967440066992,Put,SPX,SPX230519P03075000,75.2,0.323,0.03770751965118436,0.9747493136084248
2023-05-19,248,0.6782454939539129,3100,0.787459393964148,4007.5759789398408,0.7735349289173228,Put,SPX,SPX230519P03100000,78.3,0.3205,0.03770751965118436,0.9747493136084248
2023-05-19,248,0.6782454939539129,3125,0.7938098729477299,4007.5759789398408,0.7797731138279463,Put,SPX,SPX230519P03125000,81.45,0.3181,0.03770751965118436,0.9747493136084248
2023-05-19,248,0.6782454939539129,3150,0.8001603519313116,4007.5759789398408,0.7860112987385699,Put,SPX,SPX230519P03150000,84.7,0.3155,0.03770751965118436,0.9747493136084248
2023-05-19,248,0.6782454939539129,3175,0.8065108309148935,4007.5759789398408,0.7922494836491935,Put,SPX,SPX230519P03175000,88.15,0.3131,0.03770751965118436,0.9747493136084248
2023-05-19,248,0.6782454939539129,3200,0.8128613098984754,4007.5759789398408,0.7984876685598171,Put,SPX,SPX230519P03200000,91.7,0.3106,0.03770751965118436,0.9747493136084248
2023-05-19,248,0.6782454939539129,3225,0.8192117888820571,4007.5759789398408,0.8047258534704407,Put,SPX,SPX230519P03225000,95.35,0.3082,0.03770751965118436,0.9747493136084248
2023-05-19,248,0.6782454939539129,3250,0.825562267865639,4007.5759789398408,0.8109640383810642,Put,SPX,SPX230519P03250000,99.2,0.3058,0.03770751965118436,0.9747493136084248
2023-05-19,248,0.6782454939539129,3275,0.8319127468492209,4007.5759789398408,0.8172022232916878,Put,SPX,SPX230519P03275000,103.2,0.3035,0.03770751965118436,0.9747493136084248
2023-05-19,248,0.6782454939539129,3300,0.8382632258328027,4007.5759789398408,0.8234404082023113,Put,SPX,SPX230519P03300000,107.3,0.3011,0.03770751965118436,0.9747493136084248
2023-05-19,248,0.6782454939539129,3325,0.8446137048163845,4007.5759789398408,0.8296785931129349,Put,SPX,SPX230519P03325000,111.5,0.2987,0.03770751965118436,0.9747493136084248
2023-05-19,248,0.6782454939539129,3350,0.8509641837999664,4007.5759789398408,0.8359167780235585,Put,SPX,SPX230519P03350000,116.0,0.2966,0.03770751965118436,0.9747493136084248
2023-05-19,248,0.6782454939539129,3375,0.8573146627835482,4007.5759789398408,0.842154962934182,Put,SPX,SPX230519P03375000,120.65,0.2943,0.03770751965118436,0.9747493136084248
2023-05-19,248,0.6782454939539129,3400,0.86366514176713,4007.5759789398408,0.8483931478448057,Put,SPX,SPX230519P03400000,125.5,0.2921,0.03770751965118436,0.9747493136084248
2023-05-19,248,0.6782454939539129,3425,0.8700156207507119,4007.5759789398408,0.8546313327554292,Put,SPX,SPX230519P03425000,130.5,0.2899,0.03770751965118436,0.9747493136084248
2023-05-19,248,0.6782454939539129,3450,0.8763660997342937,4007.5759789398408,0.8608695176660528,Put,SPX,SPX230519P03450000,135.6,0.2877,0.03770751965118436,0.9747493136084248
2023-05-19,248,0.6782454939539129,3475,0.8827165787178756,4007.5759789398408,0.8671077025766764,Put,SPX,SPX230519P03475000,140.9,0.2854,0.03770751965118436,0.9747493136084248
2023-05-19,248,0.6782454939539129,3500,0.8890670577014574,4007.5759789398408,0.8733458874872999,Put,SPX,SPX230519P03500000,146.35000000000002,0.2832,0.03770751965118436,0.9747493136084248
2023-05-19,248,0.6782454939539129,3525,0.8954175366850392,4007.5759789398408,0.8795840723979235,Put,SPX,SPX230519P03525000,152.05,0.281,0.03770751965118436,0.9747493136084248
2023-05-19,248,0.6782454939539129,3550,0.9017680156686211,4007.5759789398408,0.885822257308547,Put,SPX,SPX230519P03550000,158.0,0.2789,0.03770751965118436,0.9747493136084248
2023-05-19,248,0.6782454939539129,3575,0.908118494652203,4007.5759789398408,0.8920604422191706,Put,SPX,SPX230519P03575000,163.85,0.2769,0.03770751965118436,0.9747493136084248
2023-05-19,248,0.6782454939539129,3600,0.9144689736357847,4007.5759789398408,0.8982986271297942,Put,SPX,SPX230519P03600000,170.15,0.2748,0.03770751965118436,0.9747493136084248
2023-05-19,248,0.6782454939539129,3625,0.9208194526193666,4007.5759789398408,0.9045368120404178,Put,SPX,SPX230519P03625000,176.85000000000002,0.2725,0.03770751965118436,0.9747493136084248
2023-05-19,248,0.6782454939539129,3650,0.9271699316029485,4007.5759789398408,0.9107749969510414,Put,SPX,SPX230519P03650000,183.55,0.2705,0.03770751965118436,0.9747493136084248
2023-05-19,248,0.6782454939539129,3675,0.9335204105865302,4007.5759789398408,0.9170131818616649,Put,SPX,SPX230519P03675000,190.5,0.2684,0.03770751965118436,0.9747493136084248
2023-05-19,248,0.6782454939539129,3700,0.9398708895701121,4007.5759789398408,0.9232513667722885,Put,SPX,SPX230519P03700000,197.4,0.2662,0.03770751965118436,0.9747493136084248
2023-05-19,248,0.6782454939539129,3725,0.946221368553694,4007.5759789398408,0.929489551682912,Put,SPX,SPX230519P03725000,205.0,0.264,0.03770751965118436,0.9747493136084248
2023-05-19,248,0.6782454939539129,3750,0.9525718475372758,4007.5759789398408,0.9357277365935356,Put,SPX,SPX230519P03750000,212.6,0.2619,0.03770751965118436,0.9747493136084248
2023-05-19,248,0.6782454939539129,3775,0.9589223265208576,4007.5759789398408,0.9419659215041593,Put,SPX,SPX230519P03775000,220.45,0.2598,0.03770751965118436,0.9747493136084248
2023-05-19,248,0.6782454939539129,3800,0.9652728055044395,4007.5759789398408,0.9482041064147828,Put,SPX,SPX230519P03800000,228.55,0.2578,0.03770751965118436,0.9747493136084248
2023-05-19,248,0.6782454939539129,3825,0.9716232844880213,4007.5759789398408,0.9544422913254064,Put,SPX,SPX230519P03825000,236.85,0.2556,0.03770751965118436,0.9747493136084248
2023-05-19,248,0.6782454939539129,3850,0.9779737634716031,4007.5759789398408,0.9606804762360299,Put,SPX,SPX230519P03850000,245.14999999999998,0.2533,0.03770751965118436,0.9747493136084248
2023-05-19,248,0.6782454939539129,3875,0.984324242455185,4007.5759789398408,0.9669186611466535,Put,SPX,SPX230519P03875000,254.25,0.2514,0.03770751965118436,0.9747493136084248
2023-05-19,248,0.6782454939539129,3900,0.9906747214387668,4007.5759789398408,0.973156846057277,Put,SPX,SPX230519P03900000,263.35,0.2494,0.03770751965118436,0.9747493136084248
2023-05-19,248,0.6782454939539129,3925,0.9970252004223487,4007.5759789398408,0.9793950309679006,Put,SPX,SPX230519P03925000,272.75,0.2473,0.03770751965118436,0.9747493136084248
2023-05-19,248,0.6782454939539129,3950,1.0033756794059305,4007.5759789398408,0.9856332158785241,Put,SPX,SPX230519P03950000,282.3,0.2452,0.03770751965118436,0.9747493136084248
2023-05-19,248,0.6782454939539129,3975,1.0097261583895123,4007.5759789398408,0.9918714007891478,Put,SPX,SPX230519P03975000,292.2,0.2431,0.03770751965118436,0.9747493136084248
2023-05-19,248,0.6782454939539129,4000,1.0160766373730943,4007.5759789398408,0.9981095856997714,Put,SPX,SPX230519P04000000,302.15,0.2408,0.03770751965118436,0.9747493136084248
2023-05-19,248,0.6782454939539129,4025,1.022427116356676,4007.5759789398408,1.004347770610395,Call,SPX,SPX230519C04025000,297.8,0.2382,0.03770751965118436,0.9747493136084248
2023-05-19,248,0.6782454939539129,4050,1.0287775953402578,4007.5759789398408,1.0105859555210184,Call,SPX,SPX230519C04050000,284.3,0.2362,0.03770751965118436,0.9747493136084248
2023-05-19,248,0.6782454939539129,4075,1.0351280743238398,4007.5759789398408,1.016824140431642,Call,SPX,SPX230519C04075000,271.2,0.2342,0.03770751965118436,0.9747493136084248
2023-05-19,248,0.6782454939539129,4100,1.0414785533074216,4007.5759789398408,1.0230623253422657,Call,SPX,SPX230519C04100000,258.5,0.2323,0.03770751965118436,0.9747493136084248
2023-05-19,248,0.6782454939539129,4125,1.0478290322910033,4007.5759789398408,1.0293005102528892,Call,SPX,SPX230519C04125000,245.55,0.2299,0.03770751965118436,0.9747493136084248
2023-05-19,248,0.6782454939539129,4150,1.0541795112745853,4007.5759789398408,1.0355386951635128,Call,SPX,SPX230519C04150000,233.35,0.2279,0.03770751965118436,0.9747493136084248
2023-05-19,248,0.6782454939539129,4175,1.060529990258167,4007.5759789398408,1.0417768800741363,Call,SPX,SPX230519C04175000,221.0,0.2255,0.03770751965118436,0.9747493136084248
2023-05-19,248,0.6782454939539129,4200,1.0668804692417488,4007.5759789398408,1.04801506498476,Call,SPX,SPX230519C04200000,209.7,0.2238,0.03770751965118436,0.9747493136084248
2023-05-19,248,0.6782454939539129,4225,1.0732309482253308,4007.5759789398408,1.0542532498953834,Call,SPX,SPX230519C04225000,198.45,0.2218,0.03770751965118436,0.9747493136084248
2023-05-19,248,0.6782454939539129,4250,1.0795814272089126,4007.5759789398408,1.060491434806007,Call,SPX,SPX230519C04250000,187.5,0.2198,0.03770751965118436,0.9747493136084248
2023-05-19,248,0.6782454939539129,4275,1.0859319061924944,4007.5759789398408,1.0667296197166307,Call,SPX,SPX230519C04275000,177.0,0.2178,0.03770751965118436,0.9747493136084248
2023-05-19,248,0.6782454939539129,4300,1.0922823851760763,4007.5759789398408,1.0729678046272542,Call,SPX,SPX230519C04300000,166.55,0.2157,0.03770751965118436,0.9747493136084248
2023-05-19,248,0.6782454939539129,4325,1.098632864159658,4007.5759789398408,1.0792059895378778,Call,SPX,SPX230519C04325000,156.75,0.2138,0.03770751965118436,0.9747493136084248
2023-05-19,248,0.6782454939539129,4350,1.1049833431432399,4007.5759789398408,1.0854441744485013,Call,SPX,SPX230519C04350000,147.1,0.2117,0.03770751965118436,0.9747493136084248
2023-05-19,248,0.6782454939539129,4375,1.1113338221268219,4007.5759789398408,1.091682359359125,Call,SPX,SPX230519C04375000,138.0,0.2099,0.03770751965118436,0.9747493136084248
2023-05-19,248,0.6782454939539129,4400,1.1176843011104036,4007.5759789398408,1.0979205442697484,Call,SPX,SPX230519C04400000,129.0,0.2078,0.03770751965118436,0.9747493136084248
2023-05-19,248,0.6782454939539129,4425,1.1240347800939854,4007.5759789398408,1.104158729180372,Call,SPX,SPX230519C04425000,120.75,0.2061,0.03770751965118436,0.9747493136084248
2023-05-19,248,0.6782454939539129,4450,1.1303852590775674,4007.5759789398408,1.1103969140909957,Call,SPX,SPX230519C04450000,112.4,0.204,0.03770751965118436,0.9747493136084248
2023-05-19,248,0.6782454939539129,4475,1.1367357380611491,4007.5759789398408,1.1166350990016192,Call,SPX,SPX230519C04475000,104.69999999999999,0.2022,0.03770751965118436,0.9747493136084248
2023-05-19,248,0.6782454939539129,4500,1.143086217044731,4007.5759789398408,1.1228732839122428,Call,SPX,SPX230519C04500000,97.4,0.2004,0.03770751965118436,0.9747493136084248
2023-05-19,248,0.6782454939539129,4525,1.1494366960283129,4007.5759789398408,1.1291114688228663,Call,SPX,SPX230519C04525000,90.6,0.1989,0.03770751965118436,0.9747493136084248
2023-05-19,248,0.6782454939539129,4550,1.1557871750118947,4007.5759789398408,1.13534965373349,Call,SPX,SPX230519C04550000,83.69999999999999,0.1969,0.03770751965118436,0.9747493136084248
2023-05-19,248,0.6782454939539129,4575,1.1621376539954764,4007.5759789398408,1.1415878386441134,Call,SPX,SPX230519C04575000,77.75,0.1955,0.03770751965118436,0.9747493136084248
2023-05-19,248,0.6782454939539129,4600,1.1684881329790584,4007.5759789398408,1.147826023554737,Call,SPX,SPX230519C04600000,71.65,0.1937,0.03770751965118436,0.9747493136084248
2023-05-19,248,0.6782454939539129,4625,1.1748386119626402,4007.5759789398408,1.1540642084653605,Call,SPX,SPX230519C04625000,66.5,0.1926,0.03770751965118436,0.9747493136084248
2023-05-19,248,0.6782454939539129,4650,1.181189090946222,4007.5759789398408,1.1603023933759842,Call,SPX,SPX230519C04650000,61.0,0.1907,0.03770751965118436,0.9747493136084248
2023-05-19,248,0.6782454939539129,4675,1.187539569929804,4007.5759789398408,1.1665405782866078,Call,SPX,SPX230519C04675000,56.45,0.1897,0.03770751965118436,0.9747493136084248
2023-05-19,248,0.6782454939539129,4700,1.1938900489133857,4007.5759789398408,1.1727787631972313,Call,SPX,SPX230519C04700000,51.8,0.1882,0.03770751965118436,0.9747493136084248
2023-05-19,248,0.6782454939539129,4725,1.2002405278969674,4007.5759789398408,1.179016948107855,Call,SPX,SPX230519C04725000,47.75,0.1871,0.03770751965118436,0.9747493136084248
2023-05-19,248,0.6782454939539129,4750,1.2065910068805494,4007.5759789398408,1.1852551330184784,Call,SPX,SPX230519C04750000,43.75,0.1858,0.03770751965118436,0.9747493136084248
2023-05-19,248,0.6782454939539129,4775,1.2129414858641312,4007.5759789398408,1.191493317929102,Call,SPX,SPX230519C04775000,40.2,0.1847,0.03770751965118436,0.9747493136084248
2023-05-19,248,0.6782454939539129,4800,1.219291964847713,4007.5759789398408,1.1977315028397255,Call,SPX,SPX230519C04800000,37.0,0.1839,0.03770751965118436,0.9747493136084248
2023-05-19,248,0.6782454939539129,4825,1.225642443831295,4007.5759789398408,1.2039696877503492,Call,SPX,SPX230519C04825000,33.8,0.1827,0.03770751965118436,0.9747493136084248
2023-05-19,248,0.6782454939539129,4850,1.2319929228148767,4007.5759789398408,1.2102078726609728,Call,SPX,SPX230519C04850000,30.799999999999997,0.1816,0.03770751965118436,0.9747493136084248
2023-05-19,248,0.6782454939539129,4875,1.2383434017984585,4007.5759789398408,1.2164460575715963,Call,SPX,SPX230519C04875000,28.299999999999997,0.1809,0.03770751965118436,0.9747493136084248
2023-05-19,248,0.6782454939539129,4900,1.2446938807820405,4007.5759789398408,1.22268424248222,Call,SPX,SPX230519C04900000,25.75,0.1798,0.03770751965118436,0.9747493136084248
2023-05-19,248,0.6782454939539129,4950,1.257394838749204,4007.5759789398408,1.235160612303467,Call,SPX,SPX230519C04950000,21.75,0.1789,0.03770751965118436,0.9747493136084248
2023-05-19,248,0.6782454939539129,5000,1.2700957967163677,4007.5759789398408,1.2476369821247142,Call,SPX,SPX230519C05000000,18.0,0.1773,0.03770751965118436,0.9747493136084248
2023-06-16,276,0.7549053159936117,2825,0.7176041251447478,4015.8989465080685,0.7034539557964756,Put,SPX,SPX230616P02825000,57.45,0.346,0.03778454714165679,0.9718792063957618
2023-06-16,276,0.7549053159936117,2850,0.7239546041283296,4015.8989465080685,0.7096792120424622,Put,SPX,SPX230616P02850000,59.7,0.3433,0.03778454714165679,0.9718792063957618
2023-06-16,276,0.7549053159936117,2875,0.7303050831119114,4015.8989465080685,0.7159044682884487,Put,SPX,SPX230616P02875000,61.95,0.3406,0.03778454714165679,0.9718792063957618
2023-06-16,276,0.7549053159936117,2900,0.7366555620954933,4015.8989465080685,0.7221297245344351,Put,SPX,SPX230616P02900000,64.3,0.3378,0.03778454714165679,0.9718792063957618
2023-06-16,276,0.7549053159936117,2925,0.7430060410790751,4015.8989465080685,0.7283549807804217,Put,SPX,SPX230616P02925000,66.7,0.3351,0.03778454714165679,0.9718792063957618
2023-06-16,276,0.7549053159936117,2950,0.749356520062657,4015.8989465080685,0.7345802370264082,Put,SPX,SPX230616P02950000,69.4,0.3327,0.03778454714165679,0.9718792063957618
2023-06-16,276,0.7549053159936117,2975,0.7557069990462388,4015.8989465080685,0.7408054932723948,Put,SPX,SPX230616P02975000,72.0,0.33,0.03778454714165679,0.9718792063957618
2023-06-16,276,0.7549053159936117,3000,0.7620574780298206,4015.8989465080685,0.7470307495183812,Put,SPX,SPX230616P03000000,74.85,0.3276,0.03778454714165679,0.9718792063957618
2023-06-16,276,0.7549053159936117,3025,0.7684079570134025,4015.8989465080685,0.7532560057643677,Put,SPX,SPX230616P03025000,77.7,0.325,0.03778454714165679,0.9718792063957618
2023-06-16,276,0.7549053159936117,3050,0.7747584359969844,4015.8989465080685,0.7594812620103543,Put,SPX,SPX230616P03050000,80.75,0.3226,0.03778454714165679,0.9718792063957618
2023-06-16,276,0.7549053159936117,3075,0.7811089149805661,4015.8989465080685,0.7657065182563407,Put,SPX,SPX230616P03075000,83.65,0.3199,0.03778454714165679,0.9718792063957618
2023-06-16,276,0.7549053159936117,3100,0.787459393964148,4015.8989465080685,0.7719317745023273,Put,SPX,SPX230616P03100000,87.0,0.3176,0.03778454714165679,0.9718792063957618
2023-06-16,276,0.7549053159936117,3125,0.7938098729477299,4015.8989465080685,0.7781570307483138,Put,SPX,SPX230616P03125000,90.4,0.3153,0.03778454714165679,0.9718792063957618
2023-06-16,276,0.7549053159936117,3150,0.8001603519313116,4015.8989465080685,0.7843822869943002,Put,SPX,SPX230616P03150000,93.9,0.3129,0.03778454714165679,0.9718792063957618
2023-06-16,276,0.7549053159936117,3175,0.8065108309148935,4015.8989465080685,0.7906075432402868,Put,SPX,SPX230616P03175000,97.5,0.3106,0.03778454714165679,0.9718792063957618
2023-06-16,276,0.7549053159936117,3200,0.8128613098984754,4015.8989465080685,0.7968327994862733,Put,SPX,SPX230616P03200000,101.25,0.3083,0.03778454714165679,0.9718792063957618
2023-06-16,276,0.7549053159936117,3225,0.8192117888820571,4015.8989465080685,0.8030580557322599,Put,SPX,SPX230616P03225000,105.1,0.3059,0.03778454714165679,0.9718792063957618
2023-06-16,276,0.7549053159936117,3250,0.825562267865639,4015.8989465080685,0.8092833119782463,Put,SPX,SPX230616P03250000,109.15,0.3037,0.03778454714165679,0.9718792063957618
2023-06-16,276,0.7549053159936117,3275,0.8319127468492209,4015.8989465080685,0.8155085682242328,Put,SPX,SPX230616P03275000,113.25,0.3014,0.03778454714165679,0.9718792063957618
2023-06-16,276,0.7549053159936117,3300,0.8382632258328027,4015.8989465080685,0.8217338244702194,Put,SPX,SPX230616P03300000,117.65,0.2993,0.03778454714165679,0.9718792063957618
2023-06-16,276,0.7549053159936117,3325,0.8446137048163845,4015.8989465080685,0.8279590807162058,Put,SPX,SPX230616P03325000,122.05,0.297,0.03778454714165679,0.9718792063957618
2023-06-16,276,0.7549053159936117,3350,0.8509641837999664,4015.8989465080685,0.8341843369621924,Put,SPX,SPX230616P03350000,126.75,0.2948,0.03778454714165679,0.9718792063957618
2023-06-16,276,0.7549053159936117,3375,0.8573146627835482,4015.8989465080685,0.8404095932081789,Put,SPX,SPX230616P03375000,131.55,0.2928,0.03778454714165679,0.9718792063957618
2023-06-16,276,0.7549053159936117,3400,0.86366514176713,4015.8989465080685,0.8466348494541653,Put,SPX,SPX230616P03400000,136.55,0.2906,0.03778454714165679,0.9718792063957618
2023-06-16,276,0.7549053159936117,3425,0.8700156207507119,4015.8989465080685,0.8528601057001519,Put,SPX,SPX230616P03425000,141.7,0.2885,0.03778454714165679,0.9718792063957618
2023-06-16,276,0.7549053159936117,3450,0.8763660997342937,4015.8989465080685,0.8590853619461384,Put,SPX,SPX230616P03450000,147.05,0.2864,0.03778454714165679,0.9718792063957618
2023-06-16,276,0.7549053159936117,3475,0.8827165787178756,4015.8989465080685,0.865310618192125,Put,SPX,SPX230616P03475000,152.45,0.2842,0.03778454714165679,0.9718792063957618
2023-06-16,276,0.7549053159936117,3500,0.8890670577014574,4015.8989465080685,0.8715358744381114,Put,SPX,SPX230616P03500000,158.14999999999998,0.2822,0.03778454714165679,0.9718792063957618
2023-06-16,276,0.7549053159936117,3525,0.8954175366850392,4015.8989465080685,0.8777611306840979,Put,SPX,SPX230616P03525000,164.0,0.2801,0.03778454714165679,0.9718792063957618
2023-06-16,276,0.7549053159936117,3550,0.9017680156686211,4015.8989465080685,0.8839863869300845,Put,SPX,SPX230616P03550000,170.05,0.2781,0.03778454714165679,0.9718792063957618
2023-06-16,276,0.7549053159936117,3575,0.908118494652203,4015.8989465080685,0.8902116431760709,Put,SPX,SPX230616P03575000,176.25,0.276,0.03778454714165679,0.9718792063957618
2023-06-16,276,0.7549053159936117,3600,0.9144689736357847,4015.8989465080685,0.8964368994220575,Put,SPX,SPX230616P03600000,182.7,0.274,0.03778454714165679,0.9718792063957618
2023-06-16,276,0.7549053159936117,3625,0.9208194526193666,4015.8989465080685,0.902662155668044,Put,SPX,SPX230616P03625000,189.2,0.2718,0.03778454714165679,0.9718792063957618
2023-06-16,276,0.7549053159936117,3650,0.9271699316029485,4015.8989465080685,0.9088874119140304,Put,SPX,SPX230616P03650000,195.8,0.2699,0.03778454714165679,0.9718792063957618
2023-06-16,276,0.7549053159936117,3675,0.9335204105865302,4015.8989465080685,0.915112668160017,Put,SPX,SPX230616P03675000,203.05,0.2678,0.03778454714165679,0.9718792063957618
2023-06-16,276,0.7549053159936117,3700,0.9398708895701121,4015.8989465080685,0.9213379244060035,Put,SPX,SPX230616P03700000,210.1,0.2656,0.03778454714165679,0.9718792063957618
2023-06-16,276,0.7549053159936117,3725,0.946221368553694,4015.8989465080685,0.9275631806519901,Put,SPX,SPX230616P03725000,217.65,0.2637,0.03778454714165679,0.9718792063957618
2023-06-16,276,0.7549053159936117,3750,0.9525718475372758,4015.8989465080685,0.9337884368979765,Put,SPX,SPX230616P03750000,225.3,0.2617,0.03778454714165679,0.9718792063957618
2023-06-16,276,0.7549053159936117,3775,0.9589223265208576,4015.8989465080685,0.940013693143963,Put,SPX,SPX230616P03775000,233.10000000000002,0.2596,0.03778454714165679,0.9718792063957618
2023-06-16,276,0.7549053159936117,3800,0.9652728055044395,4015.8989465080685,0.9462389493899496,Put,SPX,SPX230616P03800000,241.15,0.2575,0.03778454714165679,0.9718792063957618
2023-06-16,276,0.7549053159936117,3825,0.9716232844880213,4015.8989465080685,0.952464205635936,Put,SPX,SPX230616P03825000,249.5,0.2556,0.03778454714165679,0.9718792063957618
2023-06-16,276,0.7549053159936117,3850,0.9779737634716031,4015.8989465080685,0.9586894618819226,Put,SPX,SPX230616P03850000,258.05,0.2535,0.03778454714165679,0.9718792063957618
2023-06-16,276,0.7549053159936117,3875,0.984324242455185,4015.8989465080685,0.9649147181279091,Put,SPX,SPX230616P03875000,266.85,0.2515,0.03778454714165679,0.9718792063957618
2023-06-16,276,0.7549053159936117,3900,0.9906747214387668,4015.8989465080685,0.9711399743738955,Put,SPX,SPX230616P03900000,275.85,0.2495,0.03778454714165679,0.9718792063957618
2023-06-16,276,0.7549053159936117,3925,0.9970252004223487,4015.8989465080685,0.9773652306198821,Put,SPX,SPX230616P03925000,284.85,0.2472,0.03778454714165679,0.9718792063957618
2023-06-16,276,0.7549053159936117,3950,1.0033756794059305,4015.8989465080685,0.9835904868658686,Put,SPX,SPX230616P03950000,294.7,0.2455,0.03778454714165679,0.9718792063957618
2023-06-16,276,0.7549053159936117,3975,1.0097261583895123,4015.8989465080685,0.9898157431118552,Put,SPX,SPX230616P03975000,304.5,0.2435,0.03778454714165679,0.9718792063957618
2023-06-16,276,0.7549053159936117,4000,1.0160766373730943,4015.8989465080685,0.9960409993578416,Put,SPX,SPX230616P04000000,314.5,0.2414,0.03778454714165679,0.9718792063957618
2023-06-16,276,0.7549053159936117,4025,1.022427116356676,4015.8989465080685,1.0022662556038282,Call,SPX,SPX230616C04025000,318.85,0.2387,0.03778454714165679,0.9718792063957618
2023-06-16,276,0.7549053159936117,4050,1.0287775953402578,4015.8989465080685,1.0084915118498146,Call,SPX,SPX230616C04050000,305.04999999999995,0.2366,0.03778454714165679,0.9718792063957618
2023-06-16,276,0.7549053159936117,4075,1.0351280743238398,4015.8989465080685,1.0147167680958011,Call,SPX,SPX230616C04075000,291.85,0.2346,0.03778454714165679,0.9718792063957618
2023-06-16,276,0.7549053159936117,4100,1.0414785533074216,4015.8989465080685,1.0209420243417877,Call,SPX,SPX230616C04100000,278.75,0.2326,0.03778454714165679,0.9718792063957618
2023-06-16,276,0.7549053159936117,4125,1.0478290322910033,4015.8989465080685,1.0271672805877743,Call,SPX,SPX230616C04125000,266.05,0.2306,0.03778454714165679,0.9718792063957618
2023-06-16,276,0.7549053159936117,4150,1.0541795112745853,4015.8989465080685,1.0333925368337606,Call,SPX,SPX230616C04150000,253.60000000000002,0.2285,0.03778454714165679,0.9718792063957618
2023-06-16,276,0.7549053159936117,4175,1.060529990258167,4015.8989465080685,1.0396177930797472,Call,SPX,SPX230616C04175000,241.4,0.2266,0.03778454714165679,0.9718792063957618
2023-06-16,276,0.7549053159936117,4200,1.0668804692417488,4015.8989465080685,1.0458430493257338,Call,SPX,SPX230616C04200000,229.9,0.2246,0.03778454714165679,0.9718792063957618
2023-06-16,276,0.7549053159936117,4225,1.0732309482253308,4015.8989465080685,1.0520683055717202,Call,SPX,SPX230616C04225000,218.14999999999998,0.2226,0.03778454714165679,0.9718792063957618
2023-06-16,276,0.7549053159936117,4250,1.0795814272089126,4015.8989465080685,1.0582935618177067,Call,SPX,SPX230616C04250000,206.85,0.2207,0.03778454714165679,0.9718792063957618
2023-06-16,276,0.7549053159936117,4275,1.0859319061924944,4015.8989465080685,1.0645188180636933,Call,SPX,SPX230616C04275000,196.05,0.2187,0.03778454714165679,0.9718792063957618
2023-06-16,276,0.7549053159936117,4300,1.0922823851760763,4015.8989465080685,1.0707440743096797,Call,SPX,SPX230616C04300000,185.5,0.2168,0.03778454714165679,0.9718792063957618
2023-06-16,276,0.7549053159936117,4325,1.098632864159658,4015.8989465080685,1.0769693305556662,Call,SPX,SPX230616C04325000,175.25,0.2148,0.03778454714165679,0.9718792063957618
2023-06-16,276,0.7549053159936117,4350,1.1049833431432399,4015.8989465080685,1.0831945868016528,Call,SPX,SPX230616C04350000,165.45,0.213,0.03778454714165679,0.9718792063957618
2023-06-16,276,0.7549053159936117,4375,1.1113338221268219,4015.8989465080685,1.0894198430476394,Call,SPX,SPX230616C04375000,155.9,0.2112,0.03778454714165679,0.9718792063957618
2023-06-16,276,0.7549053159936117,4400,1.1176843011104036,4015.8989465080685,1.0956450992936257,Call,SPX,SPX230616C04400000,146.65,0.2093,0.03778454714165679,0.9718792063957618
2023-06-16,276,0.7549053159936117,4425,1.1240347800939854,4015.8989465080685,1.1018703555396123,Call,SPX,SPX230616C04425000,137.75,0.2074,0.03778454714165679,0.9718792063957618
2023-06-16,276,0.7549053159936117,4450,1.1303852590775674,4015.8989465080685,1.108095611785599,Call,SPX,SPX230616C04450000,129.2,0.2055,0.03778454714165679,0.9718792063957618
2023-06-16,276,0.7549053159936117,4475,1.1367357380611491,4015.8989465080685,1.1143208680315853,Call,SPX,SPX230616C04475000,121.05000000000001,0.2038,0.03778454714165679,0.9718792063957618
2023-06-16,276,0.7549053159936117,4500,1.143086217044731,4015.8989465080685,1.1205461242775718,Call,SPX,SPX230616C04500000,113.2,0.202,0.03778454714165679,0.9718792063957618
2023-06-16,276,0.7549053159936117,4525,1.1494366960283129,4015.8989465080685,1.1267713805235584,Call,SPX,SPX230616C04525000,105.65,0.2002,0.03778454714165679,0.9718792063957618
2023-06-16,276,0.7549053159936117,4550,1.1557871750118947,4015.8989465080685,1.1329966367695448,Call,SPX,SPX230616C04550000,98.6,0.1986,0.03778454714165679,0.9718792063957618
2023-06-16,276,0.7549053159936117,4575,1.1621376539954764,4015.8989465080685,1.1392218930155313,Call,SPX,SPX230616C04575000,91.8,0.1969,0.03778454714165679,0.9718792063957618
2023-06-16,276,0.7549053159936117,4600,1.1684881329790584,4015.8989465080685,1.145447149261518,Call,SPX,SPX230616C04600000,85.4,0.1953,0.03778454714165679,0.9718792063957618
2023-06-16,276,0.7549053159936117,4625,1.1748386119626402,4015.8989465080685,1.1516724055075045,Call,SPX,SPX230616C04625000,79.45,0.1938,0.03778454714165679,0.9718792063957618
2023-06-16,276,0.7549053159936117,4650,1.181189090946222,4015.8989465080685,1.1578976617534908,Call,SPX,SPX230616C04650000,73.9,0.1926,0.03778454714165679,0.9718792063957618
2023-06-16,276,0.7549053159936117,4675,1.187539569929804,4015.8989465080685,1.1641229179994774,Call,SPX,SPX230616C04675000,68.45,0.1911,0.03778454714165679,0.9718792063957618
2023-06-16,276,0.7549053159936117,4700,1.1938900489133857,4015.8989465080685,1.170348174245464,Call,SPX,SPX230616C04700000,63.5,0.1897,0.03778454714165679,0.9718792063957618
2023-06-16,276,0.7549053159936117,4725,1.2002405278969674,4015.8989465080685,1.1765734304914504,Call,SPX,SPX230616C04725000,58.7,0.1884,0.03778454714165679,0.9718792063957618
2023-06-16,276,0.7549053159936117,4750,1.2065910068805494,4015.8989465080685,1.182798686737437,Call,SPX,SPX230616C04750000,54.3,0.1873,0.03778454714165679,0.9718792063957618
2023-06-16,276,0.7549053159936117,4775,1.2129414858641312,4015.8989465080685,1.1890239429834235,Call,SPX,SPX230616C04775000,50.099999999999994,0.186,0.03778454714165679,0.9718792063957618
2023-06-16,276,0.7549053159936117,4800,1.219291964847713,4015.8989465080685,1.1952491992294099,Call,SPX,SPX230616C04800000,46.400000000000006,0.1851,0.03778454714165679,0.9718792063957618
2023-06-16,276,0.7549053159936117,4825,1.225642443831295,4015.8989465080685,1.2014744554753964,Call,SPX,SPX230616C04825000,42.95,0.1842,0.03778454714165679,0.9718792063957618
2023-06-16,276,0.7549053159936117,4850,1.2319929228148767,4015.8989465080685,1.207699711721383,Call,SPX,SPX230616C04850000,39.5,0.1831,0.03778454714165679,0.9718792063957618
2023-06-16,276,0.7549053159936117,4875,1.2383434017984585,4015.8989465080685,1.2139249679673696,Call,SPX,SPX230616C04875000,36.25,0.182,0.03778454714165679,0.9718792063957618
2023-06-16,276,0.7549053159936117,4900,1.2446938807820405,4015.8989465080685,1.220150224213356,Call,SPX,SPX230616C04900000,33.4,0.1811,0.03778454714165679,0.9718792063957618
2023-06-16,276,0.7549053159936117,4950,1.257394838749204,4015.8989465080685,1.232600736705329,Call,SPX,SPX230616C04950000,28.55,0.18,0.03778454714165679,0.9718792063957618
2023-06-16,276,0.7549053159936117,5000,1.2700957967163677,4015.8989465080685,1.245051249197302,Call,SPX,SPX230616C05000000,23.95,0.1782,0.03778454714165679,0.9718792063957618
2023-06-16,276,0.7549053159936117,5100,1.295497712650695,4015.8989465080685,1.2699522741812481,Call,SPX,SPX230616C05100000,17.15,0.1762,0.03778454714165679,0.9718792063957618
2023-06-16,276,0.7549053159936117,5200,1.3208996285850225,4015.8989465080685,1.2948532991651942,Call,SPX,SPX230616C05200000,12.4,0.1751,0.03778454714165679,0.9718792063957618
2023-06-30,290,0.7939767282683093,2850,0.7239546041283296,4020.1534645844854,0.708928160356826,Put,SPXW,SPXW230630P02850000,63.0,0.3412,0.03781992621417562,0.9704182243543703
2023-06-30,290,0.7939767282683093,2900,0.7366555620954933,4020.1534645844854,0.7213654965034371,Put,SPXW,SPXW230630P02900000,67.85,0.336,0.03781992621417562,0.9704182243543703
2023-06-30,290,0.7939767282683093,2950,0.749356520062657,4020.1534645844854,0.7338028326500481,Put,SPXW,SPXW230630P02950000,73.15,0.331,0.03781992621417562,0.9704182243543703
2023-06-30,290,0.7939767282683093,3000,0.7620574780298206,4020.1534645844854,0.746240168796659,Put,SPXW,SPXW230630P03000000,78.6,0.3258,0.03781992621417562,0.9704182243543703
2023-06-30,290,0.7939767282683093,3050,0.7747584359969844,4020.1534645844854,0.75867750494327,Put,SPXW,SPXW230630P03050000,84.65,0.3209,0.03781992621417562,0.9704182243543703
2023-06-30,290,0.7939767282683093,3075,0.7811089149805661,4020.1534645844854,0.7648961730165755,Put,SPXW,SPXW230630P03075000,87.94999999999999,0.3186,0.03781992621417562,0.9704182243543703
2023-06-30,290,0.7939767282683093,3100,0.787459393964148,4020.1534645844854,0.771114841089881,Put,SPXW,SPXW230630P03100000,91.19999999999999,0.3162,0.03781992621417562,0.9704182243543703
2023-06-30,290,0.7939767282683093,3125,0.7938098729477299,4020.1534645844854,0.7773335091631864,Put,SPXW,SPXW230630P03125000,94.65,0.3138,0.03781992621417562,0.9704182243543703
2023-06-30,290,0.7939767282683093,3150,0.8001603519313116,4020.1534645844854,0.783552177236492,Put,SPXW,SPXW230630P03150000,98.35,0.3117,0.03781992621417562,0.9704182243543703
2023-06-30,290,0.7939767282683093,3175,0.8065108309148935,4020.1534645844854,0.7897708453097975,Put,SPXW,SPXW230630P03175000,102.15,0.3095,0.03781992621417562,0.9704182243543703
2023-06-30,290,0.7939767282683093,3200,0.8128613098984754,4020.1534645844854,0.795989513383103,Put,SPXW,SPXW230630P03200000,105.94999999999999,0.3072,0.03781992621417562,0.9704182243543703
2023-06-30,290,0.7939767282683093,3225,0.8192117888820571,4020.1534645844854,0.8022081814564085,Put,SPXW,SPXW230630P03225000,109.85,0.3049,0.03781992621417562,0.9704182243543703
2023-06-30,290,0.7939767282683093,3250,0.825562267865639,4020.1534645844854,0.808426849529714,Put,SPXW,SPXW230630P03250000,114.1,0.3028,0.03781992621417562,0.9704182243543703
2023-06-30,290,0.7939767282683093,3275,0.8319127468492209,4020.1534645844854,0.8146455176030194,Put,SPXW,SPXW230630P03275000,118.30000000000001,0.3005,0.03781992621417562,0.9704182243543703
2023-06-30,290,0.7939767282683093,3300,0.8382632258328027,4020.1534645844854,0.8208641856763249,Put,SPXW,SPXW230630P03300000,122.80000000000001,0.2985,0.03781992621417562,0.9704182243543703
2023-06-30,290,0.7939767282683093,3325,0.8446137048163845,4020.1534645844854,0.8270828537496304,Put,SPXW,SPXW230630P03325000,127.25,0.2962,0.03781992621417562,0.9704182243543703
2023-06-30,290,0.7939767282683093,3350,0.8509641837999664,4020.1534645844854,0.8333015218229359,Put,SPXW,SPXW230630P03350000,132.0,0.2942,0.03781992621417562,0.9704182243543703
2023-06-30,290,0.7939767282683093,3375,0.8573146627835482,4020.1534645844854,0.8395201898962414,Put,SPXW,SPXW230630P03375000,136.75,0.2918,0.03781992621417562,0.9704182243543703
2023-06-30,290,0.7939767282683093,3400,0.86366514176713,4020.1534645844854,0.845738857969547,Put,SPXW,SPXW230630P03400000,141.95,0.2899,0.03781992621417562,0.9704182243543703
2023-06-30,290,0.7939767282683093,3425,0.8700156207507119,4020.1534645844854,0.8519575260428524,Put,SPXW,SPXW230630P03425000,147.14999999999998,0.2878,0.03781992621417562,0.9704182243543703
2023-06-30,290,0.7939767282683093,3450,0.8763660997342937,4020.1534645844854,0.8581761941161579,Put,SPXW,SPXW230630P03450000,152.55,0.2858,0.03781992621417562,0.9704182243543703
2023-06-30,290,0.7939767282683093,3475,0.8827165787178756,4020.1534645844854,0.8643948621894634,Put,SPXW,SPXW230630P03475000,158.05,0.2836,0.03781992621417562,0.9704182243543703
2023-06-30,290,0.7939767282683093,3500,0.8890670577014574,4020.1534645844854,0.8706135302627689,Put,SPXW,SPXW230630P03500000,163.8,0.2817,0.03781992621417562,0.9704182243543703
2023-06-30,290,0.7939767282683093,3525,0.8954175366850392,4020.1534645844854,0.8768321983360744,Put,SPXW,SPXW230630P03525000,169.7,0.2796,0.03781992621417562,0.9704182243543703
2023-06-30,290,0.7939767282683093,3550,0.9017680156686211,4020.1534645844854,0.8830508664093799,Put,SPXW,SPXW230630P03550000,175.8,0.2776,0.03781992621417562,0.9704182243543703
2023-06-30,290,0.7939767282683093,3575,0.908118494652203,4020.1534645844854,0.8892695344826853,Put,SPXW,SPXW230630P03575000,182.05,0.2755,0.03781992621417562,0.9704182243543703
2023-06-30,290,0.7939767282683093,3600,0.9144689736357847,4020.1534645844854,0.8954882025559908,Put,SPXW,SPXW230630P03600000,188.45,0.2736,0.03781992621417562,0.9704182243543703
2023-06-30,290,0.7939767282683093,3625,0.9208194526193666,4020.1534645844854,0.9017068706292963,Put,SPXW,SPXW230630P03625000,195.0,0.2715,0.03781992621417562,0.9704182243543703
2023-06-30,290,0.7939767282683093,3650,0.9271699316029485,4020.1534645844854,0.9079255387026018,Put,SPXW,SPXW230630P03650000,201.85,0.2695,0.03781992621417562,0.9704182243543703
2023-06-30,290,0.7939767282683093,3675,0.9335204105865302,4020.1534645844854,0.9141442067759074,Put,SPXW,SPXW230630P03675000,208.85,0.2673,0.03781992621417562,0.9704182243543703
2023-06-30,290,0.7939767282683093,3700,0.9398708895701121,4020.1534645844854,0.9203628748492128,Put,SPXW,SPXW230630P03700000,216.05,0.2653,0.03781992621417562,0.9704182243543703
2023-06-30,290,0.7939767282683093,3725,0.946221368553694,4020.1534645844854,0.9265815429225183,Put,SPXW,SPXW230630P03725000,223.55,0.2634,0.03781992621417562,0.9704182243543703
2023-06-30,290,0.7939767282683093,3750,0.9525718475372758,4020.1534645844854,0.9328002109958238,Put,SPXW,SPXW230630P03750000,231.2,0.2614,0.03781992621417562,0.9704182243543703
2023-06-30,290,0.7939767282683093,3775,0.9589223265208576,4020.1534645844854,0.9390188790691293,Put,SPXW,SPXW230630P03775000,239.05,0.2594,0.03781992621417562,0.9704182243543703
2023-06-30,290,0.7939767282683093,3800,0.9652728055044395,4020.1534645844854,0.9452375471424348,Put,SPXW,SPXW230630P03800000,247.15,0.2574,0.03781992621417562,0.9704182243543703
2023-06-30,290,0.7939767282683093,3825,0.9716232844880213,4020.1534645844854,0.9514562152157403,Put,SPXW,SPXW230630P03825000,255.39999999999998,0.2554,0.03781992621417562,0.9704182243543703
2023-06-30,290,0.7939767282683093,3850,0.9779737634716031,4020.1534645844854,0.9576748832890457,Put,SPXW,SPXW230630P03850000,263.95,0.2534,0.03781992621417562,0.9704182243543703
2023-06-30,290,0.7939767282683093,3875,0.984324242455185,4020.1534645844854,0.9638935513623512,Put,SPXW,SPXW230630P03875000,272.7,0.2514,0.03781992621417562,0.9704182243543703
2023-06-30,290,0.7939767282683093,3900,0.9906747214387668,4020.1534645844854,0.9701122194356567,Put,SPXW,SPXW230630P03900000,281.65,0.2493,0.03781992621417562,0.9704182243543703
2023-06-30,290,0.7939767282683093,3925,0.9970252004223487,4020.1534645844854,0.9763308875089622,Put,SPXW,SPXW230630P03925000,290.9,0.2474,0.03781992621417562,0.9704182243543703
2023-06-30,290,0.7939767282683093,3950,1.0033756794059305,4020.1534645844854,0.9825495555822678,Put,SPXW,SPXW230630P03950000,300.29999999999995,0.2454,0.03781992621417562,0.9704182243543703
2023-06-30,290,0.7939767282683093,3975,1.0097261583895123,4020.1534645844854,0.9887682236555733,Put,SPXW,SPXW230630P03975000,310.1,0.2434,0.03781992621417562,0.9704182243543703
2023-06-30,290,0.7939767282683093,4000,1.0160766373730943,4020.1534645844854,0.9949868917288787,Put,SPXW,SPXW230630P04000000,319.85,0.2412,0.03781992621417562,0.9704182243543703
2023-06-30,290,0.7939767282683093,4025,1.022427116356676,4020.1534645844854,1.0012055598021843,Call,SPXW,SPXW230630C04025000,329.75,0.2393,0.03781992621417562,0.9704182243543703
2023-06-30,290,0.7939767282683093,4050,1.0287775953402578,4020.1534645844854,1.0074242278754897,Call,SPXW,SPXW230630C04050000,316.35,0.2375,0.03781992621417562,0.9704182243543703
2023-06-30,290,0.7939767282683093,4075,1.0351280743238398,4020.1534645844854,1.013642895948795,Call,SPXW,SPXW230630C04075000,302.7,0.2352,0.03781992621417562,0.9704182243543703
2023-06-30,290,0.7939767282683093,4100,1.0414785533074216,4020.1534645844854,1.0198615640221007,Call,SPXW,SPXW230630C04100000,289.6,0.2333,0.03781992621417562,0.9704182243543703
2023-06-30,290,0.7939767282683093,4125,1.0478290322910033,4020.1534645844854,1.026080232095406,Call,SPXW,SPXW230630C04125000,276.75,0.2312,0.03781992621417562,0.9704182243543703
2023-06-30,290,0.7939767282683093,4150,1.0541795112745853,4020.1534645844854,1.0322989001687117,Call,SPXW,SPXW230630C04150000,264.25,0.2294,0.03781992621417562,0.9704182243543703
2023-06-30,290,0.7939767282683093,4175,1.060529990258167,4020.1534645844854,1.0385175682420171,Call,SPXW,SPXW230630C04175000,252.05,0.2274,0.03781992621417562,0.9704182243543703
2023-06-30,290,0.7939767282683093,4200,1.0668804692417488,4020.1534645844854,1.0447362363153228,Call,SPXW,SPXW230630C04200000,240.0,0.2254,0.03781992621417562,0.9704182243543703
2023-06-30,290,0.7939767282683093,4225,1.0732309482253308,4020.1534645844854,1.0509549043886282,Call,SPXW,SPXW230630C04225000,228.35000000000002,0.2234,0.03781992621417562,0.9704182243543703
2023-06-30,290,0.7939767282683093,4250,1.0795814272089126,4020.1534645844854,1.0571735724619336,Call,SPXW,SPXW230630C04250000,217.2,0.2216,0.03781992621417562,0.9704182243543703
2023-06-30,290,0.7939767282683093,4275,1.0859319061924944,4020.1534645844854,1.0633922405352392,Call,SPXW,SPXW230630C04275000,206.2,0.2197,0.03781992621417562,0.9704182243543703
2023-06-30,290,0.7939767282683093,4300,1.0922823851760763,4020.1534645844854,1.0696109086085446,Call,SPXW,SPXW230630C04300000,195.35,0.2177,0.03781992621417562,0.9704182243543703
2023-06-30,290,0.7939767282683093,4325,1.098632864159658,4020.1534645844854,1.0758295766818502,Call,SPXW,SPXW230630C04325000,185.05,0.2158,0.03781992621417562,0.9704182243543703
2023-06-30,290,0.7939767282683093,4350,1.1049833431432399,4020.1534645844854,1.0820482447551556,Call,SPXW,SPXW230630C04350000,174.95,0.2139,0.03781992621417562,0.9704182243543703
2023-06-30,290,0.7939767282683093,4375,1.1113338221268219,4020.1534645844854,1.088266912828461,Call,SPXW,SPXW230630C04375000,165.25,0.2121,0.03781992621417562,0.9704182243543703
2023-06-30,290,0.7939767282683093,4400,1.1176843011104036,4020.1534645844854,1.0944855809017666,Call,SPXW,SPXW230630C04400000,155.8,0.2102,0.03781992621417562,0.9704182243543703
2023-06-30,290,0.7939767282683093,4450,1.1303852590775674,4020.1534645844854,1.1069229170483776,Call,SPXW,SPXW230630C04450000,137.85000000000002,0.2064,0.03781992621417562,0.9704182243543703
2023-06-30,290,0.7939767282683093,4475,1.1367357380611491,4020.1534645844854,1.113141585121683,Call,SPXW,SPXW230630C04475000,129.6,0.2047,0.03781992621417562,0.9704182243543703
2023-06-30,290,0.7939767282683093,4500,1.143086217044731,4020.1534645844854,1.1193602531949884,Call,SPXW,SPXW230630C04500000,121.5,0.2029,0.03781992621417562,0.9704182243543703
2023-06-30,290,0.7939767282683093,4550,1.1557871750118947,4020.1534645844854,1.1317975893415995,Call,SPXW,SPXW230630C04550000,106.35,0.1995,0.03781992621417562,0.9704182243543703
2023-06-30,290,0.7939767282683093,4575,1.1621376539954764,4020.1534645844854,1.138016257414905,Call,SPXW,SPXW230630C04575000,99.3,0.1978,0.03781992621417562,0.9704182243543703
2023-06-30,290,0.7939767282683093,4600,1.1684881329790584,4020.1534645844854,1.1442349254882105,Call,SPXW,SPXW230630C04600000,92.7,0.1963,0.03781992621417562,0.9704182243543703
2023-06-30,290,0.7939767282683093,4625,1.1748386119626402,4020.1534645844854,1.150453593561516,Call,SPXW,SPXW230630C04625000,86.4,0.1947,0.03781992621417562,0.9704182243543703
2023-06-30,290,0.7939767282683093,4650,1.181189090946222,4020.1534645844854,1.1566722616348215,Call,SPXW,SPXW230630C04650000,80.5,0.1933,0.03781992621417562,0.9704182243543703
2023-06-30,290,0.7939767282683093,4675,1.187539569929804,4020.1534645844854,1.162890929708127,Call,SPXW,SPXW230630C04675000,74.9,0.1919,0.03781992621417562,0.9704182243543703
2023-06-30,290,0.7939767282683093,4700,1.1938900489133857,4020.1534645844854,1.1691095977814325,Call,SPXW,SPXW230630C04700000,69.75,0.1907,0.03781992621417562,0.9704182243543703
2023-06-30,290,0.7939767282683093,4750,1.2065910068805494,4020.1534645844854,1.1815469339280436,Call,SPXW,SPXW230630C04750000,60.1,0.1882,0.03781992621417562,0.9704182243543703
2023-06-30,290,0.7939767282683093,4800,1.219291964847713,4020.1534645844854,1.1939842700746544,Call,SPXW,SPXW230630C04800000,51.45,0.1858,0.03781992621417562,0.9704182243543703
2023-06-30,290,0.7939767282683093,4850,1.2319929228148767,4020.1534645844854,1.2064216062212654,Call,SPXW,SPXW230630C04850000,44.099999999999994,0.1838,0.03781992621417562,0.9704182243543703
2023-06-30,290,0.7939767282683093,4900,1.2446938807820405,4020.1534645844854,1.2188589423678764,Call,SPXW,SPXW230630C04900000,37.55,0.1818,0.03781992621417562,0.9704182243543703
2023-06-30,290,0.7939767282683093,5000,1.2700957967163677,4020.1534645844854,1.2437336146610984,Call,SPXW,SPXW230630C05000000,27.55,0.1792,0.03781992621417562,0.9704182243543703
2023-07-21,311,0.8507300935432353,2825,0.7176041251447478,4026.3459216764822,0.7016287360683933,Put,SPX,SPX230721P02825000,65.15,0.3409,0.037866843495449665,0.968298895224149
2023-07-21,311,0.8507300935432353,2900,0.7366555620954933,4026.3459216764822,0.7202560476454302,Put,SPX,SPX230721P02900000,72.55,0.3332,0.037866843495449665,0.968298895224149
2023-07-21,311,0.8507300935432353,2925,0.7430060410790751,4026.3459216764822,0.7264651515044426,Put,SPX,SPX230721P02925000,75.35,0.3309,0.037866843495449665,0.968298895224149
2023-07-21,311,0.8507300935432353,2950,0.749356520062657,4026.3459216764822,0.7326742553634549,Put,SPX,SPX230721P02950000,77.94999999999999,0.3282,0.037866843495449665,0.968298895224149
2023-07-21,311,0.8507300935432353,3000,0.7620574780298206,4026.3459216764822,0.7450924630814795,Put,SPX,SPX230721P03000000,83.9,0.3235,0.037866843495449665,0.968298895224149
2023-07-21,311,0.8507300935432353,3025,0.7684079570134025,4026.3459216764822,0.7513015669404919,Put,SPX,SPX230721P03025000,86.94999999999999,0.321,0.037866843495449665,0.968298895224149
2023-07-21,311,0.8507300935432353,3050,0.7747584359969844,4026.3459216764822,0.7575106707995042,Put,SPX,SPX230721P03050000,90.15,0.3187,0.037866843495449665,0.968298895224149
2023-07-21,311,0.8507300935432353,3075,0.7811089149805661,4026.3459216764822,0.7637197746585165,Put,SPX,SPX230721P03075000,93.7,0.3167,0.037866843495449665,0.968298895224149
2023-07-21,311,0.8507300935432353,3100,0.787459393964148,4026.3459216764822,0.7699288785175289,Put,SPX,SPX230721P03100000,96.94999999999999,0.3141,0.037866843495449665,0.968298895224149
2023-07-21,311,0.8507300935432353,3125,0.7938098729477299,4026.3459216764822,0.7761379823765412,Put,SPX,SPX230721P03125000,100.65,0.3121,0.037866843495449665,0.968298895224149
2023-07-21,311,0.8507300935432353,3150,0.8001603519313116,4026.3459216764822,0.7823470862355535,Put,SPX,SPX230721P03150000,104.35,0.3098,0.037866843495449665,0.968298895224149
2023-07-21,311,0.8507300935432353,3175,0.8065108309148935,4026.3459216764822,0.7885561900945658,Put,SPX,SPX230721P03175000,108.1,0.3075,0.037866843495449665,0.968298895224149
2023-07-21,311,0.8507300935432353,3200,0.8128613098984754,4026.3459216764822,0.7947652939535782,Put,SPX,SPX230721P03200000,111.95,0.3052,0.037866843495449665,0.968298895224149
2023-07-21,311,0.8507300935432353,3250,0.825562267865639,4026.3459216764822,0.8071835016716028,Put,SPX,SPX230721P03250000,120.35,0.301,0.037866843495449665,0.968298895224149
2023-07-21,311,0.8507300935432353,3275,0.8319127468492209,4026.3459216764822,0.8133926055306151,Put,SPX,SPX230721P03275000,124.80000000000001,0.299,0.037866843495449665,0.968298895224149
2023-07-21,311,0.8507300935432353,3300,0.8382632258328027,4026.3459216764822,0.8196017093896275,Put,SPX,SPX230721P03300000,129.3,0.2968,0.037866843495449665,0.968298895224149
2023-07-21,311,0.8507300935432353,3325,0.8446137048163845,4026.3459216764822,0.8258108132486398,Put,SPX,SPX230721P03325000,134.0,0.2948,0.037866843495449665,0.968298895224149
2023-07-21,311,0.8507300935432353,3350,0.8509641837999664,4026.3459216764822,0.8320199171076521,Put,SPX,SPX230721P03350000,138.8,0.2927,0.037866843495449665,0.968298895224149
2023-07-21,311,0.8507300935432353,3375,0.8573146627835482,4026.3459216764822,0.8382290209666645,Put,SPX,SPX230721P03375000,143.75,0.2906,0.037866843495449665,0.968298895224149
2023-07-21,311,0.8507300935432353,3400,0.86366514176713,4026.3459216764822,0.8444381248256768,Put,SPX,SPX230721P03400000,148.85000000000002,0.2885,0.037866843495449665,0.968298895224149
2023-07-21,311,0.8507300935432353,3425,0.8700156207507119,4026.3459216764822,0.8506472286846891,Put,SPX,SPX230721P03425000,154.2,0.2866,0.037866843495449665,0.968298895224149
2023-07-21,311,0.8507300935432353,3450,0.8763660997342937,4026.3459216764822,0.8568563325437014,Put,SPX,SPX230721P03450000,159.55,0.2845,0.037866843495449665,0.968298895224149
2023-07-21,311,0.8507300935432353,3475,0.8827165787178756,4026.3459216764822,0.8630654364027138,Put,SPX,SPX230721P03475000,165.14999999999998,0.2824,0.037866843495449665,0.968298895224149
2023-07-21,311,0.8507300935432353,3500,0.8890670577014574,4026.3459216764822,0.8692745402617261,Put,SPX,SPX230721P03500000,170.9,0.2804,0.037866843495449665,0.968298895224149
2023-07-21,311,0.8507300935432353,3525,0.8954175366850392,4026.3459216764822,0.8754836441207384,Put,SPX,SPX230721P03525000,176.85000000000002,0.2785,0.037866843495449665,0.968298895224149
2023-07-21,311,0.8507300935432353,3550,0.9017680156686211,4026.3459216764822,0.8816927479797507,Put,SPX,SPX230721P03550000,183.0,0.2764,0.037866843495449665,0.968298895224149
2023-07-21,311,0.8507300935432353,3575,0.908118494652203,4026.3459216764822,0.8879018518387631,Put,SPX,SPX230721P03575000,189.35,0.2746,0.037866843495449665,0.968298895224149
2023-07-21,311,0.8507300935432353,3600,0.9144689736357847,4026.3459216764822,0.8941109556977754,Put,SPX,SPX230721P03600000,195.8,0.2725,0.037866843495449665,0.968298895224149
2023-07-21,311,0.8507300935432353,3625,0.9208194526193666,4026.3459216764822,0.9003200595567877,Put,SPX,SPX230721P03625000,202.45,0.2706,0.037866843495449665,0.968298895224149
2023-07-21,311,0.8507300935432353,3650,0.9271699316029485,4026.3459216764822,0.9065291634158001,Put,SPX,SPX230721P03650000,209.3,0.2685,0.037866843495449665,0.968298895224149
2023-07-21,311,0.8507300935432353,3675,0.9335204105865302,4026.3459216764822,0.9127382672748124,Put,SPX,SPX230721P03675000,216.35,0.2666,0.037866843495449665,0.968298895224149
2023-07-21,311,0.8507300935432353,3700,0.9398708895701121,4026.3459216764822,0.9189473711338247,Put,SPX,SPX230721P03700000,223.5,0.2645,0.037866843495449665,0.968298895224149
2023-07-21,311,0.8507300935432353,3725,0.946221368553694,4026.3459216764822,0.925156474992837,Put,SPX,SPX230721P03725000,231.05,0.2627,0.037866843495449665,0.968298895224149
2023-07-21,311,0.8507300935432353,3750,0.9525718475372758,4026.3459216764822,0.9313655788518495,Put,SPX,SPX230721P03750000,238.60000000000002,0.2606,0.037866843495449665,0.968298895224149
2023-07-21,311,0.8507300935432353,3775,0.9589223265208576,4026.3459216764822,0.9375746827108618,Put,SPX,SPX230721P03775000,246.55,0.2587,0.037866843495449665,0.968298895224149
2023-07-21,311,0.8507300935432353,3800,0.9652728055044395,4026.3459216764822,0.943783786569874,Put,SPX,SPX230721P03800000,254.60000000000002,0.2568,0.037866843495449665,0.968298895224149
2023-07-21,311,0.8507300935432353,3825,0.9716232844880213,4026.3459216764822,0.9499928904288863,Put,SPX,SPX230721P03825000,262.9,0.2548,0.037866843495449665,0.968298895224149
2023-07-21,311,0.8507300935432353,3850,0.9779737634716031,4026.3459216764822,0.9562019942878988,Put,SPX,SPX230721P03850000,271.4,0.2529,0.037866843495449665,0.968298895224149
2023-07-21,311,0.8507300935432353,3875,0.984324242455185,4026.3459216764822,0.9624110981469111,Put,SPX,SPX230721P03875000,280.1,0.2509,0.037866843495449665,0.968298895224149
2023-07-21,311,0.8507300935432353,3900,0.9906747214387668,4026.3459216764822,0.9686202020059234,Put,SPX,SPX230721P03900000,288.79999999999995,0.2488,0.037866843495449665,0.968298895224149
2023-07-21,311,0.8507300935432353,3925,0.9970252004223487,4026.3459216764822,0.9748293058649357,Put,SPX,SPX230721P03925000,298.29999999999995,0.2471,0.037866843495449665,0.968298895224149
2023-07-21,311,0.8507300935432353,3950,1.0033756794059305,4026.3459216764822,0.9810384097239481,Put,SPX,SPX230721P03950000,307.70000000000005,0.2452,0.037866843495449665,0.968298895224149
2023-07-21,311,0.8507300935432353,3975,1.0097261583895123,4026.3459216764822,0.9872475135829604,Put,SPX,SPX230721P03975000,317.25,0.2432,0.037866843495449665,0.968298895224149
2023-07-21,311,0.8507300935432353,4000,1.0160766373730943,4026.3459216764822,0.9934566174419727,Put,SPX,SPX230721P04000000,327.15,0.2412,0.037866843495449665,0.968298895224149
2023-07-21,311,0.8507300935432353,4025,1.022427116356676,4026.3459216764822,0.9996657213009851,Put,SPX,SPX230721P04025000,337.35,0.2393,0.037866843495449665,0.968298895224149
2023-07-21,311,0.8507300935432353,4050,1.0287775953402578,4026.3459216764822,1.0058748251599974,Call,SPX,SPX230721C04050000,330.55,0.2371,0.037866843495449665,0.968298895224149
2023-07-21,311,0.8507300935432353,4075,1.0351280743238398,4026.3459216764822,1.0120839290190098,Call,SPX,SPX230721C04075000,317.15,0.2352,0.037866843495449665,0.968298895224149
2023-07-21,311,0.8507300935432353,4100,1.0414785533074216,4026.3459216764822,1.018293032878022,Call,SPX,SPX230721C04100000,304.25,0.2334,0.037866843495449665,0.968298895224149
2023-07-21,311,0.8507300935432353,4125,1.0478290322910033,4026.3459216764822,1.0245021367370344,Call,SPX,SPX230721C04125000,291.1,0.2313,0.037866843495449665,0.968298895224149
2023-07-21,311,0.8507300935432353,4150,1.0541795112745853,4026.3459216764822,1.0307112405960466,Call,SPX,SPX230721C04150000,278.4,0.2294,0.037866843495449665,0.968298895224149
2023-07-21,311,0.8507300935432353,4175,1.060529990258167,4026.3459216764822,1.036920344455059,Call,SPX,SPX230721C04175000,266.04999999999995,0.2274,0.037866843495449665,0.968298895224149
2023-07-21,311,0.8507300935432353,4200,1.0668804692417488,4026.3459216764822,1.0431294483140714,Call,SPX,SPX230721C04200000,253.95,0.2255,0.037866843495449665,0.968298895224149
2023-07-21,311,0.8507300935432353,4225,1.0732309482253308,4026.3459216764822,1.0493385521730836,Call,SPX,SPX230721C04225000,242.2,0.2236,0.037866843495449665,0.968298895224149
2023-07-21,311,0.8507300935432353,4250,1.0795814272089126,4026.3459216764822,1.055547656032096,Call,SPX,SPX230721C04250000,230.65,0.2217,0.037866843495449665,0.968298895224149
2023-07-21,311,0.8507300935432353,4275,1.0859319061924944,4026.3459216764822,1.0617567598911084,Call,SPX,SPX230721C04275000,219.65,0.2199,0.037866843495449665,0.968298895224149
2023-07-21,311,0.8507300935432353,4300,1.0922823851760763,4026.3459216764822,1.0679658637501206,Call,SPX,SPX230721C04300000,208.75,0.218,0.037866843495449665,0.968298895224149
2023-07-21,311,0.8507300935432353,4325,1.098632864159658,4026.3459216764822,1.074174967609133,Call,SPX,SPX230721C04325000,198.05,0.216,0.037866843495449665,0.968298895224149
2023-07-21,311,0.8507300935432353,4350,1.1049833431432399,4026.3459216764822,1.0803840714681454,Call,SPX,SPX230721C04350000,187.7,0.2141,0.037866843495449665,0.968298895224149
2023-07-21,311,0.8507300935432353,4400,1.1176843011104036,4026.3459216764822,1.09280227918617,Call,SPX,SPX230721C04400000,168.15,0.2105,0.037866843495449665,0.968298895224149
2023-07-21,311,0.8507300935432353,4450,1.1303852590775674,4026.3459216764822,1.1052204869041946,Call,SPX,SPX230721C04450000,149.85,0.207,0.037866843495449665,0.968298895224149
2023-07-21,311,0.8507300935432353,4500,1.143086217044731,4026.3459216764822,1.1176386946222192,Call,SPX,SPX230721C04500000,132.85,0.2034,0.037866843495449665,0.968298895224149
2023-07-21,311,0.8507300935432353,4600,1.1684881329790584,4026.3459216764822,1.1424751100582686,Call,SPX,SPX230721C04600000,102.95,0.197,0.037866843495449665,0.968298895224149
2023-07-21,311,0.8507300935432353,4700,1.1938900489133857,4026.3459216764822,1.1673115254943178,Call,SPX,SPX230721C04700000,78.45,0.1912,0.037866843495449665,0.968298895224149
2023-07-21,311,0.8507300935432353,4800,1.219291964847713,4026.3459216764822,1.1921479409303672,Call,SPX,SPX230721C04800000,58.900000000000006,0.1864,0.037866843495449665,0.968298895224149
2023-07-21,311,0.8507300935432353,4900,1.2446938807820405,4026.3459216764822,1.2169843563664167,Call,SPX,SPX230721C04900000,43.85,0.1825,0.037866843495449665,0.968298895224149
2023-07-21,311,0.8507300935432353,5000,1.2700957967163677,4026.3459216764822,1.2418207718024659,Call,SPX,SPX230721C05000000,32.4,0.1794,0.037866843495449665,0.968298895224149
2023-08-18,339,0.927389915582934,2850,0.7239546041283296,4034.7295063635397,0.706367055215227,Put,SPX,SPX230818P02850000,73.75,0.3348,0.03792215687134636,0.9654426039417455
2023-08-18,339,0.927389915582934,2900,0.7366555620954933,4034.7295063635397,0.7187594596926871,Put,SPX,SPX230818P02900000,79.25,0.3301,0.03792215687134636,0.9654426039417455
2023-08-18,339,0.927389915582934,2950,0.749356520062657,4034.7295063635397,0.7311518641701472,Put,SPX,SPX230818P02950000,85.15,0.3255,0.03792215687134636,0.9654426039417455
2023-08-18,339,0.927389915582934,3000,0.7620574780298206,4034.7295063635397,0.7435442686476074,Put,SPX,SPX230818P03000000,91.25,0.3208,0.03792215687134636,0.9654426039417455
2023-08-18,339,0.927389915582934,3025,0.7684079570134025,4034.7295063635397,0.7497404708863374,Put,SPX,SPX230818P03025000,94.5,0.3185,0.03792215687134636,0.9654426039417455
2023-08-18,339,0.927389915582934,3050,0.7747584359969844,4034.7295063635397,0.7559366731250675,Put,SPX,SPX230818P03050000,97.9,0.3163,0.03792215687134636,0.9654426039417455
2023-08-18,339,0.927389915582934,3075,0.7811089149805661,4034.7295063635397,0.7621328753637976,Put,SPX,SPX230818P03075000,101.4,0.3141,0.03792215687134636,0.9654426039417455
2023-08-18,339,0.927389915582934,3100,0.787459393964148,4034.7295063635397,0.7683290776025276,Put,SPX,SPX230818P03100000,105.05,0.312,0.03792215687134636,0.9654426039417455
2023-08-18,339,0.927389915582934,3150,0.8001603519313116,4034.7295063635397,0.7807214820799877,Put,SPX,SPX230818P03150000,112.55,0.3076,0.03792215687134636,0.9654426039417455
2023-08-18,339,0.927389915582934,3175,0.8065108309148935,4034.7295063635397,0.7869176843187178,Put,SPX,SPX230818P03175000,116.69999999999999,0.3056,0.03792215687134636,0.9654426039417455
2023-08-18,339,0.927389915582934,3200,0.8128613098984754,4034.7295063635397,0.7931138865574479,Put,SPX,SPX230818P03200000,120.80000000000001,0.3035,0.03792215687134636,0.9654426039417455
2023-08-18,339,0.927389915582934,3225,0.8192117888820571,4034.7295063635397,0.7993100887961779,Put,SPX,SPX230818P03225000,125.1,0.3015,0.03792215687134636,0.9654426039417455
2023-08-18,339,0.927389915582934,3250,0.825562267865639,4034.7295063635397,0.805506291034908,Put,SPX,SPX230818P03250000,129.4,0.2994,0.03792215687134636,0.9654426039417455
2023-08-18,339,0.927389915582934,3300,0.8382632258328027,4034.7295063635397,0.817898695512368,Put,SPX,SPX230818P03300000,138.6,0.2954,0.03792215687134636,0.9654426039417455
2023-08-18,339,0.927389915582934,3325,0.8446137048163845,4034.7295063635397,0.8240948977510981,Put,SPX,SPX230818P03325000,143.45,0.2933,0.03792215687134636,0.9654426039417455
2023-08-18,339,0.927389915582934,3375,0.8573146627835482,4034.7295063635397,0.8364873022285583,Put,SPX,SPX230818P03375000,153.55,0.2893,0.03792215687134636,0.9654426039417455
2023-08-18,339,0.927389915582934,3400,0.86366514176713,4034.7295063635397,0.8426835044672883,Put,SPX,SPX230818P03400000,158.7,0.2873,0.03792215687134636,0.9654426039417455
2023-08-18,339,0.927389915582934,3425,0.8700156207507119,4034.7295063635397,0.8488797067060184,Put,SPX,SPX230818P03425000,164.14999999999998,0.2854,0.03792215687134636,0.9654426039417455
2023-08-18,339,0.927389915582934,3450,0.8763660997342937,4034.7295063635397,0.8550759089447485,Put,SPX,SPX230818P03450000,169.8,0.2834,0.03792215687134636,0.9654426039417455
2023-08-18,339,0.927389915582934,3475,0.8827165787178756,4034.7295063635397,0.8612721111834786,Put,SPX,SPX230818P03475000,175.55,0.2816,0.03792215687134636,0.9654426039417455
2023-08-18,339,0.927389915582934,3500,0.8890670577014574,4034.7295063635397,0.8674683134222085,Put,SPX,SPX230818P03500000,181.45,0.2796,0.03792215687134636,0.9654426039417455
2023-08-18,339,0.927389915582934,3550,0.9017680156686211,4034.7295063635397,0.8798607178996687,Put,SPX,SPX230818P03550000,193.8,0.2759,0.03792215687134636,0.9654426039417455
2023-08-18,339,0.927389915582934,3575,0.908118494652203,4034.7295063635397,0.8860569201383988,Put,SPX,SPX230818P03575000,200.2,0.2739,0.03792215687134636,0.9654426039417455
2023-08-18,339,0.927389915582934,3600,0.9144689736357847,4034.7295063635397,0.8922531223771288,Put,SPX,SPX230818P03600000,206.8,0.272,0.03792215687134636,0.9654426039417455
2023-08-18,339,0.927389915582934,3625,0.9208194526193666,4034.7295063635397,0.8984493246158589,Put,SPX,SPX230818P03625000,213.55,0.2701,0.03792215687134636,0.9654426039417455
2023-08-18,339,0.927389915582934,3650,0.9271699316029485,4034.7295063635397,0.904645526854589,Put,SPX,SPX230818P03650000,220.39999999999998,0.2681,0.03792215687134636,0.9654426039417455
2023-08-18,339,0.927389915582934,3675,0.9335204105865302,4034.7295063635397,0.9108417290933191,Put,SPX,SPX230818P03675000,227.60000000000002,0.2663,0.03792215687134636,0.9654426039417455
2023-08-18,339,0.927389915582934,3700,0.9398708895701121,4034.7295063635397,0.917037931332049,Put,SPX,SPX230818P03700000,234.75,0.2642,0.03792215687134636,0.9654426039417455
2023-08-18,339,0.927389915582934,3725,0.946221368553694,4034.7295063635397,0.9232341335707791,Put,SPX,SPX230818P03725000,242.39999999999998,0.2625,0.03792215687134636,0.9654426039417455
2023-08-18,339,0.927389915582934,3750,0.9525718475372758,4034.7295063635397,0.9294303358095092,Put,SPX,SPX230818P03750000,250.05,0.2606,0.03792215687134636,0.9654426039417455
2023-08-18,339,0.927389915582934,3775,0.9589223265208576,4034.7295063635397,0.9356265380482393,Put,SPX,SPX230818P03775000,257.95000000000005,0.2588,0.03792215687134636,0.9654426039417455
2023-08-18,339,0.927389915582934,3800,0.9652728055044395,4034.7295063635397,0.9418227402869693,Put,SPX,SPX230818P03800000,266.04999999999995,0.2568,0.03792215687134636,0.9654426039417455
2023-08-18,339,0.927389915582934,3825,0.9716232844880213,4034.7295063635397,0.9480189425256994,Put,SPX,SPX230818P03825000,274.25,0.2549,0.03792215687134636,0.9654426039417455
2023-08-18,339,0.927389915582934,3850,0.9779737634716031,4034.7295063635397,0.9542151447644295,Put,SPX,SPX230818P03850000,282.9,0.2531,0.03792215687134636,0.9654426039417455
2023-08-18,339,0.927389915582934,3875,0.984324242455185,4034.7295063635397,0.9604113470031596,Put,SPX,SPX230818P03875000,291.35,0.2513,0.03792215687134636,0.9654426039417455
2023-08-18,339,0.927389915582934,3900,0.9906747214387668,4034.7295063635397,0.9666075492418895,Put,SPX,SPX230818P03900000,300.6,0.2494,0.03792215687134636,0.9654426039417455
2023-08-18,339,0.927389915582934,3925,0.9970252004223487,4034.7295063635397,0.9728037514806196,Put,SPX,SPX230818P03925000,309.6,0.2474,0.03792215687134636,0.9654426039417455
2023-08-18,339,0.927389915582934,3950,1.0033756794059305,4034.7295063635397,0.9789999537193497,Put,SPX,SPX230818P03950000,319.1,0.2456,0.03792215687134636,0.9654426039417455
2023-08-18,339,0.927389915582934,3975,1.0097261583895123,4034.7295063635397,0.9851961559580797,Put,SPX,SPX230818P03975000,328.6,0.2437,0.03792215687134636,0.9654426039417455
2023-08-18,339,0.927389915582934,4000,1.0160766373730943,4034.7295063635397,0.9913923581968098,Put,SPX,SPX230818P04000000,338.2,0.242,0.03792215687134636,0.9654426039417455
2023-08-18,339,0.927389915582934,4025,1.022427116356676,4034.7295063635397,0.9975885604355399,Put,SPX,SPX230818P04025000,348.65,0.24,0.03792215687134636,0.9654426039417455
2023-08-18,339,0.927389915582934,4050,1.0287775953402578,4034.7295063635397,1.00378476267427,Call,SPX,SPX230818C04050000,349.85,0.2381,0.03792215687134636,0.9654426039417455
2023-08-18,339,0.927389915582934,4075,1.0351280743238398,4034.7295063635397,1.009980964913,Call,SPX,SPX230818C04075000,336.4,0.2363,0.03792215687134636,0.9654426039417455
2023-08-18,339,0.927389915582934,4100,1.0414785533074216,4034.7295063635397,1.0161771671517301,Call,SPX,SPX230818C04100000,323.15,0.2343,0.03792215687134636,0.9654426039417455
2023-08-18,339,0.927389915582934,4125,1.0478290322910033,4034.7295063635397,1.0223733693904602,Call,SPX,SPX230818C04125000,310.25,0.2325,0.03792215687134636,0.9654426039417455
2023-08-18,339,0.927389915582934,4150,1.0541795112745853,4034.7295063635397,1.0285695716291903,Call,SPX,SPX230818C04150000,297.8,0.2308,0.03792215687134636,0.9654426039417455
2023-08-18,339,0.927389915582934,4175,1.060529990258167,4034.7295063635397,1.0347657738679203,Call,SPX,SPX230818C04175000,285.15,0.2287,0.03792215687134636,0.9654426039417455
2023-08-18,339,0.927389915582934,4200,1.0668804692417488,4034.7295063635397,1.0409619761066502,Call,SPX,SPX230818C04200000,272.85,0.2269,0.03792215687134636,0.9654426039417455
2023-08-18,339,0.927389915582934,4225,1.0732309482253308,4034.7295063635397,1.0471581783453803,Call,SPX,SPX230818C04225000,261.15,0.2252,0.03792215687134636,0.9654426039417455
2023-08-18,339,0.927389915582934,4250,1.0795814272089126,4034.7295063635397,1.0533543805841104,Call,SPX,SPX230818C04250000,249.4,0.2233,0.03792215687134636,0.9654426039417455
2023-08-18,339,0.927389915582934,4275,1.0859319061924944,4034.7295063635397,1.0595505828228404,Call,SPX,SPX230818C04275000,237.9,0.2213,0.03792215687134636,0.9654426039417455
2023-08-18,339,0.927389915582934,4300,1.0922823851760763,4034.7295063635397,1.0657467850615705,Call,SPX,SPX230818C04300000,226.8,0.2195,0.03792215687134636,0.9654426039417455
2023-08-18,339,0.927389915582934,4325,1.098632864159658,4034.7295063635397,1.0719429873003006,Call,SPX,SPX230818C04325000,216.15,0.2178,0.03792215687134636,0.9654426039417455
2023-08-18,339,0.927389915582934,4350,1.1049833431432399,4034.7295063635397,1.0781391895390307,Call,SPX,SPX230818C04350000,205.5,0.2159,0.03792215687134636,0.9654426039417455
2023-08-18,339,0.927389915582934,4375,1.1113338221268219,4034.7295063635397,1.0843353917777607,Call,SPX,SPX230818C04375000,195.5,0.2142,0.03792215687134636,0.9654426039417455
2023-08-18,339,0.927389915582934,4400,1.1176843011104036,4034.7295063635397,1.0905315940164908,Call,SPX,SPX230818C04400000,185.45,0.2123,0.03792215687134636,0.9654426039417455
2023-08-18,339,0.927389915582934,4425,1.1240347800939854,4034.7295063635397,1.0967277962552209,Call,SPX,SPX230818C04425000,175.8,0.2105,0.03792215687134636,0.9654426039417455
2023-08-18,339,0.927389915582934,4450,1.1303852590775674,4034.7295063635397,1.102923998493951,Call,SPX,SPX230818C04450000,166.5,0.2088,0.03792215687134636,0.9654426039417455
2023-08-18,339,0.927389915582934,4475,1.1367357380611491,4034.7295063635397,1.109120200732681,Call,SPX,SPX230818C04475000,157.7,0.2072,0.03792215687134636,0.9654426039417455
2023-08-18,339,0.927389915582934,4500,1.143086217044731,4034.7295063635397,1.115316402971411,Call,SPX,SPX230818C04500000,148.89999999999998,0.2054,0.03792215687134636,0.9654426039417455
2023-08-18,339,0.927389915582934,4525,1.1494366960283129,4034.7295063635397,1.1215126052101412,Call,SPX,SPX230818C04525000,140.75,0.2039,0.03792215687134636,0.9654426039417455
2023-08-18,339,0.927389915582934,4550,1.1557871750118947,4034.7295063635397,1.1277088074488713,Call,SPX,SPX230818C04550000,132.55,0.2021,0.03792215687134636,0.9654426039417455
2023-08-18,339,0.927389915582934,4575,1.1621376539954764,4034.7295063635397,1.1339050096876013,Call,SPX,SPX230818C04575000,124.95,0.2006,0.03792215687134636,0.9654426039417455
2023-08-18,339,0.927389915582934,4600,1.1684881329790584,4034.7295063635397,1.1401012119263312,Call,SPX,SPX230818C04600000,117.6,0.1991,0.03792215687134636,0.9654426039417455
2023-08-18,339,0.927389915582934,4625,1.1748386119626402,4034.7295063635397,1.1462974141650613,Call,SPX,SPX230818C04625000,110.65,0.1977,0.03792215687134636,0.9654426039417455
2023-08-18,339,0.927389915582934,4650,1.181189090946222,4034.7295063635397,1.1524936164037913,Call,SPX,SPX230818C04650000,103.80000000000001,0.1961,0.03792215687134636,0.9654426039417455
2023-08-18,339,0.927389915582934,4675,1.187539569929804,4034.7295063635397,1.1586898186425214,Call,SPX,SPX230818C04675000,97.5,0.1948,0.03792215687134636,0.9654426039417455
2023-08-18,339,0.927389915582934,4700,1.1938900489133857,4034.7295063635397,1.1648860208812515,Call,SPX,SPX230818C04700000,91.44999999999999,0.1934,0.03792215687134636,0.9654426039417455
2023-08-18,339,0.927389915582934,4725,1.2002405278969674,4034.7295063635397,1.1710822231199816,Call,SPX,SPX230818C04725000,85.80000000000001,0.1922,0.03792215687134636,0.9654426039417455
2023-08-18,339,0.927389915582934,4750,1.2065910068805494,4034.7295063635397,1.1772784253587116,Call,SPX,SPX230818C04750000,80.25,0.1909,0.03792215687134636,0.9654426039417455
2023-08-18,339,0.927389915582934,4775,1.2129414858641312,4034.7295063635397,1.1834746275974417,Call,SPX,SPX230818C04775000,75.15,0.1898,0.03792215687134636,0.9654426039417455
2023-08-18,339,0.927389915582934,4800,1.219291964847713,4034.7295063635397,1.1896708298361718,Call,SPX,SPX230818C04800000,70.3,0.1887,0.03792215687134636,0.9654426039417455
2023-08-18,339,0.927389915582934,4825,1.225642443831295,4034.7295063635397,1.1958670320749019,Call,SPX,SPX230818C04825000,65.55,0.1874,0.03792215687134636,0.9654426039417455
2023-08-18,339,0.927389915582934,4850,1.2319929228148767,4034.7295063635397,1.202063234313632,Call,SPX,SPX230818C04850000,61.25,0.1864,0.03792215687134636,0.9654426039417455
2023-08-18,339,0.927389915582934,4875,1.2383434017984585,4034.7295063635397,1.208259436552362,Call,SPX,SPX230818C04875000,57.400000000000006,0.1857,0.03792215687134636,0.9654426039417455
2023-08-18,339,0.927389915582934,4900,1.2446938807820405,4034.7295063635397,1.214455638791092,Call,SPX,SPX230818C04900000,53.35,0.1845,0.03792215687134636,0.9654426039417455
2023-08-18,339,0.927389915582934,4925,1.2510443597656222,4034.7295063635397,1.2206518410298222,Call,SPX,SPX230818C04925000,49.7,0.1836,0.03792215687134636,0.9654426039417455
2023-08-18,339,0.927389915582934,4950,1.257394838749204,4034.7295063635397,1.2268480432685522,Call,SPX,SPX230818C04950000,46.400000000000006,0.1828,0.03792215687134636,0.9654426039417455
2023-08-18,339,0.927389915582934,5000,1.2700957967163677,4034.7295063635397,1.2392404477460122,Call,SPX,SPX230818C05000000,40.3,0.1813,0.03792215687134636,0.9654426039417455
2023-08-18,339,0.927389915582934,5050,1.2827967546835315,4034.7295063635397,1.2516328522234723,Call,SPX,SPX230818C05050000,35.099999999999994,0.1802,0.03792215687134636,0.9654426039417455
2023-08-18,339,0.927389915582934,5100,1.295497712650695,4034.7295063635397,1.2640252567009325,Call,SPX,SPX230818C05100000,30.299999999999997,0.1788,0.03792215687134636,0.9654426039417455
2023-08-18,339,0.927389915582934,5150,1.3081986706178588,4034.7295063635397,1.2764176611783926,Call,SPX,SPX230818C05150000,26.5,0.1782,0.03792215687134636,0.9654426039417455
2023-08-18,339,0.927389915582934,5200,1.3208996285850225,4034.7295063635397,1.2888100656558528,Call,SPX,SPX230818C05200000,23.0,0.1774,0.03792215687134636,0.9654426039417455
2023-09-15,367,1.004049737622633,2850,0.7239546041283296,4043.129158410221,0.7048995687094584,Put,SPX,SPX230915P02850000,80.05,0.3322,0.03796868171787004,0.9625950688019079
2023-09-15,367,1.004049737622633,2900,0.7366555620954933,4043.129158410221,0.7172662278096242,Put,SPX,SPX230915P02900000,85.7,0.3275,0.03796868171787004,0.9625950688019079
2023-09-15,367,1.004049737622633,2925,0.7430060410790751,4043.129158410221,0.7234495573597073,Put,SPX,SPX230915P02925000,88.8,0.3253,0.03796868171787004,0.9625950688019079
2023-09-15,367,1.004049737622633,2950,0.749356520062657,4043.129158410221,0.7296328869097902,Put,SPX,SPX230915P02950000,91.94999999999999,0.3232,0.03796868171787004,0.9625950688019079
2023-09-15,367,1.004049737622633,2975,0.7557069990462388,4043.129158410221,0.7358162164598732,Put,SPX,SPX230915P02975000,95.15,0.321,0.03796868171787004,0.9625950688019079
2023-09-15,367,1.004049737622633,3000,0.7620574780298206,4043.129158410221,0.7419995460099561,Put,SPX,SPX230915P03000000,98.4,0.3187,0.03796868171787004,0.9625950688019079
2023-09-15,367,1.004049737622633,3050,0.7747584359969844,4043.129158410221,0.7543662051101221,Put,SPX,SPX230915P03050000,105.35,0.3144,0.03796868171787004,0.9625950688019079
2023-09-15,367,1.004049737622633,3075,0.7811089149805661,4043.129158410221,0.760549534660205,Put,SPX,SPX230915P03075000,109.0,0.3123,0.03796868171787004,0.9625950688019079
2023-09-15,367,1.004049737622633,3100,0.787459393964148,4043.129158410221,0.766732864210288,Put,SPX,SPX230915P03100000,112.8,0.3102,0.03796868171787004,0.9625950688019079
2023-09-15,367,1.004049737622633,3125,0.7938098729477299,4043.129158410221,0.772916193760371,Put,SPX,SPX230915P03125000,116.65,0.3081,0.03796868171787004,0.9625950688019079
2023-09-15,367,1.004049737622633,3150,0.8001603519313116,4043.129158410221,0.779099523310454,Put,SPX,SPX230915P03150000,120.65,0.306,0.03796868171787004,0.9625950688019079
2023-09-15,367,1.004049737622633,3175,0.8065108309148935,4043.129158410221,0.7852828528605369,Put,SPX,SPX230915P03175000,124.75,0.304,0.03796868171787004,0.9625950688019079
2023-09-15,367,1.004049737622633,3200,0.8128613098984754,4043.129158410221,0.7914661824106198,Put,SPX,SPX230915P03200000,129.14999999999998,0.3021,0.03796868171787004,0.9625950688019079
2023-09-15,367,1.004049737622633,3225,0.8192117888820571,4043.129158410221,0.7976495119607029,Put,SPX,SPX230915P03225000,133.55,0.3001,0.03796868171787004,0.9625950688019079
2023-09-15,367,1.004049737622633,3250,0.825562267865639,4043.129158410221,0.8038328415107858,Put,SPX,SPX230915P03250000,138.05,0.2981,0.03796868171787004,0.9625950688019079
2023-09-15,367,1.004049737622633,3275,0.8319127468492209,4043.129158410221,0.8100161710608688,Put,SPX,SPX230915P03275000,142.6,0.296,0.03796868171787004,0.9625950688019079
2023-09-15,367,1.004049737622633,3300,0.8382632258328027,4043.129158410221,0.8161995006109518,Put,SPX,SPX230915P03300000,147.45,0.2941,0.03796868171787004,0.9625950688019079
2023-09-15,367,1.004049737622633,3325,0.8446137048163845,4043.129158410221,0.8223828301610348,Put,SPX,SPX230915P03325000,152.5,0.2922,0.03796868171787004,0.9625950688019079
2023-09-15,367,1.004049737622633,3350,0.8509641837999664,4043.129158410221,0.8285661597111177,Put,SPX,SPX230915P03350000,157.6,0.2903,0.03796868171787004,0.9625950688019079
2023-09-15,367,1.004049737622633,3375,0.8573146627835482,4043.129158410221,0.8347494892612006,Put,SPX,SPX230915P03375000,162.75,0.2884,0.03796868171787004,0.9625950688019079
2023-09-15,367,1.004049737622633,3400,0.86366514176713,4043.129158410221,0.8409328188112837,Put,SPX,SPX230915P03400000,168.05,0.2864,0.03796868171787004,0.9625950688019079
2023-09-15,367,1.004049737622633,3425,0.8700156207507119,4043.129158410221,0.8471161483613666,Put,SPX,SPX230915P03425000,173.7,0.2847,0.03796868171787004,0.9625950688019079
2023-09-15,367,1.004049737622633,3450,0.8763660997342937,4043.129158410221,0.8532994779114496,Put,SPX,SPX230915P03450000,179.45,0.2828,0.03796868171787004,0.9625950688019079
2023-09-15,367,1.004049737622633,3475,0.8827165787178756,4043.129158410221,0.8594828074615325,Put,SPX,SPX230915P03475000,185.3,0.281,0.03796868171787004,0.9625950688019079
2023-09-15,367,1.004049737622633,3500,0.8890670577014574,4043.129158410221,0.8656661370116155,Put,SPX,SPX230915P03500000,191.3,0.2791,0.03796868171787004,0.9625950688019079
2023-09-15,367,1.004049737622633,3525,0.8954175366850392,4043.129158410221,0.8718494665616985,Put,SPX,SPX230915P03525000,197.55,0.2772,0.03796868171787004,0.9625950688019079
2023-09-15,367,1.004049737622633,3550,0.9017680156686211,4043.129158410221,0.8780327961117814,Put,SPX,SPX230915P03550000,203.75,0.2753,0.03796868171787004,0.9625950688019079
2023-09-15,367,1.004049737622633,3575,0.908118494652203,4043.129158410221,0.8842161256618644,Put,SPX,SPX230915P03575000,210.3,0.2735,0.03796868171787004,0.9625950688019079
2023-09-15,367,1.004049737622633,3600,0.9144689736357847,4043.129158410221,0.8903994552119474,Put,SPX,SPX230915P03600000,216.95,0.2716,0.03796868171787004,0.9625950688019079
2023-09-15,367,1.004049737622633,3625,0.9208194526193666,4043.129158410221,0.8965827847620303,Put,SPX,SPX230915P03625000,223.75,0.2698,0.03796868171787004,0.9625950688019079
2023-09-15,367,1.004049737622633,3650,0.9271699316029485,4043.129158410221,0.9027661143121133,Put,SPX,SPX230915P03650000,230.75,0.2679,0.03796868171787004,0.9625950688019079
2023-09-15,367,1.004049737622633,3675,0.9335204105865302,4043.129158410221,0.9089494438621962,Put,SPX,SPX230915P03675000,238.0,0.2662,0.03796868171787004,0.9625950688019079
2023-09-15,367,1.004049737622633,3700,0.9398708895701121,4043.129158410221,0.9151327734122793,Put,SPX,SPX230915P03700000,245.3,0.2643,0.03796868171787004,0.9625950688019079
2023-09-15,367,1.004049737622633,3725,0.946221368553694,4043.129158410221,0.9213161029623622,Put,SPX,SPX230915P03725000,252.85,0.2625,0.03796868171787004,0.9625950688019079
2023-09-15,367,1.004049737622633,3750,0.9525718475372758,4043.129158410221,0.9274994325124452,Put,SPX,SPX230915P03750000,260.5,0.2606,0.03796868171787004,0.9625950688019079
2023-09-15,367,1.004049737622633,3775,0.9589223265208576,4043.129158410221,0.9336827620625281,Put,SPX,SPX230915P03775000,268.4,0.2588,0.03796868171787004,0.9625950688019079
2023-09-15,367,1.004049737622633,3800,0.9652728055044395,4043.129158410221,0.9398660916126111,Put,SPX,SPX230915P03800000,276.6,0.257,0.03796868171787004,0.9625950688019079
2023-09-15,367,1.004049737622633,3825,0.9716232844880213,4043.129158410221,0.9460494211626941,Put,SPX,SPX230915P03825000,284.9,0.2552,0.03796868171787004,0.9625950688019079
2023-09-15,367,1.004049737622633,3850,0.9779737634716031,4043.129158410221,0.952232750712777,Put,SPX,SPX230915P03850000,293.29999999999995,0.2533,0.03796868171787004,0.9625950688019079
2023-09-15,367,1.004049737622633,3875,0.984324242455185,4043.129158410221,0.9584160802628601,Put,SPX,SPX230915P03875000,302.15,0.2516,0.03796868171787004,0.9625950688019079
2023-09-15,367,1.004049737622633,3900,0.9906747214387668,4043.129158410221,0.964599409812943,Put,SPX,SPX230915P03900000,311.05,0.2498,0.03796868171787004,0.9625950688019079
2023-09-15,367,1.004049737622633,3925,0.9970252004223487,4043.129158410221,0.970782739363026,Put,SPX,SPX230915P03925000,320.2,0.248,0.03796868171787004,0.9625950688019079
2023-09-15,367,1.004049737622633,3950,1.0033756794059305,4043.129158410221,0.9769660689131089,Put,SPX,SPX230915P03950000,329.5,0.2462,0.03796868171787004,0.9625950688019079
2023-09-15,367,1.004049737622633,3975,1.0097261583895123,4043.129158410221,0.9831493984631919,Put,SPX,SPX230915P03975000,339.05,0.2444,0.03796868171787004,0.9625950688019079
2023-09-15,367,1.004049737622633,4000,1.0160766373730943,4043.129158410221,0.9893327280132749,Put,SPX,SPX230915P04000000,348.8,0.2426,0.03796868171787004,0.9625950688019079
2023-09-15,367,1.004049737622633,4025,1.022427116356676,4043.129158410221,0.9955160575633578,Put,SPX,SPX230915P04025000,358.79999999999995,0.2408,0.03796868171787004,0.9625950688019079
2023-09-15,367,1.004049737622633,4050,1.0287775953402578,4043.129158410221,1.0016993871134408,Call,SPX,SPX230915C04050000,367.75,0.2381,0.03796868171787004,0.9625950688019079
2023-09-15,367,1.004049737622633,4075,1.0351280743238398,4043.129158410221,1.0078827166635238,Call,SPX,SPX230915C04075000,354.35,0.2364,0.03796868171787004,0.9625950688019079
2023-09-15,367,1.004049737622633,4100,1.0414785533074216,4043.129158410221,1.0140660462136066,Call,SPX,SPX230915C04100000,340.95,0.2345,0.03796868171787004,0.9625950688019079
2023-09-15,367,1.004049737622633,4125,1.0478290322910033,4043.129158410221,1.0202493757636897,Call,SPX,SPX230915C04125000,327.95,0.2327,0.03796868171787004,0.9625950688019079
2023-09-15,367,1.004049737622633,4150,1.0541795112745853,4043.129158410221,1.0264327053137727,Call,SPX,SPX230915C04150000,315.15,0.2308,0.03796868171787004,0.9625950688019079
2023-09-15,367,1.004049737622633,4175,1.060529990258167,4043.129158410221,1.0326160348638556,Call,SPX,SPX230915C04175000,302.65,0.229,0.03796868171787004,0.9625950688019079
2023-09-15,367,1.004049737622633,4200,1.0668804692417488,4043.129158410221,1.0387993644139386,Call,SPX,SPX230915C04200000,290.3,0.2272,0.03796868171787004,0.9625950688019079
2023-09-15,367,1.004049737622633,4225,1.0732309482253308,4043.129158410221,1.0449826939640217,Call,SPX,SPX230915C04225000,278.35,0.2255,0.03796868171787004,0.9625950688019079
2023-09-15,367,1.004049737622633,4250,1.0795814272089126,4043.129158410221,1.0511660235141045,Call,SPX,SPX230915C04250000,266.65,0.2237,0.03796868171787004,0.9625950688019079
2023-09-15,367,1.004049737622633,4275,1.0859319061924944,4043.129158410221,1.0573493530641875,Call,SPX,SPX230915C04275000,255.15,0.222,0.03796868171787004,0.9625950688019079
2023-09-15,367,1.004049737622633,4300,1.0922823851760763,4043.129158410221,1.0635326826142704,Call,SPX,SPX230915C04300000,243.89999999999998,0.2202,0.03796868171787004,0.9625950688019079
2023-09-15,367,1.004049737622633,4325,1.098632864159658,4043.129158410221,1.0697160121643534,Call,SPX,SPX230915C04325000,232.9,0.2184,0.03796868171787004,0.9625950688019079
2023-09-15,367,1.004049737622633,4350,1.1049833431432399,4043.129158410221,1.0758993417144365,Call,SPX,SPX230915C04350000,222.14999999999998,0.2165,0.03796868171787004,0.9625950688019079
2023-09-15,367,1.004049737622633,4375,1.1113338221268219,4043.129158410221,1.0820826712645193,Call,SPX,SPX230915C04375000,211.9,0.215,0.03796868171787004,0.9625950688019079
2023-09-15,367,1.004049737622633,4400,1.1176843011104036,4043.129158410221,1.0882660008146023,Call,SPX,SPX230915C04400000,201.7,0.2132,0.03796868171787004,0.9625950688019079
2023-09-15,367,1.004049737622633,4425,1.1240347800939854,4043.129158410221,1.0944493303646854,Call,SPX,SPX230915C04425000,191.8,0.2114,0.03796868171787004,0.9625950688019079
2023-09-15,367,1.004049737622633,4450,1.1303852590775674,4043.129158410221,1.1006326599147682,Call,SPX,SPX230915C04450000,182.25,0.2097,0.03796868171787004,0.9625950688019079
2023-09-15,367,1.004049737622633,4475,1.1367357380611491,4043.129158410221,1.1068159894648513,Call,SPX,SPX230915C04475000,173.10000000000002,0.208,0.03796868171787004,0.9625950688019079
2023-09-15,367,1.004049737622633,4500,1.143086217044731,4043.129158410221,1.1129993190149343,Call,SPX,SPX230915C04500000,164.15,0.2065,0.03796868171787004,0.9625950688019079
2023-09-15,367,1.004049737622633,4525,1.1494366960283129,4043.129158410221,1.1191826485650171,Call,SPX,SPX230915C04525000,155.55,0.2048,0.03796868171787004,0.9625950688019079
2023-09-15,367,1.004049737622633,4550,1.1557871750118947,4043.129158410221,1.1253659781151002,Call,SPX,SPX230915C04550000,147.05,0.2032,0.03796868171787004,0.9625950688019079
2023-09-15,367,1.004049737622633,4575,1.1621376539954764,4043.129158410221,1.131549307665183,Call,SPX,SPX230915C04575000,139.10000000000002,0.2016,0.03796868171787004,0.9625950688019079
2023-09-15,367,1.004049737622633,4600,1.1684881329790584,4043.129158410221,1.137732637215266,Call,SPX,SPX230915C04600000,131.39999999999998,0.2001,0.03796868171787004,0.9625950688019079
2023-09-15,367,1.004049737622633,4625,1.1748386119626402,4043.129158410221,1.1439159667653491,Call,SPX,SPX230915C04625000,123.9,0.1986,0.03796868171787004,0.9625950688019079
2023-09-15,367,1.004049737622633,4650,1.181189090946222,4043.129158410221,1.150099296315432,Call,SPX,SPX230915C04650000,116.85,0.1971,0.03796868171787004,0.9625950688019079
2023-09-15,367,1.004049737622633,4675,1.187539569929804,4043.129158410221,1.156282625865515,Call,SPX,SPX230915C04675000,110.2,0.1958,0.03796868171787004,0.9625950688019079
2023-09-15,367,1.004049737622633,4700,1.1938900489133857,4043.129158410221,1.162465955415598,Call,SPX,SPX230915C04700000,103.75,0.1945,0.03796868171787004,0.9625950688019079
2023-09-15,367,1.004049737622633,4725,1.2002405278969674,4043.129158410221,1.1686492849656809,Call,SPX,SPX230915C04725000,97.65,0.1932,0.03796868171787004,0.9625950688019079
2023-09-15,367,1.004049737622633,4775,1.2129414858641312,4043.129158410221,1.1810159440658468,Call,SPX,SPX230915C04775000,86.19999999999999,0.1907,0.03796868171787004,0.9625950688019079
2023-09-15,367,1.004049737622633,4800,1.219291964847713,4043.129158410221,1.1871992736159298,Call,SPX,SPX230915C04800000,80.85,0.1895,0.03796868171787004,0.9625950688019079
2023-09-15,367,1.004049737622633,4825,1.225642443831295,4043.129158410221,1.1933826031660129,Call,SPX,SPX230915C04825000,75.8,0.1883,0.03796868171787004,0.9625950688019079
2023-09-15,367,1.004049737622633,4850,1.2319929228148767,4043.129158410221,1.1995659327160957,Call,SPX,SPX230915C04850000,71.05,0.1872,0.03796868171787004,0.9625950688019079
2023-09-15,367,1.004049737622633,4875,1.2383434017984585,4043.129158410221,1.2057492622661787,Call,SPX,SPX230915C04875000,66.6,0.1862,0.03796868171787004,0.9625950688019079
2023-09-15,367,1.004049737622633,4900,1.2446938807820405,4043.129158410221,1.2119325918162618,Call,SPX,SPX230915C04900000,62.4,0.1853,0.03796868171787004,0.9625950688019079
2023-09-15,367,1.004049737622633,4925,1.2510443597656222,4043.129158410221,1.2181159213663446,Call,SPX,SPX230915C04925000,58.4,0.1844,0.03796868171787004,0.9625950688019079
2023-09-15,367,1.004049737622633,4950,1.257394838749204,4043.129158410221,1.2242992509164277,Call,SPX,SPX230915C04950000,54.65,0.1835,0.03796868171787004,0.9625950688019079
2023-09-15,367,1.004049737622633,5000,1.2700957967163677,4043.129158410221,1.2366659100165935,Call,SPX,SPX230915C05000000,48.0,0.1821,0.03796868171787004,0.9625950688019079
2023-09-15,367,1.004049737622633,5050,1.2827967546835315,4043.129158410221,1.2490325691167594,Call,SPX,SPX230915C05050000,41.95,0.1806,0.03796868171787004,0.9625950688019079
2023-09-15,367,1.004049737622633,5100,1.295497712650695,4043.129158410221,1.2613992282169255,Call,SPX,SPX230915C05100000,36.7,0.1794,0.03796868171787004,0.9625950688019079
2023-09-15,367,1.004049737622633,5150,1.3081986706178588,4043.129158410221,1.2737658873170914,Call,SPX,SPX230915C05150000,32.1,0.1784,0.03796868171787004,0.9625950688019079
2023-09-15,367,1.004049737622633,5200,1.3208996285850225,4043.129158410221,1.2861325464172573,Call,SPX,SPX230915C05200000,28.25,0.1778,0.03796868171787004,0.9625950688019079
2023-12-15,458,1.2531941592516542,2850,0.7239546041283296,4070.469899328303,0.7001648631452351,Put,SPX,SPX231215P02850000,96.75,0.3221,0.038065073830717965,0.9534169783129358
2023-12-15,458,1.2531941592516542,2875,0.7303050831119114,4070.469899328303,0.7063066601903687,Put,SPX,SPX231215P02875000,100.30000000000001,0.3205,0.038065073830717965,0.9534169783129358
2023-12-15,458,1.2531941592516542,2900,0.7366555620954933,4070.469899328303,0.7124484572355023,Put,SPX,SPX231215P02900000,103.35,0.3182,0.038065073830717965,0.9534169783129358
2023-12-15,458,1.2531941592516542,2925,0.7430060410790751,4070.469899328303,0.7185902542806359,Put,SPX,SPX231215P02925000,106.7,0.3161,0.038065073830717965,0.9534169783129358
2023-12-15,458,1.2531941592516542,2950,0.749356520062657,4070.469899328303,0.7247320513257696,Put,SPX,SPX231215P02950000,110.5,0.3145,0.038065073830717965,0.9534169783129358
2023-12-15,458,1.2531941592516542,2975,0.7557069990462388,4070.469899328303,0.7308738483709032,Put,SPX,SPX231215P02975000,114.15,0.3126,0.038065073830717965,0.9534169783129358
2023-12-15,458,1.2531941592516542,3000,0.7620574780298206,4070.469899328303,0.7370156454160368,Put,SPX,SPX231215P03000000,117.85,0.3107,0.038065073830717965,0.9534169783129358
2023-12-15,458,1.2531941592516542,3025,0.7684079570134025,4070.469899328303,0.7431574424611705,Put,SPX,SPX231215P03025000,121.75,0.3088,0.038065073830717965,0.9534169783129358
2023-12-15,458,1.2531941592516542,3050,0.7747584359969844,4070.469899328303,0.7492992395063042,Put,SPX,SPX231215P03050000,125.7,0.307,0.038065073830717965,0.9534169783129358
2023-12-15,458,1.2531941592516542,3075,0.7811089149805661,4070.469899328303,0.7554410365514378,Put,SPX,SPX231215P03075000,129.8,0.3051,0.038065073830717965,0.9534169783129358
2023-12-15,458,1.2531941592516542,3100,0.787459393964148,4070.469899328303,0.7615828335965714,Put,SPX,SPX231215P03100000,134.0,0.3033,0.038065073830717965,0.9534169783129358
2023-12-15,458,1.2531941592516542,3125,0.7938098729477299,4070.469899328303,0.767724630641705,Put,SPX,SPX231215P03125000,138.25,0.3015,0.038065073830717965,0.9534169783129358
2023-12-15,458,1.2531941592516542,3150,0.8001603519313116,4070.469899328303,0.7738664276868387,Put,SPX,SPX231215P03150000,142.75,0.2997,0.038065073830717965,0.9534169783129358
2023-12-15,458,1.2531941592516542,3175,0.8065108309148935,4070.469899328303,0.7800082247319724,Put,SPX,SPX231215P03175000,147.35,0.298,0.038065073830717965,0.9534169783129358
2023-12-15,458,1.2531941592516542,3200,0.8128613098984754,4070.469899328303,0.786150021777106,Put,SPX,SPX231215P03200000,151.9,0.2961,0.038065073830717965,0.9534169783129358
2023-12-15,458,1.2531941592516542,3225,0.8192117888820571,4070.469899328303,0.7922918188222396,Put,SPX,SPX231215P03225000,156.8,0.2945,0.038065073830717965,0.9534169783129358
2023-12-15,458,1.2531941592516542,3250,0.825562267865639,4070.469899328303,0.7984336158673733,Put,SPX,SPX231215P03250000,161.8,0.2928,0.038065073830717965,0.9534169783129358
2023-12-15,458,1.2531941592516542,3275,0.8319127468492209,4070.469899328303,0.8045754129125069,Put,SPX,SPX231215P03275000,166.75,0.291,0.038065073830717965,0.9534169783129358
2023-12-15,458,1.2531941592516542,3300,0.8382632258328027,4070.469899328303,0.8107172099576405,Put,SPX,SPX231215P03300000,171.95,0.2893,0.038065073830717965,0.9534169783129358
2023-12-15,458,1.2531941592516542,3325,0.8446137048163845,4070.469899328303,0.8168590070027743,Put,SPX,SPX231215P03325000,177.3,0.2876,0.038065073830717965,0.9534169783129358
2023-12-15,458,1.2531941592516542,3350,0.8509641837999664,4070.469899328303,0.8230008040479079,Put,SPX,SPX231215P03350000,182.7,0.2859,0.038065073830717965,0.9534169783129358
2023-12-15,458,1.2531941592516542,3375,0.8573146627835482,4070.469899328303,0.8291426010930415,Put,SPX,SPX231215P03375000,188.3,0.2842,0.038065073830717965,0.9534169783129358
2023-12-15,458,1.2531941592516542,3400,0.86366514176713,4070.469899328303,0.8352843981381751,Put,SPX,SPX231215P03400000,193.85,0.2824,0.038065073830717965,0.9534169783129358
2023-12-15,458,1.2531941592516542,3425,0.8700156207507119,4070.469899328303,0.8414261951833087,Put,SPX,SPX231215P03425000,199.8,0.2808,0.038065073830717965,0.9534169783129358
2023-12-15,458,1.2531941592516542,3450,0.8763660997342937,4070.469899328303,0.8475679922284424,Put,SPX,SPX231215P03450000,205.6,0.279,0.038065073830717965,0.9534169783129358
2023-12-15,458,1.2531941592516542,3475,0.8827165787178756,4070.469899328303,0.853709789273576,Put,SPX,SPX231215P03475000,211.8,0.2774,0.038065073830717965,0.9534169783129358
2023-12-15,458,1.2531941592516542,3500,0.8890670577014574,4070.469899328303,0.8598515863187097,Put,SPX,SPX231215P03500000,218.15,0.2758,0.038065073830717965,0.9534169783129358
2023-12-15,458,1.2531941592516542,3525,0.8954175366850392,4070.469899328303,0.8659933833638433,Put,SPX,SPX231215P03525000,224.45,0.274,0.038065073830717965,0.9534169783129358
2023-12-15,458,1.2531941592516542,3550,0.9017680156686211,4070.469899328303,0.872135180408977,Put,SPX,SPX231215P03550000,231.05,0.2724,0.038065073830717965,0.9534169783129358
2023-12-15,458,1.2531941592516542,3575,0.908118494652203,4070.469899328303,0.8782769774541106,Put,SPX,SPX231215P03575000,237.75,0.2707,0.038065073830717965,0.9534169783129358
2023-12-15,458,1.2531941592516542,3600,0.9144689736357847,4070.469899328303,0.8844187744992442,Put,SPX,SPX231215P03600000,244.75,0.2692,0.038065073830717965,0.9534169783129358
2023-12-15,458,1.2531941592516542,3625,0.9208194526193666,4070.469899328303,0.8905605715443778,Put,SPX,SPX231215P03625000,251.55,0.2674,0.038065073830717965,0.9534169783129358
2023-12-15,458,1.2531941592516542,3650,0.9271699316029485,4070.469899328303,0.8967023685895116,Put,SPX,SPX231215P03650000,258.9,0.2658,0.038065073830717965,0.9534169783129358
2023-12-15,458,1.2531941592516542,3675,0.9335204105865302,4070.469899328303,0.9028441656346452,Put,SPX,SPX231215P03675000,266.3,0.2642,0.038065073830717965,0.9534169783129358
2023-12-15,458,1.2531941592516542,3700,0.9398708895701121,4070.469899328303,0.9089859626797788,Put,SPX,SPX231215P03700000,273.65,0.2625,0.038065073830717965,0.9534169783129358
2023-12-15,458,1.2531941592516542,3725,0.946221368553694,4070.469899328303,0.9151277597249124,Put,SPX,SPX231215P03725000,281.4,0.261,0.038065073830717965,0.9534169783129358
2023-12-15,458,1.2531941592516542,3750,0.9525718475372758,4070.469899328303,0.9212695567700461,Put,SPX,SPX231215P03750000,289.0,0.2592,0.038065073830717965,0.9534169783129358
2023-12-15,458,1.2531941592516542,3775,0.9589223265208576,4070.469899328303,0.9274113538151797,Put,SPX,SPX231215P03775000,297.0,0.2576,0.038065073830717965,0.9534169783129358
2023-12-15,458,1.2531941592516542,3800,0.9652728055044395,4070.469899328303,0.9335531508603133,Put,SPX,SPX231215P03800000,305.1,0.2559,0.038065073830717965,0.9534169783129358
2023-12-15,458,1.2531941592516542,3825,0.9716232844880213,4070.469899328303,0.939694947905447,Put,SPX,SPX231215P03825000,313.5,0.2543,0.038065073830717965,0.9534169783129358
2023-12-15,458,1.2531941592516542,3850,0.9779737634716031,4070.469899328303,0.9458367449505807,Put,SPX,SPX231215P03850000,322.0,0.2527,0.038065073830717965,0.9534169783129358
2023-12-15,458,1.2531941592516542,3875,0.984324242455185,4070.469899328303,0.9519785419957143,Put,SPX,SPX231215P03875000,330.85,0.2513,0.038065073830717965,0.9534169783129358
2023-12-15,458,1.2531941592516542,3900,0.9906747214387668,4070.469899328303,0.9581203390408479,Put,SPX,SPX231215P03900000,339.7,0.2495,0.038065073830717965,0.9534169783129358
2023-12-15,458,1.2531941592516542,3925,0.9970252004223487,4070.469899328303,0.9642621360859815,Put,SPX,SPX231215P03925000,348.75,0.2479,0.038065073830717965,0.9534169783129358
2023-12-15,458,1.2531941592516542,3950,1.0033756794059305,4070.469899328303,0.9704039331311152,Put,SPX,SPX231215P03950000,358.2,0.2464,0.038065073830717965,0.9534169783129358
2023-12-15,458,1.2531941592516542,3975,1.0097261583895123,4070.469899328303,0.9765457301762489,Put,SPX,SPX231215P03975000,367.65,0.2449,0.038065073830717965,0.9534169783129358
2023-12-15,458,1.2531941592516542,4000,1.0160766373730943,4070.469899328303,0.9826875272213825,Put,SPX,SPX231215P04000000,377.4,0.2434,0.038065073830717965,0.9534169783129358
2023-12-15,458,1.2531941592516542,4025,1.022427116356676,4070.469899328303,0.9888293242665162,Put,SPX,SPX231215P04025000,387.20000000000005,0.2418,0.038065073830717965,0.9534169783129358
2023-12-15,458,1.2531941592516542,4050,1.0287775953402578,4070.469899328303,0.9949711213116498,Put,SPX,SPX231215P04050000,397.2,0.2401,0.038065073830717965,0.9534169783129358
2023-12-15,458,1.2531941592516542,4075,1.0351280743238398,4070.469899328303,1.0011129183567835,Call,SPX,SPX231215C04075000,410.15,0.2377,0.038065073830717965,0.9534169783129358
2023-12-15,458,1.2531941592516542,4100,1.0414785533074216,4070.469899328303,1.0072547154019171,Call,SPX,SPX231215C04100000,396.85,0.2361,0.038065073830717965,0.9534169783129358
2023-12-15,458,1.2531941592516542,4125,1.0478290322910033,4070.469899328303,1.0133965124470508,Call,SPX,SPX231215C04125000,383.79999999999995,0.2345,0.038065073830717965,0.9534169783129358
2023-12-15,458,1.2531941592516542,4150,1.0541795112745853,4070.469899328303,1.0195383094921844,Call,SPX,SPX231215C04150000,370.85,0.2327,0.038065073830717965,0.9534169783129358
2023-12-15,458,1.2531941592516542,4175,1.060529990258167,4070.469899328303,1.025680106537318,Call,SPX,SPX231215C04175000,358.2,0.2311,0.038065073830717965,0.9534169783129358
2023-12-15,458,1.2531941592516542,4200,1.0668804692417488,4070.469899328303,1.0318219035824516,Call,SPX,SPX231215C04200000,345.8,0.2295,0.038065073830717965,0.9534169783129358
2023-12-15,458,1.2531941592516542,4225,1.0732309482253308,4070.469899328303,1.0379637006275853,Call,SPX,SPX231215C04225000,333.5,0.2279,0.038065073830717965,0.9534169783129358
2023-12-15,458,1.2531941592516542,4250,1.0795814272089126,4070.469899328303,1.0441054976727189,Call,SPX,SPX231215C04250000,321.7,0.2264,0.038065073830717965,0.9534169783129358
2023-12-15,458,1.2531941592516542,4275,1.0859319061924944,4070.469899328303,1.0502472947178525,Call,SPX,SPX231215C04275000,310.1,0.225,0.038065073830717965,0.9534169783129358
2023-12-15,458,1.2531941592516542,4300,1.0922823851760763,4070.469899328303,1.0563890917629861,Call,SPX,SPX231215C04300000,298.6,0.2234,0.038065073830717965,0.9534169783129358
2023-12-15,458,1.2531941592516542,4325,1.098632864159658,4070.469899328303,1.0625308888081197,Call,SPX,SPX231215C04325000,287.25,0.2218,0.038065073830717965,0.9534169783129358
2023-12-15,458,1.2531941592516542,4350,1.1049833431432399,4070.469899328303,1.0686726858532534,Call,SPX,SPX231215C04350000,276.0,0.2201,0.038065073830717965,0.9534169783129358
2023-12-15,458,1.2531941592516542,4375,1.1113338221268219,4070.469899328303,1.074814482898387,Call,SPX,SPX231215C04375000,265.35,0.2187,0.038065073830717965,0.9534169783129358
2023-12-15,458,1.2531941592516542,4400,1.1176843011104036,4070.469899328303,1.0809562799435208,Call,SPX,SPX231215C04400000,254.75,0.2171,0.038065073830717965,0.9534169783129358
2023-12-15,458,1.2531941592516542,4425,1.1240347800939854,4070.469899328303,1.0870980769886545,Call,SPX,SPX231215C04425000,244.3,0.2155,0.038065073830717965,0.9534169783129358
2023-12-15,458,1.2531941592516542,4450,1.1303852590775674,4070.469899328303,1.093239874033788,Call,SPX,SPX231215C04450000,234.2,0.214,0.038065073830717965,0.9534169783129358
2023-12-15,458,1.2531941592516542,4475,1.1367357380611491,4070.469899328303,1.0993816710789217,Call,SPX,SPX231215C04475000,224.35000000000002,0.2125,0.038065073830717965,0.9534169783129358
2023-12-15,458,1.2531941592516542,4500,1.143086217044731,4070.469899328303,1.1055234681240553,Call,SPX,SPX231215C04500000,214.7,0.211,0.038065073830717965,0.9534169783129358
2023-12-15,458,1.2531941592516542,4525,1.1494366960283129,4070.469899328303,1.111665265169189,Call,SPX,SPX231215C04525000,205.25,0.2094,0.038065073830717965,0.9534169783129358
2023-12-15,458,1.2531941592516542,4550,1.1557871750118947,4070.469899328303,1.1178070622143226,Call,SPX,SPX231215C04550000,196.2,0.208,0.038065073830717965,0.9534169783129358
2023-12-15,458,1.2531941592516542,4575,1.1621376539954764,4070.469899328303,1.1239488592594562,Call,SPX,SPX231215C04575000,187.15,0.2064,0.038065073830717965,0.9534169783129358
2023-12-15,458,1.2531941592516542,4600,1.1684881329790584,4070.469899328303,1.1300906563045898,Call,SPX,SPX231215C04600000,178.60000000000002,0.205,0.038065073830717965,0.9534169783129358
2023-12-15,458,1.2531941592516542,4625,1.1748386119626402,4070.469899328303,1.1362324533497234,Call,SPX,SPX231215C04625000,170.4,0.2036,0.038065073830717965,0.9534169783129358
2023-12-15,458,1.2531941592516542,4650,1.181189090946222,4070.469899328303,1.142374250394857,Call,SPX,SPX231215C04650000,162.25,0.2022,0.038065073830717965,0.9534169783129358
2023-12-15,458,1.2531941592516542,4675,1.187539569929804,4070.469899328303,1.1485160474399907,Call,SPX,SPX231215C04675000,154.5,0.2008,0.038065073830717965,0.9534169783129358
2023-12-15,458,1.2531941592516542,4700,1.1938900489133857,4070.469899328303,1.1546578444851243,Call,SPX,SPX231215C04700000,147.0,0.1995,0.038065073830717965,0.9534169783129358
2023-12-15,458,1.2531941592516542,4725,1.2002405278969674,4070.469899328303,1.1607996415302582,Call,SPX,SPX231215C04725000,139.55,0.1981,0.038065073830717965,0.9534169783129358
2023-12-15,458,1.2531941592516542,4750,1.2065910068805494,4070.469899328303,1.1669414385753918,Call,SPX,SPX231215C04750000,132.6,0.1968,0.038065073830717965,0.9534169783129358
2023-12-15,458,1.2531941592516542,4775,1.2129414858641312,4070.469899328303,1.1730832356205254,Call,SPX,SPX231215C04775000,125.9,0.1956,0.038065073830717965,0.9534169783129358
2023-12-15,458,1.2531941592516542,4800,1.219291964847713,4070.469899328303,1.179225032665659,Call,SPX,SPX231215C04800000,119.5,0.1944,0.038065073830717965,0.9534169783129358
2023-12-15,458,1.2531941592516542,4825,1.225642443831295,4070.469899328303,1.1853668297107927,Call,SPX,SPX231215C04825000,113.30000000000001,0.1932,0.038065073830717965,0.9534169783129358
2023-12-15,458,1.2531941592516542,4850,1.2319929228148767,4070.469899328303,1.1915086267559263,Call,SPX,SPX231215C04850000,107.55,0.1922,0.038065073830717965,0.9534169783129358
2023-12-15,458,1.2531941592516542,4875,1.2383434017984585,4070.469899328303,1.19765042380106,Call,SPX,SPX231215C04875000,101.8,0.191,0.038065073830717965,0.9534169783129358
2023-12-15,458,1.2531941592516542,4900,1.2446938807820405,4070.469899328303,1.2037922208461935,Call,SPX,SPX231215C04900000,96.8,0.1903,0.038065073830717965,0.9534169783129358
2023-12-15,458,1.2531941592516542,4925,1.2510443597656222,4070.469899328303,1.2099340178913272,Call,SPX,SPX231215C04925000,91.65,0.1893,0.038065073830717965,0.9534169783129358
2023-12-15,458,1.2531941592516542,4950,1.257394838749204,4070.469899328303,1.2160758149364608,Call,SPX,SPX231215C04950000,86.69999999999999,0.1883,0.038065073830717965,0.9534169783129358
2023-12-15,458,1.2531941592516542,4975,1.263745317732786,4070.469899328303,1.2222176119815944,Call,SPX,SPX231215C04975000,81.8,0.1872,0.038065073830717965,0.9534169783129358
2023-12-15,458,1.2531941592516542,5000,1.2700957967163677,4070.469899328303,1.228359409026728,Call,SPX,SPX231215C05000000,77.35,0.1863,0.038065073830717965,0.9534169783129358
2023-12-15,458,1.2531941592516542,5025,1.2764462756999495,4070.469899328303,1.2345012060718616,Call,SPX,SPX231215C05025000,73.30000000000001,0.1856,0.038065073830717965,0.9534169783129358
2023-12-15,458,1.2531941592516542,5050,1.2827967546835315,4070.469899328303,1.2406430031169955,Call,SPX,SPX231215C05050000,68.95,0.1845,0.038065073830717965,0.9534169783129358
2023-12-15,458,1.2531941592516542,5075,1.2891472336671133,4070.469899328303,1.2467848001621291,Call,SPX,SPX231215C05075000,65.30000000000001,0.1839,0.038065073830717965,0.9534169783129358
2023-12-15,458,1.2531941592516542,5100,1.295497712650695,4070.469899328303,1.2529265972072627,Call,SPX,SPX231215C05100000,61.75,0.1832,0.038065073830717965,0.9534169783129358
2023-12-15,458,1.2531941592516542,5125,1.301848191634277,4070.469899328303,1.2590683942523964,Call,SPX,SPX231215C05125000,58.25,0.1824,0.038065073830717965,0.9534169783129358
2023-12-15,458,1.2531941592516542,5150,1.3081986706178588,4070.469899328303,1.26521019129753,Call,SPX,SPX231215C05150000,55.25,0.182,0.038065073830717965,0.9534169783129358
2023-12-15,458,1.2531941592516542,5200,1.3208996285850225,4070.469899328303,1.2774937853877972,Call,SPX,SPX231215C05200000,49.25,0.1808,0.038065073830717965,0.9534169783129358
2023-12-15,458,1.2531941592516542,5250,1.333600586552186,4070.469899328303,1.2897773794780645,Call,SPX,SPX231215C05250000,44.25,0.1801,0.038065073830717965,0.9534169783129358
2024-06-21,647,1.7706479580196213,3100,0.787459393964148,4126.908865244094,0.7511675448196854,Put,SPX,SPX240621P03100000,168.05,0.2915,0.03805026848936485,0.9348458494323264
2024-06-21,647,1.7706479580196213,3125,0.7938098729477299,4126.908865244094,0.7572253476004893,Put,SPX,SPX240621P03125000,172.85000000000002,0.29,0.03805026848936485,0.9348458494323264
2024-06-21,647,1.7706479580196213,3150,0.8001603519313116,4126.908865244094,0.7632831503812932,Put,SPX,SPX240621P03150000,177.75,0.2885,0.03805026848936485,0.9348458494323264
2024-06-21,647,1.7706479580196213,3200,0.8128613098984754,4126.908865244094,0.775398755942901,Put,SPX,SPX240621P03200000,187.85000000000002,0.2855,0.03805026848936485,0.9348458494323264
2024-06-21,647,1.7706479580196213,3250,0.825562267865639,4126.908865244094,0.7875143615045088,Put,SPX,SPX240621P03250000,198.35000000000002,0.2825,0.03805026848936485,0.9348458494323264
2024-06-21,647,1.7706479580196213,3275,0.8319127468492209,4126.908865244094,0.7935721642853127,Put,SPX,SPX240621P03275000,204.25,0.2814,0.03805026848936485,0.9348458494323264
2024-06-21,647,1.7706479580196213,3450,0.8763660997342937,4126.908865244094,0.8359767837509402,Put,SPX,SPX240621P03450000,245.25,0.271,0.03805026848936485,0.9348458494323264
2024-06-21,647,1.7706479580196213,3475,0.8827165787178756,4126.908865244094,0.8420345865317441,Put,SPX,SPX240621P03475000,251.75,0.2697,0.03805026848936485,0.9348458494323264
2024-06-21,647,1.7706479580196213,3500,0.8890670577014574,4126.908865244094,0.848092389312548,Put,SPX,SPX240621P03500000,258.25,0.2682,0.03805026848936485,0.9348458494323264
2024-06-21,647,1.7706479580196213,3550,0.9017680156686211,4126.908865244094,0.8602079948741558,Put,SPX,SPX240621P03550000,271.75,0.2655,0.03805026848936485,0.9348458494323264
2024-06-21,647,1.7706479580196213,3575,0.908118494652203,4126.908865244094,0.8662657976549597,Put,SPX,SPX240621P03575000,278.75,0.2641,0.03805026848936485,0.9348458494323264
2024-06-21,647,1.7706479580196213,3600,0.9144689736357847,4126.908865244094,0.8723236004357636,Put,SPX,SPX240621P03600000,285.75,0.2627,0.03805026848936485,0.9348458494323264
2024-06-21,647,1.7706479580196213,3650,0.9271699316029485,4126.908865244094,0.8844392059973715,Put,SPX,SPX240621P03650000,300.35,0.26,0.03805026848936485,0.9348458494323264
2024-06-21,647,1.7706479580196213,3675,0.9335204105865302,4126.908865244094,0.8904970087781754,Put,SPX,SPX240621P03675000,307.85,0.2586,0.03805026848936485,0.9348458494323264
2024-06-21,647,1.7706479580196213,3700,0.9398708895701121,4126.908865244094,0.8965548115589793,Put,SPX,SPX240621P03700000,315.45,0.2573,0.03805026848936485,0.9348458494323264
2024-06-21,647,1.7706479580196213,3725,0.946221368553694,4126.908865244094,0.9026126143397832,Put,SPX,SPX240621P03725000,323.25,0.2559,0.03805026848936485,0.9348458494323264
2024-06-21,647,1.7706479580196213,3750,0.9525718475372758,4126.908865244094,0.9086704171205872,Put,SPX,SPX240621P03750000,331.15,0.2546,0.03805026848936485,0.9348458494323264
2024-06-21,647,1.7706479580196213,3775,0.9589223265208576,4126.908865244094,0.9147282199013911,Put,SPX,SPX240621P03775000,339.15,0.2532,0.03805026848936485,0.9348458494323264
2024-06-21,647,1.7706479580196213,3800,0.9652728055044395,4126.908865244094,0.920786022682195,Put,SPX,SPX240621P03800000,347.35,0.2519,0.03805026848936485,0.9348458494323264
2024-06-21,647,1.7706479580196213,3825,0.9716232844880213,4126.908865244094,0.9268438254629989,Put,SPX,SPX240621P03825000,356.35,0.2509,0.03805026848936485,0.9348458494323264
2024-06-21,647,1.7706479580196213,3850,0.9779737634716031,4126.908865244094,0.9329016282438028,Put,SPX,SPX240621P03850000,364.85,0.2496,0.03805026848936485,0.9348458494323264
2024-06-21,647,1.7706479580196213,3875,0.984324242455185,4126.908865244094,0.9389594310246067,Put,SPX,SPX240621P03875000,373.45,0.2482,0.03805026848936485,0.9348458494323264
2024-06-21,647,1.7706479580196213,3900,0.9906747214387668,4126.908865244094,0.9450172338054106,Put,SPX,SPX240621P03900000,382.25,0.2469,0.03805026848936485,0.9348458494323264
2024-06-21,647,1.7706479580196213,3925,0.9970252004223487,4126.908865244094,0.9510750365862145,Put,SPX,SPX240621P03925000,391.15,0.2456,0.03805026848936485,0.9348458494323264
2024-06-21,647,1.7706479580196213,3950,1.0033756794059305,4126.908865244094,0.9571328393670184,Put,SPX,SPX240621P03950000,400.25,0.2442,0.03805026848936485,0.9348458494323264
2024-06-21,647,1.7706479580196213,3975,1.0097261583895123,4126.908865244094,0.9631906421478224,Put,SPX,SPX240621P03975000,409.45,0.2429,0.03805026848936485,0.9348458494323264
2024-06-21,647,1.7706479580196213,4000,1.0160766373730943,4126.908865244094,0.9692484449286263,Put,SPX,SPX240621P04000000,418.85,0.2416,0.03805026848936485,0.9348458494323264
2024-06-21,647,1.7706479580196213,4025,1.022427116356676,4126.908865244094,0.9753062477094302,Put,SPX,SPX240621P04025000,428.35,0.2402,0.03805026848936485,0.9348458494323264
2024-06-21,647,1.7706479580196213,4050,1.0287775953402578,4126.908865244094,0.9813640504902341,Put,SPX,SPX240621P04050000,438.05,0.2389,0.03805026848936485,0.9348458494323264
2024-06-21,647,1.7706479580196213,4075,1.0351280743238398,4126.908865244094,0.987421853271038,Put,SPX,SPX240621P04075000,447.95,0.2376,0.03805026848936485,0.9348458494323264
2024-06-21,647,1.7706479580196213,4100,1.0414785533074216,4126.908865244094,0.993479656051842,Put,SPX,SPX240621P04100000,457.95,0.2363,0.03805026848936485,0.9348458494323264
2024-06-21,647,1.7706479580196213,4125,1.0478290322910033,4126.908865244094,0.9995374588326459,Put,SPX,SPX240621P04125000,468.15,0.235,0.03805026848936485,0.9348458494323264
2024-06-21,647,1.7706479580196213,4150,1.0541795112745853,4126.908865244094,1.0055952616134498,Call,SPX,SPX240621C04150000,465.95,0.2322,0.03805026848936485,0.9348458494323264
2024-06-21,647,1.7706479580196213,4175,1.060529990258167,4126.908865244094,1.0116530643942536,Call,SPX,SPX240621C04175000,453.25,0.2308,0.03805026848936485,0.9348458494323264
2024-06-21,647,1.7706479580196213,4200,1.0668804692417488,4126.908865244094,1.0177108671750577,Call,SPX,SPX240621C04200000,440.75,0.2295,0.03805026848936485,0.9348458494323264
2024-06-21,647,1.7706479580196213,4225,1.0732309482253308,4126.908865244094,1.0237686699558615,Call,SPX,SPX240621C04225000,428.55,0.2282,0.03805026848936485,0.9348458494323264
2024-06-21,647,1.7706479580196213,4250,1.0795814272089126,4126.908865244094,1.0298264727366655,Call,SPX,SPX240621C04250000,416.25,0.2268,0.03805026848936485,0.9348458494323264
2024-06-21,647,1.7706479580196213,4275,1.0859319061924944,4126.908865244094,1.0358842755174693,Call,SPX,SPX240621C04275000,404.25,0.2255,0.03805026848936485,0.9348458494323264
2024-06-21,647,1.7706479580196213,4300,1.0922823851760763,4126.908865244094,1.0419420782982733,Call,SPX,SPX240621C04300000,392.45,0.2242,0.03805026848936485,0.9348458494323264
2024-06-21,647,1.7706479580196213,4325,1.098632864159658,4126.908865244094,1.0479998810790772,Call,SPX,SPX240621C04325000,380.85,0.2229,0.03805026848936485,0.9348458494323264
2024-06-21,647,1.7706479580196213,4350,1.1049833431432399,4126.908865244094,1.0540576838598812,Call,SPX,SPX240621C04350000,369.45,0.2216,0.03805026848936485,0.9348458494323264
2024-06-21,647,1.7706479580196213,4400,1.1176843011104036,4126.908865244094,1.0661732894214888,Call,SPX,SPX240621C04400000,347.05,0.219,0.03805026848936485,0.9348458494323264
2024-06-21,647,1.7706479580196213,4450,1.1303852590775674,4126.908865244094,1.0782888949830967,Call,SPX,SPX240621C04450000,325.45,0.2164,0.03805026848936485,0.9348458494323264
2024-06-21,647,1.7706479580196213,4500,1.143086217044731,4126.908865244094,1.0904045005447045,Call,SPX,SPX240621C04500000,304.65,0.2139,0.03805026848936485,0.9348458494323264
2024-06-21,647,1.7706479580196213,4600,1.1684881329790584,4126.908865244094,1.1146357116679202,Call,SPX,SPX240621C04600000,265.45,0.2089,0.03805026848936485,0.9348458494323264
2024-06-21,647,1.7706479580196213,4800,1.219291964847713,4126.908865244094,1.1630981339143516,Call,SPX,SPX240621C04800000,197.14999999999998,0.1997,0.03805026848936485,0.9348458494323264
2024-06-21,647,1.7706479580196213,4900,1.2446938807820405,4126.908865244094,1.1873293450375673,Call,SPX,SPX240621C04900000,168.45,0.1957,0.03805026848936485,0.9348458494323264
2024-06-21,647,1.7706479580196213,5200,1.3208996285850225,4126.908865244094,1.2600229784072141,Call,SPX,SPX240621C05200000,100.65,0.1851,0.03805026848936485,0.9348458494323264
2024-12-20,829,2.2689368012776634,3000,0.7620574780298206,4180.124473481109,0.7176819779009286,Put,SPX,SPX241220P03000000,178.35000000000002,0.291,0.037845008071621396,0.9177154244630586
2024-12-20,829,2.2689368012776634,3300,0.8382632258328027,4180.124473481109,0.7894501756910215,Put,SPX,SPX241220P03300000,241.64999999999998,0.2748,0.037845008071621396,0.9177154244630586
2024-12-20,829,2.2689368012776634,3400,0.86366514176713,4180.124473481109,0.8133729082877191,Put,SPX,SPX241220P03400000,266.25,0.2698,0.037845008071621396,0.9177154244630586
2024-12-20,829,2.2689368012776634,3500,0.8890670577014574,4180.124473481109,0.8372956408844167,Put,SPX,SPX241220P03500000,292.55,0.2648,0.037845008071621396,0.9177154244630586
2024-12-20,829,2.2689368012776634,3600,0.9144689736357847,4180.124473481109,0.8612183734811143,Put,SPX,SPX241220P03600000,320.85,0.26,0.037845008071621396,0.9177154244630586
2024-12-20,829,2.2689368012776634,3700,0.9398708895701121,4180.124473481109,0.8851411060778119,Put,SPX,SPX241220P03700000,350.95,0.2552,0.037845008071621396,0.9177154244630586
2024-12-20,829,2.2689368012776634,3800,0.9652728055044395,4180.124473481109,0.9090638386745096,Put,SPX,SPX241220P03800000,383.15,0.2505,0.037845008071621396,0.9177154244630586
2024-12-20,829,2.2689368012776634,3900,0.9906747214387668,4180.124473481109,0.9329865712712072,Put,SPX,SPX241220P03900000,417.25,0.2458,0.037845008071621396,0.9177154244630586
2024-12-20,829,2.2689368012776634,4000,1.0160766373730943,4180.124473481109,0.9569093038679048,Put,SPX,SPX241220P04000000,454.05,0.2415,0.037845008071621396,0.9177154244630586
2024-12-20,829,2.2689368012776634,4100,1.0414785533074216,4180.124473481109,0.9808320364646024,Put,SPX,SPX241220P04100000,491.65,0.2366,0.037845008071621396,0.9177154244630586
2024-12-20,829,2.2689368012776634,4200,1.0668804692417488,4180.124473481109,1.0047547690613001,Call,SPX,SPX241220C04200000,518.05,0.2296,0.037845008071621396,0.9177154244630586
2024-12-20,829,2.2689368012776634,4300,1.0922823851760763,4180.124473481109,1.0286775016579977,Call,SPX,SPX241220C04300000,469.55,0.2248,0.037845008071621396,0.9177154244630586
2024-12-20,829,2.2689368012776634,4400,1.1176843011104036,4180.124473481109,1.0526002342546952,Call,SPX,SPX241220C04400000,423.45,0.2201,0.037845008071621396,0.9177154244630586
2024-12-20,829,2.2689368012776634,4500,1.143086217044731,4180.124473481109,1.076522966851393,Call,SPX,SPX241220C04500000,380.55,0.2158,0.037845008071621396,0.9177154244630586
2024-12-20,829,2.2689368012776634,4600,1.1684881329790584,4180.124473481109,1.1004456994480905,Call,SPX,SPX241220C04600000,339.45,0.2112,0.037845008071621396,0.9177154244630586
2024-12-20,829,2.2689368012776634,4700,1.1938900489133857,4180.124473481109,1.1243684320447882,Call,SPX,SPX241220C04700000,301.15,0.2068,0.037845008071621396,0.9177154244630586
2024-12-20,829,2.2689368012776634,4800,1.219291964847713,4180.124473481109,1.1482911646414857,Call,SPX,SPX241220C04800000,265.65,0.2026,0.037845008071621396,0.9177154244630586
2024-12-20,829,2.2689368012776634,5000,1.2700957967163677,4180.124473481109,1.196136629834881,Call,SPX,SPX241220C05000000,203.35000000000002,0.1947,0.037845008071621396,0.9177154244630586
2024-12-20,829,2.2689368012776634,5100,1.295497712650695,4180.124473481109,1.2200593624315785,Call,SPX,SPX241220C05100000,176.75,0.1912,0.037845008071621396,0.9177154244630586
2025-12-19,1193,3.2655144877937485,3000,0.7620574780298206,4282.025024904077,0.7006030984293941,Put,SPX,SPX251219P03000000,217.5,0.0,0.037150908895600736,0.8857532808269688
2025-12-19,1193,3.2655144877937485,3200,0.8128613098984754,4282.025024904077,0.7473099716580204,Put,SPX,SPX251219P03200000,260.2,0.0,0.037150908895600736,0.8857532808269688
2025-12-19,1193,3.2655144877937485,3300,0.8382632258328027,4282.025024904077,0.7706634082723335,Put,SPX,SPX251219P03300000,283.85,0.0,0.037150908895600736,0.8857532808269688
2025-12-19,1193,3.2655144877937485,3400,0.86366514176713,4282.025024904077,0.7940168448866466,Put,SPX,SPX251219P03400000,308.95,0.0,0.037150908895600736,0.8857532808269688
2025-12-19,1193,3.2655144877937485,3500,0.8890670577014574,4282.025024904077,0.8173702815009598,Put,SPX,SPX251219P03500000,335.79999999999995,0.0,0.037150908895600736,0.8857532808269688
2025-12-19,1193,3.2655144877937485,3600,0.9144689736357847,4282.025024904077,0.8407237181152729,Put,SPX,SPX251219P03600000,364.0,0.0,0.037150908895600736,0.8857532808269688
2025-12-19,1193,3.2655144877937485,3700,0.9398708895701121,4282.025024904077,0.864077154729586,Put,SPX,SPX251219P03700000,393.65,0.0,0.037150908895600736,0.8857532808269688
2025-12-19,1193,3.2655144877937485,3800,0.9652728055044395,4282.025024904077,0.8874305913438992,Put,SPX,SPX251219P03800000,425.4,0.0,0.037150908895600736,0.8857532808269688
2025-12-19,1193,3.2655144877937485,3900,0.9906747214387668,4282.025024904077,0.9107840279582123,Put,SPX,SPX251219P03900000,458.85,0.0,0.037150908895600736,0.8857532808269688
2025-12-19,1193,3.2655144877937485,4000,1.0160766373730943,4282.025024904077,0.9341374645725254,Put,SPX,SPX251219P04000000,493.9,0.0,0.037150908895600736,0.8857532808269688
2025-12-19,1193,3.2655144877937485,4100,1.0414785533074216,4282.025024904077,0.9574909011868385,Put,SPX,SPX251219P04100000,530.45,0.0,0.037150908895600736,0.8857532808269688
2025-12-19,1193,3.2655144877937485,4200,1.0668804692417488,4282.025024904077,0.9808443378011518,Put,SPX,SPX251219P04200000,568.95,0.0,0.037150908895600736,0.8857532808269688
2025-12-19,1193,3.2655144877937485,4500,1.143086217044731,4282.025024904077,1.050904647644091,Call,SPX,SPX251219C04500000,500.79999999999995,0.0,0.037150908895600736,0.8857532808269688
2025-12-19,1193,3.2655144877937485,4600,1.1684881329790584,4282.025024904077,1.0742580842584042,Call,SPX,SPX251219C04600000,459.3,0.0,0.037150908895600736,0.8857532808269688
2025-12-19,1193,3.2655144877937485,4700,1.1938900489133857,4282.025024904077,1.0976115208727175,Call,SPX,SPX251219C04700000,419.8,0.0,0.037150908895600736,0.8857532808269688
2025-12-19,1193,3.2655144877937485,4800,1.219291964847713,4282.025024904077,1.1209649574870306,Call,SPX,SPX251219C04800000,382.8,0.0,0.037150908895600736,0.8857532808269688
2025-12-19,1193,3.2655144877937485,4900,1.2446938807820405,4282.025024904077,1.1443183941013437,Call,SPX,SPX251219C04900000,347.5,0.0,0.037150908895600736,0.8857532808269688
2025-12-19,1193,3.2655144877937485,5000,1.2700957967163677,4282.025024904077,1.1676718307156568,Call,SPX,SPX251219C05000000,314.35,0.0,0.037150908895600736,0.8857532808269688
2026-12-18,1557,4.262092174309834,3200,0.8128613098984754,4378.595467559127,0.730827961548103,Put,SPX,SPX261218P03200000,293.0,0.0,0.036363054515092016,0.8564300020877514
2026-12-18,1557,4.262092174309834,3300,0.8382632258328027,4378.595467559127,0.7536663353464812,Put,SPX,SPX261218P03300000,317.25,0.0,0.036363054515092016,0.8564300020877514
2026-12-18,1557,4.262092174309834,3400,0.86366514176713,4378.595467559127,0.7765047091448595,Put,SPX,SPX261218P03400000,342.75,0.0,0.036363054515092016,0.8564300020877514
2026-12-18,1557,4.262092174309834,3500,0.8890670577014574,4378.595467559127,0.7993430829432376,Put,SPX,SPX261218P03500000,369.6,0.0,0.036363054515092016,0.8564300020877514
2026-12-18,1557,4.262092174309834,3600,0.9144689736357847,4378.595467559127,0.8221814567416159,Put,SPX,SPX261218P03600000,397.8,0.0,0.036363054515092016,0.8564300020877514
2026-12-18,1557,4.262092174309834,3700,0.9398708895701121,4378.595467559127,0.8450198305399941,Put,SPX,SPX261218P03700000,427.45000000000005,0.0,0.036363054515092016,0.8564300020877514
2026-12-18,1557,4.262092174309834,3800,0.9652728055044395,4378.595467559127,0.8678582043383724,Put,SPX,SPX261218P03800000,458.5,0.0,0.036363054515092016,0.8564300020877514
2026-12-18,1557,4.262092174309834,3900,0.9906747214387668,4378.595467559127,0.8906965781367505,Put,SPX,SPX261218P03900000,491.1,0.0,0.036363054515092016,0.8564300020877514
2026-12-18,1557,4.262092174309834,4000,1.0160766373730943,4378.595467559127,0.9135349519351287,Put,SPX,SPX261218P04000000,525.05,0.0,0.036363054515092016,0.8564300020877514
2026-12-18,1557,4.262092174309834,4100,1.0414785533074216,4378.595467559127,0.936373325733507,Put,SPX,SPX261218P04100000,560.8499999999999,0.0,0.036363054515092016,0.8564300020877514
2026-12-18,1557,4.262092174309834,4200,1.0668804692417488,4378.595467559127,0.9592116995318851,Put,SPX,SPX261218P04200000,597.95,0.0,0.036363054515092016,0.8564300020877514
2026-12-18,1557,4.262092174309834,4300,1.0922823851760763,4378.595467559127,0.9820500733302634,Put,SPX,SPX261218P04300000,636.5,0.0,0.036363054515092016,0.8564300020877514
2027-12-17,1921,5.258669860825918,3200,0.8128613098984754,4472.393750749762,0.7155005078574633,Put,SPX,SPX271217P03200000,313.54999999999995,0.0,0.03566345888626657,0.8289940042533405
2027-12-17,1921,5.258669860825918,3300,0.8382632258328027,4472.393750749762,0.7378598987280091,Put,SPX,SPX271217P03300000,338.0,0.0,0.03566345888626657,0.8289940042533405
2027-12-17,1921,5.258669860825918,3400,0.86366514176713,4472.393750749762,0.7602192895985548,Put,SPX,SPX271217P03400000,363.55,0.0,0.03566345888626657,0.8289940042533405
2027-12-17,1921,5.258669860825918,3500,0.8890670577014574,4472.393750749762,0.7825786804691005,Put,SPX,SPX271217P03500000,390.4,0.0,0.03566345888626657,0.8289940042533405
2027-12-17,1921,5.258669860825918,3600,0.9144689736357847,4472.393750749762,0.8049380713396462,Put,SPX,SPX271217P03600000,418.45000000000005,0.0,0.03566345888626657,0.8289940042533405
2027-12-17,1921,5.258669860825918,3800,0.9652728055044395,4472.393750749762,0.8496568530807377,Put,SPX,SPX271217P03800000,478.45,0.0,0.03566345888626657,0.8289940042533405
2027-12-17,1921,5.258669860825918,3900,0.9906747214387668,4472.393750749762,0.8720162439512834,Put,SPX,SPX271217P03900000,510.45000000000005,0.0,0.03566345888626657,0.8289940042533405
2027-12-17,1921,5.258669860825918,4000,1.0160766373730943,4472.393750749762,0.8943756348218291,Put,SPX,SPX271217P04000000,543.7,0.0,0.03566345888626657,0.8289940042533405
2027-12-17,1921,5.258669860825918,4100,1.0414785533074216,4472.393750749762,0.9167350256923749,Put,SPX,SPX271217P04100000,578.3,0.0,0.03566345888626657,0.8289940042533405
2027-12-17,1921,5.258669860825918,4200,1.0668804692417488,4472.393750749762,0.9390944165629206,Put,SPX,SPX271217P04200000,614.2,0.0,0.03566345888626657,0.8289940042533405
2027-12-17,1921,5.258669860825918,4400,1.1176843011104036,4472.393750749762,0.983813198304012,Put,SPX,SPX271217P04400000,690.0,0.0,0.03566345888626657,0.8289940042533405
