Expiration Date,T_days,T,Strike,K_over_S0,Forward,K_over_F0,Option_type,Root,Contract,Market_price,IV_BDD,r_GSW,Discount_factor,IV_market,BS_reconstructed_price,BS_reconstruction_error,IV_BDD_error
2022-09-14,1,0.0027378507871321,3880,0.9855943382519012,3936.9814263393455,0.9855266204818428,Put,SPXW,SPXW220914P03880000,5.25,0.3606,0.0364992080783356,0.9999000756072076,0.2886238858604807,5.249999999999545,4.547473508864641e-13,0.07197611413951926
2022-09-14,1,0.0027378507871321,3885,0.9868644340486176,3936.9814263393455,0.9867966290133916,Put,SPXW,SPXW220914P03885000,5.95,0.3566,0.0364992080783356,0.9999000756072076,0.2849875000371651,5.949999999997203,2.7968738436356944e-12,0.07161249996283486
2022-09-14,1,0.0027378507871321,3890,0.988134529845334,3936.9814263393455,0.9880666375449404,Put,SPXW,SPXW220914P03890000,6.85,0.355,0.0364992080783356,0.9999000756072076,0.2832657583532689,6.850000000001842,1.8420820424580597e-12,0.07173424164673109
2022-09-14,1,0.0027378507871321,3895,0.9894046256420505,3936.9814263393455,0.9893366460764892,Put,SPXW,SPXW220914P03895000,7.8,0.3523,0.0364992080783356,0.9999000756072076,0.28056425848115624,7.799999999999841,1.5898393712632242e-13,0.07173574151884377
2022-09-14,1,0.0027378507871321,3900,0.9906747214387668,3936.9814263393455,0.9906066546080378,Put,SPXW,SPXW220914P03900000,8.95,0.3512,0.0364992080783356,0.9999000756072076,0.2791690867691719,8.949999999999363,6.359357485052897e-13,0.07203091323082811
2022-09-14,1,0.0027378507871321,3905,0.9919448172354832,3936.9814263393455,0.9918766631395866,Put,SPXW,SPXW220914P03905000,10.2,0.3496,0.0364992080783356,0.9999000756072076,0.27731187660416373,10.200000000016644,1.6644463585180347e-11,0.07228812339583629
2022-09-14,1,0.0027378507871321,3910,0.9932149130321996,3936.9814263393455,0.9931466716711354,Put,SPXW,SPXW220914P03910000,11.6,0.3483,0.0364992080783356,0.9999000756072076,0.2756175138855407,11.599999999999454,5.453415496958769e-13,0.07268248611445932
2022-09-14,1,0.0027378507871321,3915,0.994485008828916,3936.9814263393455,0.994416680202684,Put,SPXW,SPXW220914P03915000,13.2,0.3479,0.0364992080783356,0.9999000756072076,0.27460940572313886,13.199999999999818,1.8118839761882555e-13,0.07329059427686113
2022-09-14,1,0.0027378507871321,3920,0.9957551046256324,3936.9814263393455,0.9956866887342328,Put,SPXW,SPXW220914P03920000,14.85,0.3459,0.0364992080783356,0.9999000756072076,0.2722052530135102,14.850000000000136,1.3677947663381929e-13,0.07369474698648981
2022-09-14,1,0.0027378507871321,3925,0.9970252004223488,3936.9814263393455,0.9969566972657816,Put,SPXW,SPXW220914P03925000,16.75,0.3453,0.0364992080783356,0.9999000756072076,0.2709167616689267,16.749999999977945,2.205524651799351e-11,0.0743832383310733
2022-09-14,1,0.0027378507871321,3930,0.998295296219065,3936.9814263393455,0.9982267057973304,Put,SPXW,SPXW220914P03930000,18.75,0.3438,0.0364992080783356,0.9999000756072076,0.26875402161006995,18.75,0.0,0.07504597838993005
2022-09-14,1,0.0027378507871321,3935,0.9995653920157814,3936.9814263393455,0.9994967143288792,Put,SPXW,SPXW220914P03935000,20.9,0.3421,0.0364992080783356,0.9999000756072076,0.2662885608806289,20.8999999999985,1.4992451724538114e-12,0.0758114391193711
2022-09-14,1,0.0027378507871321,3940,1.000835487812498,3936.9814263393455,1.000766722860428,Call,SPXW,SPXW220914C03940000,22.450000000000003,0.3317,0.0364992080783356,0.9999000756072076,0.2910882002499617,22.450000000025057,2.5053736862901133e-11,0.04061179975003831
2022-09-14,1,0.0027378507871321,3945,1.002105583609214,3936.9814263393455,1.002036731391977,Call,SPXW,SPXW220914C03945000,19.950000000000003,0.3293,0.0364992080783356,0.9999000756072076,0.2886534931698506,19.950000000000045,4.263256414560601e-14,0.040646506830149365
2022-09-14,1,0.0027378507871321,3950,1.0033756794059303,3936.9814263393455,1.0033067399235254,Call,SPXW,SPXW220914C03950000,17.6,0.3281,0.0364992080783356,0.9999000756072076,0.2859716672200136,17.599999999997863,2.1387336346379016e-12,0.0421283327799864
2022-09-14,1,0.0027378507871321,3955,1.004645775202647,3936.9814263393455,1.0045767484550745,Call,SPXW,SPXW220914C03955000,15.45,0.3264,0.0364992080783356,0.9999000756072076,0.2836443763139483,15.450000000000045,4.618527782440651e-14,0.042755623686051736
2022-09-14,1,0.0027378507871321,3960,1.0059158709993632,3936.9814263393455,1.005846756986623,Call,SPXW,SPXW220914C03960000,13.45,0.3243,0.0364992080783356,0.9999000756072076,0.28104082216151216,13.450000000000273,2.7355895326763857e-13,0.04325917783848782
2022-09-14,1,0.0027378507871321,3965,1.0071859667960796,3936.9814263393455,1.007116765518172,Call,SPXW,SPXW220914C03965000,11.6,0.3217,0.0364992080783356,0.9999000756072076,0.2781468758099723,11.599999999999909,9.059419880941277e-14,0.04355312419002766
2022-09-14,1,0.0027378507871321,3970,1.008456062592796,3936.9814263393455,1.0083867740497203,Call,SPXW,SPXW220914C03970000,10.0,0.3205,0.0364992080783356,0.9999000756072076,0.2763855256079504,10.0,0.0,0.04411447439204963
2022-09-14,1,0.0027378507871321,3975,1.0097261583895123,3936.9814263393455,1.0096567825812692,Call,SPXW,SPXW220914C03975000,8.65,0.3208,0.0364992080783356,0.9999000756072076,0.27600425662037004,8.649999999993838,6.162181875879469e-12,0.04479574337962994
2022-09-14,1,0.0027378507871321,3980,1.0109962541862287,3936.9814263393455,1.010926791112818,Call,SPXW,SPXW220914C03980000,7.3,0.3183,0.0364992080783356,0.9999000756072076,0.27334427312436566,7.299999999999727,2.7267077484793845e-13,0.04495572687563437
2022-09-14,1,0.0027378507871321,3985,1.0122663499829452,3936.9814263393455,1.0121967996443668,Call,SPXW,SPXW220914C03985000,6.15,0.3168,0.0364992080783356,0.9999000756072076,0.27150093715849855,6.149999999999977,2.3092638912203256e-14,0.04529906284150148
2022-09-14,1,0.0027378507871321,3990,1.0135364457796614,3936.9814263393455,1.0134668081759155,Call,SPXW,SPXW220914C03990000,5.15,0.3155,0.0364992080783356,0.9999000756072076,0.2698860673591935,5.150000000000205,2.042810365310288e-13,0.04561393264080649
2022-09-16,3,0.007472051106548,3845,0.9767036676748868,3937.4495750257634,0.9765204421633366,Put,SPX,SPX220916P03845000,9.15,0.3146,0.0365116026519631,0.9997272206500564,0.29216715711319025,9.14999999999975,2.504663143554353e-13,0.022432842886809745
2022-09-16,3,0.007472051106548,3885,0.9868644340486176,3937.4495750257634,0.9866793024199122,Put,SPX,SPX220916P03885000,16.55,0.2966,0.0365116026519631,0.9997272206500564,0.27446618986589877,16.550000000033606,3.360511868777394e-11,0.022133810134101206
2022-09-16,3,0.007472051106548,3925,0.9970252004223488,3937.4495750257634,0.9968381626764878,Put,SPX,SPX220916P03925000,29.2,0.2814,0.0365116026519631,0.9997272206500564,0.2587813690153562,29.199999999999818,1.8118839761882555e-13,0.022618630984643784
2022-09-16,3,0.007472051106548,3965,1.0071859667960796,3937.4495750257634,1.0069970229330636,Call,SPX,SPX220916C03965000,23.2,0.2696,0.0365116026519631,0.9997272206500564,0.25895185525399705,23.200000000000045,4.618527782440651e-14,0.010648144746002952
2022-09-16,3,0.007472051106548,4005,1.0173467331698105,3937.4495750257634,1.0171558831896392,Call,SPX,SPX220916C04005000,10.55,0.2612,0.0365116026519631,0.9997272206500564,0.2500172605140382,10.550000000000182,1.8118839761882555e-13,0.011182739485961768
2022-09-16,3,0.0082135523613963,3565,0.9055783030587702,3937.522946229548,0.9053915491244908,Put,SPXW,SPXW220916P03565000,0.825,0.5304,0.0365135381688637,0.9997001391096164,0.49833100030662913,0.8250000000000668,6.683542608243442e-14,0.03206899969337085
2022-09-16,3,0.0082135523613963,3620,0.9195493568226504,3937.522946229548,0.9193597216916288,Put,SPXW,SPXW220916P03620000,1.125,0.4803,0.0365135381688637,0.9997001391096164,0.4511477059089115,1.125000000000071,7.105427357601002e-14,0.029152294091088493
2022-09-16,3,0.0082135523613963,3665,0.9309802189930976,3937.522946229548,0.9307882265192872,Put,SPXW,SPXW220916P03665000,1.525,0.4407,0.0365135381688637,0.9997001391096164,0.4138591404968811,1.5249999999999346,6.52811138479592e-14,0.026840859503118875
2022-09-16,3,0.0082135523613963,3695,0.9386007937733958,3937.522946229548,0.9384072297377264,Put,SPXW,SPXW220916P03695000,1.925,0.4152,0.0365135381688637,0.9997001391096164,0.38979254352748516,1.9250000000000966,9.658940314238862e-14,0.025407456472514856
2022-09-16,3,0.0082135523613963,3725,0.946221368553694,3937.522946229548,0.9460262329561652,Put,SPXW,SPXW220916P03725000,2.55,0.3921,0.0365135381688637,0.9997001391096164,0.36800413637676954,2.549999999999983,1.687538997430238e-14,0.024095863623230462
2022-09-16,3,0.0082135523613963,3755,0.9538419433339922,3937.522946229548,0.953645236174604,Put,SPXW,SPXW220916P03755000,3.55,0.3719,0.0365135381688637,0.9997001391096164,0.34882395598396637,3.550000000000068,6.838973831690964e-14,0.023076044016033637
2022-09-16,3,0.0082135523613963,3790,0.9627326139110068,3937.522946229548,0.9625340732627828,Put,SPXW,SPXW220916P03790000,5.45,0.3508,0.0365135381688637,0.9997001391096164,0.3288182095128314,5.450000000004593,4.5927706082693476e-12,0.021981790487168584
2022-09-16,3,0.0082135523613963,3815,0.9690830928945886,3937.522946229548,0.9688832426114818,Put,SPXW,SPXW220916P03815000,7.55,0.3373,0.0365135381688637,0.9997001391096164,0.3159102736694359,7.5499999999996135,3.863576125695545e-13,0.021389726330564074
2022-09-16,3,0.0082135523613963,3835,0.974163476081454,3937.522946229548,0.9739625780904412,Put,SPXW,SPXW220916P03835000,10.0,0.329,0.0365135381688637,0.9997001391096164,0.30780093287383187,9.999999999999773,2.2737367544323206e-13,0.021199067126168147
2022-09-16,3,0.0082135523613963,3860,0.980513955065036,3937.522946229548,0.9803117474391404,Put,SPXW,SPXW220916P03860000,14.15,0.3191,0.0365135381688637,0.9997001391096164,0.29812806729357993,14.149999999999864,1.3677947663381929e-13,0.02097193270642006
2022-09-16,3,0.0082135523613963,3875,0.984324242455185,3937.522946229548,0.9841212490483596,Put,SPXW,SPXW220916P03875000,17.450000000000003,0.3143,0.0365135381688637,0.9997001391096164,0.29333424878719916,17.450000000000273,2.7000623958883807e-13,0.020965751212800865
2022-09-16,3,0.0082135523613963,3900,0.9906747214387668,3937.522946229548,0.9904704183970588,Put,SPXW,SPXW220916P03900000,24.450000000000003,0.3069,0.0365135381688637,0.9997001391096164,0.285729639051167,24.450000000041427,4.142464149481384e-11,0.02117036094883301
2022-09-16,3,0.0082135523613963,3915,0.994485008828916,3937.522946229548,0.9942799200062784,Put,SPXW,SPXW220916P03915000,29.65,0.3026,0.0365135381688637,0.9997001391096164,0.2811737988280595,29.649999999999864,1.3500311979441904e-13,0.021426201171940495
2022-09-16,3,0.0082135523613963,3940,1.000835487812498,3937.522946229548,1.0006290893549774,Call,SPXW,SPXW220916C03940000,39.35,0.2948,0.0365135381688637,0.9997001391096164,0.28502154865311513,39.34999999999991,9.237055564881302e-14,0.009778451346884875
2022-09-16,3,0.0082135523613963,3955,1.004645775202647,3937.522946229548,1.0044385909641969,Call,SPXW,SPXW220916C03955000,31.85,0.2906,0.0365135381688637,0.9997001391096164,0.28029938586088327,31.85000000000082,8.171241461241152e-13,0.01030061413911676
2022-09-16,3,0.0082135523613963,3980,1.0109962541862287,3937.522946229548,1.010787760312896,Call,SPXW,SPXW220916C03980000,21.6,0.2851,0.0365135381688637,0.9997001391096164,0.2741769129123898,21.59999999999991,9.237055564881302e-14,0.010923087087610195
2022-09-16,3,0.0082135523613963,3995,1.0148065415763778,3937.522946229548,1.0145972619221153,Call,SPXW,SPXW220916C03995000,16.75,0.2827,0.0365135381688637,0.9997001391096164,0.27147887557001205,16.749999999999545,4.547473508864641e-13,0.011221124429987961
2022-09-16,3,0.0082135523613963,4020,1.0211570205599596,3937.522946229548,1.0209464312708143,Call,SPXW,SPXW220916C04020000,10.55,0.2796,0.0365135381688637,0.9997001391096164,0.26793319024700946,10.549999999999955,4.618527782440651e-14,0.011666809752990559
2022-09-16,3,0.0082135523613963,4045,1.0275074995435416,3937.522946229548,1.0272956006195135,Call,SPXW,SPXW220916C04045000,6.35,0.2778,0.0365135381688637,0.9997001391096164,0.26561510388508724,6.349999999999454,5.453415496958769e-13,0.012184896114912747
2022-09-16,3,0.0082135523613963,4080,1.036398170120556,3937.522946229548,1.0361844377076923,Call,SPXW,SPXW220916C04080000,3.05,0.2799,0.0365135381688637,0.9997001391096164,0.26702534285705304,3.0499999999999545,4.529709940470639e-14,0.012874657142946944
2022-09-20,7,0.0191649555099247,3720,0.9449512727569775,3938.608044430406,0.9444961158956804,Put,SPXW,SPXW220920P03720000,5.25,0.297,0.036541941945302,0.9992999204784726,0.2885811413740663,5.250000000016257,1.6257217794191092e-11,0.008418858625933667
2022-09-20,7,0.0191649555099247,3735,0.9487615601471266,3938.608044430406,0.9483045679759048,Put,SPXW,SPXW220920P03735000,6.05,0.2909,0.036541941945302,0.9992999204784726,0.2826880809300119,6.050000000000864,8.641976023682219e-13,0.008211919069988083
2022-09-20,7,0.0191649555099247,3750,0.9525718475372758,3938.608044430406,0.9521130200561294,Put,SPXW,SPXW220920P03750000,7.05,0.2857,0.036541941945302,0.9992999204784726,0.27754209157145054,7.049999999999898,1.021405182655144e-13,0.008157908428549465
2022-09-20,7,0.0191649555099247,3770,0.9576522307241412,3938.608044430406,0.9571909561630956,Put,SPXW,SPXW220920P03770000,8.7,0.2792,0.036541941945302,0.9992999204784726,0.27117023600059625,8.700000000006753,6.753708703399752e-12,0.00802976399940375
2022-09-20,7,0.0191649555099247,3785,0.9614625181142904,3938.608044430406,0.96099940824332,Put,SPXW,SPXW220920P03785000,10.15,0.2741,0.036541941945302,0.9992999204784726,0.26613348212770727,10.150000000002251,2.2506441155201173e-12,0.007966517872292744
2022-09-20,7,0.0191649555099247,3800,0.9652728055044396,3938.608044430406,0.9648078603235444,Put,SPXW,SPXW220920P03800000,12.0,0.2702,0.036541941945302,0.9992999204784726,0.26233200827590947,12.000000000000796,7.958078640513122e-13,0.007867991724090528
2022-09-20,7,0.0191649555099247,3815,0.9690830928945886,3938.608044430406,0.968616312403769,Put,SPXW,SPXW220920P03815000,14.1,0.2663,0.036541941945302,0.9992999204784726,0.2581474271893216,14.099999999993088,6.9118044621063746e-12,0.008152572810678382
2022-09-20,7,0.0191649555099247,3830,0.9728933802847376,3938.608044430406,0.9724247644839936,Put,SPXW,SPXW220920P03830000,16.700000000000003,0.2628,0.036541941945302,0.9992999204784726,0.2550078041403761,16.700000000000045,4.263256414560601e-14,0.007792195859623874
2022-09-20,7,0.0191649555099247,3850,0.9779737634716033,3938.608044430406,0.9775027005909596,Put,SPXW,SPXW220920P03850000,20.75,0.2583,0.036541941945302,0.9992999204784726,0.250487923848484,20.749999999997044,2.9558577807620168e-12,0.007812076151515968
2022-09-20,7,0.0191649555099247,3865,0.9817840508617522,3938.608044430406,0.981311152671184,Put,SPXW,SPXW220920P03865000,24.35,0.2549,0.036541941945302,0.9992999204784726,0.24725498514772531,24.350000000008322,8.320455435750773e-12,0.007645014852274701
2022-09-20,7,0.0191649555099247,3880,0.9855943382519012,3938.608044430406,0.9851196047514086,Put,SPXW,SPXW220920P03880000,28.4,0.2522,0.036541941945302,0.9992999204784726,0.24369879002226053,28.399999999999636,3.623767952376511e-13,0.008501209977739455
2022-09-20,7,0.0191649555099247,3895,0.9894046256420505,3938.608044430406,0.9889280568316332,Put,SPXW,SPXW220920P03895000,33.150000000000006,0.2489,0.036541941945302,0.9992999204784726,0.2408577964298952,33.14999999999873,1.2789769243681803e-12,0.008042203570104822
2022-09-20,7,0.0191649555099247,3910,0.9932149130321996,3938.608044430406,0.9927365089118576,Put,SPXW,SPXW220920P03910000,38.5,0.2461,0.036541941945302,0.9992999204784726,0.23796872513504183,38.49999999995043,4.956746124662459e-11,0.008131274864958182
2022-09-20,7,0.0191649555099247,3930,0.998295296219065,3938.608044430406,0.9978144450188235,Put,SPXW,SPXW220920P03930000,46.4,0.2418,0.036541941945302,0.9992999204784726,0.23297535932284735,46.399999999999864,1.3500311979441904e-13,0.008824640677152634
2022-09-20,7,0.0191649555099247,3945,1.002105583609214,3938.608044430406,1.0016228970990482,Call,SPXW,SPXW220920C03945000,47.95,0.237,0.036541941945302,0.9992999204784726,0.2348101571561134,47.94999999998322,1.6783019418653566e-11,0.002189842843886597
2022-09-20,7,0.0191649555099247,3960,1.0059158709993632,3938.608044430406,1.0054313491792726,Call,SPXW,SPXW220920C03960000,40.5,0.2339,0.036541941945302,0.9992999204784726,0.2315632938797517,40.500000000000455,4.547473508864641e-13,0.0023367061202483053
2022-09-20,7,0.0191649555099247,3975,1.0097261583895123,3938.608044430406,1.0092398012594972,Call,SPXW,SPXW220920C03975000,33.8,0.231,0.036541941945302,0.9992999204784726,0.22846333779176267,33.799999999999955,4.263256414560601e-14,0.002536662208237339
2022-09-20,7,0.0191649555099247,3995,1.0148065415763778,3938.608044430406,1.0143177373664631,Call,SPXW,SPXW220920C03995000,26.15,0.2279,0.036541941945302,0.9992999204784726,0.22513742034107004,26.149999999999864,1.3500311979441904e-13,0.0027625796589299534
2022-09-20,7,0.0191649555099247,4010,1.018616828966527,3938.608044430406,1.0181261894466878,Call,SPXW,SPXW220920C04010000,21.25,0.2257,0.036541941945302,0.9992999204784726,0.22276265615581758,21.25,0.0,0.0029373438441824273
2022-09-20,7,0.0191649555099247,4025,1.022427116356676,3938.608044430406,1.0219346415269122,Call,SPXW,SPXW220920C04025000,17.1,0.224,0.036541941945302,0.9992999204784726,0.22086913131013428,17.09999999999991,9.237055564881302e-14,0.003130868689865729
2022-09-20,7,0.0191649555099247,4040,1.0262374037468251,3938.608044430406,1.0257430936071368,Call,SPXW,SPXW220920C04040000,13.6,0.2224,0.036541941945302,0.9992999204784726,0.21919543280671233,13.599999999999568,4.3165471197426086e-13,0.003204567193287655
2022-09-20,7,0.0191649555099247,4055,1.0300476911369745,3938.608044430406,1.0295515456873612,Call,SPXW,SPXW220920C04055000,10.7,0.2211,0.036541941945302,0.9992999204784726,0.2177981643428942,10.699999999999818,1.8118839761882555e-13,0.0033018356571057894
2022-09-20,7,0.0191649555099247,4075,1.0351280743238398,3938.608044430406,1.0346294817943271,Call,SPXW,SPXW220920C04075000,7.7,0.2203,0.036541941945302,0.9992999204784726,0.2167925052556561,7.700000000000728,7.274181257344026e-13,0.003507494744343892
2022-09-20,7,0.0191649555099247,4090,1.038938361713989,3938.608044430406,1.0384379338745515,Call,SPXW,SPXW220920C04090000,5.95,0.2199,0.036541941945302,0.9992999204784726,0.21625868883659205,5.9500000000003865,3.863576125695545e-13,0.003641311163407962
2022-09-20,7,0.0191649555099247,4110,1.0440187449008542,3938.608044430406,1.043515869981518,Call,SPXW,SPXW220920C04110000,4.2,0.2201,0.036541941945302,0.9992999204784726,0.21630117005855393,4.199999999993793,6.207478975284175e-12,0.0037988299414460636
2022-09-28,15,0.0410677618069815,3450,0.8763660997342937,3940.786328360648,0.8754597972418329,Put,SPXW,SPXW220928P03450000,4.2,0.3748,0.0365977324873474,0.9984981419587812,0.3699108902010517,4.200000000018264,1.8263612844293675e-11,0.004889109798948299
2022-09-28,15,0.0410677618069815,3625,0.9208194526193666,3940.786328360648,0.919867178261346,Put,SPXW,SPXW220928P03625000,10.65,0.318,0.0365977324873474,0.9984981419587812,0.31408313680143823,10.649999999999864,1.3677947663381929e-13,0.003916863198561771
2022-09-28,15,0.0410677618069815,3690,0.9373306979766792,3940.786328360648,0.9363613483543082,Put,SPXW,SPXW220928P03690000,15.85,0.3,0.0365977324873474,0.9984981419587812,0.29637336974766876,15.850000000000477,4.778399897986674e-13,0.003626630252331231
2022-09-28,15,0.0410677618069815,3725,0.946221368553694,3940.786328360648,0.9452428245582108,Put,SPXW,SPXW220928P03725000,19.9,0.2917,0.0365977324873474,0.9984981419587812,0.28812712183798633,19.900000000000205,2.0605739337042905e-13,0.003572878162013682
2022-09-28,15,0.0410677618069815,3755,0.9538419433339922,3940.786328360648,0.9528555184472705,Put,SPXW,SPXW220928P03755000,24.200000000000003,0.2848,0.0365977324873474,0.9984981419587812,0.28131149379912784,24.20000000000016,1.5631940186722204e-13,0.0034885062008721546
2022-09-28,15,0.0410677618069815,3775,0.9589223265208576,3940.786328360648,0.9579306477066432,Put,SPXW,SPXW220928P03775000,27.65,0.2807,0.0365977324873474,0.9984981419587812,0.27725446046970303,27.65000000000009,9.237055564881302e-14,0.0034455395302969705
2022-09-28,15,0.0410677618069815,3795,0.9640027097077232,3940.786328360648,0.9630057769660162,Put,SPXW,SPXW220928P03795000,31.55,0.2766,0.0365977324873474,0.9984981419587812,0.27323813513815237,31.54999999996346,3.653966018646315e-11,0.003361864861847641
2022-09-28,15,0.0410677618069815,3820,0.9703531886913048,3940.786328360648,0.9693496885402324,Put,SPXW,SPXW220928P03820000,37.150000000000006,0.2717,0.0365977324873474,0.9984981419587812,0.2683567056541244,37.150000000057844,5.7838178690872155e-11,0.0033432943458756026
2022-09-28,15,0.0410677618069815,3840,0.9754335718781704,3940.786328360648,0.9744248177996052,Put,SPXW,SPXW220928P03840000,42.3,0.268,0.0365977324873474,0.9984981419587812,0.26466575194580966,42.30000000000018,1.8474111129762605e-13,0.0033342480541903585
2022-09-28,15,0.0410677618069815,3860,0.980513955065036,3940.786328360648,0.9794999470589782,Put,SPXW,SPXW220928P03860000,47.95,0.264,0.0365977324873474,0.9984981419587812,0.2606372018073914,47.95000000000027,2.7000623958883807e-13,0.003362798192608596
2022-09-28,15,0.0410677618069815,3880,0.9855943382519012,3940.786328360648,0.9845750763183512,Put,SPXW,SPXW220928P03880000,54.2,0.2598,0.0365977324873474,0.9984981419587812,0.2564851503369281,54.19999999999982,1.8474111129762605e-13,0.0033148496630718838
2022-09-28,15,0.0410677618069815,3900,0.9906747214387668,3940.786328360648,0.989650205577724,Put,SPXW,SPXW220928P03900000,61.2,0.2559,0.0365977324873474,0.9984981419587812,0.25255236724877067,61.200000000011414,1.1411316336307209e-11,0.0033476327512293458
2022-09-28,15,0.0410677618069815,3920,0.9957551046256324,3940.786328360648,0.9947253348370972,Put,SPXW,SPXW220928P03920000,68.8,0.2515,0.0365977324873474,0.9984981419587812,0.24820628865678884,68.79999999999973,2.7000623958883807e-13,0.0032937113432111587
2022-09-28,15,0.0410677618069815,3940,1.000835487812498,3940.786328360648,0.99980046409647,Put,SPXW,SPXW220928P03940000,77.3,0.2476,0.0365977324873474,0.9984981419587812,0.24427156783925896,77.29999999999995,4.263256414560601e-14,0.003328432160741024
2022-09-28,15,0.0410677618069815,3960,1.0059158709993632,3940.786328360648,1.0048755933558429,Call,SPXW,SPXW220928C03960000,67.6,0.2425,0.0365977324873474,0.9984981419587812,0.24089154641020225,67.60000000000014,1.4210854715202004e-13,0.001608453589797748
2022-09-28,15,0.0410677618069815,3980,1.0109962541862287,3940.786328360648,1.009950722615216,Call,SPXW,SPXW220928C03980000,57.7,0.2383,0.0365977324873474,0.9984981419587812,0.23671600574868862,57.70000000001551,1.5504042494285386e-11,0.0015839942513113936
2022-09-28,15,0.0410677618069815,4000,1.0160766373730945,3940.786328360648,1.015025851874589,Call,SPXW,SPXW220928C04000000,48.8,0.2346,0.0365977324873474,0.9984981419587812,0.23299053082920335,48.79999999999973,2.7000623958883807e-13,0.0016094691707966569
2022-09-28,15,0.0410677618069815,4020,1.0211570205599596,3940.786328360648,1.020100981133962,Call,SPXW,SPXW220928C04020000,40.75,0.2309,0.0365977324873474,0.9984981419587812,0.22920490049702974,40.75,0.0,0.0016950995029702542
2022-09-28,15,0.0410677618069815,4045,1.0275074995435416,3940.786328360648,1.026444892708178,Call,SPXW,SPXW220928C04045000,32.05,0.2267,0.0365977324873474,0.9984981419587812,0.22498909286790786,32.050000000062255,6.225775450729998e-11,0.0017109071320921543
2022-09-28,15,0.0410677618069815,4065,1.032587882730407,3940.786328360648,1.0315200219675509,Call,SPXW,SPXW220928C04065000,26.200000000000003,0.224,0.0365977324873474,0.9984981419587812,0.22226939776427523,26.200000000041882,4.1879388845700305e-11,0.0017306022357247708
2022-09-28,15,0.0410677618069815,4085,1.0376682659172725,3940.786328360648,1.0365951512269238,Call,SPXW,SPXW220928C04085000,21.200000000000003,0.2216,0.0365977324873474,0.9984981419587812,0.21985034029778183,21.200000000002433,2.4300561562995426e-12,0.0017496597022181593
2022-09-28,15,0.0410677618069815,4110,1.0440187449008542,3940.786328360648,1.04293906280114,Call,SPXW,SPXW220928C04110000,16.049999999999997,0.2191,0.0365977324873474,0.9984981419587812,0.2172690102669685,16.050000000000068,7.105427357601002e-14,0.0018309897330315017
2022-09-28,15,0.0410677618069815,4130,1.0490991280877198,3940.786328360648,1.048014192060513,Call,SPXW,SPXW220928C04130000,12.75,0.2176,0.0365977324873474,0.9984981419587812,0.21573762887409825,12.75000000003945,3.944933268940076e-11,0.001862371125901735
2022-09-28,15,0.0410677618069815,4175,1.060529990258167,3940.786328360648,1.059433232894102,Call,SPXW,SPXW220928C04175000,7.55,0.2166,0.0365977324873474,0.9984981419587812,0.2145307662277208,7.550000000000011,1.1546319456101628e-14,0.0020692337722791887
2022-09-28,15,0.0410677618069815,4225,1.0732309482253308,3940.786328360648,1.0721210560425345,Call,SPXW,SPXW220928C04225000,4.1,0.2167,0.0365977324873474,0.9984981419587812,0.21454662284891884,4.099999999999966,3.375077994860476e-14,0.0021533771510811595
2022-10-14,31,0.0848733744010951,3100,0.787459393964148,3945.174096903203,0.7857701393794942,Put,SPXW,SPXW221014P03100000,4.2,0.4273,0.0367053136294934,0.996889543697636,0.4248169147733665,4.200000000004152,4.1522341120980855e-12,0.0024830852266334857
2022-10-14,31,0.0848733744010951,3375,0.8573146627835482,3945.174096903203,0.8554755549696106,Put,SPXW,SPXW221014P03375000,9.75,0.3488,0.0367053136294934,0.996889543697636,0.34716063428540533,9.749999999958419,4.158096089668106e-11,0.001639365714594665
2022-10-14,31,0.0848733744010951,3470,0.8814464829211592,3945.174096903203,0.8795556076280144,Put,SPXW,SPXW221014P03470000,13.95,0.3254,0.0367053136294934,0.996889543697636,0.3240987841033858,13.950000000000102,1.0302869668521453e-13,0.0013012158966142495
2022-10-14,31,0.0848733744010951,3520,0.8941474408883229,3945.174096903203,0.8922293195534902,Put,SPXW,SPXW221014P03520000,17.15,0.3144,0.0367053136294934,0.996889543697636,0.3132279716304214,17.149999999990882,9.116263299802085e-12,0.001172028369578637
2022-10-14,31,0.0848733744010951,3575,0.908118494652203,3945.174096903203,0.9061704026715136,Put,SPXW,SPXW221014P03575000,21.75,0.3032,0.0367053136294934,0.996889543697636,0.302150678142355,21.749999999999886,1.1368683772161603e-13,0.0010493218576450025
2022-10-14,31,0.0848733744010951,3625,0.9208194526193666,3945.174096903203,0.9188441145969892,Put,SPXW,SPXW221014P03625000,27.15,0.2936,0.0367053136294934,0.996889543697636,0.29270355983072116,27.149999999999977,2.1316282072803006e-14,0.000896440169278867
2022-10-14,31,0.0848733744010951,3675,0.9335204105865302,3945.174096903203,0.931517826522465,Put,SPXW,SPXW221014P03675000,34.15,0.2851,0.0367053136294934,0.996889543697636,0.28428576299804226,34.14999999999952,4.760636329592671e-13,0.0008142370019577627
2022-10-14,31,0.0848733744010951,3720,0.9449512727569775,3945.174096903203,0.9429241672553932,Put,SPXW,SPXW221014P03720000,42.05,0.278,0.0367053136294934,0.996889543697636,0.27730801913039177,42.049999999999955,4.263256414560601e-14,0.0006919808696082552
2022-10-14,31,0.0848733744010951,3750,0.9525718475372758,3945.174096903203,0.9505283944106784,Put,SPXW,SPXW221014P03750000,48.2,0.2732,0.0367053136294934,0.996889543697636,0.27267738279821363,48.20000000000027,2.7000623958883807e-13,0.0005226172017863684
2022-10-14,31,0.0848733744010951,3785,0.9614625181142904,3945.174096903203,0.9593999927585116,Put,SPXW,SPXW221014P03785000,56.45,0.268,0.0367053136294934,0.996889543697636,0.2674704535068548,56.4500000000005,4.973799150320701e-13,0.0005295464931452387
2022-10-14,31,0.0848733744010951,3815,0.9690830928945886,3945.174096903203,0.9670042199137968,Put,SPXW,SPXW221014P03815000,64.4,0.2632,0.0367053136294934,0.996889543697636,0.262830884034252,64.39999999999986,1.4210854715202004e-13,0.00036911596574801253
2022-10-14,31,0.0848733744010951,3845,0.9767036676748868,3945.174096903203,0.9746084470690825,Put,SPXW,SPXW221014P03845000,73.3,0.2585,0.0367053136294934,0.996889543697636,0.25818604298007225,73.29999999999927,7.247535904753022e-13,0.0003139570199277575
2022-10-14,31,0.0848733744010951,3875,0.984324242455185,3945.174096903203,0.9822126742243678,Put,SPXW,SPXW221014P03875000,83.2,0.2537,0.0367053136294934,0.996889543697636,0.25347290560946323,83.19999999991478,8.522249572706642e-11,0.00022709439053675284
2022-10-14,31,0.0848733744010951,3905,0.9919448172354832,3945.174096903203,0.9898169013796532,Put,SPXW,SPXW221014P03905000,94.15,0.2487,0.0367053136294934,0.996889543697636,0.24863778270387946,94.14999999999986,1.4210854715202004e-13,6.221729612054805e-05
2022-10-14,31,0.0848733744010951,3935,0.9995653920157814,3945.174096903203,0.9974211285349386,Put,SPXW,SPXW221014P03935000,106.15,0.2435,0.0367053136294934,0.996889543697636,0.24352451112141113,106.15000000000009,8.526512829121202e-14,2.4511121411135983e-05
2022-10-14,31,0.0848733744010951,3965,1.0071859667960796,3945.174096903203,1.005025355690224,Call,SPXW,SPXW221014C03965000,98.45,0.2381,0.0367053136294934,0.996889543697636,0.23582522350849092,98.45000000000005,4.263256414560601e-14,0.0022747764915090896
2022-10-14,31,0.0848733744010951,4000,1.0160766373730945,3945.174096903203,1.0138969540380571,Call,SPXW,SPXW221014C04000000,80.65,0.2319,0.0367053136294934,0.996889543697636,0.22977383857784323,80.65000000000464,4.632738637155853e-12,0.0021261614221567693
2022-10-14,31,0.0848733744010951,4030,1.0236972121533925,3945.174096903203,1.0215011811933423,Call,SPXW,SPXW221014C04030000,67.0,0.2268,0.0367053136294934,0.996889543697636,0.22482486738249088,66.99999999999977,2.2737367544323206e-13,0.0019751326175091177
2022-10-14,31,0.0848733744010951,4060,1.0313177869336907,3945.174096903203,1.029105408348628,Call,SPXW,SPXW221014C04060000,54.9,0.2221,0.0367053136294934,0.996889543697636,0.22018763574413297,54.899999999999864,1.3500311979441904e-13,0.0019123642558670217
2022-10-14,31,0.0848733744010951,4095,1.0402084575107051,3945.174096903203,1.0379770066964609,Call,SPXW,SPXW221014C04095000,42.75,0.2171,0.0367053136294934,0.996889543697636,0.2152283714884329,42.75000000000023,2.2737367544323206e-13,0.0018716285115670805
2022-10-14,31,0.0848733744010951,4125,1.047829032291003,3945.174096903203,1.0455812338517465,Call,SPXW,SPXW221014C04125000,34.05,0.2134,0.0367053136294934,0.996889543697636,0.21160112654849256,34.05000000000007,7.105427357601002e-14,0.001798873451507449
2022-10-14,31,0.0848733744010951,4175,1.060529990258167,3945.174096903203,1.058254945777222,Call,SPXW,SPXW221014C04175000,22.700000000000003,0.2084,0.0367053136294934,0.996889543697636,0.2066739334939876,22.699999999999932,7.105427357601002e-14,0.001726066506012397
2022-10-14,31,0.0848733744010951,4225,1.0732309482253308,3945.174096903203,1.0709286577026975,Call,SPXW,SPXW221014C04225000,14.8,0.2052,0.0367053136294934,0.996889543697636,0.20348062606593495,14.800000000037244,3.724309749486565e-11,0.0017193739340650438
2022-10-14,31,0.0848733744010951,4275,1.0859319061924944,3945.174096903203,1.0836023696281734,Call,SPXW,SPXW221014C04275000,9.45,0.2032,0.0367053136294934,0.996889543697636,0.20147555779196355,9.449999999997601,2.398081733190338e-12,0.0017244422080364419
2022-10-14,31,0.0848733744010951,4350,1.10498334314324,3945.174096903203,1.1026129375163871,Call,SPXW,SPXW221014C04350000,4.8,0.203,0.0367053136294934,0.996889543697636,0.20120147034842278,4.800000000001461,1.461053500406706e-12,0.0017985296515772298
2022-11-18,66,0.1799566506958704,2775,0.7049031671775841,3954.830544063122,0.7016735531603877,Put,SPX,SPX221118P02775000,7.05,0.4434,0.036921115062271,0.9933778236875802,0.442692953440788,7.050000000000111,1.1102230246251565e-13,0.000707046559211999
2022-11-18,66,0.1799566506958704,3160,0.8027005435247444,3954.830544063122,0.7990228569321892,Put,SPX,SPX221118P03160000,16.4,0.3579,0.036921115062271,0.9933778236875802,0.35789952003612574,16.40000000000356,3.559819106158102e-12,4.799638742558621e-07
2022-11-18,66,0.1799566506958704,3230,0.8204818846787736,3954.830544063122,0.816722730345244,Put,SPX,SPX221118P03230000,19.55,0.3441,0.036921115062271,0.9933778236875802,0.34423219455275805,19.550000000000068,6.750155989720952e-14,0.00013219455275803593
2022-11-18,66,0.1799566506958704,3310,0.8408034174262354,3954.830544063122,0.836951157103021,Put,SPX,SPX221118P03310000,24.15,0.3292,0.036921115062271,0.9933778236875802,0.32947187413999734,24.1499999999715,2.849986913133762e-11,0.0002718741399973523
2022-11-18,66,0.1799566506958704,3450,0.8763660997342937,3954.830544063122,0.8723509039291306,Put,SPX,SPX221118P03450000,36.1,0.3061,0.036921115062271,0.9933778236875802,0.30668184684423677,36.10000000006653,6.652811634921818e-11,0.0005818468442367886
2022-11-18,66,0.1799566506958704,3525,0.8954175366850392,3954.830544063122,0.8913150540145465,Put,SPX,SPX221118P03525000,45.25,0.295,0.036921115062271,0.9933778236875802,0.29578730117008567,45.24999999999932,6.821210263296962e-13,0.0007873011700856858
2022-11-18,66,0.1799566506958704,3725,0.946221368553694,3954.830544063122,0.9418861209089888,Put,SPX,SPX221118P03725000,83.35,0.2688,0.036921115062271,0.9933778236875802,0.2701125072985296,83.34999999999991,8.526512829121202e-14,0.0013125072985296082
2022-11-18,66,0.1799566506958704,3825,0.9716232844880212,3954.830544063122,0.96717165435621,Put,SPX,SPX221118P03825000,111.85,0.2563,0.036921115062271,0.9933778236875802,0.25787969719731885,111.84999999999968,3.126388037344441e-13,0.0015796971973188745
2022-11-18,66,0.1799566506958704,3875,0.984324242455185,3954.830544063122,0.9798144210798206,Put,SPX,SPX221118P03875000,128.8,0.2497,0.036921115062271,0.9933778236875802,0.25148830051588156,128.80000000000064,6.252776074688882e-13,0.0017883005158815524
2022-11-18,66,0.1799566506958704,3930,0.998295296219065,3954.830544063122,0.9937214644757922,Put,SPX,SPX221118P03930000,149.95,0.2425,0.036921115062271,0.9933778236875802,0.24451079564357178,149.9500000000603,6.03108674113173e-11,0.002010795643571789
2022-11-18,66,0.1799566506958704,4090,1.038938361713989,3954.830544063122,1.0341783179913462,Call,SPX,SPX221118C04090000,89.75,0.2204,0.036921115062271,0.9933778236875802,0.21784822222764566,89.74999999999864,1.3642420526593924e-12,0.002551777772354352
2022-11-18,66,0.1799566506958704,4140,1.0516393196811524,3954.830544063122,1.0468210847149568,Call,SPX,SPX221118C04140000,70.35,0.2141,0.036921115062271,0.9933778236875802,0.21176773910139585,70.35000000000014,1.4210854715202004e-13,0.002332260898604166
2022-11-18,66,0.1799566506958704,4360,1.1075235347366728,3954.830544063122,1.1024492582988434,Call,SPX,SPX221118C04360000,19.65,0.1959,0.036921115062271,0.9933778236875802,0.1940816178423613,19.65000000000009,9.237055564881302e-14,0.0018183821576386872
2022-11-18,66,0.1799566506958704,4590,1.1659479413856255,3954.830544063122,1.160605985227452,Call,SPX,SPX221118C04590000,4.1,0.1901,0.036921115062271,0.9933778236875802,0.18835784237438177,4.09999999998729,1.2709833185908792e-11,0.001742157625618218
2022-11-18,66,0.1806981519507187,3000,0.7620574780298206,3954.9065138721207,0.7585514321204011,Put,SPXW,SPXW221118P03000000,11.55,0.3927,0.0369227056094265,0.9933503428045688,0.3923296315617933,11.550000000000722,7.212008767965017e-13,0.00037036843820670295
2022-11-18,66,0.1806981519507187,3380,0.8585847585802646,3954.9065138721207,0.8546346135223185,Put,SPXW,SPXW221118P03380000,29.9,0.3182,0.0369227056094265,0.9933503428045688,0.31859940295310535,29.89999999999975,2.4868995751603507e-13,0.00039940295310536555
2022-11-18,66,0.1806981519507187,3600,0.9144689736357848,3954.9065138721207,0.9102617185444812,Put,SPXW,SPXW221118P03600000,57.75,0.286,0.0369227056094265,0.9933503428045688,0.28688770664063984,57.75000000000034,3.410605131648481e-13,0.0008877066406398626
2022-11-18,66,0.1806981519507187,3670,0.932250314789814,3954.9065138721207,0.927961251960624,Put,SPXW,SPXW221118P03670000,71.5,0.277,0.0369227056094265,0.9933503428045688,0.27811827176908177,71.50000000000011,1.1368683772161603e-13,0.0011182717690817467
2022-11-18,66,0.1806981519507187,3775,0.9589223265208576,3954.9065138721207,0.954510552084838,Put,SPXW,SPXW221118P03775000,97.8,0.264,0.0369227056094265,0.9933503428045688,0.2653474698215091,97.7999999999281,7.189271400420694e-11,0.001347469821509073
2022-11-18,66,0.1806981519507187,3990,1.0135364457796614,3954.9065138721207,1.008873404720133,Call,SPXW,SPXW221118C03990000,138.55,0.2352,0.0369227056094265,0.9933503428045688,0.23225478882135941,138.54999999999995,5.684341886080802e-14,0.0029452111786405777
2022-11-18,66,0.1806981519507187,4050,1.0287775953402578,3954.9065138721207,1.0240444333625414,Call,SPXW,SPXW221118C04050000,108.6,0.2269,0.0369227056094265,0.9933503428045688,0.22428396275787332,108.6000000000181,1.8104628907167353e-11,0.0026160372421266676
2022-11-18,66,0.1806981519507187,4220,1.0719608524286144,3954.9065138721207,1.0670290145160308,Call,SPXW,SPXW221118C04220000,46.75,0.207,0.0369227056094265,0.9933503428045688,0.20490056540271384,46.74999999999977,2.2737367544323206e-13,0.0020994345972861483
2022-11-18,66,0.1806981519507187,4290,1.0897421935826437,3954.9065138721207,1.0847285479321735,Call,SPXW,SPXW221118C04290000,31.05,0.201,0.0369227056094265,0.9933503428045688,0.19911259968321562,31.049999999999727,2.7355895326763857e-13,0.0018874003167843878
2022-11-18,66,0.1806981519507187,4430,1.1253048758907018,3954.9065138721207,1.120127614764459,Call,SPXW,SPXW221118C04430000,12.7,0.1937,0.0369227056094265,0.9933503428045688,0.19194770069289438,12.700000000072805,7.280576141965867e-11,0.0017522993071056314
2022-11-18,66,0.1806981519507187,4510,1.1456264086381638,3954.9065138721207,1.1403556529543362,Call,SPXW,SPXW221118C04510000,7.35,0.1914,0.0369227056094265,0.9933503428045688,0.18974926579488569,7.349999999999881,1.1901590823981678e-13,0.0016507342051143015
2022-12-16,94,0.2566164727355692,3175,0.8065108309148935,3962.7344498288135,0.8012144240796042,Put,SPX,SPX221216P03175000,27.85,0.3382,0.0370782739437207,0.9905302275189892,0.3386603357761827,27.84999999992101,7.899103593445034e-11,0.0004603357761827076
2022-12-16,94,0.2566164727355692,3470,0.8814464829211592,3962.7344498288135,0.8756579689940871,Put,SPX,SPX221216P03470000,57.0,0.2956,0.0370782739437207,0.9905302275189892,0.2965996847226577,57.00000000003786,3.785771696129814e-11,0.0009996847226577121
2022-12-16,94,0.2566164727355692,3740,0.9500316559438432,3962.7344498288135,0.9437927389158172,Put,SPX,SPX221216P03740000,113.55,0.265,0.0370782739437207,0.9905302275189892,0.26653614176642815,113.54999999996244,3.7559289012278896e-11,0.001536141766428134
2022-12-16,94,0.2566164727355692,4060,1.0313177869336907,3962.7344498288135,1.024545058823053,Call,SPX,SPX221216C04060000,135.9,0.227,0.0370782739437207,0.9905302275189892,0.22427225846294996,135.90000000000032,3.126388037344441e-13,0.002727741537050049
2022-12-16,94,0.2566164727355692,4170,1.0592598944614506,3962.7344498288135,1.052303668791165,Call,SPX,SPX221216C04170000,89.0,0.2144,0.0370782739437207,0.9905302275189892,0.2121518614824851,88.99999999999955,4.547473508864641e-13,0.0022481385175149027
2022-12-16,94,0.2566164727355692,4225,1.0732309482253308,3962.7344498288135,1.0661829737752213,Call,SPX,SPX221216C04225000,70.15,0.2088,0.0370782739437207,0.9905302275189892,0.20671439852512985,70.1500000000151,1.5091927707544528e-11,0.0020856014748701635
2022-12-16,94,0.2566164727355692,4500,1.143086217044731,3962.7344498288135,1.135579498695502,Call,SPX,SPX221216C04500000,16.9,0.1899,0.0370782739437207,0.9905302275189892,0.1882499566853731,16.900000000000603,6.039613253960852e-13,0.0016500433146269256
2022-12-16,94,0.2573579739904175,2775,0.7049031671775841,3962.811372694759,0.7002604310467008,Put,SPXW,SPXW221216P02775000,12.5,0.4131,0.037079723528404,0.990502625145574,0.4128998841090716,12.499999999999972,2.842170943040401e-14,0.00020011589092844284
2022-12-16,94,0.2573579739904175,2975,0.7557069990462388,3962.811372694759,0.7507296513023188,Put,SPXW,SPXW221216P02975000,18.4,0.374,0.037079723528404,0.990502625145574,0.37410923595179263,18.39999999999995,4.973799150320701e-14,0.00010923595179263001
2022-12-16,94,0.2573579739904175,3270,0.8306426510525045,3962.811372694759,0.8251717511793555,Put,SPXW,SPXW221216P03270000,35.05,0.3236,0.037079723528404,0.990502625145574,0.3243070652107816,35.04999999999944,5.542233338928781e-13,0.0007070652107816211
2022-12-16,94,0.2573579739904175,3330,0.8458838006131009,3962.811372694759,0.840312517256041,Put,SPXW,SPXW221216P03330000,40.5,0.3148,0.037079723528404,0.990502625145574,0.31560258593393614,40.499999999999716,2.8421709430404007e-13,0.0008025859339361174
2022-12-16,94,0.2573579739904175,3400,0.86366514176713,3962.811372694759,0.8579767443455073,Put,SPXW,SPXW221216P03400000,48.2,0.3053,0.037079723528404,0.990502625145574,0.3061549933342765,48.200000000000045,4.263256414560601e-14,0.000854993334276466
2022-12-16,94,0.2573579739904175,3540,0.8992278240751883,3962.811372694759,0.8933051985244399,Put,SPXW,SPXW221216P03540000,68.95,0.288,0.037079723528404,0.990502625145574,0.28917196382814375,68.95000000000005,4.263256414560601e-14,0.0011719638281437739
2022-12-16,94,0.2573579739904175,3610,0.9170091652292176,3962.811372694759,0.9109694256139064,Put,SPXW,SPXW221216P03610000,82.55,0.2801,0.037079723528404,0.990502625145574,0.28141521788114165,82.55000000000007,7.105427357601002e-14,0.0013152178811416393
2022-12-16,94,0.2573579739904175,3675,0.9335204105865302,3962.811372694759,0.9273719221969822,Put,SPXW,SPXW221216P03675000,97.25,0.2728,0.037079723528404,0.990502625145574,0.2742456948701915,97.25,0.0,0.0014456948701915273
2022-12-16,94,0.2573579739904175,3820,0.9703531886913048,3962.811372694759,0.9639621068823052,Put,SPXW,SPXW221216P03820000,138.45,0.2564,0.037079723528404,0.990502625145574,0.2582880274674201,138.450000000023,2.3021584638627246e-11,0.0018880274674200614
2022-12-16,94,0.2573579739904175,3880,0.9855943382519012,3962.811372694759,0.9791028729589908,Put,SPXW,SPXW221216P03880000,159.25,0.2494,0.037079723528404,0.990502625145574,0.2514954271209074,159.24999999999977,2.2737367544323206e-13,0.0020954271209073783
2022-12-16,94,0.2573579739904175,3930,0.998295296219065,3962.811372694759,0.9917201780228952,Put,SPXW,SPXW221216P03930000,178.45,0.2436,0.037079723528404,0.990502625145574,0.24572381468108934,178.44999999978677,2.1321966414689086e-10,0.0021238146810893255
2022-12-16,94,0.2573579739904175,3990,1.0135364457796614,3962.811372694759,1.0068609440995806,Call,SPXW,SPXW221216C03990000,172.5,0.2361,0.037079723528404,0.990502625145574,0.23304224792641898,172.50000000009277,9.276845958083868e-11,0.003057752073581027
2022-12-16,94,0.2573579739904175,4120,1.046558936494287,3962.811372694759,1.0396659372657324,Call,SPXW,SPXW221216C04120000,109.6,0.2207,0.037079723528404,0.990502625145574,0.21816939600634397,109.60000000000014,1.4210854715202004e-13,0.0025306039936560387
2022-12-16,94,0.2573579739904175,4300,1.0922823851760763,3962.811372694759,1.0850882354957887,Call,SPXW,SPXW221216C04300000,49.8,0.2026,0.037079723528404,0.990502625145574,0.2006600142972654,49.80000000000007,7.105427357601002e-14,0.001939985702734598
2022-12-16,94,0.2573579739904175,4370,1.1100637263301054,3962.811372694759,1.102752462585255,Call,SPXW,SPXW221216C04370000,35.0,0.1975,0.037079723528404,0.990502625145574,0.1956229152507344,35.000000000000114,1.1368683772161603e-13,0.001877084749265595
2022-12-16,94,0.2573579739904175,4430,1.1253048758907018,3962.811372694759,1.1178932286619403,Call,SPXW,SPXW221216C04430000,25.4,0.1938,0.037079723528404,0.990502625145574,0.1920461025862328,25.399999999999807,1.9184653865522705e-13,0.0017538974137671914
2022-12-16,94,0.2573579739904175,4575,1.1621376539954764,3962.811372694759,1.1544834133472637,Call,SPXW,SPXW221216C04575000,11.15,0.1879,0.037079723528404,0.990502625145574,0.1862956794359689,11.150000000001398,1.3979928326079971e-12,0.0016043205640311198
2022-12-16,94,0.2573579739904175,4700,1.1938900489133857,3962.811372694759,1.1860266760070248,Call,SPXW,SPXW221216C04700000,5.35,0.1859,0.037079723528404,0.990502625145574,0.18426999384328052,5.3499999999999375,6.217248937900877e-14,0.001630006156719488
2023-01-20,129,0.3524412502851928,3050,0.7747584359969844,3972.743314551241,0.7677314536855564,Put,SPX,SPX230120P03050000,32.25,0.3447,0.0372548339657011,0.986955683990808,0.3440893778609566,32.249999999996305,3.694822225952521e-12,0.000610622139043393
2023-01-20,129,0.3524412502851928,3225,0.8192117888820571,3972.743314551241,0.8117816190609572,Put,SPX,SPX230120P03225000,45.75,0.3196,0.0372548339657011,0.986955683990808,0.3191646674552338,45.75000000000017,1.7053025658242404e-13,0.0004353325447661871
2023-01-20,129,0.3524412502851928,3360,0.8535043753933991,3972.743314551241,0.845763175207695,Put,SPX,SPX230120P03360000,60.85,0.3025,0.0372548339657011,0.986955683990808,0.3021090093462773,60.85000000000048,4.760636329592671e-13,0.00039099065372266706
2023-01-20,129,0.3524412502851928,3425,0.8700156207507119,3972.743314551241,0.8621246652042724,Put,SPX,SPX230120P03425000,70.0,0.2951,0.0372548339657011,0.986955683990808,0.2944669706072701,70.0,0.0,0.0006330293927298558
2023-01-20,129,0.3524412502851928,3490,0.8865268661080247,3972.743314551241,0.8784861552008498,Put,SPX,SPX230120P03490000,80.75,0.2877,0.0372548339657011,0.986955683990808,0.28738712174799735,80.74999999995998,4.001776687800884e-11,0.0003128782520026574
2023-01-20,129,0.3524412502851928,3570,0.9068483988554864,3972.743314551241,0.8986233736581759,Put,SPX,SPX230120P03570000,96.1,0.2792,0.0372548339657011,0.986955683990808,0.27884341807305246,96.10000000002651,2.651745489856694e-11,0.0003565819269475412
2023-01-20,129,0.3524412502851928,3630,0.9220895484160828,3972.743314551241,0.9137262875011704,Put,SPX,SPX230120P03630000,109.45,0.273,0.0372548339657011,0.986955683990808,0.27270389945125606,109.44999999999982,1.8474111129762605e-13,0.0002961005487439605
2023-01-20,129,0.3524412502851928,3690,0.9373306979766792,3972.743314551241,0.928829201344165,Put,SPX,SPX230120P03690000,124.3,0.2667,0.0372548339657011,0.986955683990808,0.26646496970119565,124.2999999999065,9.349321317131398e-11,0.00023503029880433957
2023-01-20,129,0.3524412502851928,3760,0.9551120391307084,3972.743314551241,0.9464492674943252,Put,SPX,SPX230120P03760000,143.8,0.2595,0.0372548339657011,0.986955683990808,0.25917847748173267,143.80000000000064,6.252776074688882e-13,0.00032152251826733647
2023-01-20,129,0.3524412502851928,3940,1.000835487812498,3972.743314551241,0.991758009023309,Put,SPX,SPX230120P03940000,206.4,0.2407,0.0372548339657011,0.986955683990808,0.2404562340220158,206.4000000000001,8.526512829121202e-14,0.00024376597798420052
2023-01-20,129,0.3524412502851928,4125,1.047829032291003,3972.743314551241,1.0383253267058754,Call,SPX,SPX230120C04125000,142.0,0.2208,0.0372548339657011,0.986955683990808,0.2205700765024801,142.00000000000023,2.2737367544323206e-13,0.00022992349751990715
2023-01-20,129,0.3524412502851928,4310,1.094822576769509,3972.743314551241,1.084892644388442,Call,SPX,SPX230120C04310000,72.80000000000001,0.2027,0.0372548339657011,0.986955683990808,0.2025613528671584,72.79999999999984,1.7053025658242404e-13,0.00013864713284159058
2023-01-20,129,0.3524412502851928,4490,1.1405460254512982,3972.743314551241,1.1302013859174258,Call,SPX,SPX230120C04490000,32.7,0.1894,0.0372548339657011,0.986955683990808,0.1891002100377752,32.70000000000016,1.5631940186722204e-13,0.00029978996222482235
2023-01-20,129,0.3524412502851928,4620,1.1735685161659235,3972.743314551241,1.1629243659105806,Call,SPX,SPX230120C04620000,17.05,0.1829,0.0372548339657011,0.986955683990808,0.1825365807475181,17.05000000000001,1.0658141036401503e-14,0.0003634192524819002
2023-01-20,129,0.3531827515400411,2800,0.7112536461611659,3972.8212705277824,0.7047888161422436,Put,SPXW,SPXW230120P02800000,20.700000000000003,0.3865,0.0372561173892979,0.986927972846187,0.3856153708337857,20.700000000000102,9.947598300641403e-14,0.0008846291662142902
2023-01-20,129,0.3531827515400411,3825,0.9716232844880212,3972.8212705277824,0.9627918649086008,Put,SPXW,SPXW230120P03825000,165.15,0.2536,0.0372561173892979,0.986927972846187,0.25324963522540134,165.1500000000092,9.180212146020494e-12,0.0003503647745986549
2023-01-20,129,0.3531827515400411,3880,0.9855943382519012,3972.8212705277824,0.976635930939966,Put,SPXW,SPXW230120P03880000,184.3,0.2479,0.0372561173892979,0.986927972846187,0.24749854909184896,184.29999999999995,5.684341886080802e-14,0.000401450908151052
2023-01-20,129,0.3531827515400411,4010,1.018616828966527,3972.8212705277824,1.0093582688322846,Call,SPXW,SPXW230120C04010000,200.05,0.2337,0.0372561173892979,0.986927972846187,0.23350530618825316,200.04999999999995,5.684341886080802e-14,0.0001946938117468322
2023-01-20,129,0.3531827515400411,4070,1.0338579785271234,3972.8212705277824,1.024460886321047,Call,SPXW,SPXW230120C04070000,168.9,0.2272,0.0372561173892979,0.986927972846187,0.2270073158703948,168.89999999999986,1.4210854715202004e-13,0.00019268412960521397
2023-01-20,129,0.3531827515400411,4190,1.0643402776483162,3972.8212705277824,1.0546661212985715,Call,SPXW,SPXW230120C04190000,115.15,0.2146,0.0372561173892979,0.986927972846187,0.21455778911889115,115.1499999999985,1.5063505998114124e-12,4.221088110886728e-05
2023-01-20,129,0.3531827515400411,4250,1.0795814272089126,3972.8212705277824,1.069768738787334,Call,SPXW,SPXW230120C04250000,92.55,0.2086,0.0372561173892979,0.986927972846187,0.20843282309446376,92.54999999999973,2.7000623958883807e-13,0.0001671769055362482
2023-01-20,129,0.3531827515400411,4375,1.111333822126822,3972.8212705277824,1.1012325252222557,Call,SPXW,SPXW230120C04375000,55.75,0.1976,0.0372561173892979,0.986927972846187,0.19739832302306456,55.749999999999886,1.1368683772161603e-13,0.00020167697693543318
2023-01-20,129,0.3531827515400411,4430,1.1253048758907018,3972.8212705277824,1.1150765912536211,Call,SPXW,SPXW230120C04430000,43.8,0.1938,0.0372561173892979,0.986927972846187,0.1935392433560356,43.799999999999386,6.110667527536862e-13,0.00026075664396441045
2023-01-20,129,0.3531827515400411,4560,1.158327366605327,3972.8212705277824,1.1477989291459396,Call,SPXW,SPXW230120C04560000,23.55,0.1862,0.0372561173892979,0.986927972846187,0.185868767360947,23.550000000009845,9.844569603956188e-12,0.00033123263905299183
2023-01-20,129,0.3531827515400411,4825,1.225642443831295,3972.8212705277824,1.2145021563879734,Call,SPXW,SPXW230120C04825000,6.0,0.1788,0.0372561173892979,0.986927972846187,0.17834729252873877,6.000000000000028,2.842170943040401e-14,0.00045270747126122113
2023-03-17,185,0.5057608943645905,2800,0.7112536461611659,3989.004760588347,0.701929470644959,Put,SPX,SPX230317P02800000,34.3,0.3675,0.0374946546351107,0.9812153426887404,0.366881079226344,34.29999999991185,8.814993179839803e-11,0.0006189207736559954
2023-03-17,185,0.5057608943645905,2950,0.749356520062657,3989.004760588347,0.7395328351437962,Put,SPX,SPX230317P02950000,43.8,0.3465,0.0374946546351107,0.9812153426887404,0.34601364827161757,43.79999999999745,2.5437429940211587e-12,0.0004863517283824059
2023-03-17,185,0.5057608943645905,3125,0.7938098729477299,3989.004760588347,0.783403427059106,Put,SPX,SPX230317P03125000,59.05,0.3244,0.0374946546351107,0.9812153426887404,0.3239770422372486,59.050000000000125,1.2789769243681803e-13,0.00042295776275141916
2023-03-17,185,0.5057608943645905,3200,0.8128613098984754,3989.004760588347,0.8022051093085246,Put,SPX,SPX230317P03200000,67.35,0.3157,0.0374946546351107,0.9812153426887404,0.3152357115532411,67.34999999999991,8.526512829121202e-14,0.00046428844675888703
2023-03-17,185,0.5057608943645905,3300,0.8382632258328027,3989.004760588347,0.827274018974416,Put,SPX,SPX230317P03300000,80.6,0.3048,0.0374946546351107,0.9812153426887404,0.30441787909075185,80.60000000000002,2.842170943040401e-14,0.00038212090924816255
2023-03-17,185,0.5057608943645905,3375,0.8573146627835482,3989.004760588347,0.8460757012238346,Put,SPX,SPX230317P03375000,92.2,0.297,0.0374946546351107,0.9812153426887404,0.29658491567678985,92.19999999997628,2.3717916519672144e-11,0.00041508432321013533
2023-03-17,185,0.5057608943645905,3450,0.8763660997342937,3989.004760588347,0.8648773834732532,Put,SPX,SPX230317P03450000,105.6,0.2896,0.0374946546351107,0.9812153426887404,0.2892027727623109,105.59999999976299,2.37008634940139e-10,0.00039722723768914614
2023-03-17,185,0.5057608943645905,3550,0.9017680156686212,3989.004760588347,0.8899462931391445,Put,SPX,SPX230317P03550000,126.35,0.28,0.0374946546351107,0.9812153426887404,0.2796844816431836,126.35000000000002,2.842170943040401e-14,0.00031551835681642437
2023-03-17,185,0.5057608943645905,3625,0.9208194526193666,3989.004760588347,0.9087479753885632,Put,SPX,SPX230317P03625000,144.10000000000002,0.2729,0.0374946546351107,0.9812153426887404,0.2725247102356351,144.0999999999883,1.1709744285326451e-11,0.00037528976436485006
2023-03-17,185,0.5057608943645905,3725,0.946221368553694,3989.004760588347,0.9338168850544544,Put,SPX,SPX230317P03725000,171.5,0.2637,0.0374946546351107,0.9812153426887404,0.26341659057451955,171.50000000000068,6.821210263296962e-13,0.0002834094254804409
2023-03-17,185,0.5057608943645905,3800,0.9652728055044396,3989.004760588347,0.952618567303873,Put,SPX,SPX230317P03800000,194.65,0.2567,0.0374946546351107,0.9812153426887404,0.25642954360879894,194.6499999999894,1.0601297617540695e-11,0.00027045639120104603
2023-03-17,185,0.5057608943645905,3900,0.9906747214387668,3989.004760588347,0.9776874769697644,Put,SPX,SPX230317P03900000,229.95,0.2478,0.0374946546351107,0.9812153426887404,0.24746970696736598,229.94999999999982,1.7053025658242404e-13,0.0003302930326340159
2023-03-17,185,0.5057608943645905,3975,1.0097261583895123,3989.004760588347,0.9964891592191828,Put,SPX,SPX230317P03975000,259.35,0.2407,0.0374946546351107,0.9812153426887404,0.24039781137465888,259.35000000000036,3.410605131648481e-13,0.000302188625341121
2023-03-17,185,0.5057608943645905,4050,1.0287775953402578,3989.004760588347,1.0152908414686015,Call,SPX,SPX230317C04050000,231.4,0.2336,0.0374946546351107,0.9812153426887404,0.2328319350650551,231.4000000000001,8.526512829121202e-14,0.000768064934944912
2023-03-17,185,0.5057608943645905,4150,1.054179511274585,3989.004760588347,1.0403597511344929,Call,SPX,SPX230317C04150000,182.15,0.2246,0.0374946546351107,0.9812153426887404,0.2238851963225172,182.14999999998622,1.3784529073745944e-11,0.0007148036774828059
2023-03-17,185,0.5057608943645905,4225,1.0732309482253308,3989.004760588347,1.0591614333839114,Call,SPX,SPX230317C04225000,149.55,0.2182,0.0374946546351107,0.9812153426887404,0.2174878658706875,149.55000000000655,6.536993168992922e-12,0.0007121341293125083
2023-03-17,185,0.5057608943645905,4325,1.098632864159658,3989.004760588347,1.0842303430498028,Call,SPX,SPX230317C04325000,111.3,0.2091,0.0374946546351107,0.9812153426887404,0.2086746960459933,111.30000000000041,4.121147867408581e-13,0.00042530395400669496
2023-03-17,185,0.5057608943645905,4400,1.1176843011104036,3989.004760588347,1.1030320252992214,Call,SPX,SPX230317C04400000,87.2,0.2028,0.0374946546351107,0.9812153426887404,0.20247606272848973,87.2000000000362,3.6195046959619503e-11,0.00032393727151028284
2023-03-17,185,0.5057608943645905,4500,1.143086217044731,3989.004760588347,1.1281009349651128,Call,SPX,SPX230317C04500000,61.05,0.1953,0.0374946546351107,0.9812153426887404,0.19486965438483092,61.04999999999973,2.7000623958883807e-13,0.000430345615169081
2023-03-17,185,0.5057608943645905,4575,1.1621376539954764,3989.004760588347,1.1469026172145314,Call,SPX,SPX230317C04575000,46.0,0.1907,0.0374946546351107,0.9812153426887404,0.1902189607203599,46.0,0.0,0.0004810392796401053
2023-03-17,185,0.5057608943645905,4650,1.181189090946222,3989.004760588347,1.16570429946395,Call,SPX,SPX230317C04650000,33.8,0.1861,0.0374946546351107,0.9812153426887404,0.18561802405808306,33.80000000000035,3.552713678800501e-13,0.00048197594191692894
2023-03-17,185,0.5057608943645905,4750,1.2065910068805494,3989.004760588347,1.1907732091298413,Call,SPX,SPX230317C04750000,22.25,0.1817,0.0374946546351107,0.9812153426887404,0.18122528281144717,22.249999999999943,5.684341886080802e-14,0.00047471718855282563
2023-03-17,185,0.5057608943645905,4825,1.225642443831295,3989.004760588347,1.20957489137926,Call,SPX,SPX230317C04825000,16.3,0.1797,0.0374946546351107,0.9812153426887404,0.1791689919101137,16.299999999978525,2.1476154188349028e-11,0.0005310080898862923
2023-03-17,185,0.5057608943645905,4925,1.2510443597656222,3989.004760588347,1.2346438010451513,Call,SPX,SPX230317C04925000,10.55,0.1773,0.0374946546351107,0.9812153426887404,0.17671994488571832,10.550000000000296,2.948752353404416e-13,0.0005800551142816912
2023-03-17,185,0.5057608943645905,5000,1.2700957967163675,3989.004760588347,1.2534454832945698,Call,SPX,SPX230317C05000000,7.550000000000001,0.1759,0.0374946546351107,0.9812153426887404,0.1752773071446804,7.5499999999850615,1.4939161019356106e-11,0.000622692855319601
2023-04-21,220,0.601585671914214,2800,0.7112536461611659,3999.292067136095,0.7001239101812058,Put,SPX,SPX230421P02800000,42.4,0.3588,0.0376199246669976,0.977622566109984,0.3577453689191474,42.40000000003778,3.777955726036453e-11,0.0010546310808526305
2023-04-21,220,0.601585671914214,2950,0.749356520062657,3999.292067136095,0.7376305482266275,Put,SPX,SPX230421P02950000,53.6,0.3398,0.0376199246669976,0.977622566109984,0.33878346659622677,53.60000000000008,7.815970093361102e-14,0.0010165334037732232
2023-04-21,220,0.601585671914214,3075,0.7811089149805661,3999.292067136095,0.7688860799311457,Put,SPX,SPX230421P03075000,65.65,0.3254,0.0376199246669976,0.977622566109984,0.3244088887307626,65.64999999983229,1.6771650734881405e-10,0.0009911112692373991
2023-04-21,220,0.601585671914214,3150,0.8001603519313116,3999.292067136095,0.7876393989538565,Put,SPX,SPX230421P03150000,74.2,0.3172,0.0376199246669976,0.977622566109984,0.3161676339739496,74.20000000010475,1.0474821010575397e-10,0.0010323660260503909
2023-04-21,220,0.601585671914214,3225,0.8192117888820571,3999.292067136095,0.8063927179765673,Put,SPX,SPX230421P03225000,84.1,0.3095,0.0376199246669976,0.977622566109984,0.30848585976557813,84.0999999999998,1.9895196601282805e-13,0.0010141402344218675
2023-04-21,220,0.601585671914214,3300,0.8382632258328027,3999.292067136095,0.8251460369992782,Put,SPX,SPX230421P03300000,95.3,0.3021,0.0376199246669976,0.977622566109984,0.30104479949357765,95.29999999993004,6.996003776293946e-11,0.0010552005064223269
2023-04-21,220,0.601585671914214,3400,0.86366514176713,3999.292067136095,0.8501504623628927,Put,SPX,SPX230421P03400000,112.55,0.2926,0.0376199246669976,0.977622566109984,0.2915232064555268,112.5500000000751,7.510436716984259e-11,0.001076793544473209
2023-04-21,220,0.601585671914214,3475,0.8827165787178756,3999.292067136095,0.8689037813856035,Put,SPX,SPX230421P03475000,127.4,0.2857,0.0376199246669976,0.977622566109984,0.2846279687098837,127.4000000000002,1.9895196601282805e-13,0.0010720312901162932
2023-04-21,220,0.601585671914214,3550,0.9017680156686212,3999.292067136095,0.8876571004083145,Put,SPX,SPX230421P03550000,143.9,0.2789,0.0376199246669976,0.977622566109984,0.277754084383645,143.90000000029647,2.964668510685442e-10,0.0011459156163549644
2023-04-21,220,0.601585671914214,3650,0.9271699316029484,3999.292067136095,0.9126615257719288,Put,SPX,SPX230421P03650000,169.05,0.2701,0.0376199246669976,0.977622566109984,0.26892696213120393,169.04999999991287,8.714096111361869e-11,0.0011730378687960785
2023-04-21,220,0.601585671914214,3725,0.946221368553694,3999.292067136095,0.9314148447946398,Put,SPX,SPX230421P03725000,190.2,0.2635,0.0376199246669976,0.977622566109984,0.26226446697986283,190.199999999993,6.991740519879386e-12,0.0012355330201371806
2023-04-21,220,0.601585671914214,3800,0.9652728055044396,3999.292067136095,0.9501681638173508,Put,SPX,SPX230421P03800000,213.6,0.257,0.0376199246669976,0.977622566109984,0.2556645569319858,213.59999999982847,1.7152501641248818e-10,0.001335443068014197
2023-04-21,220,0.601585671914214,3900,0.9906747214387668,3999.292067136095,0.9751725891809652,Put,SPX,SPX230421P03900000,248.35,0.2482,0.0376199246669976,0.977622566109984,0.24674491100155163,248.35000000000014,1.4210854715202004e-13,0.0014550889984483728
2023-04-21,220,0.601585671914214,3975,1.0097261583895123,3999.292067136095,0.993925908203676,Put,SPX,SPX230421P03975000,277.55,0.2417,0.0376199246669976,0.977622566109984,0.24018110382281152,277.54999999999995,5.684341886080802e-14,0.001518896177188478
2023-04-21,220,0.601585671914214,4050,1.0287775953402578,3999.292067136095,1.012679227226387,Call,SPX,SPX230421C04050000,262.25,0.2354,0.0376199246669976,0.977622566109984,0.23553463667018626,262.2500000000002,2.2737367544323206e-13,0.00013463667018626113
2023-04-21,220,0.601585671914214,4125,1.047829032291003,3999.292067136095,1.031432546249098,Call,SPX,SPX230421C04125000,223.3,0.2284,0.0376199246669976,0.977622566109984,0.22856453570771798,223.2999999999863,1.3699263945454732e-11,0.00016453570771798876
2023-04-21,220,0.601585671914214,4225,1.0732309482253308,3999.292067136095,1.0564369716127122,Call,SPX,SPX230421C04225000,177.7,0.2204,0.0376199246669976,0.977622566109984,0.22059929168312034,177.6999999999532,4.6782133722444996e-11,0.0001992916831203284
2023-04-21,220,0.601585671914214,4300,1.0922823851760763,3999.292067136095,1.0751902906354232,Call,SPX,SPX230421C04300000,146.8,0.2141,0.0376199246669976,0.977622566109984,0.21430213571976175,146.80000000000064,6.252776074688882e-13,0.00020213571976174238
2023-04-21,220,0.601585671914214,4375,1.111333822126822,3999.292067136095,1.093943609658134,Call,SPX,SPX230421C04375000,119.1,0.2078,0.0376199246669976,0.977622566109984,0.2079605371706395,119.10000000000014,1.4210854715202004e-13,0.0001605371706394909
2023-04-21,220,0.601585671914214,4475,1.1367357380611491,3999.292067136095,1.1189480350217484,Call,SPX,SPX230421C04475000,88.0,0.2,0.0376199246669976,0.977622566109984,0.20023453651758247,87.99999999983174,1.6825651982799172e-10,0.00023453651758245653
2023-04-21,220,0.601585671914214,4550,1.1557871750118949,3999.292067136095,1.1377013540444594,Call,SPX,SPX230421C04550000,68.75,0.1947,0.0376199246669976,0.977622566109984,0.1948611616590486,68.74999999999955,4.547473508864641e-13,0.00016116165904858648
2023-04-21,220,0.601585671914214,4625,1.1748386119626402,3999.292067136095,1.1564546730671703,Call,SPX,SPX230421C04625000,52.95,0.19,0.0376199246669976,0.977622566109984,0.19007951645362134,52.9500000000005,4.973799150320701e-13,7.951645362133664e-05
2023-04-21,220,0.601585671914214,4700,1.1938900489133857,3999.292067136095,1.175207992089881,Call,SPX,SPX230421C04700000,40.400000000000006,0.186,0.0376199246669976,0.977622566109984,0.18609965381345067,40.39999999999941,5.968558980384842e-13,9.965381345067303e-05
2023-04-21,220,0.601585671914214,4800,1.219291964847713,3999.292067136095,1.2002124174534956,Call,SPX,SPX230421C04800000,27.85,0.1819,0.0376199246669976,0.977622566109984,0.1819072322171527,27.849999999999568,4.334310688136611e-13,7.232217152680631e-06
2023-04-21,220,0.601585671914214,4900,1.2446938807820405,3999.292067136095,1.2252168428171102,Call,SPX,SPX230421C04900000,18.7,0.1781,0.0376199246669976,0.977622566109984,0.17808929901178736,18.699999999999477,5.222489107836736e-13,1.0700988212652973e-05
2023-05-19,248,0.6782454939539129,2825,0.7176041251447478,4007.5759789398408,0.7049148949004636,Put,SPX,SPX230519P02825000,51.0,0.3507,0.0377075196511843,0.9747493136084248,0.3494822116565592,51.00000000004985,4.985167834092863e-11,0.0012177883434408288
2023-05-19,248,0.6782454939539129,2925,0.7430060410790751,4007.5759789398408,0.7298676345429578,Put,SPX,SPX230519P02925000,59.5,0.3392,0.0377075196511843,0.9747493136084248,0.33795551325970563,59.5000000000021,2.1032064978498966e-12,0.0012444867402943705
2023-05-19,248,0.6782454939539129,3000,0.7620574780298206,4007.5759789398408,0.7485821892748286,Put,SPX,SPX230519P03000000,66.9,0.331,0.0377075196511843,0.9747493136084248,0.3297623396649815,66.90000000000009,8.526512829121202e-14,0.0012376603350185422
2023-05-19,248,0.6782454939539129,3100,0.787459393964148,4007.5759789398408,0.7735349289173228,Put,SPX,SPX230519P03100000,78.3,0.3205,0.0377075196511843,0.9747493136084248,0.31933934584540646,78.30000000000848,8.483880264975596e-12,0.0011606541545935434
2023-05-19,248,0.6782454939539129,3175,0.8065108309148935,4007.5759789398408,0.7922494836491935,Put,SPX,SPX230519P03175000,88.15,0.3131,0.0377075196511843,0.9747493136084248,0.3118755128057057,88.1500000000002,1.9895196601282805e-13,0.0012244871942942992
2023-05-19,248,0.6782454939539129,3275,0.8319127468492209,4007.5759789398408,0.8172022232916878,Put,SPX,SPX230519P03275000,103.2,0.3035,0.0377075196511843,0.9747493136084248,0.3022968733036105,103.19999999999823,1.7763568394002505e-12,0.0012031266963895004
2023-05-19,248,0.6782454939539129,3350,0.8509641837999664,4007.5759789398408,0.8359167780235585,Put,SPX,SPX230519P03350000,116.0,0.2966,0.0377075196511843,0.9747493136084248,0.2952717401257289,116.00000000008151,8.151346264639869e-11,0.0013282598742710983
2023-05-19,248,0.6782454939539129,3450,0.8763660997342937,4007.5759789398408,0.8608695176660528,Put,SPX,SPX230519P03450000,135.6,0.2877,0.0377075196511843,0.9747493136084248,0.28638875086480853,135.59999999999968,3.126388037344441e-13,0.0013112491351914835
2023-05-19,248,0.6782454939539129,3525,0.8954175366850392,4007.5759789398408,0.8795840723979235,Put,SPX,SPX230519P03525000,152.05,0.281,0.0377075196511843,0.9747493136084248,0.2797229490207629,152.04999999995687,4.3144154915353283e-11,0.0012770509792371376
2023-05-19,248,0.6782454939539129,3625,0.9208194526193666,4007.5759789398408,0.9045368120404178,Put,SPX,SPX230519P03625000,176.85000000000002,0.2725,0.0377075196511843,0.9747493136084248,0.27109491445082795,176.85000000001833,1.830358087318018e-11,0.0014050855491720693
2023-05-19,248,0.6782454939539129,3700,0.939870889570112,4007.5759789398408,0.9232513667722884,Put,SPX,SPX230519P03700000,197.4,0.2662,0.0377075196511843,0.9747493136084248,0.26446011266923153,197.399999999873,1.270166194444755e-10,0.0017398873307684637
2023-05-19,248,0.6782454939539129,3800,0.9652728055044396,4007.5759789398408,0.9482041064147828,Put,SPX,SPX230519P03800000,228.55,0.2578,0.0377075196511843,0.9747493136084248,0.25615316054797843,228.55000000020414,2.0412471712916158e-10,0.0016468394520215424
2023-05-19,248,0.6782454939539129,3875,0.984324242455185,4007.5759789398408,0.9669186611466536,Put,SPX,SPX230519P03875000,254.25,0.2514,0.0377075196511843,0.9747493136084248,0.2497463183414442,254.2499999999925,7.503331289626658e-12,0.0016536816585558112
2023-05-19,248,0.6782454939539129,3975,1.0097261583895123,4007.5759789398408,0.9918714007891478,Put,SPX,SPX230519P03975000,292.2,0.2431,0.0377075196511843,0.9747493136084248,0.24121138988217442,292.20000000000005,5.684341886080802e-14,0.0018886101178255954
2023-05-19,248,0.6782454939539129,4075,1.0351280743238398,4007.5759789398408,1.016824140431642,Call,SPX,SPX230519C04075000,271.2,0.2342,0.0377075196511843,0.9747493136084248,0.2344258904866483,271.1999999999998,1.7053025658242404e-13,0.00022589048664831135
2023-05-19,248,0.6782454939539129,4150,1.054179511274585,4007.5759789398408,1.0355386951635128,Call,SPX,SPX230519C04150000,233.35,0.2279,0.0377075196511843,0.9747493136084248,0.22820518336612788,233.34999999994852,5.147171577846166e-11,0.00030518336612789243
2023-05-19,248,0.6782454939539129,4250,1.0795814272089126,4007.5759789398408,1.060491434806007,Call,SPX,SPX230519C04250000,187.5,0.2198,0.0377075196511843,0.9747493136084248,0.22005286796632573,187.50000000019827,1.9826984498649836e-10,0.0002528679663257316
2023-05-19,248,0.6782454939539129,4325,1.098632864159658,4007.5759789398408,1.0792059895378778,Call,SPX,SPX230519C04325000,156.75,0.2138,0.0377075196511843,0.9747493136084248,0.21408955812974223,156.75000000000045,4.547473508864641e-13,0.00028955812974224004
2023-05-19,248,0.6782454939539129,4425,1.1240347800939854,4007.5759789398408,1.104158729180372,Call,SPX,SPX230519C04425000,120.75,0.2061,0.0377075196511843,0.9747493136084248,0.2063896692954395,120.75,0.0,0.0002896692954394986
2023-05-19,248,0.6782454939539129,4500,1.143086217044731,4007.5759789398408,1.1228732839122428,Call,SPX,SPX230519C04500000,97.4,0.2004,0.0377075196511843,0.9747493136084248,0.20071898693810378,97.4000000000035,3.495870259939693e-12,0.0003189869381037824
2023-05-19,248,0.6782454939539129,4600,1.1684881329790584,4007.5759789398408,1.147826023554737,Call,SPX,SPX230519C04600000,71.65,0.1937,0.0377075196511843,0.9747493136084248,0.19394425561784054,71.65000000000032,3.126388037344441e-13,0.0002442556178405275
2023-05-19,248,0.6782454939539129,4675,1.187539569929804,4007.5759789398408,1.1665405782866078,Call,SPX,SPX230519C04675000,56.45,0.1897,0.0377075196511843,0.9747493136084248,0.18989053224037167,56.44999999999993,7.105427357601002e-14,0.00019053224037166028
2023-05-19,248,0.6782454939539129,4775,1.2129414858641312,4007.5759789398408,1.191493317929102,Call,SPX,SPX230519C04775000,40.2,0.1847,0.0377075196511843,0.9747493136084248,0.1849019149970737,40.19999999999908,9.237055564881302e-13,0.00020191499707369887
2023-05-19,248,0.6782454939539129,4850,1.2319929228148767,4007.5759789398408,1.2102078726609728,Call,SPX,SPX230519C04850000,30.8,0.1816,0.0377075196511843,0.9747493136084248,0.18168609589524562,30.79999999998148,1.852029640758701e-11,8.609589524560812e-05
2023-05-19,248,0.6782454939539129,5000,1.2700957967163675,4007.5759789398408,1.2476369821247142,Call,SPX,SPX230519C05000000,18.0,0.1773,0.0377075196511843,0.9747493136084248,0.1773052682683318,18.00000000000273,2.7284841053187847e-12,5.2682683317761825e-06
2023-06-16,276,0.7549053159936117,2825,0.7176041251447478,4015.898946508069,0.7034539557964756,Put,SPX,SPX230616P02825000,57.45,0.346,0.0377845471416567,0.9718792063957618,0.3445937464123299,57.45000000000016,1.5631940186722204e-13,0.0014062535876700477
2023-06-16,276,0.7549053159936117,2925,0.7430060410790751,4015.898946508069,0.7283549807804217,Put,SPX,SPX230616P02925000,66.7,0.3351,0.0377845471416567,0.9718792063957618,0.33369620353026885,66.70000000000027,2.7000623958883807e-13,0.0014037964697311556
2023-06-16,276,0.7549053159936117,3000,0.7620574780298206,4015.898946508069,0.7470307495183812,Put,SPX,SPX230616P03000000,74.85,0.3276,0.0377845471416567,0.9718792063957618,0.3261771264240955,74.84999999999991,8.526512829121202e-14,0.001422873575904482
2023-06-16,276,0.7549053159936117,3100,0.787459393964148,4015.898946508069,0.7719317745023273,Put,SPX,SPX230616P03100000,87.0,0.3176,0.0377845471416567,0.9718792063957618,0.31619800271974413,87.00000000000011,1.1368683772161603e-13,0.0014019972802558622
2023-06-16,276,0.7549053159936117,3175,0.8065108309148935,4015.898946508069,0.7906075432402868,Put,SPX,SPX230616P03175000,97.5,0.3106,0.0377845471416567,0.9718792063957618,0.3091490661509578,97.5,0.0,0.001450933849042213
2023-06-16,276,0.7549053159936117,3275,0.8319127468492209,4015.898946508069,0.8155085682242328,Put,SPX,SPX230616P03275000,113.25,0.3014,0.0377845471416567,0.9718792063957618,0.29990755113786854,113.25000000000011,1.1368683772161603e-13,0.0014924488621314569
2023-06-16,276,0.7549053159936117,3375,0.8573146627835482,4015.898946508069,0.8404095932081789,Put,SPX,SPX230616P03375000,131.55,0.2928,0.0377845471416567,0.9718792063957618,0.29116806532287665,131.5500000000003,2.8421709430404007e-13,0.001631934677123359
2023-06-16,276,0.7549053159936117,3450,0.8763660997342937,4015.898946508069,0.8590853619461384,Put,SPX,SPX230616P03450000,147.05,0.2864,0.0377845471416567,0.9718792063957618,0.284833636904843,147.04999999999995,5.684341886080802e-14,0.0015663630951570084
2023-06-16,276,0.7549053159936117,3550,0.9017680156686212,4015.898946508069,0.8839863869300845,Put,SPX,SPX230616P03550000,170.05,0.2781,0.0377845471416567,0.9718792063957618,0.27640863698362744,170.05000000000018,1.7053025658242404e-13,0.0016913630163725712
2023-06-16,276,0.7549053159936117,3650,0.9271699316029484,4015.898946508069,0.9088874119140304,Put,SPX,SPX230616P03650000,195.8,0.2699,0.0377845471416567,0.9718792063957618,0.26785992172430856,195.79999999985148,1.4853185348329134e-10,0.002040078275691415
2023-06-16,276,0.7549053159936117,3725,0.946221368553694,4015.898946508069,0.92756318065199,Put,SPX,SPX230616P03725000,217.65,0.2637,0.0377845471416567,0.9718792063957618,0.26183320180799474,217.65000000000055,5.400124791776761e-13,0.0018667981920052479
2023-06-16,276,0.7549053159936117,3825,0.9716232844880212,4015.898946508069,0.952464205635936,Put,SPX,SPX230616P03825000,249.5,0.2556,0.0377845471416567,0.9718792063957618,0.2535334307660803,249.50000000036016,3.601599019020796e-10,0.0020665692339196795
2023-06-16,276,0.7549053159936117,3925,0.9970252004223488,4015.898946508069,0.977365230619882,Put,SPX,SPX230616P03925000,284.85,0.2472,0.0377845471416567,0.9718792063957618,0.24504377183841128,284.85000000000014,1.1368683772161603e-13,0.0021562281615887247
2023-06-16,276,0.7549053159936117,4000,1.0160766373730945,4015.898946508069,0.9960409993578416,Put,SPX,SPX230616P04000000,314.5,0.2414,0.0377845471416567,0.9718792063957618,0.23904007976423555,314.4999999999998,2.2737367544323206e-13,0.002359920235764451
2023-06-16,276,0.7549053159936117,4100,1.0414785533074216,4015.898946508069,1.0209420243417875,Call,SPX,SPX230616C04100000,278.75,0.2326,0.0377845471416567,0.9718792063957618,0.23298964719916698,278.7499999999998,2.2737367544323206e-13,0.00038964719916698143
2023-06-16,276,0.7549053159936117,4175,1.060529990258167,4015.898946508069,1.0396177930797472,Call,SPX,SPX230616C04175000,241.4,0.2266,0.0377845471416567,0.9718792063957618,0.22700894345519504,241.3999999998332,1.6680701264704112e-10,0.00040894345519504327
2023-06-16,276,0.7549053159936117,4275,1.0859319061924944,4015.898946508069,1.0645188180636933,Call,SPX,SPX230616C04275000,196.05,0.2187,0.0377845471416567,0.9718792063957618,0.21922977708994346,196.05000000000018,1.7053025658242404e-13,0.0005297770899434506
2023-06-16,276,0.7549053159936117,4375,1.111333822126822,4015.898946508069,1.0894198430476394,Call,SPX,SPX230616C04375000,155.9,0.2112,0.0377845471416567,0.9718792063957618,0.21163317462626338,155.90000000000305,3.0411229090532288e-12,0.0004331746262633829
2023-06-16,276,0.7549053159936117,4450,1.1303852590775674,4015.898946508069,1.108095611785599,Call,SPX,SPX230616C04450000,129.2,0.2055,0.0377845471416567,0.9718792063957618,0.2060040209416337,129.1999999999398,6.019718057359569e-11,0.0005040209416337094
2023-06-16,276,0.7549053159936117,4550,1.1557871750118949,4015.898946508069,1.1329966367695448,Call,SPX,SPX230616C04550000,98.6,0.1986,0.0377845471416567,0.9718792063957618,0.1989814971175139,98.60000000000582,5.8264504332328215e-12,0.0003814971175138959
2023-06-16,276,0.7549053159936117,4625,1.1748386119626402,4015.898946508069,1.1516724055075045,Call,SPX,SPX230616C04625000,79.45,0.1938,0.0377845471416567,0.9718792063957618,0.1942541334536011,79.44999999995161,4.838796030526282e-11,0.0004541334536010966
2023-06-16,276,0.7549053159936117,4725,1.2002405278969674,4015.898946508069,1.1765734304914504,Call,SPX,SPX230616C04725000,58.7,0.1884,0.0377845471416567,0.9718792063957618,0.18879563212665268,58.69999999984543,1.545714667372522e-10,0.00039563212665266745
2023-06-16,276,0.7549053159936117,4825,1.225642443831295,4015.898946508069,1.2014744554753964,Call,SPX,SPX230616C04825000,42.95,0.1842,0.0377845471416567,0.9718792063957618,0.1845283537793525,42.9500000000005,4.973799150320701e-13,0.00032835377935250265
2023-06-16,276,0.7549053159936117,4900,1.2446938807820405,4015.898946508069,1.220150224213356,Call,SPX,SPX230616C04900000,33.4,0.1811,0.0377845471416567,0.9718792063957618,0.181372596694076,33.39999999999975,2.4868995751603507e-13,0.0002725966940759772
2023-06-16,276,0.7549053159936117,5200,1.3208996285850223,4015.898946508069,1.2948532991651942,Call,SPX,SPX230616C05200000,12.4,0.1751,0.0377845471416567,0.9718792063957618,0.1751658716563423,12.400000000000801,8.01136934569513e-13,6.58716563422812e-05
2023-07-21,311,0.8507300935432353,2825,0.7176041251447478,4026.345921676482,0.7016287360683933,Put,SPX,SPX230721P02825000,65.15,0.3409,0.0378668434954496,0.968298895224149,0.3391581838781059,65.15000000000015,1.4210854715202004e-13,0.0017418161218940575
2023-07-21,311,0.8507300935432353,2950,0.749356520062657,4026.345921676482,0.7326742553634549,Put,SPX,SPX230721P02950000,77.94999999999999,0.3282,0.0378668434954496,0.968298895224149,0.32636590740686394,77.94999999983321,1.6677859093761072e-10,0.0018340925931360497
2023-07-21,311,0.8507300935432353,3025,0.7684079570134025,4026.345921676482,0.7513015669404919,Put,SPX,SPX230721P03025000,86.94999999999999,0.321,0.0378668434954496,0.968298895224149,0.31921633474960714,86.94999999999925,7.389644451905042e-13,0.001783665250392863
2023-07-21,311,0.8507300935432353,3100,0.787459393964148,4026.345921676482,0.7699288785175289,Put,SPX,SPX230721P03100000,96.95,0.3141,0.0378668434954496,0.968298895224149,0.3122879774727491,96.9499999999997,2.984279490192421e-13,0.0018120225272508783
2023-07-21,311,0.8507300935432353,3175,0.8065108309148935,4026.345921676482,0.7885561900945658,Put,SPX,SPX230721P03175000,108.1,0.3075,0.0378668434954496,0.968298895224149,0.3056307705420564,108.09999999999957,4.263256414560601e-13,0.0018692294579435997
2023-07-21,311,0.8507300935432353,3275,0.8319127468492209,4026.345921676482,0.8133926055306151,Put,SPX,SPX230721P03275000,124.8,0.299,0.0378668434954496,0.968298895224149,0.2970018061087281,124.80000000000473,4.732214620162267e-12,0.001998193891271871
2023-07-21,311,0.8507300935432353,3325,0.8446137048163845,4026.345921676482,0.8258108132486398,Put,SPX,SPX230721P03325000,134.0,0.2948,0.0378668434954496,0.968298895224149,0.2927844033918229,133.99999999999977,2.2737367544323206e-13,0.002015596608177128
2023-07-21,311,0.8507300935432353,3400,0.86366514176713,4026.345921676482,0.8444381248256768,Put,SPX,SPX230721P03400000,148.85000000000002,0.2885,0.0378668434954496,0.968298895224149,0.2864789916513301,148.85000000000002,0.0,0.0020210083486698616
2023-07-21,311,0.8507300935432353,3475,0.8827165787178756,4026.345921676482,0.8630654364027138,Put,SPX,SPX230721P03475000,165.14999999999998,0.2824,0.0378668434954496,0.968298895224149,0.28029011424005296,165.14999999999964,3.410605131648481e-13,0.0021098857599470278
2023-07-21,311,0.8507300935432353,3525,0.8954175366850392,4026.345921676482,0.8754836441207384,Put,SPX,SPX230721P03525000,176.85000000000002,0.2785,0.0378668434954496,0.968298895224149,0.27620244189947774,176.85000000024343,2.434035195619799e-10,0.00229755810052229
2023-07-21,311,0.8507300935432353,3600,0.9144689736357848,4026.345921676482,0.8941109556977754,Put,SPX,SPX230721P03600000,195.8,0.2725,0.0378668434954496,0.968298895224149,0.2701816913074553,195.80000000033624,3.362288225616794e-10,0.002318308692544735
2023-07-21,311,0.8507300935432353,3675,0.9335204105865302,4026.345921676482,0.9127382672748124,Put,SPX,SPX230721P03675000,216.35,0.2666,0.0378668434954496,0.968298895224149,0.2641405830507305,216.35000000000036,3.694822225952521e-13,0.0024594169492694884
2023-07-21,311,0.8507300935432353,3725,0.946221368553694,4026.345921676482,0.925156474992837,Put,SPX,SPX230721P03725000,231.05,0.2627,0.0378668434954496,0.968298895224149,0.26014620273045685,231.04999999999973,2.8421709430404007e-13,0.0025537972695431344
2023-07-21,311,0.8507300935432353,3800,0.9652728055044396,4026.345921676482,0.943783786569874,Put,SPX,SPX230721P03800000,254.6,0.2568,0.0378668434954496,0.968298895224149,0.25413612787540896,254.60000000000014,1.4210854715202004e-13,0.0026638721245910157
2023-07-21,311,0.8507300935432353,3875,0.984324242455185,4026.345921676482,0.9624110981469112,Put,SPX,SPX230721P03875000,280.1,0.2509,0.0378668434954496,0.968298895224149,0.24813791874837532,280.09999999999104,8.981260180007666e-12,0.002762081251624693
2023-07-21,311,0.8507300935432353,3950,1.0033756794059303,4026.345921676482,0.981038409723948,Put,SPX,SPX230721P03950000,307.70000000000005,0.2452,0.0378668434954496,0.968298895224149,0.24217130534104625,307.6999999999998,2.2737367544323206e-13,0.003028694658953751
2023-07-21,311,0.8507300935432353,4000,1.0160766373730945,4026.345921676482,0.9934566174419728,Put,SPX,SPX230721P04000000,327.15,0.2412,0.0378668434954496,0.968298895224149,0.23808577203597903,327.14999999999986,1.1368683772161603e-13,0.0031142279640209714
2023-07-21,311,0.8507300935432353,4075,1.0351280743238398,4026.345921676482,1.0120839290190098,Call,SPX,SPX230721C04075000,317.15,0.2352,0.0378668434954496,0.968298895224149,0.23617726861195545,317.14999999999986,1.1368683772161603e-13,0.0009772686119554619
2023-07-21,311,0.8507300935432353,4150,1.054179511274585,4026.345921676482,1.0307112405960466,Call,SPX,SPX230721C04150000,278.4,0.2294,0.0378668434954496,0.968298895224149,0.23034332256019993,278.39999999999986,1.1368683772161603e-13,0.0009433225601999384
2023-07-21,311,0.8507300935432353,4200,1.0668804692417488,4026.345921676482,1.0431294483140714,Call,SPX,SPX230721C04200000,253.95,0.2255,0.0378668434954496,0.968298895224149,0.22647698917094067,253.9499999996267,3.7329073165892623e-10,0.000976989170940662
2023-07-21,311,0.8507300935432353,4275,1.0859319061924944,4026.345921676482,1.0617567598911084,Call,SPX,SPX230721C04275000,219.65,0.2199,0.0378668434954496,0.968298895224149,0.22087428112956112,219.6500000000001,8.526512829121202e-14,0.0009742811295611054
2023-07-21,311,0.8507300935432353,4350,1.10498334314324,4026.345921676482,1.0803840714681454,Call,SPX,SPX230721C04350000,187.7,0.2141,0.0378668434954496,0.968298895224149,0.215102805182032,187.7000000000005,5.115907697472721e-13,0.001002805182031996
2023-07-21,311,0.8507300935432353,4500,1.143086217044731,4026.345921676482,1.1176386946222192,Call,SPX,SPX230721C04500000,132.85,0.2034,0.0378668434954496,0.968298895224149,0.2043528331406412,132.849999999979,2.100364326906856e-11,0.0009528331406412072
2023-07-21,311,0.8507300935432353,4700,1.1938900489133857,4026.345921676482,1.1673115254943178,Call,SPX,SPX230721C04700000,78.45,0.1912,0.0378668434954496,0.968298895224149,0.1920214811653845,78.45000000000016,1.5631940186722204e-13,0.0008214811653844967
2023-07-21,311,0.8507300935432353,5000,1.2700957967163675,4026.345921676482,1.241820771802466,Call,SPX,SPX230721C05000000,32.4,0.1794,0.0378668434954496,0.968298895224149,0.17992879724248687,32.40000000007399,7.398881507469923e-11,0.0005287972424868614
2023-09-15,367,1.004049737622633,2850,0.7239546041283296,4043.129158410221,0.7048995687094584,Put,SPX,SPX230915P02850000,80.05,0.3322,0.03796868171787,0.962595068801908,0.3302441054706642,80.05000000009358,9.35784782996052e-11,0.001955894529335811
2023-09-15,367,1.004049737622633,2975,0.7557069990462388,4043.129158410221,0.7358162164598732,Put,SPX,SPX230915P02975000,95.15,0.321,0.03796868171787,0.962595068801908,0.3189722592328325,95.1500000000002,1.9895196601282805e-13,0.0020277407671674963
2023-09-15,367,1.004049737622633,3075,0.7811089149805661,4043.129158410221,0.760549534660205,Put,SPX,SPX230915P03075000,109.0,0.3123,0.03796868171787,0.962595068801908,0.31023312610477277,108.99999999999773,2.2737367544323206e-12,0.0020668738952272503
2023-09-15,367,1.004049737622633,3175,0.8065108309148935,4043.129158410221,0.7852828528605369,Put,SPX,SPX230915P03175000,124.75,0.304,0.03796868171787,0.962595068801908,0.3018626159065343,124.75000000002501,2.5011104298755527e-11,0.0021373840934656996
2023-09-15,367,1.004049737622633,3250,0.825562267865639,4043.129158410221,0.8038328415107858,Put,SPX,SPX230915P03250000,138.05,0.2981,0.03796868171787,0.962595068801908,0.2959194004337032,138.04999999999984,1.7053025658242404e-13,0.0021805995662967925
2023-09-15,367,1.004049737622633,3350,0.8509641837999664,4043.129158410221,0.8285661597111177,Put,SPX,SPX230915P03350000,157.6,0.2903,0.03796868171787,0.962595068801908,0.2880905107893026,157.59999999990418,9.580958248989191e-11,0.002209489210697413
2023-09-15,367,1.004049737622633,3450,0.8763660997342937,4043.129158410221,0.8532994779114496,Put,SPX,SPX230915P03450000,179.45,0.2828,0.03796868171787,0.962595068801908,0.2804018412043119,179.45000000002653,2.6545876607997343e-11,0.00239815879568811
2023-09-15,367,1.004049737622633,3525,0.8954175366850392,4043.129158410221,0.8718494665616985,Put,SPX,SPX230915P03525000,197.55,0.2772,0.03796868171787,0.962595068801908,0.2747823607415271,197.54999999999984,1.7053025658242404e-13,0.002417639258472881
2023-09-15,367,1.004049737622633,3625,0.9208194526193666,4043.129158410221,0.8965827847620303,Put,SPX,SPX230915P03625000,223.75,0.2698,0.03796868171787,0.962595068801908,0.2671754110372606,223.74999999999977,2.2737367544323206e-13,0.0026245889627393715
2023-09-15,367,1.004049737622633,3700,0.939870889570112,4043.129158410221,0.9151327734122792,Put,SPX,SPX230915P03700000,245.3,0.2643,0.03796868171787,0.962595068801908,0.26156381451837285,245.3000000000004,3.979039320256561e-13,0.002736185481627129
2023-09-15,367,1.004049737622633,3800,0.9652728055044396,4043.129158410221,0.9398660916126113,Put,SPX,SPX230915P03800000,276.6,0.257,0.03796868171787,0.962595068801908,0.25409291143583795,276.5999999999997,3.410605131648481e-13,0.0029070885641620525
2023-09-15,367,1.004049737622633,3875,0.984324242455185,4043.129158410221,0.95841608026286,Put,SPX,SPX230915P03875000,302.15,0.2516,0.03796868171787,0.962595068801908,0.24851458105099006,302.14999999999964,3.410605131648481e-13,0.0030854189490099326
2023-09-15,367,1.004049737622633,3975,1.0097261583895123,4043.129158410221,0.983149398463192,Put,SPX,SPX230915P03975000,339.05,0.2444,0.03796868171787,0.962595068801908,0.24102859330025203,339.04999999999905,9.663381206337363e-13,0.0033714066997479752
2023-09-15,367,1.004049737622633,4075,1.0351280743238398,4043.129158410221,1.0078827166635238,Call,SPX,SPX230915C04075000,354.35,0.2364,0.03796868171787,0.962595068801908,0.2371178870210671,354.3499999999999,1.1368683772161603e-13,0.0007178870210670929
2023-09-15,367,1.004049737622633,4150,1.054179511274585,4043.129158410221,1.0264327053137727,Call,SPX,SPX230915C04150000,315.15,0.2308,0.03796868171787,0.962595068801908,0.23162178915601883,315.14999999999986,1.1368683772161603e-13,0.0008217891560188262
2023-09-15,367,1.004049737622633,4250,1.0795814272089126,4043.129158410221,1.0511660235141045,Call,SPX,SPX230915C04250000,266.65,0.2237,0.03796868171787,0.962595068801908,0.2245273224335615,266.64999999999986,1.1368683772161603e-13,0.0008273224335614837
2023-09-15,367,1.004049737622633,4325,1.098632864159658,4043.129158410221,1.0697160121643534,Call,SPX,SPX230915C04325000,232.9,0.2184,0.03796868171787,0.962595068801908,0.21918701166571672,232.89999999999986,1.4210854715202004e-13,0.0007870116657167081
2023-09-15,367,1.004049737622633,4425,1.1240347800939854,4043.129158410221,1.0944493303646854,Call,SPX,SPX230915C04425000,191.8,0.2114,0.03796868171787,0.962595068801908,0.21222071195333714,191.80000000000018,1.7053025658242404e-13,0.0008207119533371332
2023-09-15,367,1.004049737622633,4500,1.143086217044731,4043.129158410221,1.1129993190149343,Call,SPX,SPX230915C04500000,164.15,0.2065,0.03796868171787,0.962595068801908,0.20724903418825164,164.14999999996303,3.6976643968955614e-11,0.000749034188251646
2023-09-15,367,1.004049737622633,4600,1.1684881329790584,4043.129158410221,1.137732637215266,Call,SPX,SPX230915C04600000,131.39999999999998,0.2001,0.03796868171787,0.962595068801908,0.20088125489336178,131.3999999998689,1.3108092389302328e-10,0.0007812548933617824
2023-09-15,367,1.004049737622633,4700,1.1938900489133857,4043.129158410221,1.162465955415598,Call,SPX,SPX230915C04700000,103.75,0.1945,0.03796868171787,0.962595068801908,0.1951966745670731,103.75000000000466,4.661160346586257e-12,0.0006966745670730912
2023-09-15,367,1.004049737622633,4800,1.219291964847713,4043.129158410221,1.1871992736159298,Call,SPX,SPX230915C04800000,80.85,0.1895,0.03796868171787,0.962595068801908,0.19016768304741818,80.84999999999968,3.126388037344441e-13,0.0006676830474181827
2023-09-15,367,1.004049737622633,4900,1.2446938807820405,4043.129158410221,1.2119325918162618,Call,SPX,SPX230915C04900000,62.4,0.1853,0.03796868171787,0.962595068801908,0.1859203745761733,62.4000000002311,2.3110402480597259e-10,0.0006203745761733104
2023-09-15,367,1.004049737622633,5000,1.2700957967163675,4043.129158410221,1.2366659100165935,Call,SPX,SPX230915C05000000,48.0,0.1821,0.03796868171787,0.962595068801908,0.18263398164897537,48.00000000001984,1.9838353182421997e-11,0.0005339816489753624
2023-09-15,367,1.004049737622633,5200,1.3208996285850223,4043.129158410221,1.2861325464172573,Call,SPX,SPX230915C05200000,28.25,0.1778,0.03796868171787,0.962595068801908,0.1782246934121479,28.249999999999204,7.958078640513122e-13,0.00042469341214787515
2023-12-15,458,1.2531941592516542,2850,0.7239546041283296,4070.469899328303,0.7001648631452351,Put,SPX,SPX231215P02850000,96.75,0.3221,0.0380650738307179,0.9534169783129358,0.31987852565490166,96.75000000000011,1.1368683772161603e-13,0.00222147434509834
2023-12-15,458,1.2531941592516542,2950,0.749356520062657,4070.469899328303,0.7247320513257696,Put,SPX,SPX231215P02950000,110.5,0.3145,0.0380650738307179,0.9534169783129358,0.3122180829675424,110.49999999999886,1.1368683772161603e-12,0.0022819170324576143
2023-12-15,458,1.2531941592516542,3050,0.7747584359969844,4070.469899328303,0.7492992395063042,Put,SPX,SPX231215P03050000,125.7,0.307,0.0380650738307179,0.9534169783129358,0.30461484254258725,125.70000000002278,2.2780000108468812e-11,0.0023851574574127454
2023-12-15,458,1.2531941592516542,3150,0.8001603519313116,4070.469899328303,0.7738664276868387,Put,SPX,SPX231215P03150000,142.75,0.2997,0.0380650738307179,0.9534169783129358,0.29731639743968596,142.7500000000001,1.1368683772161603e-13,0.0023836025603140576
2023-12-15,458,1.2531941592516542,3250,0.825562267865639,4070.469899328303,0.7984336158673733,Put,SPX,SPX231215P03250000,161.8,0.2928,0.0380650738307179,0.9534169783129358,0.2902842984637378,161.79999999999472,5.286437954055145e-12,0.0025157015362621826
2023-12-15,458,1.2531941592516542,3350,0.8509641837999664,4070.469899328303,0.8230008040479079,Put,SPX,SPX231215P03350000,182.7,0.2859,0.0380650738307179,0.9534169783129358,0.28324945293835235,182.69999999999425,5.7411853049416095e-12,0.0026505470616476345
2023-12-15,458,1.2531941592516542,3450,0.8763660997342937,4070.469899328303,0.8475679922284424,Put,SPX,SPX231215P03450000,205.6,0.279,0.0380650738307179,0.9534169783129358,0.27622102451140496,205.60000000000014,1.4210854715202004e-13,0.00277897548859507
2023-12-15,458,1.2531941592516542,3525,0.8954175366850392,4070.469899328303,0.8659933833638433,Put,SPX,SPX231215P03525000,224.45,0.274,0.0380650738307179,0.9534169783129358,0.2711454837323272,224.44999999999868,1.3073986337985843e-12,0.002854516267672802
2023-12-15,458,1.2531941592516542,3625,0.9208194526193666,4070.469899328303,0.8905605715443778,Put,SPX,SPX231215P03625000,251.55,0.2674,0.0380650738307179,0.9534169783129358,0.26434219119314284,251.5499999999995,5.115907697472721e-13,0.0030578088068571874
2023-12-15,458,1.2531941592516542,3725,0.946221368553694,4070.469899328303,0.9151277597249124,Put,SPX,SPX231215P03725000,281.4,0.261,0.0380650738307179,0.9534169783129358,0.25772957719330225,281.39999999999986,1.1368683772161603e-13,0.003270422806697759
2023-12-15,458,1.2531941592516542,3825,0.9716232844880212,4070.469899328303,0.939694947905447,Put,SPX,SPX231215P03825000,313.5,0.2543,0.0380650738307179,0.9534169783129358,0.2508752144711062,313.5,0.0,0.0034247855288938034
2023-12-15,458,1.2531941592516542,3925,0.9970252004223488,4070.469899328303,0.9642621360859815,Put,SPX,SPX231215P03925000,348.75,0.2479,0.0380650738307179,0.9534169783129358,0.2442369705669562,348.7500000002892,2.892193151637912e-10,0.0036630294330438073
2023-12-15,458,1.2531941592516542,4025,1.022427116356676,4070.469899328303,0.9888293242665162,Put,SPX,SPX231215P04025000,387.2000000000001,0.2418,0.0380650738307179,0.9534169783129358,0.23772394918721348,387.1999999999987,1.4210854715202004e-12,0.0040760508127865025
2023-12-15,458,1.2531941592516542,4125,1.047829032291003,4070.469899328303,1.0133965124470508,Call,SPX,SPX231215C04125000,383.8,0.2345,0.0380650738307179,0.9534169783129358,0.23524659671962272,383.79999999999404,5.9685589803848416e-12,0.0007465967196227385
2023-12-15,458,1.2531941592516542,4225,1.0732309482253308,4070.469899328303,1.0379637006275853,Call,SPX,SPX231215C04225000,333.5,0.2279,0.0380650738307179,0.9534169783129358,0.22877300861053265,333.5000000000002,2.2737367544323206e-13,0.0008730086105326607
2023-12-15,458,1.2531941592516542,4325,1.098632864159658,4070.469899328303,1.0625308888081195,Call,SPX,SPX231215C04325000,287.25,0.2218,0.0380650738307179,0.9534169783129358,0.2226638545134871,287.2500000000002,2.2737367544323206e-13,0.0008638545134871112
2023-12-15,458,1.2531941592516542,4425,1.1240347800939854,4070.469899328303,1.0870980769886545,Call,SPX,SPX231215C04425000,244.3,0.2155,0.0380650738307179,0.9534169783129358,0.21641289661446708,244.30000000000018,1.7053025658242404e-13,0.0009128966144670847
2023-12-15,458,1.2531941592516542,4525,1.1494366960283129,4070.469899328303,1.111665265169189,Call,SPX,SPX231215C04525000,205.25,0.2094,0.0380650738307179,0.9534169783129358,0.21031214495264808,205.24999999999932,6.821210263296962e-13,0.0009121449526480752
2023-12-15,458,1.2531941592516542,4600,1.1684881329790584,4070.469899328303,1.1300906563045898,Call,SPX,SPX231215C04600000,178.60000000000002,0.205,0.0380650738307179,0.9534169783129358,0.20586388503554118,178.5999999999999,1.1368683772161603e-13,0.0008638850355411898
2023-12-15,458,1.2531941592516542,4700,1.1938900489133857,4070.469899328303,1.1546578444851243,Call,SPX,SPX231215C04700000,147.0,0.1995,0.0380650738307179,0.9534169783129358,0.2003810546464324,147.0000000000001,1.1368683772161603e-13,0.0008810546464323998
2023-12-15,458,1.2531941592516542,4800,1.219291964847713,4070.469899328303,1.179225032665659,Call,SPX,SPX231215C04800000,119.5,0.1944,0.0380650738307179,0.9534169783129358,0.1952306628522413,119.49999999999966,3.410605131648481e-13,0.0008306628522413151
2023-12-15,458,1.2531941592516542,4900,1.2446938807820405,4070.469899328303,1.2037922208461935,Call,SPX,SPX231215C04900000,96.8,0.1903,0.0380650738307179,0.9534169783129358,0.1910898375111084,96.80000000000007,7.105427357601002e-14,0.0007898375111083933
2023-12-15,458,1.2531941592516542,5000,1.2700957967163675,4070.469899328303,1.228359409026728,Call,SPX,SPX231215C05000000,77.35,0.1863,0.0380650738307179,0.9534169783129358,0.18705798353490166,77.35000000000002,2.842170943040401e-14,0.0007579835349016684
2023-12-15,458,1.2531941592516542,5100,1.295497712650695,4070.469899328303,1.2529265972072627,Call,SPX,SPX231215C05100000,61.75,0.1832,0.0380650738307179,0.9534169783129358,0.18392076765978044,61.749999999999886,1.1368683772161603e-13,0.0007207676597804358
2023-12-15,458,1.2531941592516542,5250,1.333600586552186,4070.469899328303,1.2897773794780645,Call,SPX,SPX231215C05250000,44.25,0.1801,0.0380650738307179,0.9534169783129358,0.18075478518503213,44.25000000000051,5.115907697472721e-13,0.0006547851850321196
2024-06-21,647,1.7706479580196213,3100,0.787459393964148,4126.908865244094,0.7511675448196854,Put,SPX,SPX240621P03100000,168.05,0.2915,0.0380502684893648,0.9348458494323264,0.28858022182294224,168.05000000000052,5.115907697472721e-13,0.0029197781770577413
2024-06-21,647,1.7706479580196213,3150,0.8001603519313116,4126.908865244094,0.7632831503812932,Put,SPX,SPX240621P03150000,177.75,0.2885,0.0380502684893648,0.9348458494323264,0.2855132095330462,177.74999999999977,2.2737367544323206e-13,0.0029867904669537704
2024-06-21,647,1.7706479580196213,3250,0.825562267865639,4126.908865244094,0.7875143615045088,Put,SPX,SPX240621P03250000,198.35,0.2825,0.0380502684893648,0.9348458494323264,0.27940021981407304,198.34999999995682,4.317257662478369e-11,0.003099780185926937
2024-06-21,647,1.7706479580196213,3450,0.8763660997342937,4126.908865244094,0.8359767837509402,Put,SPX,SPX240621P03450000,245.25,0.271,0.0380502684893648,0.9348458494323264,0.2676024034938069,245.24999999971692,2.830802259268239e-10,0.0033975965061931457
2024-06-21,647,1.7706479580196213,3500,0.8890670577014574,4126.908865244094,0.848092389312548,Put,SPX,SPX240621P03500000,258.25,0.2682,0.0380502684893648,0.9348458494323264,0.2647373245438169,258.2499999998446,1.554099071654491e-10,0.0034626754561831175
2024-06-21,647,1.7706479580196213,3575,0.908118494652203,4126.908865244094,0.8662657976549597,Put,SPX,SPX240621P03575000,278.75,0.2641,0.0380502684893648,0.9348458494323264,0.2604895645588969,278.7499999999659,3.410605131648481e-11,0.0036104354411031214
2024-06-21,647,1.7706479580196213,3650,0.9271699316029484,4126.908865244094,0.8844392059973715,Put,SPX,SPX240621P03650000,300.35,0.26,0.0380502684893648,0.9348458494323264,0.2562188023838239,300.35000000000014,1.1368683772161603e-13,0.003781197616176124
2024-06-21,647,1.7706479580196213,3700,0.939870889570112,4126.908865244094,0.8965548115589793,Put,SPX,SPX240621P03700000,315.45,0.2573,0.0380502684893648,0.9348458494323264,0.2533968719730285,315.45000000051596,5.159677129995544e-10,0.0039031280269714586
2024-06-21,647,1.7706479580196213,3750,0.9525718475372758,4126.908865244094,0.9086704171205872,Put,SPX,SPX240621P03750000,331.15,0.2546,0.0380502684893648,0.9348458494323264,0.25060704127677813,331.15000000005534,5.5365489970427006e-11,0.003992958723221862
2024-06-21,647,1.7706479580196213,3800,0.9652728055044396,4126.908865244094,0.920786022682195,Put,SPX,SPX240621P03800000,347.35,0.2519,0.0380502684893648,0.9348458494323264,0.24778727344707413,347.35000000000355,3.524291969370097e-12,0.004112726552925883
2024-06-21,647,1.7706479580196213,3850,0.9779737634716033,4126.908865244094,0.9329016282438028,Put,SPX,SPX240621P03850000,364.85,0.2496,0.0380502684893648,0.9348458494323264,0.24535107915375126,364.8499999999999,1.1368683772161603e-13,0.004248920846248727
2024-06-21,647,1.7706479580196213,3900,0.9906747214387668,4126.908865244094,0.9450172338054106,Put,SPX,SPX240621P03900000,382.25,0.2469,0.0380502684893648,0.9348458494323264,0.2425518021341272,382.2500000000002,2.2737367544323206e-13,0.004348197865872816
2024-06-21,647,1.7706479580196213,3950,1.0033756794059303,4126.908865244094,0.9571328393670184,Put,SPX,SPX240621P03950000,400.25,0.2442,0.0380502684893648,0.9348458494323264,0.23975452108171585,400.25,0.0,0.004445478918284146
2024-06-21,647,1.7706479580196213,3975,1.0097261583895123,4126.908865244094,0.9631906421478224,Put,SPX,SPX240621P03975000,409.45,0.2429,0.0380502684893648,0.9348458494323264,0.23834171101522306,409.45000000000005,5.684341886080802e-14,0.004558288984776948
2024-06-21,647,1.7706479580196213,4025,1.022427116356676,4126.908865244094,0.9753062477094302,Put,SPX,SPX240621P04025000,428.35,0.2402,0.0380502684893648,0.9348458494323264,0.23553429420868716,428.34999999964725,3.5277025745017454e-10,0.004665705791312841
2024-06-21,647,1.7706479580196213,4075,1.0351280743238398,4126.908865244094,0.987421853271038,Put,SPX,SPX240621P04075000,447.95,0.2376,0.0380502684893648,0.9348458494323264,0.23276127326952117,447.9499999999996,3.979039320256561e-13,0.004838726730478832
2024-06-21,647,1.7706479580196213,4125,1.047829032291003,4126.908865244094,0.999537458832646,Put,SPX,SPX240621P04125000,468.15,0.235,0.0380502684893648,0.9348458494323264,0.22996549403614516,468.15000000001214,1.2164491636212915e-11,0.005034505963854824
2024-06-21,647,1.7706479580196213,4175,1.060529990258167,4126.908865244094,1.0116530643942536,Call,SPX,SPX240621C04175000,453.25,0.2308,0.0380502684893648,0.9348458494323264,0.2316906744453665,453.2499999999998,2.2737367544323206e-13,0.0008906744453665016
2024-06-21,647,1.7706479580196213,4225,1.0732309482253308,4126.908865244094,1.0237686699558617,Call,SPX,SPX240621C04225000,428.55,0.2282,0.0380502684893648,0.9348458494323264,0.22912676665141085,428.5499999997355,2.644924279593397e-10,0.0009267666514108652
2024-06-21,647,1.7706479580196213,4275,1.0859319061924944,4126.908865244094,1.0358842755174693,Call,SPX,SPX240621C04275000,404.25,0.2255,0.0380502684893648,0.9348458494323264,0.22642933729267486,404.25000000000045,4.547473508864641e-13,0.0009293372926748589
2024-06-21,647,1.7706479580196213,4325,1.098632864159658,4126.908865244094,1.0479998810790772,Call,SPX,SPX240621C04325000,380.85,0.2229,0.0380502684893648,0.9348458494323264,0.22383769452387559,380.8499999999999,1.1368683772161603e-13,0.0009376945238755985
2024-06-21,647,1.7706479580196213,4400,1.1176843011104036,4126.908865244094,1.0661732894214888,Call,SPX,SPX240621C04400000,347.05,0.219,0.0380502684893648,0.9348458494323264,0.21994790832191802,347.0500000000004,3.979039320256561e-13,0.0009479083219180173
2024-06-21,647,1.7706479580196213,4500,1.143086217044731,4126.908865244094,1.0904045005447045,Call,SPX,SPX240621C04500000,304.65,0.2139,0.0380502684893648,0.9348458494323264,0.21485100812241106,304.6500000002022,2.0224888430675492e-10,0.0009510081224110567
2024-06-21,647,1.7706479580196213,4800,1.219291964847713,4126.908865244094,1.1630981339143516,Call,SPX,SPX240621C04800000,197.15,0.1997,0.0380502684893648,0.9348458494323264,0.20069694830043647,197.14999999981455,1.8545165403338615e-10,0.0009969483004364788
2024-06-21,647,1.7706479580196213,5200,1.3208996285850223,4126.908865244094,1.260022978407214,Call,SPX,SPX240621C05200000,100.65,0.1851,0.0380502684893648,0.9348458494323264,0.18599916208034944,100.64999999999998,2.842170943040401e-14,0.0008991620803494582
