Expiration Date,T_days,T,Strike,K_over_S0,Forward,K_over_F0,Option_type,Root,Contract,Market_price,IV_BDD,r_GSW,Discount_factor,IV_market,BS_reconstructed_price,BS_reconstruction_error,IV_BDD_error,IV_RH,Residual_IV,Abs_error_IV
2022-09-14,1,0.0027378507871321,3880,0.9855943382519012,3936.9814263393455,0.9855266204818428,Put,SPXW,SPXW220914P03880000,5.25,0.3606,0.0364992080783356,0.9999000756072076,0.2886238858604807,5.249999999999545,4.547473508864641e-13,0.0719761141395192,0.29528076777987045,0.006656881919389734,0.006656881919389734
2022-09-14,1,0.0027378507871321,3885,0.9868644340486176,3936.9814263393455,0.9867966290133916,Put,SPXW,SPXW220914P03885000,5.95,0.3566,0.0364992080783356,0.9999000756072076,0.2849875000371651,5.949999999997203,2.7968738436356944e-12,0.0716124999628348,0.29253885940269475,0.007551359365529642,0.007551359365529642
2022-09-14,1,0.0027378507871321,3890,0.988134529845334,3936.9814263393455,0.9880666375449404,Put,SPXW,SPXW220914P03890000,6.85,0.355,0.0364992080783356,0.9999000756072076,0.2832657583532689,6.850000000001842,1.84208204245806e-12,0.071734241646731,0.28977956147943434,0.006513803126165452,0.006513803126165452
2022-09-14,1,0.0027378507871321,3895,0.9894046256420505,3936.9814263393455,0.9893366460764892,Put,SPXW,SPXW220914P03895000,7.8,0.3523,0.0364992080783356,0.9999000756072076,0.2805642584811562,7.799999999999841,1.5898393712632244e-13,0.0717357415188437,0.28700350611849207,0.0064392476373358876,0.0064392476373358876
2022-09-14,1,0.0027378507871321,3900,0.9906747214387668,3936.9814263393455,0.9906066546080378,Put,SPXW,SPXW220914P03900000,8.95,0.3512,0.0364992080783356,0.9999000756072076,0.2791690867691719,8.949999999999363,6.359357485052898e-13,0.0720309132308281,0.284211503189488,0.005042416420316109,0.005042416420316109
2022-09-14,1,0.0027378507871321,3905,0.9919448172354832,3936.9814263393455,0.9918766631395866,Put,SPXW,SPXW220914P03905000,10.2,0.3496,0.0364992080783356,0.9999000756072076,0.2773118766041637,10.200000000016644,1.6644463585180347e-11,0.0722881233958362,0.28140457019217185,0.004092693588008178,0.004092693588008178
2022-09-14,1,0.0027378507871321,3910,0.9932149130321996,3936.9814263393455,0.9931466716711354,Put,SPXW,SPXW220914P03910000,11.6,0.3483,0.0364992080783356,0.9999000756072076,0.2756175138855407,11.599999999999454,5.453415496958769e-13,0.0726824861144593,0.2785839667275686,0.0029664528420279,0.0029664528420279
2022-09-14,1,0.0027378507871321,3915,0.994485008828916,3936.9814263393455,0.994416680202684,Put,SPXW,SPXW220914P03915000,13.2,0.3479,0.0364992080783356,0.9999000756072076,0.2746094057231388,13.199999999999818,1.8118839761882557e-13,0.0732905942768611,0.27575123338751234,0.0011418276643735403,0.0011418276643735403
2022-09-14,1,0.0027378507871321,3920,0.9957551046256324,3936.9814263393455,0.9956866887342328,Put,SPXW,SPXW220914P03920000,14.85,0.3459,0.0364992080783356,0.9999000756072076,0.2722052530135102,14.850000000000136,1.3677947663381929e-13,0.0736947469864898,0.27290823562341676,0.0007029826099065883,0.0007029826099065883
2022-09-14,1,0.0027378507871321,3925,0.9970252004223488,3936.9814263393455,0.9969566972657816,Put,SPXW,SPXW220914P03925000,16.75,0.3453,0.0364992080783356,0.9999000756072076,0.2709167616689267,16.749999999977945,2.205524651799351e-11,0.0743832383310733,0.27005721252421294,-0.000859549144713756,0.000859549144713756
2022-09-14,1,0.0027378507871321,3930,0.998295296219065,3936.9814263393455,0.9982267057973304,Put,SPXW,SPXW220914P03930000,18.75,0.3438,0.0364992080783356,0.9999000756072076,0.2687540216100699,18.75,0.0,0.07504597838993,0.26720083036641423,-0.0015531912436556605,0.0015531912436556605
2022-09-14,1,0.0027378507871321,3935,0.9995653920157814,3936.9814263393455,0.9994967143288792,Put,SPXW,SPXW220914P03935000,20.9,0.3421,0.0364992080783356,0.9999000756072076,0.2662885608806289,20.8999999999985,1.4992451724538114e-12,0.0758114391193711,0.26434224024427766,-0.0019463206363512509,0.0019463206363512509
2022-09-14,1,0.0027378507871321,3940,1.000835487812498,3936.9814263393455,1.000766722860428,Call,SPXW,SPXW220914C03940000,22.450000000000003,0.3317,0.0364992080783356,0.9999000756072076,0.2910882002499617,22.450000000025057,2.5053736862901133e-11,0.0406117997500383,0.2614851385645869,-0.0296030616853748,0.0296030616853748
2022-09-14,1,0.0027378507871321,3945,1.002105583609214,3936.9814263393455,1.002036731391977,Call,SPXW,SPXW220914C03945000,19.950000000000003,0.3293,0.0364992080783356,0.9999000756072076,0.2886534931698506,19.950000000000045,4.263256414560601e-14,0.0406465068301493,0.25863382837597654,-0.03001966479387408,0.03001966479387408
2022-09-14,1,0.0027378507871321,3950,1.0033756794059303,3936.9814263393455,1.0033067399235254,Call,SPXW,SPXW220914C03950000,17.6,0.3281,0.0364992080783356,0.9999000756072076,0.2859716672200136,17.599999999997863,2.1387336346379016e-12,0.0421283327799864,0.25579327846025096,-0.030178388759762642,0.030178388759762642
2022-09-14,1,0.0027378507871321,3955,1.004645775202647,3936.9814263393455,1.0045767484550745,Call,SPXW,SPXW220914C03955000,15.45,0.3264,0.0364992080783356,0.9999000756072076,0.2836443763139483,15.450000000000044,4.618527782440651e-14,0.0427556236860517,0.2529691758883103,-0.030675200425637983,0.030675200425637983
2022-09-14,1,0.0027378507871321,3960,1.0059158709993632,3936.9814263393455,1.005846756986623,Call,SPXW,SPXW220914C03960000,13.45,0.3243,0.0364992080783356,0.9999000756072076,0.2810408221615121,13.450000000000273,2.7355895326763857e-13,0.0432591778384878,0.25016796641222505,-0.030872855749287054,0.030872855749287054
2022-09-14,1,0.0027378507871321,3965,1.0071859667960796,3936.9814263393455,1.007116765518172,Call,SPXW,SPXW220914C03965000,11.6,0.3217,0.0364992080783356,0.9999000756072076,0.2781468758099723,11.599999999999907,9.059419880941277e-14,0.0435531241900276,0.24739687538248994,-0.030750000427482382,0.030750000427482382
2022-09-14,1,0.0027378507871321,3970,1.008456062592796,3936.9814263393455,1.0083867740497203,Call,SPXW,SPXW220914C03970000,10.0,0.3205,0.0364992080783356,0.9999000756072076,0.2763855256079504,10.0,0.0,0.0441144743920496,0.24466390099925867,-0.03172162460869171,0.03172162460869171
2022-09-14,1,0.0027378507871321,3975,1.0097261583895123,3936.9814263393455,1.0096567825812692,Call,SPXW,SPXW220914C03975000,8.65,0.3208,0.0364992080783356,0.9999000756072076,0.27600425662037,8.649999999993838,6.162181875879469e-12,0.0447957433796299,0.24197777077027316,-0.03402648585009682,0.03402648585009682
2022-09-14,1,0.0027378507871321,3980,1.0109962541862287,3936.9814263393455,1.010926791112818,Call,SPXW,SPXW220914C03980000,7.3,0.3183,0.0364992080783356,0.9999000756072076,0.2733442731243656,7.299999999999727,2.7267077484793845e-13,0.0449557268756343,0.23934785253450072,-0.03399642058986488,0.03399642058986488
2022-09-14,1,0.0027378507871321,3985,1.0122663499829452,3936.9814263393455,1.0121967996443668,Call,SPXW,SPXW220914C03985000,6.15,0.3168,0.0364992080783356,0.9999000756072076,0.2715009371584985,6.149999999999977,2.3092638912203256e-14,0.0452990628415014,0.23678401317873982,-0.034716923979758674,0.034716923979758674
2022-09-14,1,0.0027378507871321,3990,1.0135364457796614,3936.9814263393455,1.0134668081759155,Call,SPXW,SPXW220914C03990000,5.15,0.3155,0.0364992080783356,0.9999000756072076,0.2698860673591935,5.150000000000205,2.042810365310288e-13,0.0456139326408064,0.23429642179601634,-0.035589645563177175,0.035589645563177175
2022-09-16,3,0.007472051106548,3845,0.9767036676748868,3937.4495750257634,0.9765204421633366,Put,SPX,SPX220916P03845000,9.15,0.3146,0.0365116026519631,0.9997272206500564,0.2921671571131902,9.14999999999975,2.504663143554353e-13,0.0224328428868097,0.2996890871885926,0.0075219300754024165,0.0075219300754024165
2022-09-16,3,0.007472051106548,3885,0.9868644340486176,3937.4495750257634,0.9866793024199122,Put,SPX,SPX220916P03885000,16.55,0.2966,0.0365116026519631,0.9997272206500564,0.2744661898658987,16.550000000033606,3.360511868777394e-11,0.0221338101341012,0.28282873501343525,0.008362545147536538,0.008362545147536538
2022-09-16,3,0.007472051106548,3925,0.9970252004223488,3937.4495750257634,0.9968381626764878,Put,SPX,SPX220916P03925000,29.2,0.2814,0.0365116026519631,0.9997272206500564,0.2587813690153562,29.199999999999815,1.8118839761882557e-13,0.0226186309846437,0.26547488646762946,0.0066935174522732566,0.0066935174522732566
2022-09-16,3,0.007472051106548,3965,1.0071859667960796,3937.4495750257634,1.0069970229330636,Call,SPX,SPX220916C03965000,23.2,0.2696,0.0365116026519631,0.9997272206500564,0.258951855253997,23.200000000000045,4.618527782440651e-14,0.0106481447460029,0.24814090775406542,-0.010810947499931584,0.010810947499931584
2022-09-16,3,0.007472051106548,4005,1.0173467331698105,3937.4495750257634,1.0171558831896392,Call,SPX,SPX220916C04005000,10.55,0.2612,0.0365116026519631,0.9997272206500564,0.2500172605140382,10.550000000000182,1.8118839761882557e-13,0.0111827394859617,0.23205693815014788,-0.017960322363890335,0.017960322363890335
2022-09-16,3,0.0082135523613963,3565,0.9055783030587702,3937.522946229548,0.9053915491244908,Put,SPXW,SPXW220916P03565000,0.825,0.5304,0.0365135381688637,0.9997001391096164,0.4983310003066291,0.8250000000000668,6.683542608243442e-14,0.0320689996933708,0.39811139279695773,-0.10021960750967135,0.10021960750967135
2022-09-16,3,0.0082135523613963,3620,0.9195493568226504,3937.522946229548,0.9193597216916288,Put,SPXW,SPXW220916P03620000,1.125,0.4803,0.0365135381688637,0.9997001391096164,0.4511477059089115,1.125000000000071,7.105427357601003e-14,0.0291522940910884,0.3803154716865401,-0.07083223422237139,0.07083223422237139
2022-09-16,3,0.0082135523613963,3665,0.9309802189930976,3937.522946229548,0.9307882265192872,Put,SPXW,SPXW220916P03665000,1.525,0.4407,0.0365135381688637,0.9997001391096164,0.4138591404968811,1.5249999999999346,6.52811138479592e-14,0.0268408595031188,0.36520843371785594,-0.048650706779025166,0.048650706779025166
2022-09-16,3,0.0082135523613963,3695,0.9386007937733958,3937.522946229548,0.9384072297377264,Put,SPXW,SPXW220916P03695000,1.925,0.4152,0.0365135381688637,0.9997001391096164,0.3897925435274851,1.9250000000000969,9.658940314238863e-14,0.0254074564725148,0.3548280256692096,-0.03496451785827548,0.03496451785827548
2022-09-16,3,0.0082135523613963,3725,0.946221368553694,3937.522946229548,0.9460262329561652,Put,SPXW,SPXW220916P03725000,2.55,0.3921,0.0365135381688637,0.9997001391096164,0.3680041363767695,2.549999999999983,1.6875389974302383e-14,0.0240958636232304,0.34417477416144804,-0.023829362215321448,0.023829362215321448
2022-09-16,3,0.0082135523613963,3755,0.9538419433339922,3937.522946229548,0.953645236174604,Put,SPXW,SPXW220916P03755000,3.55,0.3719,0.0365135381688637,0.9997001391096164,0.3488239559839663,3.550000000000068,6.838973831690964e-14,0.0230760440160336,0.333225458801599,-0.015598497182367332,0.015598497182367332
2022-09-16,3,0.0082135523613963,3790,0.9627326139110068,3937.522946229548,0.9625340732627828,Put,SPXW,SPXW220916P03790000,5.45,0.3508,0.0365135381688637,0.9997001391096164,0.3288182095128314,5.450000000004593,4.592770608269348e-12,0.0219817904871685,0.32004646261651126,-0.008771746896320154,0.008771746896320154
2022-09-16,3,0.0082135523613963,3815,0.9690830928945886,3937.522946229548,0.9688832426114818,Put,SPXW,SPXW220916P03815000,7.55,0.3373,0.0365135381688637,0.9997001391096164,0.3159102736694359,7.549999999999613,3.8635761256955453e-13,0.021389726330564,0.3103494001979751,-0.0055608734714608365,0.0055608734714608365
2022-09-16,3,0.0082135523613963,3835,0.974163476081454,3937.522946229548,0.9739625780904412,Put,SPXW,SPXW220916P03835000,10.0,0.329,0.0365135381688637,0.9997001391096164,0.3078009328738318,9.999999999999773,2.273736754432321e-13,0.0211990671261681,0.30241608568667694,-0.005384847187154873,0.005384847187154873
2022-09-16,3,0.0082135523613963,3860,0.980513955065036,3937.522946229548,0.9803117474391404,Put,SPXW,SPXW220916P03860000,14.15,0.3191,0.0365135381688637,0.9997001391096164,0.2981280672935799,14.149999999999864,1.3677947663381929e-13,0.02097193270642,0.2922810907216833,-0.005846976571896589,0.005846976571896589
2022-09-16,3,0.0082135523613963,3875,0.984324242455185,3937.522946229548,0.9841212490483596,Put,SPXW,SPXW220916P03875000,17.450000000000003,0.3143,0.0365135381688637,0.9997001391096164,0.2933342487871991,17.450000000000273,2.700062395888381e-13,0.0209657512128008,0.28608912502411876,-0.007245123763080341,0.007245123763080341
2022-09-16,3,0.0082135523613963,3900,0.9906747214387668,3937.522946229548,0.9904704183970588,Put,SPXW,SPXW220916P03900000,24.450000000000003,0.3069,0.0365135381688637,0.9997001391096164,0.285729639051167,24.450000000041427,4.142464149481384e-11,0.021170360948833,0.275609243539946,-0.010120395511221014,0.010120395511221014
2022-09-16,3,0.0082135523613963,3915,0.994485008828916,3937.522946229548,0.9942799200062784,Put,SPXW,SPXW220916P03915000,29.65,0.3026,0.0365135381688637,0.9997001391096164,0.2811737988280595,29.649999999999864,1.3500311979441906e-13,0.0214262011719404,0.2692493837369267,-0.01192441509113279,0.01192441509113279
2022-09-16,3,0.0082135523613963,3940,1.000835487812498,3937.522946229548,1.0006290893549774,Call,SPXW,SPXW220916C03940000,39.35,0.2948,0.0365135381688637,0.9997001391096164,0.2850215486531151,39.34999999999991,9.237055564881302e-14,0.0097784513468848,0.2586118615973348,-0.026409687055780284,0.026409687055780284
2022-09-16,3,0.0082135523613963,3955,1.004645775202647,3937.522946229548,1.0044385909641969,Call,SPXW,SPXW220916C03955000,31.85,0.2906,0.0365135381688637,0.9997001391096164,0.2802993858608832,31.85000000000082,8.171241461241152e-13,0.0103006141391167,0.25227349893302087,-0.028025886927862342,0.028025886927862342
2022-09-16,3,0.0082135523613963,3980,1.0109962541862287,3937.522946229548,1.010787760312896,Call,SPXW,SPXW220916C03980000,21.6,0.2851,0.0365135381688637,0.9997001391096164,0.2741769129123898,21.59999999999991,9.237055564881302e-14,0.0109230870876101,0.24198118298362428,-0.03219572992876554,0.03219572992876554
2022-09-16,3,0.0082135523613963,3995,1.0148065415763778,3937.522946229548,1.0145972619221153,Call,SPXW,SPXW220916C03995000,16.75,0.2827,0.0365135381688637,0.9997001391096164,0.271478875570012,16.749999999999545,4.547473508864641e-13,0.0112211244299879,0.23610717836203848,-0.03537169720797351,0.03537169720797351
2022-09-16,3,0.0082135523613963,4020,1.0211570205599596,3937.522946229548,1.0209464312708143,Call,SPXW,SPXW220916C04020000,10.55,0.2796,0.0365135381688637,0.9997001391096164,0.2679331902470094,10.549999999999956,4.618527782440651e-14,0.0116668097529905,0.22715059671116614,-0.040782593535843265,0.040782593535843265
2022-09-16,3,0.0082135523613963,4045,1.0275074995435416,3937.522946229548,1.0272956006195135,Call,SPXW,SPXW220916C04045000,6.35,0.2778,0.0365135381688637,0.9997001391096164,0.2656151038850872,6.349999999999454,5.453415496958769e-13,0.0121848961149127,0.21964855307128195,-0.04596655081380524,0.04596655081380524
2022-09-16,3,0.0082135523613963,4080,1.036398170120556,3937.522946229548,1.0361844377076923,Call,SPXW,SPXW220916C04080000,3.05,0.2799,0.0365135381688637,0.9997001391096164,0.267025342857053,3.0499999999999545,4.5297099404706393e-14,0.0128746571429469,0.2121495451670398,-0.05487579769001319,0.05487579769001319
2022-09-20,7,0.0191649555099247,3720,0.9449512727569775,3938.608044430406,0.9444961158956804,Put,SPXW,SPXW220920P03720000,5.25,0.297,0.036541941945302,0.9992999204784726,0.2885811413740663,5.250000000016257,1.6257217794191092e-11,0.0084188586259336,0.3261745301154895,0.037593388741423206,0.037593388741423206
2022-09-20,7,0.0191649555099247,3735,0.9487615601471266,3938.608044430406,0.9483045679759048,Put,SPXW,SPXW220920P03735000,6.05,0.2909,0.036541941945302,0.9992999204784726,0.2826880809300119,6.050000000000864,8.64197602368222e-13,0.008211919069988,0.32164439174149934,0.03895631081148743,0.03895631081148743
2022-09-20,7,0.0191649555099247,3750,0.9525718475372758,3938.608044430406,0.9521130200561294,Put,SPXW,SPXW220920P03750000,7.05,0.2857,0.036541941945302,0.9992999204784726,0.2775420915714505,7.049999999999898,1.021405182655144e-13,0.0081579084285494,0.31706502410626347,0.03952293253481298,0.03952293253481298
2022-09-20,7,0.0191649555099247,3770,0.9576522307241412,3938.608044430406,0.9571909561630956,Put,SPXW,SPXW220920P03770000,8.7,0.2792,0.036541941945302,0.9992999204784726,0.2711702360005962,8.700000000006753,6.753708703399752e-12,0.0080297639994037,0.3108811237917205,0.039710887791124305,0.039710887791124305
2022-09-20,7,0.0191649555099247,3785,0.9614625181142904,3938.608044430406,0.96099940824332,Put,SPXW,SPXW220920P03785000,10.15,0.2741,0.036541941945302,0.9992999204784726,0.2661334821277072,10.150000000002253,2.2506441155201173e-12,0.0079665178722927,0.3061838965056825,0.040050414377975296,0.040050414377975296
2022-09-20,7,0.0191649555099247,3800,0.9652728055044396,3938.608044430406,0.9648078603235444,Put,SPXW,SPXW220920P03800000,12.0,0.2702,0.036541941945302,0.9992999204784726,0.2623320082759094,12.000000000000796,7.958078640513122e-13,0.0078679917240905,0.3014356943999273,0.03910368612401788,0.03910368612401788
2022-09-20,7,0.0191649555099247,3815,0.9690830928945886,3938.608044430406,0.968616312403769,Put,SPXW,SPXW220920P03815000,14.1,0.2663,0.036541941945302,0.9992999204784726,0.2581474271893216,14.099999999993088,6.911804462106375e-12,0.0081525728106783,0.29663697277080825,0.03848954558148665,0.03848954558148665
2022-09-20,7,0.0191649555099247,3830,0.9728933802847376,3938.608044430406,0.9724247644839936,Put,SPXW,SPXW220920P03830000,16.700000000000003,0.2628,0.036541941945302,0.9992999204784726,0.2550078041403761,16.700000000000045,4.263256414560601e-14,0.0077921958596238,0.291788881374638,0.03678107723426188,0.03678107723426188
2022-09-20,7,0.0191649555099247,3850,0.9779737634716033,3938.608044430406,0.9775027005909596,Put,SPXW,SPXW220920P03850000,20.75,0.2583,0.036541941945302,0.9992999204784726,0.250487923848484,20.749999999997044,2.9558577807620168e-12,0.0078120761515159,0.28525172098378665,0.03476379713530264,0.03476379713530264
2022-09-20,7,0.0191649555099247,3865,0.9817840508617522,3938.608044430406,0.981311152671184,Put,SPXW,SPXW220920P03865000,24.35,0.2549,0.036541941945302,0.9992999204784726,0.2472549851477253,24.35000000000832,8.320455435750773e-12,0.0076450148522747,0.2802987138485098,0.03304372870078451,0.03304372870078451
2022-09-20,7,0.0191649555099247,3880,0.9855943382519012,3938.608044430406,0.9851196047514086,Put,SPXW,SPXW220920P03880000,28.4,0.2522,0.036541941945302,0.9992999204784726,0.2436987900222605,28.39999999999964,3.623767952376511e-13,0.0085012099777394,0.2753087749717366,0.031609984949476116,0.031609984949476116
2022-09-20,7,0.0191649555099247,3895,0.9894046256420505,3938.608044430406,0.9889280568316332,Put,SPXW,SPXW220920P03895000,33.150000000000006,0.2489,0.036541941945302,0.9992999204784726,0.2408577964298952,33.14999999999873,1.2789769243681805e-12,0.0080422035701048,0.27028972828717285,0.02943193185727766,0.02943193185727766
2022-09-20,7,0.0191649555099247,3910,0.9932149130321996,3938.608044430406,0.9927365089118576,Put,SPXW,SPXW220920P03910000,38.5,0.2461,0.036541941945302,0.9992999204784726,0.2379687251350418,38.49999999995043,4.956746124662459e-11,0.0081312748649581,0.26525221685068945,0.027283491715647645,0.027283491715647645
2022-09-20,7,0.0191649555099247,3930,0.998295296219065,3938.608044430406,0.9978144450188235,Put,SPXW,SPXW220920P03930000,46.4,0.2418,0.036541941945302,0.9992999204784726,0.2329753593228473,46.39999999999986,1.3500311979441906e-13,0.0088246406771526,0.25853195316501987,0.02555659384217257,0.02555659384217257
2022-09-20,7,0.0191649555099247,3945,1.002105583609214,3938.608044430406,1.0016228970990482,Call,SPXW,SPXW220920C03945000,47.95,0.237,0.036541941945302,0.9992999204784726,0.2348101571561134,47.94999999998322,1.6783019418653566e-11,0.0021898428438865,0.25351421498512683,0.018704057829013437,0.018704057829013437
2022-09-20,7,0.0191649555099247,3960,1.0059158709993632,3938.608044430406,1.0054313491792726,Call,SPXW,SPXW220920C03960000,40.5,0.2339,0.036541941945302,0.9992999204784726,0.2315632938797517,40.500000000000455,4.547473508864641e-13,0.0023367061202483,0.2485437006538749,0.016980406774123213,0.016980406774123213
2022-09-20,7,0.0191649555099247,3975,1.0097261583895123,3938.608044430406,1.0092398012594972,Call,SPXW,SPXW220920C03975000,33.8,0.231,0.036541941945302,0.9992999204784726,0.2284633377917626,33.799999999999955,4.263256414560601e-14,0.0025366622082373,0.243652125592987,0.015188787801224402,0.015188787801224402
2022-09-20,7,0.0191649555099247,3995,1.0148065415763778,3938.608044430406,1.0143177373664631,Call,SPXW,SPXW220920C03995000,26.15,0.2279,0.036541941945302,0.9992999204784726,0.22513742034107,26.149999999999864,1.3500311979441906e-13,0.0027625796589299,0.23731959175497783,0.012182171413907816,0.012182171413907816
2022-09-20,7,0.0191649555099247,4010,1.018616828966527,3938.608044430406,1.0181261894466878,Call,SPXW,SPXW220920C04010000,21.25,0.2257,0.036541941945302,0.9992999204784726,0.2227626561558175,21.25,0.0,0.0029373438441824,0.23277079543487042,0.010008139279052919,0.010008139279052919
2022-09-20,7,0.0191649555099247,4025,1.022427116356676,3938.608044430406,1.0219346415269122,Call,SPXW,SPXW220920C04025000,17.1,0.224,0.036541941945302,0.9992999204784726,0.2208691313101342,17.09999999999991,9.237055564881302e-14,0.0031308686898657,0.22844922490539263,0.007580093595258436,0.007580093595258436
2022-09-20,7,0.0191649555099247,4040,1.0262374037468251,3938.608044430406,1.0257430936071368,Call,SPXW,SPXW220920C04040000,13.6,0.2224,0.036541941945302,0.9992999204784726,0.2191954328067123,13.599999999999568,4.316547119742609e-13,0.0032045671932876,0.22440597084224154,0.005210538035529233,0.005210538035529233
2022-09-20,7,0.0191649555099247,4055,1.0300476911369745,3938.608044430406,1.0295515456873612,Call,SPXW,SPXW220920C04055000,10.7,0.2211,0.036541941945302,0.9992999204784726,0.2177981643428942,10.699999999999818,1.8118839761882557e-13,0.0033018356571057,0.2206890221710943,0.0028908578282000885,0.0028908578282000885
2022-09-20,7,0.0191649555099247,4075,1.0351280743238398,3938.608044430406,1.0346294817943271,Call,SPXW,SPXW220920C04075000,7.7,0.2203,0.036541941945302,0.9992999204784726,0.2167925052556561,7.700000000000728,7.274181257344027e-13,0.0035074947443438,0.2163087695894472,-0.0004837356662089065,0.0004837356662089065
2022-09-20,7,0.0191649555099247,4090,1.038938361713989,3938.608044430406,1.0384379338745515,Call,SPXW,SPXW220920C04090000,5.95,0.2199,0.036541941945302,0.9992999204784726,0.216258688836592,5.9500000000003865,3.8635761256955453e-13,0.0036413111634079,0.21348945304799513,-0.0027692357885968633,0.0027692357885968633
2022-09-20,7,0.0191649555099247,4110,1.0440187449008542,3938.608044430406,1.043515869981518,Call,SPXW,SPXW220920C04110000,4.2,0.2201,0.036541941945302,0.9992999204784726,0.2163011700585539,4.199999999993793,6.207478975284175e-12,0.003798829941446,0.21036941659754896,-0.0059317534610049405,0.0059317534610049405
2022-09-28,15,0.0410677618069815,3450,0.8763660997342937,3940.786328360648,0.8754597972418329,Put,SPXW,SPXW220928P03450000,4.2,0.3748,0.0365977324873474,0.9984981419587812,0.3699108902010517,4.200000000018264,1.8263612844293675e-11,0.0048891097989482,0.37276273715998104,0.002851846958929316,0.002851846958929316
2022-09-28,15,0.0410677618069815,3625,0.9208194526193666,3940.786328360648,0.919867178261346,Put,SPXW,SPXW220928P03625000,10.65,0.318,0.0365977324873474,0.9984981419587812,0.3140831368014382,10.649999999999864,1.3677947663381929e-13,0.0039168631985617,0.33238416934718845,0.018301032545750273,0.018301032545750273
2022-09-28,15,0.0410677618069815,3690,0.9373306979766792,3940.786328360648,0.9363613483543082,Put,SPXW,SPXW220928P03690000,15.85,0.3,0.0365977324873474,0.9984981419587812,0.2963733697476687,15.850000000000476,4.778399897986674e-13,0.0036266302523312,0.3165204629857053,0.020147093238036595,0.020147093238036595
2022-09-28,15,0.0410677618069815,3725,0.946221368553694,3940.786328360648,0.9452428245582108,Put,SPXW,SPXW220928P03725000,19.9,0.2917,0.0365977324873474,0.9984981419587812,0.2881271218379863,19.900000000000205,2.0605739337042905e-13,0.0035728781620136,0.3077593483689663,0.019632226530980013,0.019632226530980013
2022-09-28,15,0.0410677618069815,3755,0.9538419433339922,3940.786328360648,0.9528555184472705,Put,SPXW,SPXW220928P03755000,24.200000000000003,0.2848,0.0365977324873474,0.9984981419587812,0.2813114937991278,24.20000000000016,1.5631940186722204e-13,0.0034885062008721,0.30012571292728124,0.018814219128153453,0.018814219128153453
2022-09-28,15,0.0410677618069815,3775,0.9589223265208576,3940.786328360648,0.9579306477066432,Put,SPXW,SPXW220928P03775000,27.65,0.2807,0.0365977324873474,0.9984981419587812,0.277254460469703,27.65000000000009,9.237055564881302e-14,0.0034455395302969,0.294973671196723,0.01771921072702004,0.01771921072702004
2022-09-28,15,0.0410677618069815,3795,0.9640027097077232,3940.786328360648,0.9630057769660162,Put,SPXW,SPXW220928P03795000,31.55,0.2766,0.0365977324873474,0.9984981419587812,0.2732381351381523,31.54999999996346,3.6539660186463146e-11,0.0033618648618476,0.28977308968125937,0.01653495454310705,0.01653495454310705
2022-09-28,15,0.0410677618069815,3820,0.9703531886913048,3940.786328360648,0.9693496885402324,Put,SPXW,SPXW220928P03820000,37.150000000000006,0.2717,0.0365977324873474,0.9984981419587812,0.2683567056541244,37.15000000005784,5.783817869087216e-11,0.0033432943458756,0.2832088167487979,0.014852111094673492,0.014852111094673492
2022-09-28,15,0.0410677618069815,3840,0.9754335718781704,3940.786328360648,0.9744248177996052,Put,SPXW,SPXW220928P03840000,42.3,0.268,0.0365977324873474,0.9984981419587812,0.2646657519458096,42.30000000000018,1.8474111129762605e-13,0.0033342480541903,0.2779123138768933,0.0132465619310837,0.0132465619310837
2022-09-28,15,0.0410677618069815,3860,0.980513955065036,3940.786328360648,0.9794999470589782,Put,SPXW,SPXW220928P03860000,47.95,0.264,0.0365977324873474,0.9984981419587812,0.2606372018073914,47.95000000000027,2.700062395888381e-13,0.0033627981926085,0.27258304183503473,0.011945840027643317,0.011945840027643317
2022-09-28,15,0.0410677618069815,3880,0.9855943382519012,3940.786328360648,0.9845750763183512,Put,SPXW,SPXW220928P03880000,54.2,0.2598,0.0365977324873474,0.9984981419587812,0.2564851503369281,54.19999999999982,1.8474111129762605e-13,0.0033148496630718,0.2672305036318612,0.010745353294933091,0.010745353294933091
2022-09-28,15,0.0410677618069815,3900,0.9906747214387668,3940.786328360648,0.989650205577724,Put,SPXW,SPXW220928P03900000,61.2,0.2559,0.0365977324873474,0.9984981419587812,0.2525523672487706,61.20000000001141,1.1411316336307207e-11,0.0033476327512293,0.2618677166996456,0.009315349450874977,0.009315349450874977
2022-09-28,15,0.0410677618069815,3920,0.9957551046256324,3940.786328360648,0.9947253348370972,Put,SPXW,SPXW220928P03920000,68.8,0.2515,0.0365977324873474,0.9984981419587812,0.2482062886567888,68.79999999999973,2.700062395888381e-13,0.0032937113432111,0.2565120952863528,0.008305806629564039,0.008305806629564039
2022-09-28,15,0.0410677618069815,3940,1.000835487812498,3940.786328360648,0.99980046409647,Put,SPXW,SPXW220928P03940000,77.3,0.2476,0.0365977324873474,0.9984981419587812,0.2442715678392589,77.29999999999995,4.263256414560601e-14,0.003328432160741,0.25118624898973374,0.006914681150474833,0.006914681150474833
2022-09-28,15,0.0410677618069815,3960,1.0059158709993632,3940.786328360648,1.0048755933558429,Call,SPXW,SPXW220928C03960000,67.6,0.2425,0.0365977324873474,0.9984981419587812,0.2408915464102022,67.60000000000014,1.4210854715202006e-13,0.0016084535897977,0.2459187632272353,0.005027216817033109,0.005027216817033109
2022-09-28,15,0.0410677618069815,3980,1.0109962541862287,3940.786328360648,1.009950722615216,Call,SPXW,SPXW220928C03980000,57.7,0.2383,0.0365977324873474,0.9984981419587812,0.2367160057486886,57.70000000001551,1.5504042494285386e-11,0.0015839942513113,0.24074499275122668,0.0040289870025380925,0.0040289870025380925
2022-09-28,15,0.0410677618069815,4000,1.0160766373730945,3940.786328360648,1.015025851874589,Call,SPXW,SPXW220928C04000000,48.8,0.2346,0.0365977324873474,0.9984981419587812,0.2329905308292033,48.79999999999973,2.700062395888381e-13,0.0016094691707966,0.23570762840405365,0.0027170975748503634,0.0027170975748503634
2022-09-28,15,0.0410677618069815,4020,1.0211570205599596,3940.786328360648,1.020100981133962,Call,SPXW,SPXW220928C04020000,40.75,0.2309,0.0365977324873474,0.9984981419587812,0.2292049004970297,40.75,0.0,0.0016950995029702,0.23085648765611055,0.0016515871590808417,0.0016515871590808417
2022-09-28,15,0.0410677618069815,4045,1.0275074995435416,3940.786328360648,1.026444892708178,Call,SPXW,SPXW220928C04045000,32.05,0.2267,0.0365977324873474,0.9984981419587812,0.2249890928679078,32.050000000062255,6.225775450729998e-11,0.0017109071320921,0.2251390332451409,0.00014994037723309317,0.00014994037723309317
2022-09-28,15,0.0410677618069815,4065,1.032587882730407,3940.786328360648,1.0315200219675509,Call,SPXW,SPXW220928C04065000,26.200000000000003,0.224,0.0365977324873474,0.9984981419587812,0.2222693977642752,26.20000000004188,4.187938884570031e-11,0.0017306022357247,0.22091223703811122,-0.0013571607261639862,0.0013571607261639862
2022-09-28,15,0.0410677618069815,4085,1.0376682659172725,3940.786328360648,1.0365951512269238,Call,SPXW,SPXW220928C04085000,21.200000000000003,0.2216,0.0365977324873474,0.9984981419587812,0.2198503402977818,21.200000000002436,2.4300561562995426e-12,0.0017496597022181,0.21705245981577356,-0.0027978804820082415,0.0027978804820082415
2022-09-28,15,0.0410677618069815,4110,1.0440187449008542,3940.786328360648,1.04293906280114,Call,SPXW,SPXW220928C04110000,16.049999999999997,0.2191,0.0365977324873474,0.9984981419587812,0.2172690102669685,16.050000000000068,7.105427357601003e-14,0.0018309897330315,0.2128103124703259,-0.004458697796642597,0.004458697796642597
2022-09-28,15,0.0410677618069815,4130,1.0490991280877198,3940.786328360648,1.048014192060513,Call,SPXW,SPXW220928C04130000,12.75,0.2176,0.0365977324873474,0.9984981419587812,0.2157376288740982,12.75000000003945,3.9449332689400756e-11,0.0018623711259017,0.20991740732502312,-0.0058202215490750775,0.0058202215490750775
2022-09-28,15,0.0410677618069815,4175,1.060529990258167,3940.786328360648,1.059433232894102,Call,SPXW,SPXW220928C04175000,7.55,0.2166,0.0365977324873474,0.9984981419587812,0.2145307662277208,7.550000000000011,1.1546319456101628e-14,0.0020692337722791,0.20506366863195022,-0.00946709759577058,0.00946709759577058
2022-09-28,15,0.0410677618069815,4225,1.0732309482253308,3940.786328360648,1.0721210560425345,Call,SPXW,SPXW220928C04225000,4.1,0.2167,0.0365977324873474,0.9984981419587812,0.2145466228489188,4.099999999999966,3.3750779948604765e-14,0.0021533771510811,0.20211915827484628,-0.012427464574072511,0.012427464574072511
2022-10-14,31,0.0848733744010951,3100,0.787459393964148,3945.174096903203,0.7857701393794942,Put,SPXW,SPXW221014P03100000,4.2,0.4273,0.0367053136294934,0.996889543697636,0.4248169147733665,4.200000000004152,4.1522341120980855e-12,0.0024830852266334,0.41071565914064506,-0.014101255632721466,0.014101255632721466
2022-10-14,31,0.0848733744010951,3375,0.8573146627835482,3945.174096903203,0.8554755549696106,Put,SPXW,SPXW221014P03375000,9.75,0.3488,0.0367053136294934,0.996889543697636,0.3471606342854053,9.74999999995842,4.1580960896681056e-11,0.0016393657145946,0.36097988966932804,0.013819255383922757,0.013819255383922757
2022-10-14,31,0.0848733744010951,3470,0.8814464829211592,3945.174096903203,0.8795556076280144,Put,SPXW,SPXW221014P03470000,13.95,0.3254,0.0367053136294934,0.996889543697636,0.3240987841033858,13.950000000000102,1.0302869668521453e-13,0.0013012158966142,0.3430205506996418,0.01892176659625605,0.01892176659625605
2022-10-14,31,0.0848733744010951,3520,0.8941474408883229,3945.174096903203,0.8922293195534902,Put,SPXW,SPXW221014P03520000,17.15,0.3144,0.0367053136294934,0.996889543697636,0.3132279716304214,17.149999999990882,9.116263299802084e-12,0.0011720283695786,0.3333663889687029,0.020138417338281533,0.020138417338281533
2022-10-14,31,0.0848733744010951,3575,0.908118494652203,3945.174096903203,0.9061704026715136,Put,SPXW,SPXW221014P03575000,21.75,0.3032,0.0367053136294934,0.996889543697636,0.302150678142355,21.749999999999886,1.1368683772161605e-13,0.001049321857645,0.32257133260130105,0.02042065445894603,0.02042065445894603
2022-10-14,31,0.0848733744010951,3625,0.9208194526193666,3945.174096903203,0.9188441145969892,Put,SPXW,SPXW221014P03625000,27.15,0.2936,0.0367053136294934,0.996889543697636,0.2927035598307211,27.149999999999977,2.131628207280301e-14,0.0008964401692788,0.31259265564433397,0.019889095813612867,0.019889095813612867
2022-10-14,31,0.0848733744010951,3675,0.9335204105865302,3945.174096903203,0.931517826522465,Put,SPXW,SPXW221014P03675000,34.15,0.2851,0.0367053136294934,0.996889543697636,0.2842857629980422,34.14999999999952,4.760636329592671e-13,0.0008142370019577,0.30245118439386387,0.018165421395821668,0.018165421395821668
2022-10-14,31,0.0848733744010951,3720,0.9449512727569775,3945.174096903203,0.9429241672553932,Put,SPXW,SPXW221014P03720000,42.05,0.278,0.0367053136294934,0.996889543697636,0.2773080191303917,42.04999999999996,4.263256414560601e-14,0.0006919808696082,0.2931875431610785,0.015879524030686765,0.015879524030686765
2022-10-14,31,0.0848733744010951,3750,0.9525718475372758,3945.174096903203,0.9505283944106784,Put,SPXW,SPXW221014P03750000,48.2,0.2732,0.0367053136294934,0.996889543697636,0.2726773827982136,48.20000000000027,2.700062395888381e-13,0.0005226172017863,0.28694565116049425,0.014268268362280678,0.014268268362280678
2022-10-14,31,0.0848733744010951,3785,0.9614625181142904,3945.174096903203,0.9593999927585116,Put,SPXW,SPXW221014P03785000,56.45,0.268,0.0367053136294934,0.996889543697636,0.2674704535068548,56.4500000000005,4.973799150320701e-13,0.0005295464931452,0.2796046032001306,0.012134149693275809,0.012134149693275809
2022-10-14,31,0.0848733744010951,3815,0.9690830928945886,3945.174096903203,0.9670042199137968,Put,SPXW,SPXW221014P03815000,64.4,0.2632,0.0367053136294934,0.996889543697636,0.262830884034252,64.39999999999986,1.4210854715202006e-13,0.000369115965748,0.27327101488003025,0.010440130845778273,0.010440130845778273
2022-10-14,31,0.0848733744010951,3845,0.9767036676748868,3945.174096903203,0.9746084470690825,Put,SPXW,SPXW221014P03845000,73.3,0.2585,0.0367053136294934,0.996889543697636,0.2581860429800722,73.29999999999927,7.247535904753022e-13,0.0003139570199277,0.2669126095604166,0.00872656658034443,0.00872656658034443
2022-10-14,31,0.0848733744010951,3875,0.984324242455185,3945.174096903203,0.9822126742243678,Put,SPXW,SPXW221014P03875000,83.2,0.2537,0.0367053136294934,0.996889543697636,0.2534729056094632,83.19999999991478,8.522249572706642e-11,0.0002270943905367,0.2605481697086717,0.0070752640992085,0.0070752640992085
2022-10-14,31,0.0848733744010951,3905,0.9919448172354832,3945.174096903203,0.9898169013796532,Put,SPXW,SPXW221014P03905000,94.15,0.2487,0.0367053136294934,0.996889543697636,0.2486377827038794,94.14999999999986,1.4210854715202006e-13,6.221729612054805e-05,0.25420340510691514,0.005565622403035736,0.005565622403035736
2022-10-14,31,0.0848733744010951,3935,0.9995653920157814,3945.174096903203,0.9974211285349386,Put,SPXW,SPXW221014P03935000,106.15,0.2435,0.0367053136294934,0.996889543697636,0.2435245111214111,106.15000000000008,8.526512829121202e-14,2.4511121411135983e-05,0.24791188709269044,0.004387375971279334,0.004387375971279334
2022-10-14,31,0.0848733744010951,3965,1.0071859667960796,3945.174096903203,1.005025355690224,Call,SPXW,SPXW221014C03965000,98.45,0.2381,0.0367053136294934,0.996889543697636,0.2358252235084909,98.45000000000005,4.263256414560601e-14,0.002274776491509,0.24171675822772565,0.005891534719234759,0.005891534719234759
2022-10-14,31,0.0848733744010951,4000,1.0160766373730945,3945.174096903203,1.0138969540380571,Call,SPXW,SPXW221014C04000000,80.65,0.2319,0.0367053136294934,0.996889543697636,0.2297738385778432,80.65000000000464,4.632738637155853e-12,0.0021261614221567,0.23468506774392212,0.004911229166078918,0.004911229166078918
2022-10-14,31,0.0848733744010951,4030,1.0236972121533925,3945.174096903203,1.0215011811933423,Call,SPXW,SPXW221014C04030000,67.0,0.2268,0.0367053136294934,0.996889543697636,0.2248248673824908,66.99999999999977,2.273736754432321e-13,0.0019751326175091,0.22890523495522433,0.004080367572733529,0.004080367572733529
2022-10-14,31,0.0848733744010951,4060,1.0313177869336907,3945.174096903203,1.029105408348628,Call,SPXW,SPXW221014C04060000,54.9,0.2221,0.0367053136294934,0.996889543697636,0.2201876357441329,54.89999999999986,1.3500311979441906e-13,0.001912364255867,0.2234397209012765,0.0032520851571436193,0.0032520851571436193
2022-10-14,31,0.0848733744010951,4095,1.0402084575107051,3945.174096903203,1.0379770066964609,Call,SPXW,SPXW221014C04095000,42.75,0.2171,0.0367053136294934,0.996889543697636,0.2152283714884329,42.75000000000023,2.273736754432321e-13,0.001871628511567,0.21757725420906993,0.002348882720637019,0.002348882720637019
2022-10-14,31,0.0848733744010951,4125,1.047829032291003,3945.174096903203,1.0455812338517465,Call,SPXW,SPXW221014C04125000,34.05,0.2134,0.0367053136294934,0.996889543697636,0.2116011265484925,34.05000000000007,7.105427357601003e-14,0.0017988734515074,0.21308798004565133,0.0014868534971588243,0.0014868534971588243
2022-10-14,31,0.0848733744010951,4175,1.060529990258167,3945.174096903203,1.058254945777222,Call,SPXW,SPXW221014C04175000,22.700000000000003,0.2084,0.0367053136294934,0.996889543697636,0.2066739334939876,22.69999999999993,7.105427357601003e-14,0.0017260665060123,0.20688660499056685,0.00021267149657924755,0.00021267149657924755
2022-10-14,31,0.0848733744010951,4225,1.0732309482253308,3945.174096903203,1.0709286577026975,Call,SPXW,SPXW221014C04225000,14.8,0.2052,0.0367053136294934,0.996889543697636,0.2034806260659349,14.800000000037244,3.724309749486565e-11,0.001719373934065,0.20239990646473385,-0.0010807196012010412,0.0010807196012010412
2022-10-14,31,0.0848733744010951,4275,1.0859319061924944,3945.174096903203,1.0836023696281734,Call,SPXW,SPXW221014C04275000,9.45,0.2032,0.0367053136294934,0.996889543697636,0.2014755577919635,9.4499999999976,2.398081733190338e-12,0.0017244422080364,0.19955533062120193,-0.0019202271707615681,0.0019202271707615681
2022-10-14,31,0.0848733744010951,4350,1.10498334314324,3945.174096903203,1.1026129375163871,Call,SPXW,SPXW221014C04350000,4.8,0.203,0.0367053136294934,0.996889543697636,0.2012014703484227,4.800000000001461,1.461053500406706e-12,0.0017985296515772,0.1978152686345805,-0.003386201713842213,0.003386201713842213
2022-11-18,66,0.1799566506958704,2775,0.7049031671775841,3954.830544063122,0.7016735531603877,Put,SPX,SPX221118P02775000,7.05,0.4434,0.036921115062271,0.9933778236875802,0.442692953440788,7.050000000000111,1.1102230246251565e-13,0.0007070465592119,0.42257638591546975,-0.020116567525318263,0.020116567525318263
2022-11-18,66,0.1799566506958704,3160,0.8027005435247444,3954.830544063122,0.7990228569321892,Put,SPX,SPX221118P03160000,16.4,0.3579,0.036921115062271,0.9933778236875802,0.3578995200361257,16.40000000000356,3.559819106158102e-12,4.799638742558621e-07,0.3655022363056544,0.007602716269528742,0.007602716269528742
2022-11-18,66,0.1799566506958704,3230,0.8204818846787736,3954.830544063122,0.816722730345244,Put,SPX,SPX221118P03230000,19.55,0.3441,0.036921115062271,0.9933778236875802,0.344232194552758,19.550000000000068,6.750155989720953e-14,0.000132194552758,0.35493146218672633,0.010699267633968335,0.010699267633968335
2022-11-18,66,0.1799566506958704,3310,0.8408034174262354,3954.830544063122,0.836951157103021,Put,SPX,SPX221118P03310000,24.15,0.3292,0.036921115062271,0.9933778236875802,0.3294718741399973,24.1499999999715,2.849986913133762e-11,0.0002718741399973,0.342730962852075,0.013259088712077705,0.013259088712077705
2022-11-18,66,0.1799566506958704,3450,0.8763660997342937,3954.830544063122,0.8723509039291306,Put,SPX,SPX221118P03450000,36.1,0.3061,0.036921115062271,0.9933778236875802,0.3066818468442367,36.10000000006653,6.652811634921818e-11,0.0005818468442367,0.32105820564214327,0.014376358797906552,0.014376358797906552
2022-11-18,66,0.1799566506958704,3525,0.8954175366850392,3954.830544063122,0.8913150540145465,Put,SPX,SPX221118P03525000,45.25,0.295,0.036921115062271,0.9933778236875802,0.2957873011700856,45.24999999999932,6.821210263296962e-13,0.0007873011700856,0.3092554612399039,0.013468160069818269,0.013468160069818269
2022-11-18,66,0.1799566506958704,3725,0.946221368553694,3954.830544063122,0.9418861209089888,Put,SPX,SPX221118P03725000,83.35,0.2688,0.036921115062271,0.9933778236875802,0.2701125072985296,83.34999999999991,8.526512829121202e-14,0.0013125072985296,0.27718557036310704,0.007073063064577445,0.007073063064577445
2022-11-18,66,0.1799566506958704,3825,0.9716232844880212,3954.830544063122,0.96717165435621,Put,SPX,SPX221118P03825000,111.85,0.2563,0.036921115062271,0.9933778236875802,0.2578796971973188,111.84999999999968,3.1263880373444413e-13,0.0015796971973188,0.2609749765020434,0.0030952793047245852,0.0030952793047245852
2022-11-18,66,0.1799566506958704,3875,0.984324242455185,3954.830544063122,0.9798144210798206,Put,SPX,SPX221118P03875000,128.8,0.2497,0.036921115062271,0.9933778236875802,0.2514883005158815,128.80000000000064,6.252776074688883e-13,0.0017883005158815,0.2529217479694666,0.0014334474535850905,0.0014334474535850905
2022-11-18,66,0.1799566506958704,3930,0.998295296219065,3954.830544063122,0.9937214644757922,Put,SPX,SPX221118P03930000,149.95,0.2425,0.036921115062271,0.9933778236875802,0.2445107956435717,149.9500000000603,6.031086741131729e-11,0.0020107956435717,0.24418488294833404,-0.00032591269523765676,0.00032591269523765676
2022-11-18,66,0.1799566506958704,4090,1.038938361713989,3954.830544063122,1.0341783179913462,Call,SPX,SPX221118C04090000,89.75,0.2204,0.036921115062271,0.9933778236875802,0.2178482222276456,89.74999999999864,1.3642420526593924e-12,0.0025517777723543,0.22059141910128136,0.0027431968736357504,0.0027431968736357504
2022-11-18,66,0.1799566506958704,4140,1.0516393196811524,3954.830544063122,1.0468210847149568,Call,SPX,SPX221118C04140000,70.35,0.2141,0.036921115062271,0.9933778236875802,0.2117677391013958,70.35000000000014,1.4210854715202006e-13,0.0023322608986041,0.21426665155092897,0.0024989124495331805,0.0024989124495331805
2022-11-18,66,0.1799566506958704,4360,1.1075235347366728,3954.830544063122,1.1024492582988434,Call,SPX,SPX221118C04360000,19.65,0.1959,0.036921115062271,0.9933778236875802,0.1940816178423613,19.65000000000009,9.237055564881302e-14,0.0018183821576386,0.19659318240558613,0.002511564563224822,0.002511564563224822
2022-11-18,66,0.1799566506958704,4590,1.1659479413856255,3954.830544063122,1.160605985227452,Call,SPX,SPX221118C04590000,4.1,0.1901,0.036921115062271,0.9933778236875802,0.1883578423743817,4.09999999998729,1.2709833185908792e-11,0.0017421576256182,0.19438073536893938,0.006022892994557688,0.006022892994557688
2022-11-18,66,0.1806981519507187,3000,0.7620574780298206,3954.9065138721207,0.7585514321204011,Put,SPXW,SPXW221118P03000000,11.55,0.3927,0.0369227056094265,0.9933503428045688,0.3923296315617933,11.550000000000722,7.212008767965017e-13,0.0003703684382067,0.38918957779342944,-0.0031400537683638485,0.0031400537683638485
2022-11-18,66,0.1806981519507187,3380,0.8585847585802646,3954.9065138721207,0.8546346135223185,Put,SPXW,SPXW221118P03380000,29.9,0.3182,0.0369227056094265,0.9933503428045688,0.3185994029531053,29.89999999999975,2.486899575160351e-13,0.0003994029531053,0.3317996090573958,0.013200206104290513,0.013200206104290513
2022-11-18,66,0.1806981519507187,3600,0.9144689736357848,3954.9065138721207,0.9102617185444812,Put,SPXW,SPXW221118P03600000,57.75,0.286,0.0369227056094265,0.9933503428045688,0.2868877066406398,57.75000000000034,3.410605131648481e-13,0.0008877066406398,0.2972152474322673,0.01032754079162751,0.01032754079162751
2022-11-18,66,0.1806981519507187,3670,0.932250314789814,3954.9065138721207,0.927961251960624,Put,SPXW,SPXW221118P03670000,71.5,0.277,0.0369227056094265,0.9933503428045688,0.2781182717690817,71.50000000000011,1.1368683772161605e-13,0.0011182717690817,0.28598820012721315,0.00786992835813144,0.00786992835813144
2022-11-18,66,0.1806981519507187,3775,0.9589223265208576,3954.9065138721207,0.954510552084838,Put,SPXW,SPXW221118P03775000,97.8,0.264,0.0369227056094265,0.9933503428045688,0.2653474698215091,97.7999999999281,7.189271400420694e-11,0.001347469821509,0.2690131035827929,0.0036656337612838152,0.0036656337612838152
2022-11-18,66,0.1806981519507187,3990,1.0135364457796614,3954.9065138721207,1.008873404720133,Call,SPXW,SPXW221118C03990000,138.55,0.2352,0.0369227056094265,0.9933503428045688,0.2322547888213594,138.54999999999995,5.684341886080803e-14,0.0029452111786405,0.2349064758082554,0.0026516869868960236,0.0026516869868960236
2022-11-18,66,0.1806981519507187,4050,1.0287775953402578,3954.9065138721207,1.0240444333625414,Call,SPXW,SPXW221118C04050000,108.6,0.2269,0.0369227056094265,0.9933503428045688,0.2242839627578733,108.6000000000181,1.8104628907167356e-11,0.0026160372421266,0.22610356559411274,0.0018196028362394423,0.0018196028362394423
2022-11-18,66,0.1806981519507187,4220,1.0719608524286144,3954.9065138721207,1.0670290145160308,Call,SPXW,SPXW221118C04220000,46.75,0.207,0.0369227056094265,0.9933503428045688,0.2049005654027138,46.74999999999977,2.273736754432321e-13,0.0020994345972861,0.2058001788670202,0.0008996134643063924,0.0008996134643063924
2022-11-18,66,0.1806981519507187,4290,1.0897421935826437,3954.9065138721207,1.0847285479321735,Call,SPXW,SPXW221118C04290000,31.05,0.201,0.0369227056094265,0.9933503428045688,0.1991125996832156,31.049999999999727,2.7355895326763857e-13,0.0018874003167843,0.20028291593189082,0.0011703162486752239,0.0011703162486752239
2022-11-18,66,0.1806981519507187,4430,1.1253048758907018,3954.9065138721207,1.120127614764459,Call,SPXW,SPXW221118C04430000,12.7,0.1937,0.0369227056094265,0.9933503428045688,0.1919477006928943,12.700000000072803,7.280576141965867e-11,0.0017522993071056,0.19456964916576525,0.0026219484728709497,0.0026219484728709497
2022-11-18,66,0.1806981519507187,4510,1.1456264086381638,3954.9065138721207,1.1403556529543362,Call,SPXW,SPXW221118C04510000,7.35,0.1914,0.0369227056094265,0.9933503428045688,0.1897492657948856,7.349999999999881,1.1901590823981678e-13,0.0016507342051143,0.19384284937523594,0.004093583580350335,0.004093583580350335
2022-12-16,94,0.2566164727355692,3175,0.8065108309148935,3962.7344498288135,0.8012144240796042,Put,SPX,SPX221216P03175000,27.85,0.3382,0.0370782739437207,0.9905302275189892,0.3386603357761827,27.84999999992101,7.899103593445034e-11,0.0004603357761827,0.3476920658027452,0.00903173002656249,0.00903173002656249
2022-12-16,94,0.2566164727355692,3470,0.8814464829211592,3962.7344498288135,0.8756579689940871,Put,SPX,SPX221216P03470000,57.0,0.2956,0.0370782739437207,0.9905302275189892,0.2965996847226577,57.00000000003786,3.785771696129814e-11,0.0009996847226577,0.30687611774551893,0.010276433022861242,0.010276433022861242
2022-12-16,94,0.2566164727355692,3740,0.9500316559438432,3962.7344498288135,0.9437927389158172,Put,SPX,SPX221216P03740000,113.55,0.265,0.0370782739437207,0.9905302275189892,0.2665361417664281,113.54999999996244,3.7559289012278896e-11,0.0015361417664281,0.26880989728320837,0.0022737555167802737,0.0022737555167802737
2022-12-16,94,0.2566164727355692,4060,1.0313177869336907,3962.7344498288135,1.024545058823053,Call,SPX,SPX221216C04060000,135.9,0.227,0.0370782739437207,0.9905302275189892,0.2242722584629499,135.90000000000032,3.1263880373444413e-13,0.00272774153705,0.22545239756562882,0.0011801391026789176,0.0011801391026789176
2022-12-16,94,0.2566164727355692,4170,1.0592598944614506,3962.7344498288135,1.052303668791165,Call,SPX,SPX221216C04170000,89.0,0.2144,0.0370782739437207,0.9905302275189892,0.2121518614824851,88.99999999999955,4.547473508864641e-13,0.0022481385175149,0.21294229384067645,0.0007904323581913453,0.0007904323581913453
2022-12-16,94,0.2566164727355692,4225,1.0732309482253308,3962.7344498288135,1.0661829737752213,Call,SPX,SPX221216C04225000,70.15,0.2088,0.0370782739437207,0.9905302275189892,0.2067143985251298,70.1500000000151,1.5091927707544528e-11,0.0020856014748701,0.20763045870452093,0.0009160601793911372,0.0009160601793911372
2022-12-16,94,0.2566164727355692,4500,1.143086217044731,3962.7344498288135,1.135579498695502,Call,SPX,SPX221216C04500000,16.9,0.1899,0.0370782739437207,0.9905302275189892,0.1882499566853731,16.900000000000603,6.039613253960853e-13,0.0016500433146269,0.19302123650887654,0.004771279823503449,0.004771279823503449
2022-12-16,94,0.2573579739904175,2775,0.7049031671775841,3962.811372694759,0.7002604310467008,Put,SPXW,SPXW221216P02775000,12.5,0.4131,0.037079723528404,0.990502625145574,0.4128998841090716,12.499999999999972,2.8421709430404014e-14,0.0002001158909284,0.40182990920422434,-0.011069974904847235,0.011069974904847235
2022-12-16,94,0.2573579739904175,2975,0.7557069990462388,3962.811372694759,0.7507296513023188,Put,SPXW,SPXW221216P02975000,18.4,0.374,0.037079723528404,0.990502625145574,0.3741092359517926,18.39999999999995,4.973799150320701e-14,0.0001092359517926,0.3747748623944515,0.0006656264426589398,0.0006656264426589398
2022-12-16,94,0.2573579739904175,3270,0.8306426510525045,3962.811372694759,0.8251717511793555,Put,SPXW,SPXW221216P03270000,35.05,0.3236,0.037079723528404,0.990502625145574,0.3243070652107816,35.04999999999944,5.542233338928781e-13,0.0007070652107816,0.3345361237259289,0.010229058515147271,0.010229058515147271
2022-12-16,94,0.2573579739904175,3330,0.8458838006131009,3962.811372694759,0.840312517256041,Put,SPXW,SPXW221216P03330000,40.5,0.3148,0.037079723528404,0.990502625145574,0.3156025859339361,40.49999999999972,2.842170943040401e-13,0.0008025859339361,0.32626250316648053,0.010659917232544447,0.010659917232544447
2022-12-16,94,0.2573579739904175,3400,0.86366514176713,3962.811372694759,0.8579767443455073,Put,SPXW,SPXW221216P03400000,48.2,0.3053,0.037079723528404,0.990502625145574,0.3061549933342765,48.200000000000045,4.263256414560601e-14,0.0008549933342764,0.31655472620138775,0.010399732867111267,0.010399732867111267
2022-12-16,94,0.2573579739904175,3540,0.8992278240751883,3962.811372694759,0.8933051985244399,Put,SPXW,SPXW221216P03540000,68.95,0.288,0.037079723528404,0.990502625145574,0.2891719638281437,68.95000000000005,4.263256414560601e-14,0.0011719638281437,0.29697754019828104,0.007805576370137346,0.007805576370137346
2022-12-16,94,0.2573579739904175,3610,0.9170091652292176,3962.811372694759,0.9109694256139064,Put,SPXW,SPXW221216P03610000,82.55,0.2801,0.037079723528404,0.990502625145574,0.2814152178811416,82.55000000000007,7.105427357601003e-14,0.0013152178811416,0.28712521757023546,0.005709999689093859,0.005709999689093859
2022-12-16,94,0.2573579739904175,3675,0.9335204105865302,3962.811372694759,0.9273719221969822,Put,SPXW,SPXW221216P03675000,97.25,0.2728,0.037079723528404,0.990502625145574,0.2742456948701915,97.25,0.0,0.0014456948701915,0.27794750456550715,0.0037018096953156387,0.0037018096953156387
2022-12-16,94,0.2573579739904175,3820,0.9703531886913048,3962.811372694759,0.9639621068823052,Put,SPXW,SPXW221216P03820000,138.45,0.2564,0.037079723528404,0.990502625145574,0.2582880274674201,138.450000000023,2.302158463862725e-11,0.00188802746742,0.25751765270812205,-0.0007703747592980315,0.0007703747592980315
2022-12-16,94,0.2573579739904175,3880,0.9855943382519012,3962.811372694759,0.9791028729589908,Put,SPXW,SPXW221216P03880000,159.25,0.2494,0.037079723528404,0.990502625145574,0.2514954271209074,159.24999999999977,2.273736754432321e-13,0.0020954271209073,0.24918284885960953,-0.002312578261297854,0.002312578261297854
2022-12-16,94,0.2573579739904175,3930,0.998295296219065,3962.811372694759,0.9917201780228952,Put,SPXW,SPXW221216P03930000,178.45,0.2436,0.037079723528404,0.990502625145574,0.2457238146810893,178.44999999978677,2.1321966414689086e-10,0.0021238146810893,0.2423498451500693,-0.00337396953102001,0.00337396953102001
2022-12-16,94,0.2573579739904175,3990,1.0135364457796614,3962.811372694759,1.0068609440995806,Call,SPXW,SPXW221216C03990000,172.5,0.2361,0.037079723528404,0.990502625145574,0.2330422479264189,172.50000000009277,9.276845958083868e-11,0.003057752073581,0.23435627699439335,0.0013140290679744537,0.0013140290679744537
2022-12-16,94,0.2573579739904175,4120,1.046558936494287,3962.811372694759,1.0396659372657324,Call,SPXW,SPXW221216C04120000,109.6,0.2207,0.037079723528404,0.990502625145574,0.2181693960063439,109.60000000000014,1.4210854715202006e-13,0.002530603993656,0.2183688562542278,0.0001994602478838925,0.0001994602478838925
2022-12-16,94,0.2573579739904175,4300,1.0922823851760763,3962.811372694759,1.0850882354957887,Call,SPXW,SPXW221216C04300000,49.8,0.2026,0.037079723528404,0.990502625145574,0.2006600142972654,49.80000000000007,7.105427357601003e-14,0.0019399857027345,0.20165157484735882,0.0009915605500934177,0.0009915605500934177
2022-12-16,94,0.2573579739904175,4370,1.1100637263301054,3962.811372694759,1.102752462585255,Call,SPXW,SPXW221216C04370000,35.0,0.1975,0.037079723528404,0.990502625145574,0.1956229152507344,35.000000000000114,1.1368683772161605e-13,0.0018770847492655,0.19743876466001611,0.0018158494092817001,0.0018158494092817001
2022-12-16,94,0.2573579739904175,4430,1.1253048758907018,3962.811372694759,1.1178932286619403,Call,SPXW,SPXW221216C04430000,25.4,0.1938,0.037079723528404,0.990502625145574,0.1920461025862328,25.399999999999807,1.9184653865522705e-13,0.0017538974137671,0.19488324856433475,0.002837145978101946,0.002837145978101946
2022-12-16,94,0.2573579739904175,4575,1.1621376539954764,3962.811372694759,1.1544834133472637,Call,SPXW,SPXW221216C04575000,11.15,0.1879,0.037079723528404,0.990502625145574,0.1862956794359689,11.150000000001398,1.3979928326079973e-12,0.0016043205640311,0.19214289300663565,0.005847213570666754,0.005847213570666754
2022-12-16,94,0.2573579739904175,4700,1.1938900489133857,3962.811372694759,1.1860266760070248,Call,SPXW,SPXW221216C04700000,5.35,0.1859,0.037079723528404,0.990502625145574,0.1842699938432805,5.3499999999999375,6.217248937900878e-14,0.0016300061567194,0.1925299494955591,0.008259955652278606,0.008259955652278606
2023-01-20,129,0.3524412502851928,3050,0.7747584359969844,3972.743314551241,0.7677314536855564,Put,SPX,SPX230120P03050000,32.25,0.3447,0.0372548339657011,0.986955683990808,0.3440893778609566,32.249999999996305,3.694822225952521e-12,0.0006106221390433,0.34989279151184577,0.005803413650889155,0.005803413650889155
2023-01-20,129,0.3524412502851928,3225,0.8192117888820571,3972.743314551241,0.8117816190609572,Put,SPX,SPX230120P03225000,45.75,0.3196,0.0372548339657011,0.986955683990808,0.3191646674552338,45.75000000000017,1.7053025658242404e-13,0.0004353325447661,0.3282092297999404,0.009044562344706575,0.009044562344706575
2023-01-20,129,0.3524412502851928,3360,0.8535043753933991,3972.743314551241,0.845763175207695,Put,SPX,SPX230120P03360000,60.85,0.3025,0.0372548339657011,0.986955683990808,0.3021090093462773,60.85000000000048,4.760636329592671e-13,0.0003909906537226,0.31142460197588734,0.009315592629610014,0.009315592629610014
2023-01-20,129,0.3524412502851928,3425,0.8700156207507119,3972.743314551241,0.8621246652042724,Put,SPX,SPX230120P03425000,70.0,0.2951,0.0372548339657011,0.986955683990808,0.2944669706072701,70.0,0.0,0.0006330293927298,0.3033289484918166,0.008861977884546457,0.008861977884546457
2023-01-20,129,0.3524412502851928,3490,0.8865268661080247,3972.743314551241,0.8784861552008498,Put,SPX,SPX230120P03490000,80.75,0.2877,0.0372548339657011,0.986955683990808,0.2873871217479973,80.74999999995998,4.0017766878008836e-11,0.0003128782520026,0.2952302949212347,0.007843173173237405,0.007843173173237405
2023-01-20,129,0.3524412502851928,3570,0.9068483988554864,3972.743314551241,0.8986233736581759,Put,SPX,SPX230120P03570000,96.1,0.2792,0.0372548339657011,0.986955683990808,0.2788434180730524,96.10000000002653,2.651745489856694e-11,0.0003565819269475,0.2852587303796099,0.006415312306557508,0.006415312306557508
2023-01-20,129,0.3524412502851928,3630,0.9220895484160828,3972.743314551241,0.9137262875011704,Put,SPX,SPX230120P03630000,109.45,0.273,0.0372548339657011,0.986955683990808,0.272703899451256,109.44999999999982,1.8474111129762605e-13,0.0002961005487439,0.27778219870017684,0.005078299248920837,0.005078299248920837
2023-01-20,129,0.3524412502851928,3690,0.9373306979766792,3972.743314551241,0.928829201344165,Put,SPX,SPX230120P03690000,124.3,0.2667,0.0372548339657011,0.986955683990808,0.2664649697011956,124.2999999999065,9.349321317131397e-11,0.0002350302988043,0.2703216164872163,0.003856646786020712,0.003856646786020712
2023-01-20,129,0.3524412502851928,3760,0.9551120391307084,3972.743314551241,0.9464492674943252,Put,SPX,SPX230120P03760000,143.8,0.2595,0.0372548339657011,0.986955683990808,0.2591784774817326,143.80000000000064,6.252776074688883e-13,0.0003215225182673,0.2616662703597329,0.0024877928780002723,0.0024877928780002723
2023-01-20,129,0.3524412502851928,3940,1.000835487812498,3972.743314551241,0.991758009023309,Put,SPX,SPX230120P03940000,206.4,0.2407,0.0372548339657011,0.986955683990808,0.2404562340220158,206.4000000000001,8.526512829121202e-14,0.0002437659779842,0.2399580418667608,-0.000498192155254984,0.000498192155254984
2023-01-20,129,0.3524412502851928,4125,1.047829032291003,3972.743314551241,1.0383253267058754,Call,SPX,SPX230120C04125000,142.0,0.2208,0.0372548339657011,0.986955683990808,0.2205700765024801,142.00000000000023,2.273736754432321e-13,0.0002299234975199,0.21956487092904012,-0.0010052055734399712,0.0010052055734399712
2023-01-20,129,0.3524412502851928,4310,1.094822576769509,3972.743314551241,1.084892644388442,Call,SPX,SPX230120C04310000,72.80000000000001,0.2027,0.0372548339657011,0.986955683990808,0.2025613528671584,72.79999999999984,1.7053025658242404e-13,0.0001386471328415,0.20352884660516554,0.0009674937380071413,0.0009674937380071413
2023-01-20,129,0.3524412502851928,4490,1.1405460254512982,3972.743314551241,1.1302013859174258,Call,SPX,SPX230120C04490000,32.7,0.1894,0.0372548339657011,0.986955683990808,0.1891002100377752,32.70000000000016,1.5631940186722204e-13,0.0002997899622248,0.19414403419967638,0.005043824161901189,0.005043824161901189
2023-01-20,129,0.3524412502851928,4620,1.1735685161659235,3972.743314551241,1.1629243659105806,Call,SPX,SPX230120C04620000,17.05,0.1829,0.0372548339657011,0.986955683990808,0.1825365807475181,17.05000000000001,1.0658141036401504e-14,0.0003634192524819,0.19117556352668466,0.008638982779166554,0.008638982779166554
2023-01-20,129,0.3531827515400411,2800,0.7112536461611659,3972.8212705277824,0.7047888161422436,Put,SPXW,SPXW230120P02800000,20.700000000000003,0.3865,0.0372561173892979,0.986927972846187,0.3856153708337857,20.700000000000102,9.947598300641405e-14,0.0008846291662142,0.3807737809071035,-0.0048415899266822104,0.0048415899266822104
2023-01-20,129,0.3531827515400411,3825,0.9716232844880212,3972.8212705277824,0.9627918649086008,Put,SPXW,SPXW230120P03825000,165.15,0.2536,0.0372561173892979,0.986927972846187,0.2532496352254013,165.1500000000092,9.180212146020494e-12,0.0003503647745986,0.2536919223924194,0.0004422871670181072,0.0004422871670181072
2023-01-20,129,0.3531827515400411,3880,0.9855943382519012,3972.8212705277824,0.976635930939966,Put,SPXW,SPXW230120P03880000,184.3,0.2479,0.0372561173892979,0.986927972846187,0.2474985490918489,184.29999999999995,5.684341886080803e-14,0.000401450908151,0.24705759303202754,-0.00044095605982136243,0.00044095605982136243
2023-01-20,129,0.3531827515400411,4010,1.018616828966527,3972.8212705277824,1.0093582688322846,Call,SPXW,SPXW230120C04010000,200.05,0.2337,0.0372561173892979,0.986927972846187,0.2335053061882531,200.04999999999995,5.684341886080803e-14,0.0001946938117468,0.23190848441652792,-0.001596821771725182,0.001596821771725182
2023-01-20,129,0.3531827515400411,4070,1.0338579785271234,3972.8212705277824,1.024460886321047,Call,SPXW,SPXW230120C04070000,168.9,0.2272,0.0372561173892979,0.986927972846187,0.2270073158703948,168.89999999999986,1.4210854715202006e-13,0.0001926841296052,0.22530781041389145,-0.001699505456503353,0.001699505456503353
2023-01-20,129,0.3531827515400411,4190,1.0643402776483162,3972.8212705277824,1.0546661212985715,Call,SPXW,SPXW230120C04190000,115.15,0.2146,0.0372561173892979,0.986927972846187,0.2145577891188911,115.1499999999985,1.5063505998114124e-12,4.221088110886728e-05,0.21330860495812948,-0.0012491841607616128,0.0012491841607616128
2023-01-20,129,0.3531827515400411,4250,1.0795814272089126,3972.8212705277824,1.069768738787334,Call,SPXW,SPXW230120C04250000,92.55,0.2086,0.0372561173892979,0.986927972846187,0.2084328230944637,92.54999999999971,2.700062395888381e-13,0.0001671769055362,0.20810614232349067,-0.0003266807709730313,0.0003266807709730313
2023-01-20,129,0.3531827515400411,4375,1.111333822126822,3972.8212705277824,1.1012325252222557,Call,SPXW,SPXW230120C04375000,55.75,0.1976,0.0372561173892979,0.986927972846187,0.1973983230230645,55.749999999999886,1.1368683772161605e-13,0.0002016769769354,0.19940387146738642,0.0020055484443219085,0.0020055484443219085
2023-01-20,129,0.3531827515400411,4430,1.1253048758907018,3972.8212705277824,1.1150765912536211,Call,SPXW,SPXW230120C04430000,43.8,0.1938,0.0372561173892979,0.986927972846187,0.1935392433560356,43.799999999999386,6.110667527536863e-13,0.0002607566439644,0.19656401267040577,0.0030247693143701793,0.0030247693143701793
2023-01-20,129,0.3531827515400411,4560,1.158327366605327,3972.8212705277824,1.1477989291459396,Call,SPXW,SPXW230120C04560000,23.55,0.1862,0.0372561173892979,0.986927972846187,0.185868767360947,23.550000000009845,9.844569603956188e-12,0.0003312326390529,0.19219969249190486,0.006330925130957843,0.006330925130957843
2023-01-20,129,0.3531827515400411,4825,1.225642443831295,3972.8212705277824,1.2145021563879734,Call,SPXW,SPXW230120C04825000,6.0,0.1788,0.0372561173892979,0.986927972846187,0.1783472925287387,6.000000000000028,2.8421709430404014e-14,0.0004527074712612,0.19098383161863303,0.012636539089894316,0.012636539089894316
2023-03-17,185,0.5057608943645905,2800,0.7112536461611659,3989.004760588347,0.701929470644959,Put,SPX,SPX230317P02800000,34.3,0.3675,0.0374946546351107,0.9812153426887404,0.366881079226344,34.29999999991185,8.814993179839803e-11,0.0006189207736559,0.36155975075499797,-0.005321328471346032,0.005321328471346032
2023-03-17,185,0.5057608943645905,2950,0.749356520062657,3989.004760588347,0.7395328351437962,Put,SPX,SPX230317P02950000,43.8,0.3465,0.0374946546351107,0.9812153426887404,0.3460136482716175,43.79999999999745,2.543742994021159e-12,0.0004863517283824,0.3449578357992631,-0.0010558124723544227,0.0010558124723544227
2023-03-17,185,0.5057608943645905,3125,0.7938098729477299,3989.004760588347,0.783403427059106,Put,SPX,SPX230317P03125000,59.05,0.3244,0.0374946546351107,0.9812153426887404,0.3239770422372486,59.050000000000125,1.2789769243681806e-13,0.0004229577627514,0.32578112277298227,0.0018040805357336653,0.0018040805357336653
2023-03-17,185,0.5057608943645905,3200,0.8128613098984754,3989.004760588347,0.8022051093085246,Put,SPX,SPX230317P03200000,67.35,0.3157,0.0374946546351107,0.9812153426887404,0.3152357115532411,67.34999999999991,8.526512829121202e-14,0.0004642884467588,0.31759935405530204,0.0023636425020609475,0.0023636425020609475
2023-03-17,185,0.5057608943645905,3300,0.8382632258328027,3989.004760588347,0.827274018974416,Put,SPX,SPX230317P03300000,80.6,0.3048,0.0374946546351107,0.9812153426887404,0.3044178790907518,80.60000000000002,2.8421709430404014e-14,0.0003821209092481,0.30673344965030175,0.002315570559549951,0.002315570559549951
2023-03-17,185,0.5057608943645905,3375,0.8573146627835482,3989.004760588347,0.8460757012238346,Put,SPX,SPX230317P03375000,92.2,0.297,0.0374946546351107,0.9812153426887404,0.2965849156767898,92.19999999997628,2.3717916519672144e-11,0.0004150843232101,0.2986219292492601,0.0020370135724703253,0.0020370135724703253
2023-03-17,185,0.5057608943645905,3450,0.8763660997342937,3989.004760588347,0.8648773834732532,Put,SPX,SPX230317P03450000,105.6,0.2896,0.0374946546351107,0.9812153426887404,0.2892027727623109,105.599999999763,2.37008634940139e-10,0.0003972272376891,0.2905408550346331,0.0013380822723222385,0.0013380822723222385
2023-03-17,185,0.5057608943645905,3550,0.9017680156686212,3989.004760588347,0.8899462931391445,Put,SPX,SPX230317P03550000,126.35,0.28,0.0374946546351107,0.9812153426887404,0.2796844816431836,126.35000000000002,2.8421709430404014e-14,0.0003155183568164,0.2798140486261161,0.00012956698293248303,0.00012956698293248303
2023-03-17,185,0.5057608943645905,3625,0.9208194526193666,3989.004760588347,0.9087479753885632,Put,SPX,SPX230317P03625000,144.10000000000002,0.2729,0.0374946546351107,0.9812153426887404,0.2725247102356351,144.0999999999883,1.1709744285326451e-11,0.0003752897643648,0.2718194964167094,-0.0007052138189257429,0.0007052138189257429
2023-03-17,185,0.5057608943645905,3725,0.946221368553694,3989.004760588347,0.9338168850544544,Put,SPX,SPX230317P03725000,171.5,0.2637,0.0374946546351107,0.9812153426887404,0.2634165905745195,171.50000000000068,6.821210263296962e-13,0.0002834094254804,0.26127048350103155,-0.002146107073487946,0.002146107073487946
2023-03-17,185,0.5057608943645905,3800,0.9652728055044396,3989.004760588347,0.952618567303873,Put,SPX,SPX230317P03800000,194.65,0.2567,0.0374946546351107,0.9812153426887404,0.2564295436087989,194.6499999999894,1.0601297617540696e-11,0.000270456391201,0.25347778153909606,-0.0029517620697028235,0.0029517620697028235
2023-03-17,185,0.5057608943645905,3900,0.9906747214387668,3989.004760588347,0.9776874769697644,Put,SPX,SPX230317P03900000,229.95,0.2478,0.0374946546351107,0.9812153426887404,0.2474697069673659,229.94999999999985,1.7053025658242404e-13,0.000330293032634,0.24330755246500824,-0.004162154502357657,0.004162154502357657
2023-03-17,185,0.5057608943645905,3975,1.0097261583895123,3989.004760588347,0.9964891592191828,Put,SPX,SPX230317P03975000,259.35,0.2407,0.0374946546351107,0.9812153426887404,0.2403978113746588,259.3500000000004,3.410605131648481e-13,0.0003021886253411,0.23590227170754427,-0.004495539667114523,0.004495539667114523
2023-03-17,185,0.5057608943645905,4050,1.0287775953402578,3989.004760588347,1.0152908414686015,Call,SPX,SPX230317C04050000,231.4,0.2336,0.0374946546351107,0.9812153426887404,0.2328319350650551,231.4000000000001,8.526512829121202e-14,0.0007680649349449,0.22875936486756102,-0.004072570197494074,0.004072570197494074
2023-03-17,185,0.5057608943645905,4150,1.054179511274585,3989.004760588347,1.0403597511344929,Call,SPX,SPX230317C04150000,182.15,0.2246,0.0374946546351107,0.9812153426887404,0.2238851963225172,182.14999999998625,1.3784529073745944e-11,0.0007148036774828,0.2197972487428265,-0.004087947579690693,0.004087947579690693
2023-03-17,185,0.5057608943645905,4225,1.0732309482253308,3989.004760588347,1.0591614333839114,Call,SPX,SPX230317C04225000,149.55,0.2182,0.0374946546351107,0.9812153426887404,0.2174878658706875,149.55000000000655,6.536993168992922e-12,0.0007121341293125,0.21363104538311942,-0.00385682048756808,0.00385682048756808
2023-03-17,185,0.5057608943645905,4325,1.098632864159658,3989.004760588347,1.0842303430498028,Call,SPX,SPX230317C04325000,111.3,0.2091,0.0374946546351107,0.9812153426887404,0.2086746960459933,111.3000000000004,4.121147867408581e-13,0.0004253039540066,0.20634491362000582,-0.0023297824259874977,0.0023297824259874977
2023-03-17,185,0.5057608943645905,4400,1.1176843011104036,3989.004760588347,1.1030320252992214,Call,SPX,SPX230317C04400000,87.2,0.2028,0.0374946546351107,0.9812153426887404,0.2024760627284897,87.2000000000362,3.6195046959619503e-11,0.0003239372715102,0.20169124261903623,-0.0007848201094534657,0.0007848201094534657
2023-03-17,185,0.5057608943645905,4500,1.143086217044731,3989.004760588347,1.1281009349651128,Call,SPX,SPX230317C04500000,61.05,0.1953,0.0374946546351107,0.9812153426887404,0.1948696543848309,61.04999999999973,2.700062395888381e-13,0.000430345615169,0.19666701429500025,0.001797359910169355,0.001797359910169355
2023-03-17,185,0.5057608943645905,4575,1.1621376539954764,3989.004760588347,1.1469026172145314,Call,SPX,SPX230317C04575000,46.0,0.1907,0.0374946546351107,0.9812153426887404,0.1902189607203599,46.0,0.0,0.0004810392796401,0.19380115069204584,0.0035821899716859396,0.0035821899716859396
2023-03-17,185,0.5057608943645905,4650,1.181189090946222,3989.004760588347,1.16570429946395,Call,SPX,SPX230317C04650000,33.8,0.1861,0.0374946546351107,0.9812153426887404,0.185618024058083,33.80000000000035,3.552713678800501e-13,0.0004819759419169,0.19168029091565186,0.00606226685756886,0.00606226685756886
2023-03-17,185,0.5057608943645905,4750,1.2065910068805494,3989.004760588347,1.1907732091298413,Call,SPX,SPX230317C04750000,22.25,0.1817,0.0374946546351107,0.9812153426887404,0.1812252828114471,22.249999999999943,5.684341886080803e-14,0.0004747171885528,0.18990149550926505,0.008676212697817959,0.008676212697817959
2023-03-17,185,0.5057608943645905,4825,1.225642443831295,3989.004760588347,1.20957489137926,Call,SPX,SPX230317C04825000,16.3,0.1797,0.0374946546351107,0.9812153426887404,0.1791689919101137,16.299999999978525,2.1476154188349028e-11,0.0005310080898862,0.1892380677922666,0.01006907588215289,0.01006907588215289
2023-03-17,185,0.5057608943645905,4925,1.2510443597656222,3989.004760588347,1.2346438010451513,Call,SPX,SPX230317C04925000,10.55,0.1773,0.0374946546351107,0.9812153426887404,0.1767199448857183,10.550000000000296,2.9487523534044163e-13,0.0005800551142816,0.18905593947750737,0.012335994591789079,0.012335994591789079
2023-03-17,185,0.5057608943645905,5000,1.2700957967163675,3989.004760588347,1.2534454832945698,Call,SPX,SPX230317C05000000,7.550000000000001,0.1759,0.0374946546351107,0.9812153426887404,0.1752773071446804,7.549999999985061,1.4939161019356106e-11,0.0006226928553196,0.1893254879645632,0.014048180819882794,0.014048180819882794
2023-04-21,220,0.601585671914214,2800,0.7112536461611659,3999.292067136095,0.7001239101812058,Put,SPX,SPX230421P02800000,42.4,0.3588,0.0376199246669976,0.977622566109984,0.3577453689191474,42.40000000003778,3.777955726036453e-11,0.0010546310808526,0.3527000946977219,-0.0050452742214254775,0.0050452742214254775
2023-04-21,220,0.601585671914214,2950,0.749356520062657,3999.292067136095,0.7376305482266275,Put,SPX,SPX230421P02950000,53.6,0.3398,0.0376199246669976,0.977622566109984,0.3387834665962267,53.60000000000008,7.815970093361102e-14,0.0010165334037732,0.33711261925911534,-0.0016708473371113697,0.0016708473371113697
2023-04-21,220,0.601585671914214,3075,0.7811089149805661,3999.292067136095,0.7688860799311457,Put,SPX,SPX230421P03075000,65.65,0.3254,0.0376199246669976,0.977622566109984,0.3244088887307626,65.64999999983229,1.6771650734881402e-10,0.0009911112692373,0.32425698360835903,-0.000151905122403595,0.000151905122403595
2023-04-21,220,0.601585671914214,3150,0.8001603519313116,3999.292067136095,0.7876393989538565,Put,SPX,SPX230421P03150000,74.2,0.3172,0.0376199246669976,0.977622566109984,0.3161676339739496,74.20000000010475,1.0474821010575396e-10,0.0010323660260503,0.3165927324042224,0.00042509843027283,0.00042509843027283
2023-04-21,220,0.601585671914214,3225,0.8192117888820571,3999.292067136095,0.8063927179765673,Put,SPX,SPX230421P03225000,84.1,0.3095,0.0376199246669976,0.977622566109984,0.3084858597655781,84.0999999999998,1.9895196601282805e-13,0.0010141402344218,0.3089715358235181,0.0004856760579400321,0.0004856760579400321
2023-04-21,220,0.601585671914214,3300,0.8382632258328027,3999.292067136095,0.8251460369992782,Put,SPX,SPX230421P03300000,95.3,0.3021,0.0376199246669976,0.977622566109984,0.3010447994935776,95.29999999993004,6.996003776293945e-11,0.0010552005064223,0.3013963062745861,0.00035150678100848154,0.00035150678100848154
2023-04-21,220,0.601585671914214,3400,0.86366514176713,3999.292067136095,0.8501504623628927,Put,SPX,SPX230421P03400000,112.55,0.2926,0.0376199246669976,0.977622566109984,0.2915232064555268,112.5500000000751,7.510436716984259e-11,0.0010767935444732,0.2913634187020461,-0.0001597877534807446,0.0001597877534807446
2023-04-21,220,0.601585671914214,3475,0.8827165787178756,3999.292067136095,0.8689037813856035,Put,SPX,SPX230421P03475000,127.4,0.2857,0.0376199246669976,0.977622566109984,0.2846279687098837,127.4000000000002,1.9895196601282805e-13,0.0010720312901162,0.28388680854978626,-0.0007411601600974538,0.0007411601600974538
2023-04-21,220,0.601585671914214,3550,0.9017680156686212,3999.292067136095,0.8876571004083145,Put,SPX,SPX230421P03550000,143.9,0.2789,0.0376199246669976,0.977622566109984,0.277754084383645,143.90000000029647,2.9646685106854415e-10,0.0011459156163549,0.2764572004755324,-0.0012968839081126116,0.0012968839081126116
2023-04-21,220,0.601585671914214,3650,0.9271699316029484,3999.292067136095,0.9126615257719288,Put,SPX,SPX230421P03650000,169.05,0.2701,0.0376199246669976,0.977622566109984,0.2689269621312039,169.04999999991287,8.714096111361869e-11,0.001173037868796,0.2666493340917991,-0.0022776280394047888,0.0022776280394047888
2023-04-21,220,0.601585671914214,3725,0.946221368553694,3999.292067136095,0.9314148447946398,Put,SPX,SPX230421P03725000,190.2,0.2635,0.0376199246669976,0.977622566109984,0.2622644669798628,190.199999999993,6.991740519879386e-12,0.0012355330201371,0.2593923737699821,-0.0028720932098806884,0.0028720932098806884
2023-04-21,220,0.601585671914214,3800,0.9652728055044396,3999.292067136095,0.9501681638173508,Put,SPX,SPX230421P03800000,213.6,0.257,0.0376199246669976,0.977622566109984,0.2556645569319858,213.59999999982847,1.7152501641248816e-10,0.0013354430680141,0.2522436292306963,-0.003420927701289489,0.003420927701289489
2023-04-21,220,0.601585671914214,3900,0.9906747214387668,3999.292067136095,0.9751725891809652,Put,SPX,SPX230421P03900000,248.35,0.2482,0.0376199246669976,0.977622566109984,0.2467449110015516,248.3500000000001,1.4210854715202006e-13,0.0014550889984483,0.24292225610070015,-0.0038226549008514576,0.0038226549008514576
2023-04-21,220,0.601585671914214,3975,1.0097261583895123,3999.292067136095,0.993925908203676,Put,SPX,SPX230421P03975000,277.55,0.2417,0.0376199246669976,0.977622566109984,0.2401811038228115,277.54999999999995,5.684341886080803e-14,0.0015188961771884,0.23613168845503119,-0.004049415367780307,0.004049415367780307
2023-04-21,220,0.601585671914214,4050,1.0287775953402578,3999.292067136095,1.012679227226387,Call,SPX,SPX230421C04050000,262.25,0.2354,0.0376199246669976,0.977622566109984,0.2355346366701862,262.2500000000002,2.273736754432321e-13,0.0001346366701862,0.22956533269197923,-0.005969303978206969,0.005969303978206969
2023-04-21,220,0.601585671914214,4125,1.047829032291003,3999.292067136095,1.031432546249098,Call,SPX,SPX230421C04125000,223.3,0.2284,0.0376199246669976,0.977622566109984,0.2285645357077179,223.2999999999863,1.3699263945454732e-11,0.0001645357077179,0.22328600997149406,-0.005278525736223838,0.005278525736223838
2023-04-21,220,0.601585671914214,4225,1.0732309482253308,3999.292067136095,1.0564369716127122,Call,SPX,SPX230421C04225000,177.7,0.2204,0.0376199246669976,0.977622566109984,0.2205992916831203,177.6999999999532,4.6782133722444996e-11,0.0001992916831203,0.2154879814913113,-0.005111310191809021,0.005111310191809021
2023-04-21,220,0.601585671914214,4300,1.0922823851760763,3999.292067136095,1.0751902906354232,Call,SPX,SPX230421C04300000,146.8,0.2141,0.0376199246669976,0.977622566109984,0.2143021357197617,146.80000000000064,6.252776074688883e-13,0.0002021357197617,0.210169712090453,-0.004132423629308712,0.004132423629308712
2023-04-21,220,0.601585671914214,4375,1.111333822126822,3999.292067136095,1.093943609658134,Call,SPX,SPX230421C04375000,119.1,0.2078,0.0376199246669976,0.977622566109984,0.2079605371706395,119.10000000000014,1.4210854715202006e-13,0.0001605371706394,0.20538354221249433,-0.0025769949581451734,0.0025769949581451734
2023-04-21,220,0.601585671914214,4475,1.1367357380611491,3999.292067136095,1.1189480350217484,Call,SPX,SPX230421C04475000,88.0,0.2,0.0376199246669976,0.977622566109984,0.2002345365175824,87.99999999983174,1.6825651982799172e-10,0.0002345365175824,0.19992147271426478,-0.00031306380331763695,0.00031306380331763695
2023-04-21,220,0.601585671914214,4550,1.1557871750118949,3999.292067136095,1.1377013540444594,Call,SPX,SPX230421C04550000,68.75,0.1947,0.0376199246669976,0.977622566109984,0.1948611616590486,68.74999999999955,4.547473508864641e-13,0.0001611616590485,0.19655564613374926,0.0016944844747006638,0.0016944844747006638
2023-04-21,220,0.601585671914214,4625,1.1748386119626402,3999.292067136095,1.1564546730671703,Call,SPX,SPX230421C04625000,52.95,0.19,0.0376199246669976,0.977622566109984,0.1900795164536213,52.9500000000005,4.973799150320701e-13,7.951645362133664e-05,0.1938244052463324,0.003744888792711093,0.003744888792711093
2023-04-21,220,0.601585671914214,4700,1.1938900489133857,3999.292067136095,1.175207992089881,Call,SPX,SPX230421C04700000,40.400000000000006,0.186,0.0376199246669976,0.977622566109984,0.1860996538134506,40.39999999999941,5.968558980384843e-13,9.965381345067303e-05,0.19171007662554085,0.00561042281209026,0.00561042281209026
2023-04-21,220,0.601585671914214,4800,1.219291964847713,3999.292067136095,1.2002124174534956,Call,SPX,SPX230421C04800000,27.85,0.1819,0.0376199246669976,0.977622566109984,0.1819072322171527,27.849999999999568,4.334310688136611e-13,7.232217152680631e-06,0.18977929523003859,0.0078720630128859,0.0078720630128859
2023-04-21,220,0.601585671914214,4900,1.2446938807820405,3999.292067136095,1.2252168428171102,Call,SPX,SPX230421C04900000,18.7,0.1781,0.0376199246669976,0.977622566109984,0.1780892990117873,18.69999999999948,5.222489107836736e-13,1.0700988212652971e-05,0.1887297341430365,0.01064043513124921,0.01064043513124921
2023-05-19,248,0.6782454939539129,2825,0.7176041251447478,4007.5759789398408,0.7049148949004636,Put,SPX,SPX230519P02825000,51.0,0.3507,0.0377075196511843,0.9747493136084248,0.3494822116565592,51.00000000004985,4.985167834092863e-11,0.0012177883434408,0.3442862716901984,-0.0051959399663608075,0.0051959399663608075
2023-05-19,248,0.6782454939539129,2925,0.7430060410790751,4007.5759789398408,0.7298676345429578,Put,SPX,SPX230519P02925000,59.5,0.3392,0.0377075196511843,0.9747493136084248,0.3379555132597056,59.5000000000021,2.103206497849897e-12,0.0012444867402943,0.33436218128316225,-0.0035933319765433236,0.0035933319765433236
2023-05-19,248,0.6782454939539129,3000,0.7620574780298206,4007.5759789398408,0.7485821892748286,Put,SPX,SPX230519P03000000,66.9,0.331,0.0377075196511843,0.9747493136084248,0.3297623396649815,66.90000000000009,8.526512829121202e-14,0.0012376603350185,0.3269751999776913,-0.0027871396872901633,0.0027871396872901633
2023-05-19,248,0.6782454939539129,3100,0.787459393964148,4007.5759789398408,0.7735349289173228,Put,SPX,SPX230519P03100000,78.3,0.3205,0.0377075196511843,0.9747493136084248,0.3193393458454064,78.30000000000848,8.483880264975596e-12,0.0011606541545935,0.3171971774169937,-0.002142168428412694,0.002142168428412694
2023-05-19,248,0.6782454939539129,3175,0.8065108309148935,4007.5759789398408,0.7922494836491935,Put,SPX,SPX230519P03175000,88.15,0.3131,0.0377075196511843,0.9747493136084248,0.3118755128057057,88.1500000000002,1.9895196601282805e-13,0.0012244871942942,0.3099228446671574,-0.0019526681385482747,0.0019526681385482747
2023-05-19,248,0.6782454939539129,3275,0.8319127468492209,4007.5759789398408,0.8172022232916878,Put,SPX,SPX230519P03275000,103.2,0.3035,0.0377075196511843,0.9747493136084248,0.3022968733036105,103.19999999999824,1.7763568394002505e-12,0.0012031266963895,0.30030677176127424,-0.0019901015423362534,0.0019901015423362534
2023-05-19,248,0.6782454939539129,3350,0.8509641837999664,4007.5759789398408,0.8359167780235585,Put,SPX,SPX230519P03350000,116.0,0.2966,0.0377075196511843,0.9747493136084248,0.2952717401257289,116.00000000008151,8.151346264639868e-11,0.001328259874271,0.29315360320928124,-0.0021181369164476327,0.0021181369164476327
2023-05-19,248,0.6782454939539129,3450,0.8763660997342937,4007.5759789398408,0.8608695176660528,Put,SPX,SPX230519P03450000,135.6,0.2877,0.0377075196511843,0.9747493136084248,0.2863887508648085,135.59999999999968,3.1263880373444413e-13,0.0013112491351914,0.2836902579246949,-0.002698492940113595,0.002698492940113595
2023-05-19,248,0.6782454939539129,3525,0.8954175366850392,4007.5759789398408,0.8795840723979235,Put,SPX,SPX230519P03525000,152.05,0.281,0.0377075196511843,0.9747493136084248,0.2797229490207629,152.04999999995687,4.314415491535328e-11,0.0012770509792371,0.2766535996272717,-0.003069349393491183,0.003069349393491183
2023-05-19,248,0.6782454939539129,3625,0.9208194526193666,4007.5759789398408,0.9045368120404178,Put,SPX,SPX230519P03625000,176.85000000000002,0.2725,0.0377075196511843,0.9747493136084248,0.2710949144508279,176.85000000001833,1.8303580873180178e-11,0.001405085549172,0.26737434582542735,-0.0037205686254005443,0.0037205686254005443
2023-05-19,248,0.6782454939539129,3700,0.939870889570112,4007.5759789398408,0.9232513667722884,Put,SPX,SPX230519P03700000,197.4,0.2662,0.0377075196511843,0.9747493136084248,0.2644601126692315,197.399999999873,1.2701661944447548e-10,0.0017398873307684,0.2605124833386655,-0.0039476293305659715,0.0039476293305659715
2023-05-19,248,0.6782454939539129,3800,0.9652728055044396,4007.5759789398408,0.9482041064147828,Put,SPX,SPX230519P03800000,228.55,0.2578,0.0377075196511843,0.9747493136084248,0.2561531605479784,228.5500000002041,2.0412471712916158e-10,0.0016468394520215,0.25152533244841163,-0.004627828099566744,0.004627828099566744
2023-05-19,248,0.6782454939539129,3875,0.984324242455185,4007.5759789398408,0.9669186611466536,Put,SPX,SPX230519P03875000,254.25,0.2514,0.0377075196511843,0.9747493136084248,0.2497463183414442,254.2499999999925,7.503331289626658e-12,0.0016536816585558,0.2449307148532706,-0.004815603488173614,0.004815603488173614
2023-05-19,248,0.6782454939539129,3975,1.0097261583895123,4007.5759789398408,0.9918714007891478,Put,SPX,SPX230519P03975000,292.2,0.2431,0.0377075196511843,0.9747493136084248,0.2412113898821744,292.20000000000005,5.684341886080803e-14,0.0018886101178255,0.23638031925113243,-0.0048310706310419615,0.0048310706310419615
2023-05-19,248,0.6782454939539129,4075,1.0351280743238398,4007.5759789398408,1.016824140431642,Call,SPX,SPX230519C04075000,271.2,0.2342,0.0377075196511843,0.9747493136084248,0.2344258904866483,271.1999999999998,1.7053025658242404e-13,0.0002258904866483,0.22818843287860718,-0.006237457608041119,0.006237457608041119
2023-05-19,248,0.6782454939539129,4150,1.054179511274585,4007.5759789398408,1.0355386951635128,Call,SPX,SPX230519C04150000,233.35,0.2279,0.0377075196511843,0.9747493136084248,0.2282051833661278,233.3499999999485,5.147171577846166e-11,0.0003051833661278,0.2223511491218464,-0.005854034244281409,0.005854034244281409
2023-05-19,248,0.6782454939539129,4250,1.0795814272089126,4007.5759789398408,1.060491434806007,Call,SPX,SPX230519C04250000,187.5,0.2198,0.0377075196511843,0.9747493136084248,0.2200528679663257,187.50000000019827,1.9826984498649838e-10,0.0002528679663257,0.215089794218515,-0.004963073747810687,0.004963073747810687
2023-05-19,248,0.6782454939539129,4325,1.098632864159658,4007.5759789398408,1.0792059895378778,Call,SPX,SPX230519C04325000,156.75,0.2138,0.0377075196511843,0.9747493136084248,0.2140895581297422,156.75000000000043,4.547473508864641e-13,0.0002895581297422,0.21011381448291275,-0.003975743646829455,0.003975743646829455
2023-05-19,248,0.6782454939539129,4425,1.1240347800939854,4007.5759789398408,1.104158729180372,Call,SPX,SPX230519C04425000,120.75,0.2061,0.0377075196511843,0.9747493136084248,0.2063896692954395,120.75,0.0,0.0002896692954394,0.20420876766492038,-0.002180901630519122,0.002180901630519122
2023-05-19,248,0.6782454939539129,4500,1.143086217044731,4007.5759789398408,1.1228732839122428,Call,SPX,SPX230519C04500000,97.4,0.2004,0.0377075196511843,0.9747493136084248,0.2007189869381037,97.4000000000035,3.495870259939693e-12,0.0003189869381037,0.20038059654265902,-0.000338390395444671,0.000338390395444671
2023-05-19,248,0.6782454939539129,4600,1.1684881329790584,4007.5759789398408,1.147826023554737,Call,SPX,SPX230519C04600000,71.65,0.1937,0.0377075196511843,0.9747493136084248,0.1939442556178405,71.65000000000032,3.1263880373444413e-13,0.0002442556178405,0.1961228107442706,0.0021785551264300873,0.0021785551264300873
2023-05-19,248,0.6782454939539129,4675,1.187539569929804,4007.5759789398408,1.1665405782866078,Call,SPX,SPX230519C04675000,56.45,0.1897,0.0377075196511843,0.9747493136084248,0.1898905322403716,56.44999999999993,7.105427357601003e-14,0.0001905322403716,0.1935704215567724,0.003679889316400786,0.003679889316400786
2023-05-19,248,0.6782454939539129,4775,1.2129414858641312,4007.5759789398408,1.191493317929102,Call,SPX,SPX230519C04775000,40.2,0.1847,0.0377075196511843,0.9747493136084248,0.1849019149970737,40.19999999999908,9.237055564881302e-13,0.0002019149970736,0.19099323162356985,0.006091316626496146,0.006091316626496146
2023-05-19,248,0.6782454939539129,4850,1.2319929228148767,4007.5759789398408,1.2102078726609728,Call,SPX,SPX230519C04850000,30.8,0.1816,0.0377075196511843,0.9747493136084248,0.1816860958952456,30.79999999998148,1.8520296407587008e-11,8.609589524560812e-05,0.1896361738666743,0.007950077971428715,0.007950077971428715
2023-05-19,248,0.6782454939539129,5000,1.2700957967163675,4007.5759789398408,1.2476369821247142,Call,SPX,SPX230519C05000000,18.0,0.1773,0.0377075196511843,0.9747493136084248,0.1773052682683318,18.00000000000273,2.7284841053187847e-12,5.268268331776183e-06,0.18818422348624542,0.010878955217913627,0.010878955217913627
2023-06-16,276,0.7549053159936117,2825,0.7176041251447478,4015.898946508069,0.7034539557964756,Put,SPX,SPX230616P02825000,57.45,0.346,0.0377845471416567,0.9718792063957618,0.3445937464123299,57.45000000000016,1.5631940186722204e-13,0.00140625358767,0.3392594693350621,-0.005334277077267802,0.005334277077267802
2023-06-16,276,0.7549053159936117,2925,0.7430060410790751,4015.898946508069,0.7283549807804217,Put,SPX,SPX230616P02925000,66.7,0.3351,0.0377845471416567,0.9718792063957618,0.3336962035302688,66.70000000000027,2.700062395888381e-13,0.0014037964697311,0.32974868454848594,-0.00394751898178286,0.00394751898178286
2023-06-16,276,0.7549053159936117,3000,0.7620574780298206,4015.898946508069,0.7470307495183812,Put,SPX,SPX230616P03000000,74.85,0.3276,0.0377845471416567,0.9718792063957618,0.3261771264240955,74.84999999999991,8.526512829121202e-14,0.0014228735759044,0.32267710377798525,-0.003500022646110268,0.003500022646110268
2023-06-16,276,0.7549053159936117,3100,0.787459393964148,4015.898946508069,0.7719317745023273,Put,SPX,SPX230616P03100000,87.0,0.3176,0.0377845471416567,0.9718792063957618,0.3161980027197441,87.00000000000011,1.1368683772161605e-13,0.0014019972802558,0.3133341668406156,-0.0028638358791284735,0.0028638358791284735
2023-06-16,276,0.7549053159936117,3175,0.8065108309148935,4015.898946508069,0.7906075432402868,Put,SPX,SPX230616P03175000,97.5,0.3106,0.0377845471416567,0.9718792063957618,0.3091490661509578,97.5,0.0,0.0014509338490422,0.3063956501370943,-0.0027534160138634745,0.0027534160138634745
2023-06-16,276,0.7549053159936117,3275,0.8319127468492209,4015.898946508069,0.8155085682242328,Put,SPX,SPX230616P03275000,113.25,0.3014,0.0377845471416567,0.9718792063957618,0.2999075511378685,113.25000000000011,1.1368683772161605e-13,0.0014924488621314,0.2972344981855858,-0.0026730529522827062,0.0026730529522827062
2023-06-16,276,0.7549053159936117,3375,0.8573146627835482,4015.898946508069,0.8404095932081789,Put,SPX,SPX230616P03375000,131.55,0.2928,0.0377845471416567,0.9718792063957618,0.2911680653228766,131.5500000000003,2.842170943040401e-13,0.0016319346771233,0.28816910273331703,-0.0029989625895595617,0.0029989625895595617
2023-06-16,276,0.7549053159936117,3450,0.8763660997342937,4015.898946508069,0.8590853619461384,Put,SPX,SPX230616P03450000,147.05,0.2864,0.0377845471416567,0.9718792063957618,0.284833636904843,147.04999999999995,5.684341886080803e-14,0.001566363095157,0.281432203983898,-0.003401432920944969,0.003401432920944969
2023-06-16,276,0.7549053159936117,3550,0.9017680156686212,4015.898946508069,0.8839863869300845,Put,SPX,SPX230616P03550000,170.05,0.2781,0.0377845471416567,0.9718792063957618,0.2764086369836274,170.05000000000018,1.7053025658242404e-13,0.0016913630163725,0.2725442561036805,-0.0038643808799468937,0.0038643808799468937
2023-06-16,276,0.7549053159936117,3650,0.9271699316029484,4015.898946508069,0.9088874119140304,Put,SPX,SPX230616P03650000,195.8,0.2699,0.0377845471416567,0.9718792063957618,0.2678599217243085,195.79999999985148,1.4853185348329134e-10,0.0020400782756914,0.26378942154248475,-0.004070500181823755,0.004070500181823755
2023-06-16,276,0.7549053159936117,3725,0.946221368553694,4015.898946508069,0.92756318065199,Put,SPX,SPX230616P03725000,217.65,0.2637,0.0377845471416567,0.9718792063957618,0.2618332018079947,217.65000000000052,5.400124791776761e-13,0.0018667981920052,0.25732965458165696,-0.004503547226337723,0.004503547226337723
2023-06-16,276,0.7549053159936117,3825,0.9716232844880212,4015.898946508069,0.952464205635936,Put,SPX,SPX230616P03825000,249.5,0.2556,0.0377845471416567,0.9718792063957618,0.2535334307660803,249.50000000036016,3.601599019020796e-10,0.0020665692339196,0.24888484130730398,-0.004648589458776331,0.004648589458776331
2023-06-16,276,0.7549053159936117,3925,0.9970252004223488,4015.898946508069,0.977365230619882,Put,SPX,SPX230616P03925000,284.85,0.2472,0.0377845471416567,0.9718792063957618,0.2450437718384112,284.85000000000014,1.1368683772161605e-13,0.0021562281615887,0.24066886759222125,-0.004374904246189942,0.004374904246189942
2023-06-16,276,0.7549053159936117,4000,1.0160766373730945,4015.898946508069,0.9960409993578416,Put,SPX,SPX230616P04000000,314.5,0.2414,0.0377845471416567,0.9718792063957618,0.2390400797642355,314.4999999999998,2.273736754432321e-13,0.0023599202357644,0.23469069613716528,-0.0043493836270702135,0.0043493836270702135
2023-06-16,276,0.7549053159936117,4100,1.0414785533074216,4015.898946508069,1.0209420243417875,Call,SPX,SPX230616C04100000,278.75,0.2326,0.0377845471416567,0.9718792063957618,0.2329896471991669,278.7499999999998,2.273736754432321e-13,0.0003896471991669,0.2270291938778112,-0.0059604533213556965,0.0059604533213556965
2023-06-16,276,0.7549053159936117,4175,1.060529990258167,4015.898946508069,1.0396177930797472,Call,SPX,SPX230616C04175000,241.4,0.2266,0.0377845471416567,0.9718792063957618,0.227008943455195,241.3999999998332,1.6680701264704112e-10,0.000408943455195,0.22157097238995516,-0.005437971065239855,0.005437971065239855
2023-06-16,276,0.7549053159936117,4275,1.0859319061924944,4015.898946508069,1.0645188180636933,Call,SPX,SPX230616C04275000,196.05,0.2187,0.0377845471416567,0.9718792063957618,0.2192297770899434,196.05000000000015,1.7053025658242404e-13,0.0005297770899434,0.21476969660997947,-0.004460080479963935,0.004460080479963935
2023-06-16,276,0.7549053159936117,4375,1.111333822126822,4015.898946508069,1.0894198430476394,Call,SPX,SPX230616C04375000,155.9,0.2112,0.0377845471416567,0.9718792063957618,0.2116331746262633,155.90000000000305,3.0411229090532288e-12,0.0004331746262633,0.20861824117617842,-0.0030149334500848834,0.0030149334500848834
2023-06-16,276,0.7549053159936117,4450,1.1303852590775674,4015.898946508069,1.108095611785599,Call,SPX,SPX230616C04450000,129.2,0.2055,0.0377845471416567,0.9718792063957618,0.2060040209416337,129.1999999999398,6.019718057359569e-11,0.0005040209416337,0.20449192878219966,-0.001512092159434042,0.001512092159434042
2023-06-16,276,0.7549053159936117,4550,1.1557871750118949,4015.898946508069,1.1329966367695448,Call,SPX,SPX230616C04550000,98.6,0.1986,0.0377845471416567,0.9718792063957618,0.1989814971175139,98.60000000000582,5.8264504332328215e-12,0.0003814971175138,0.1996999465771338,0.0007184494596199076,0.0007184494596199076
2023-06-16,276,0.7549053159936117,4625,1.1748386119626402,4015.898946508069,1.1516724055075045,Call,SPX,SPX230616C04625000,79.45,0.1938,0.0377845471416567,0.9718792063957618,0.1942541334536011,79.44999999995161,4.8387960305262816e-11,0.000454133453601,0.19666212874916966,0.0024079952955685657,0.0024079952955685657
2023-06-16,276,0.7549053159936117,4725,1.2002405278969674,4015.898946508069,1.1765734304914504,Call,SPX,SPX230616C04725000,58.7,0.1884,0.0377845471416567,0.9718792063957618,0.1887956321266526,58.69999999984543,1.545714667372522e-10,0.0003956321266526,0.19336050234364763,0.004564870216995032,0.004564870216995032
2023-06-16,276,0.7549053159936117,4825,1.225642443831295,4015.898946508069,1.2014744554753964,Call,SPX,SPX230616C04825000,42.95,0.1842,0.0377845471416567,0.9718792063957618,0.1845283537793525,42.9500000000005,4.973799150320701e-13,0.0003283537793525,0.19088834580524483,0.006359992025892325,0.006359992025892325
2023-06-16,276,0.7549053159936117,4900,1.2446938807820405,4015.898946508069,1.220150224213356,Call,SPX,SPX230616C04900000,33.4,0.1811,0.0377845471416567,0.9718792063957618,0.181372596694076,33.39999999999975,2.486899575160351e-13,0.0002725966940759,0.18954122136062795,0.008168624666551966,0.008168624666551966
2023-06-16,276,0.7549053159936117,5200,1.3208996285850223,4015.898946508069,1.2948532991651942,Call,SPX,SPX230616C05200000,12.4,0.1751,0.0377845471416567,0.9718792063957618,0.1751658716563423,12.4000000000008,8.01136934569513e-13,6.58716563422812e-05,0.1875940771715281,0.012428205515185808,0.012428205515185808
2023-07-21,311,0.8507300935432353,2825,0.7176041251447478,4026.345921676482,0.7016287360683933,Put,SPX,SPX230721P02825000,65.15,0.3409,0.0378668434954496,0.968298895224149,0.3391581838781059,65.15000000000015,1.4210854715202006e-13,0.001741816121894,0.3338186765622315,-0.005339507315874403,0.005339507315874403
2023-07-21,311,0.8507300935432353,2950,0.749356520062657,4026.345921676482,0.7326742553634549,Put,SPX,SPX230721P02950000,77.94999999999999,0.3282,0.0378668434954496,0.968298895224149,0.3263659074068639,77.94999999983321,1.6677859093761072e-10,0.001834092593136,0.3225250365749656,-0.0038408708318982687,0.0038408708318982687
2023-07-21,311,0.8507300935432353,3025,0.7684079570134025,4026.345921676482,0.7513015669404919,Put,SPX,SPX230721P03025000,86.94999999999999,0.321,0.0378668434954496,0.968298895224149,0.3192163347496071,86.94999999999925,7.389644451905042e-13,0.0017836652503928,0.3158301001150649,-0.0033862346345421845,0.0033862346345421845
2023-07-21,311,0.8507300935432353,3100,0.787459393964148,4026.345921676482,0.7699288785175289,Put,SPX,SPX230721P03100000,96.95,0.3141,0.0378668434954496,0.968298895224149,0.3122879774727491,96.9499999999997,2.9842794901924213e-13,0.0018120225272508,0.30919942648590343,-0.003088550986845684,0.003088550986845684
2023-07-21,311,0.8507300935432353,3175,0.8065108309148935,4026.345921676482,0.7885561900945658,Put,SPX,SPX230721P03175000,108.1,0.3075,0.0378668434954496,0.968298895224149,0.3056307705420564,108.09999999999955,4.263256414560601e-13,0.0018692294579435,0.3026331025129046,-0.002997668029151801,0.002997668029151801
2023-07-21,311,0.8507300935432353,3275,0.8319127468492209,4026.345921676482,0.8133926055306151,Put,SPX,SPX230721P03275000,124.8,0.299,0.0378668434954496,0.968298895224149,0.2970018061087281,124.80000000000472,4.732214620162267e-12,0.0019981938912718,0.29397284739681245,-0.0030289587119156636,0.0030289587119156636
2023-07-21,311,0.8507300935432353,3325,0.8446137048163845,4026.345921676482,0.8258108132486398,Put,SPX,SPX230721P03325000,134.0,0.2948,0.0378668434954496,0.968298895224149,0.2927844033918229,133.99999999999977,2.273736754432321e-13,0.0020155966081771,0.2896811621974251,-0.0031032411943977545,0.0031032411943977545
2023-07-21,311,0.8507300935432353,3400,0.86366514176713,4026.345921676482,0.8444381248256768,Put,SPX,SPX230721P03400000,148.85000000000002,0.2885,0.0378668434954496,0.968298895224149,0.2864789916513301,148.85000000000002,0.0,0.0020210083486698,0.28329133254217265,-0.00318765910915747,0.00318765910915747
2023-07-21,311,0.8507300935432353,3475,0.8827165787178756,4026.345921676482,0.8630654364027138,Put,SPX,SPX230721P03475000,165.14999999999998,0.2824,0.0378668434954496,0.968298895224149,0.2802901142400529,165.14999999999964,3.410605131648481e-13,0.002109885759947,0.27696237365439275,-0.003327740585660155,0.003327740585660155
2023-07-21,311,0.8507300935432353,3525,0.8954175366850392,4026.345921676482,0.8754836441207384,Put,SPX,SPX230721P03525000,176.85000000000002,0.2785,0.0378668434954496,0.968298895224149,0.2762024418994777,176.85000000024343,2.4340351956197987e-10,0.0022975581005222,0.2727805993350511,-0.0034218425644265693,0.0034218425644265693
2023-07-21,311,0.8507300935432353,3600,0.9144689736357848,4026.345921676482,0.8941109556977754,Put,SPX,SPX230721P03600000,195.8,0.2725,0.0378668434954496,0.968298895224149,0.2701816913074553,195.80000000033624,3.3622882256167936e-10,0.0023183086925447,0.2665715456373518,-0.0036101456701034818,0.0036101456701034818
2023-07-21,311,0.8507300935432353,3675,0.9335204105865302,4026.345921676482,0.9127382672748124,Put,SPX,SPX230721P03675000,216.35,0.2666,0.0378668434954496,0.968298895224149,0.2641405830507305,216.3500000000004,3.694822225952521e-13,0.0024594169492694,0.2604482554223177,-0.003692327628412817,0.003692327628412817
2023-07-21,311,0.8507300935432353,3725,0.946221368553694,4026.345921676482,0.925156474992837,Put,SPX,SPX230721P03725000,231.05,0.2627,0.0378668434954496,0.968298895224149,0.2601462027304568,231.04999999999973,2.842170943040401e-13,0.0025537972695431,0.25641894160410955,-0.0037272611263472477,0.0037272611263472477
2023-07-21,311,0.8507300935432353,3800,0.9652728055044396,4026.345921676482,0.943783786569874,Put,SPX,SPX230721P03800000,254.6,0.2568,0.0378668434954496,0.968298895224149,0.2541361278754089,254.6000000000001,1.4210854715202006e-13,0.002663872124591,0.2504623844209409,-0.003673743454468026,0.003673743454468026
2023-07-21,311,0.8507300935432353,3875,0.984324242455185,4026.345921676482,0.9624110981469112,Put,SPX,SPX230721P03875000,280.1,0.2509,0.0378668434954496,0.968298895224149,0.2481379187483753,280.09999999999104,8.981260180007666e-12,0.0027620812516246,0.24462197528613194,-0.0035159434622433483,0.0035159434622433483
2023-07-21,311,0.8507300935432353,3950,1.0033756794059303,4026.345921676482,0.981038409723948,Put,SPX,SPX230721P03950000,307.70000000000005,0.2452,0.0378668434954496,0.968298895224149,0.2421713053410462,307.6999999999998,2.273736754432321e-13,0.0030286946589537,0.23891398276014175,-0.0032573225809044426,0.0032573225809044426
2023-07-21,311,0.8507300935432353,4000,1.0160766373730945,4026.345921676482,0.9934566174419728,Put,SPX,SPX230721P04000000,327.15,0.2412,0.0378668434954496,0.968298895224149,0.238085772035979,327.14999999999986,1.1368683772161605e-13,0.0031142279640209,0.23519277980878098,-0.0028929922271980213,0.0028929922271980213
2023-07-21,311,0.8507300935432353,4075,1.0351280743238398,4026.345921676482,1.0120839290190098,Call,SPX,SPX230721C04075000,317.15,0.2352,0.0378668434954496,0.968298895224149,0.2361772686119554,317.14999999999986,1.1368683772161605e-13,0.0009772686119554,0.22975738044785668,-0.006419888164098719,0.006419888164098719
2023-07-21,311,0.8507300935432353,4150,1.054179511274585,4026.345921676482,1.0307112405960466,Call,SPX,SPX230721C04150000,278.4,0.2294,0.0378668434954496,0.968298895224149,0.2303433225601999,278.39999999999986,1.1368683772161605e-13,0.0009433225601999,0.22452683753337493,-0.005816485026824969,0.005816485026824969
2023-07-21,311,0.8507300935432353,4200,1.0668804692417488,4026.345921676482,1.0431294483140714,Call,SPX,SPX230721C04200000,253.95,0.2255,0.0378668434954496,0.968298895224149,0.2264769891709406,253.9499999996267,3.7329073165892623e-10,0.0009769891709406,0.22117170086562796,-0.005305288305312655,0.005305288305312655
2023-07-21,311,0.8507300935432353,4275,1.0859319061924944,4026.345921676482,1.0617567598911084,Call,SPX,SPX230721C04275000,219.65,0.2199,0.0378668434954496,0.968298895224149,0.2208742811295611,219.6500000000001,8.526512829121202e-14,0.0009742811295611,0.21636553778380826,-0.004508743345752825,0.004508743345752825
2023-07-21,311,0.8507300935432353,4350,1.10498334314324,4026.345921676482,1.0803840714681454,Call,SPX,SPX230721C04350000,187.7,0.2141,0.0378668434954496,0.968298895224149,0.215102805182032,187.7000000000005,5.115907697472721e-13,0.0010028051820319,0.2118653046534637,-0.0032375005285683045,0.0032375005285683045
2023-07-21,311,0.8507300935432353,4500,1.143086217044731,4026.345921676482,1.1176386946222192,Call,SPX,SPX230721C04500000,132.85,0.2034,0.0378668434954496,0.968298895224149,0.2043528331406412,132.849999999979,2.1003643269068558e-11,0.0009528331406412,0.20391902676182178,-0.00043380637881942907,0.00043380637881942907
2023-07-21,311,0.8507300935432353,4700,1.1938900489133857,4026.345921676482,1.1673115254943178,Call,SPX,SPX230721C04700000,78.45,0.1912,0.0378668434954496,0.968298895224149,0.1920214811653845,78.45000000000016,1.5631940186722204e-13,0.0008214811653844,0.1957816458149016,0.0037601646495170893,0.0037601646495170893
2023-07-21,311,0.8507300935432353,5000,1.2700957967163675,4026.345921676482,1.241820771802466,Call,SPX,SPX230721C05000000,32.4,0.1794,0.0378668434954496,0.968298895224149,0.1799287972424868,32.40000000007399,7.398881507469923e-11,0.0005287972424868,0.18893094945721542,0.00900215221472861,0.00900215221472861
2023-09-15,367,1.004049737622633,2850,0.7239546041283296,4043.129158410221,0.7048995687094584,Put,SPX,SPX230915P02850000,80.05,0.3322,0.03796868171787,0.962595068801908,0.3302441054706642,80.05000000009358,9.35784782996052e-11,0.0019558945293358,0.32444942910404473,-0.005794676366619456,0.005794676366619456
2023-09-15,367,1.004049737622633,2975,0.7557069990462388,4043.129158410221,0.7358162164598732,Put,SPX,SPX230915P02975000,95.15,0.321,0.03796868171787,0.962595068801908,0.3189722592328325,95.1500000000002,1.9895196601282805e-13,0.0020277407671674,0.3140094219792457,-0.004962837253586816,0.004962837253586816
2023-09-15,367,1.004049737622633,3075,0.7811089149805661,4043.129158410221,0.760549534660205,Put,SPX,SPX230915P03075000,109.0,0.3123,0.03796868171787,0.962595068801908,0.3102331261047727,108.99999999999773,2.273736754432321e-12,0.0020668738952272,0.30579733004990195,-0.0044357960548707664,0.0044357960548707664
2023-09-15,367,1.004049737622633,3175,0.8065108309148935,4043.129158410221,0.7852828528605369,Put,SPX,SPX230915P03175000,124.75,0.304,0.03796868171787,0.962595068801908,0.3018626159065343,124.750000000025,2.5011104298755527e-11,0.0021373840934656,0.29770607652269454,-0.004156539383839752,0.004156539383839752
2023-09-15,367,1.004049737622633,3250,0.825562267865639,4043.129158410221,0.8038328415107858,Put,SPX,SPX230915P03250000,138.05,0.2981,0.03796868171787,0.962595068801908,0.2959194004337032,138.04999999999984,1.7053025658242404e-13,0.0021805995662967,0.2917121462406421,-0.004207254193061061,0.004207254193061061
2023-09-15,367,1.004049737622633,3350,0.8509641837999664,4043.129158410221,0.8285661597111177,Put,SPX,SPX230915P03350000,157.6,0.2903,0.03796868171787,0.962595068801908,0.2880905107893026,157.59999999990418,9.580958248989191e-11,0.0022094892106974,0.28381600910883004,-0.004274501680472553,0.004274501680472553
2023-09-15,367,1.004049737622633,3450,0.8763660997342937,4043.129158410221,0.8532994779114496,Put,SPX,SPX230915P03450000,179.45,0.2828,0.03796868171787,0.962595068801908,0.2804018412043119,179.4500000000265,2.6545876607997343e-11,0.0023981587956881,0.2760334234062963,-0.004368417798015611,0.004368417798015611
2023-09-15,367,1.004049737622633,3525,0.8954175366850392,4043.129158410221,0.8718494665616985,Put,SPX,SPX230915P03525000,197.55,0.2772,0.03796868171787,0.962595068801908,0.2747823607415271,197.54999999999984,1.7053025658242404e-13,0.0024176392584728,0.27027851442121414,-0.004503846320312976,0.004503846320312976
2023-09-15,367,1.004049737622633,3625,0.9208194526193666,4043.129158410221,0.8965827847620303,Put,SPX,SPX230915P03625000,223.75,0.2698,0.03796868171787,0.962595068801908,0.2671754110372606,223.74999999999977,2.273736754432321e-13,0.0026245889627393,0.26272832003176233,-0.004447091005498283,0.004447091005498283
2023-09-15,367,1.004049737622633,3700,0.939870889570112,4043.129158410221,0.9151327734122792,Put,SPX,SPX230915P03700000,245.3,0.2643,0.03796868171787,0.962595068801908,0.2615638145183728,245.3000000000004,3.979039320256561e-13,0.0027361854816271,0.2571675996091693,-0.0043962149092035,0.0043962149092035
2023-09-15,367,1.004049737622633,3800,0.9652728055044396,4043.129158410221,0.9398660916126113,Put,SPX,SPX230915P03800000,276.6,0.257,0.03796868171787,0.962595068801908,0.2540929114358379,276.5999999999997,3.410605131648481e-13,0.002907088564162,0.24990346379106815,-0.00418944764476975,0.00418944764476975
2023-09-15,367,1.004049737622633,3875,0.984324242455185,4043.129158410221,0.95841608026286,Put,SPX,SPX230915P03875000,302.15,0.2516,0.03796868171787,0.962595068801908,0.24851458105099,302.14999999999964,3.410605131648481e-13,0.0030854189490099,0.2445791539342341,-0.003935427116755902,0.003935427116755902
2023-09-15,367,1.004049737622633,3975,1.0097261583895123,4043.129158410221,0.983149398463192,Put,SPX,SPX230915P03975000,339.05,0.2444,0.03796868171787,0.962595068801908,0.241028593300252,339.04999999999905,9.663381206337365e-13,0.0033714066997479,0.23766707455239613,-0.0033615187478558683,0.0033615187478558683
2023-09-15,367,1.004049737622633,4075,1.0351280743238398,4043.129158410221,1.0078827166635238,Call,SPX,SPX230915C04075000,354.35,0.2364,0.03796868171787,0.962595068801908,0.2371178870210671,354.3499999999999,1.1368683772161605e-13,0.000717887021067,0.23100397881829582,-0.006113908202771273,0.006113908202771273
2023-09-15,367,1.004049737622633,4150,1.054179511274585,4043.129158410221,1.0264327053137727,Call,SPX,SPX230915C04150000,315.15,0.2308,0.03796868171787,0.962595068801908,0.2316217891560188,315.14999999999986,1.1368683772161605e-13,0.0008217891560188,0.22619997767991948,-0.005421811476099325,0.005421811476099325
2023-09-15,367,1.004049737622633,4250,1.0795814272089126,4043.129158410221,1.0511660235141045,Call,SPX,SPX230915C04250000,266.65,0.2237,0.03796868171787,0.962595068801908,0.2245273224335615,266.64999999999986,1.1368683772161605e-13,0.0008273224335614,0.220100026022191,-0.0044272964113704905,0.0044272964113704905
2023-09-15,367,1.004049737622633,4325,1.098632864159658,4043.129158410221,1.0697160121643534,Call,SPX,SPX230915C04325000,232.9,0.2184,0.03796868171787,0.962595068801908,0.2191870116657167,232.89999999999984,1.4210854715202006e-13,0.0007870116657167,0.21578894382836894,-0.0033980678373477513,0.0033980678373477513
2023-09-15,367,1.004049737622633,4425,1.1240347800939854,4043.129158410221,1.0944493303646854,Call,SPX,SPX230915C04425000,191.8,0.2114,0.03796868171787,0.962595068801908,0.2122207119533371,191.80000000000015,1.7053025658242404e-13,0.0008207119533371,0.2104426666126098,-0.0017780453407273134,0.0017780453407273134
2023-09-15,367,1.004049737622633,4500,1.143086217044731,4043.129158410221,1.1129993190149343,Call,SPX,SPX230915C04500000,164.15,0.2065,0.03796868171787,0.962595068801908,0.2072490341882516,164.14999999996303,3.6976643968955614e-11,0.0007490341882516,0.20676484131470185,-0.0004841928735497547,0.0004841928735497547
2023-09-15,367,1.004049737622633,4600,1.1684881329790584,4043.129158410221,1.137732637215266,Call,SPX,SPX230915C04600000,131.39999999999998,0.2001,0.03796868171787,0.962595068801908,0.2008812548933617,131.3999999998689,1.3108092389302328e-10,0.0007812548933617,0.20233962640963446,0.0014583715162727606,0.0014583715162727606
2023-09-15,367,1.004049737622633,4700,1.1938900489133857,4043.129158410221,1.162465955415598,Call,SPX,SPX230915C04700000,103.75,0.1945,0.03796868171787,0.962595068801908,0.1951966745670731,103.75000000000466,4.661160346586257e-12,0.000696674567073,0.1984890854531664,0.0032924108860933055,0.0032924108860933055
2023-09-15,367,1.004049737622633,4800,1.219291964847713,4043.129158410221,1.1871992736159298,Call,SPX,SPX230915C04800000,80.85,0.1895,0.03796868171787,0.962595068801908,0.1901676830474181,80.84999999999968,3.1263880373444413e-13,0.0006676830474181,0.19522712871736456,0.005059445669946455,0.005059445669946455
2023-09-15,367,1.004049737622633,4900,1.2446938807820405,4043.129158410221,1.2119325918162618,Call,SPX,SPX230915C04900000,62.4,0.1853,0.03796868171787,0.962595068801908,0.1859203745761733,62.4000000002311,2.3110402480597256e-10,0.0006203745761733,0.1925495663429263,0.006629191766753001,0.006629191766753001
2023-09-15,367,1.004049737622633,5000,1.2700957967163675,4043.129158410221,1.2366659100165935,Call,SPX,SPX230915C05000000,48.0,0.1821,0.03796868171787,0.962595068801908,0.1826339816489753,48.00000000001984,1.9838353182422e-11,0.0005339816489753,0.19043432549741565,0.007800343848440361,0.007800343848440361
2023-09-15,367,1.004049737622633,5200,1.3208996285850223,4043.129158410221,1.2861325464172573,Call,SPX,SPX230915C05200000,28.25,0.1778,0.03796868171787,0.962595068801908,0.1782246934121479,28.249999999999204,7.958078640513122e-13,0.0004246934121478,0.1877211761896627,0.009496482777514803,0.009496482777514803
2023-12-15,458,1.2531941592516542,2850,0.7239546041283296,4070.469899328303,0.7001648631452351,Put,SPX,SPX231215P02850000,96.75,0.3221,0.0380650738307179,0.9534169783129358,0.3198785256549016,96.75000000000011,1.1368683772161605e-13,0.0022214743450983,0.3153911233080243,-0.004487402346877278,0.004487402346877278
2023-12-15,458,1.2531941592516542,2950,0.749356520062657,4070.469899328303,0.7247320513257696,Put,SPX,SPX231215P02950000,110.5,0.3145,0.0380650738307179,0.9534169783129358,0.3122180829675424,110.49999999999886,1.1368683772161605e-12,0.0022819170324576,0.3079134529995133,-0.004304629968029106,0.004304629968029106
2023-12-15,458,1.2531941592516542,3050,0.7747584359969844,4070.469899328303,0.7492992395063042,Put,SPX,SPX231215P03050000,125.7,0.307,0.0380650738307179,0.9534169783129358,0.3046148425425872,125.70000000002278,2.278000010846881e-11,0.0023851574574127,0.30056322142653347,-0.0040516211160537274,0.0040516211160537274
2023-12-15,458,1.2531941592516542,3150,0.8001603519313116,4070.469899328303,0.7738664276868387,Put,SPX,SPX231215P03150000,142.75,0.2997,0.0380650738307179,0.9534169783129358,0.2973163974396859,142.7500000000001,1.1368683772161605e-13,0.002383602560314,0.29333393193376134,-0.003982465505924571,0.003982465505924571
2023-12-15,458,1.2531941592516542,3250,0.825562267865639,4070.469899328303,0.7984336158673733,Put,SPX,SPX231215P03250000,161.8,0.2928,0.0380650738307179,0.9534169783129358,0.2902842984637378,161.79999999999472,5.2864379540551446e-12,0.0025157015362621,0.2862196722435469,-0.004064626220190937,0.004064626220190937
2023-12-15,458,1.2531941592516542,3350,0.8509641837999664,4070.469899328303,0.8230008040479079,Put,SPX,SPX231215P03350000,182.7,0.2859,0.0380650738307179,0.9534169783129358,0.2832494529383523,182.69999999999425,5.7411853049416095e-12,0.0026505470616476,0.27921960171529475,-0.004029851223057546,0.004029851223057546
2023-12-15,458,1.2531941592516542,3450,0.8763660997342937,4070.469899328303,0.8475679922284424,Put,SPX,SPX231215P03450000,205.6,0.279,0.0380650738307179,0.9534169783129358,0.2762210245114049,205.6000000000001,1.4210854715202006e-13,0.002778975488595,0.27233903253410596,-0.0038819919772989375,0.0038819919772989375
2023-12-15,458,1.2531941592516542,3525,0.8954175366850392,4070.469899328303,0.8659933833638433,Put,SPX,SPX231215P03525000,224.45,0.274,0.0380650738307179,0.9534169783129358,0.2711454837323272,224.44999999999868,1.3073986337985845e-12,0.0028545162676728,0.2672625992983508,-0.0038828844339764412,0.0038828844339764412
2023-12-15,458,1.2531941592516542,3625,0.9208194526193666,4070.469899328303,0.8905605715443778,Put,SPX,SPX231215P03625000,251.55,0.2674,0.0380650738307179,0.9534169783129358,0.2643421911931428,251.5499999999995,5.115907697472721e-13,0.0030578088068571,0.26061448536887366,-0.003727705824269123,0.003727705824269123
2023-12-15,458,1.2531941592516542,3725,0.946221368553694,4070.469899328303,0.9151277597249124,Put,SPX,SPX231215P03725000,281.4,0.261,0.0380650738307179,0.9534169783129358,0.2577295771933022,281.39999999999986,1.1368683772161605e-13,0.0032704228066977,0.25411356793215994,-0.00361600926114225,0.00361600926114225
2023-12-15,458,1.2531941592516542,3825,0.9716232844880212,4070.469899328303,0.939694947905447,Put,SPX,SPX231215P03825000,313.5,0.2543,0.0380650738307179,0.9534169783129358,0.2508752144711062,313.5,0.0,0.0034247855288938,0.24777059434292079,-0.003104620128185437,0.003104620128185437
2023-12-15,458,1.2531941592516542,3925,0.9970252004223488,4070.469899328303,0.9642621360859815,Put,SPX,SPX231215P03925000,348.75,0.2479,0.0380650738307179,0.9534169783129358,0.2442369705669562,348.7500000002892,2.892193151637912e-10,0.0036630294330438,0.2415988815894917,-0.002638088977464509,0.002638088977464509
2023-12-15,458,1.2531941592516542,4025,1.022427116356676,4070.469899328303,0.9888293242665162,Put,SPX,SPX231215P04025000,387.2000000000001,0.2418,0.0380650738307179,0.9534169783129358,0.2377239491872134,387.1999999999987,1.4210854715202004e-12,0.0040760508127865,0.235616953211556,-0.0021069959756573886,0.0021069959756573886
2023-12-15,458,1.2531941592516542,4125,1.047829032291003,4070.469899328303,1.0133965124470508,Call,SPX,SPX231215C04125000,383.8,0.2345,0.0380650738307179,0.9534169783129358,0.2352465967196227,383.7999999999941,5.9685589803848416e-12,0.0007465967196227,0.22985012392869006,-0.005396472790932638,0.005396472790932638
2023-12-15,458,1.2531941592516542,4225,1.0732309482253308,4070.469899328303,1.0379637006275853,Call,SPX,SPX231215C04225000,333.5,0.2279,0.0380650738307179,0.9534169783129358,0.2287730086105326,333.5000000000002,2.273736754432321e-13,0.0008730086105326,0.2243302403918686,-0.004442768218663989,0.004442768218663989
2023-12-15,458,1.2531941592516542,4325,1.098632864159658,4070.469899328303,1.0625308888081195,Call,SPX,SPX231215C04325000,287.25,0.2218,0.0380650738307179,0.9534169783129358,0.2226638545134871,287.2500000000002,2.273736754432321e-13,0.0008638545134871,0.21909362893694498,-0.00357022557654213,0.00357022557654213
2023-12-15,458,1.2531941592516542,4425,1.1240347800939854,4070.469899328303,1.0870980769886545,Call,SPX,SPX231215C04425000,244.3,0.2155,0.0380650738307179,0.9534169783129358,0.216412896614467,244.30000000000015,1.7053025658242404e-13,0.000912896614467,0.21417790958934613,-0.0022349870251208714,0.0022349870251208714
2023-12-15,458,1.2531941592516542,4525,1.1494366960283129,4070.469899328303,1.111665265169189,Call,SPX,SPX231215C04525000,205.25,0.2094,0.0380650738307179,0.9534169783129358,0.210312144952648,205.2499999999993,6.821210263296962e-13,0.000912144952648,0.20961854010856246,-0.000693604844085538,0.000693604844085538
2023-12-15,458,1.2531941592516542,4600,1.1684881329790584,4070.469899328303,1.1300906563045898,Call,SPX,SPX231215C04600000,178.60000000000002,0.205,0.0380650738307179,0.9534169783129358,0.2058638850355411,178.5999999999999,1.1368683772161605e-13,0.0008638850355411,0.20645134610062918,0.0005874610650880852,0.0005874610650880852
2023-12-15,458,1.2531941592516542,4700,1.1938900489133857,4070.469899328303,1.1546578444851243,Call,SPX,SPX231215C04700000,147.0,0.1995,0.0380650738307179,0.9534169783129358,0.2003810546464324,147.0000000000001,1.1368683772161605e-13,0.0008810546464323,0.20258408393520155,0.0022030292887691427,0.0022030292887691427
2023-12-15,458,1.2531941592516542,4800,1.219291964847713,4070.469899328303,1.179225032665659,Call,SPX,SPX231215C04800000,119.5,0.1944,0.0380650738307179,0.9534169783129358,0.1952306628522413,119.49999999999966,3.410605131648481e-13,0.0008306628522413,0.19913791229592587,0.003907249443684563,0.003907249443684563
2023-12-15,458,1.2531941592516542,4900,1.2446938807820405,4070.469899328303,1.2037922208461935,Call,SPX,SPX231215C04900000,96.8,0.1903,0.0380650738307179,0.9534169783129358,0.1910898375111084,96.80000000000008,7.105427357601003e-14,0.0007898375111083,0.19612013869590586,0.00503030118479747,0.00503030118479747
2023-12-15,458,1.2531941592516542,5000,1.2700957967163675,4070.469899328303,1.228359409026728,Call,SPX,SPX231215C05000000,77.35,0.1863,0.0380650738307179,0.9534169783129358,0.1870579835349016,77.35000000000002,2.8421709430404014e-14,0.0007579835349016,0.1935286569813593,0.0064706734464576865,0.0064706734464576865
2023-12-15,458,1.2531941592516542,5100,1.295497712650695,4070.469899328303,1.2529265972072627,Call,SPX,SPX231215C05100000,61.75,0.1832,0.0380650738307179,0.9534169783129358,0.1839207676597804,61.749999999999886,1.1368683772161605e-13,0.0007207676597804,0.19135206044707814,0.007431292787297733,0.007431292787297733
2023-12-15,458,1.2531941592516542,5250,1.333600586552186,4070.469899328303,1.2897773794780645,Call,SPX,SPX231215C05250000,44.25,0.1801,0.0380650738307179,0.9534169783129358,0.1807547851850321,44.25000000000051,5.115907697472721e-13,0.0006547851850321,0.18881833804540796,0.008063552860375856,0.008063552860375856
2024-06-21,647,1.7706479580196213,3100,0.787459393964148,4126.908865244094,0.7511675448196854,Put,SPX,SPX240621P03100000,168.05,0.2915,0.0380502684893648,0.9348458494323264,0.2885802218229422,168.05000000000052,5.115907697472721e-13,0.0029197781770577,0.28630899359914513,-0.0022712282237970505,0.0022712282237970505
2024-06-21,647,1.7706479580196213,3150,0.8001603519313116,4126.908865244094,0.7632831503812932,Put,SPX,SPX240621P03150000,177.75,0.2885,0.0380502684893648,0.9348458494323264,0.2855132095330462,177.74999999999977,2.273736754432321e-13,0.0029867904669537,0.283406255858897,-0.0021069536741492034,0.0021069536741492034
2024-06-21,647,1.7706479580196213,3250,0.825562267865639,4126.908865244094,0.7875143615045088,Put,SPX,SPX240621P03250000,198.35,0.2825,0.0380502684893648,0.9348458494323264,0.279400219814073,198.3499999999568,4.317257662478369e-11,0.0030997801859269,0.27767500490686825,-0.0017252149072047307,0.0017252149072047307
2024-06-21,647,1.7706479580196213,3450,0.8763660997342937,4126.908865244094,0.8359767837509402,Put,SPX,SPX240621P03450000,245.25,0.271,0.0380502684893648,0.9348458494323264,0.2676024034938069,245.2499999997169,2.8308022592682386e-10,0.0033975965061931,0.2665205944319261,-0.0010818090618807674,0.0010818090618807674
2024-06-21,647,1.7706479580196213,3500,0.8890670577014574,4126.908865244094,0.848092389312548,Put,SPX,SPX240621P03500000,258.25,0.2682,0.0380502684893648,0.9348458494323264,0.2647373245438169,258.2499999998446,1.5540990716544909e-10,0.0034626754561831,0.2637994052438504,-0.0009379192999664498,0.0009379192999664498
2024-06-21,647,1.7706479580196213,3575,0.908118494652203,4126.908865244094,0.8662657976549597,Put,SPX,SPX240621P03575000,278.75,0.2641,0.0380502684893648,0.9348458494323264,0.2604895645588969,278.7499999999659,3.410605131648481e-11,0.0036104354411031,0.2597705876210474,-0.0007189769378495026,0.0007189769378495026
2024-06-21,647,1.7706479580196213,3650,0.9271699316029484,4126.908865244094,0.8844392059973715,Put,SPX,SPX240621P03650000,300.35,0.26,0.0380502684893648,0.9348458494323264,0.2562188023838239,300.35000000000014,1.1368683772161605e-13,0.0037811976161761,0.2558070064651973,-0.0004117959186266118,0.0004117959186266118
2024-06-21,647,1.7706479580196213,3700,0.939870889570112,4126.908865244094,0.8965548115589793,Put,SPX,SPX240621P03700000,315.45,0.2573,0.0380502684893648,0.9348458494323264,0.2533968719730285,315.450000000516,5.159677129995544e-10,0.0039031280269714,0.2532017651568106,-0.00019510681621792703,0.00019510681621792703
2024-06-21,647,1.7706479580196213,3750,0.9525718475372758,4126.908865244094,0.9086704171205872,Put,SPX,SPX240621P03750000,331.15,0.2546,0.0380502684893648,0.9348458494323264,0.2506070412767781,331.15000000005534,5.5365489970427006e-11,0.0039929587232218,0.2506268846405209,1.984336374283302e-05,1.984336374283302e-05
2024-06-21,647,1.7706479580196213,3800,0.9652728055044396,4126.908865244094,0.920786022682195,Put,SPX,SPX240621P03800000,347.35,0.2519,0.0380502684893648,0.9348458494323264,0.2477872734470741,347.35000000000355,3.524291969370097e-12,0.0041127265529258,0.24808295882213588,0.00029568537506177717,0.00029568537506177717
2024-06-21,647,1.7706479580196213,3850,0.9779737634716033,4126.908865244094,0.9329016282438028,Put,SPX,SPX240621P03850000,364.85,0.2496,0.0380502684893648,0.9348458494323264,0.2453510791537512,364.8499999999999,1.1368683772161605e-13,0.0042489208462487,0.24557064921614996,0.0002195700623987551,0.0002195700623987551
2024-06-21,647,1.7706479580196213,3900,0.9906747214387668,4126.908865244094,0.9450172338054106,Put,SPX,SPX240621P03900000,382.25,0.2469,0.0380502684893648,0.9348458494323264,0.2425518021341272,382.2500000000002,2.273736754432321e-13,0.0043481978658728,0.2430907113998983,0.0005389092657711037,0.0005389092657711037
2024-06-21,647,1.7706479580196213,3950,1.0033756794059303,4126.908865244094,0.9571328393670184,Put,SPX,SPX240621P03950000,400.25,0.2442,0.0380502684893648,0.9348458494323264,0.2397545210817158,400.25,0.0,0.0044454789182841,0.24064401758423953,0.0008894965025237345,0.0008894965025237345
2024-06-21,647,1.7706479580196213,3975,1.0097261583895123,4126.908865244094,0.9631906421478224,Put,SPX,SPX240621P03975000,409.45,0.2429,0.0380502684893648,0.9348458494323264,0.238341711015223,409.4500000000001,5.684341886080803e-14,0.0045582889847769,0.23943344596186483,0.0010917349466418313,0.0010917349466418313
2024-06-21,647,1.7706479580196213,4025,1.022427116356676,4126.908865244094,0.9753062477094302,Put,SPX,SPX240621P04025000,428.35,0.2402,0.0380502684893648,0.9348458494323264,0.2355342942086871,428.34999999964725,3.527702574501745e-10,0.0046657057913128,0.237038548514191,0.0015042543055039104,0.0015042543055039104
2024-06-21,647,1.7706479580196213,4075,1.0351280743238398,4126.908865244094,0.987421853271038,Put,SPX,SPX240621P04075000,447.95,0.2376,0.0380502684893648,0.9348458494323264,0.2327612732695211,447.9499999999996,3.979039320256561e-13,0.0048387267304788,0.23467967852584917,0.0019184052563280818,0.0019184052563280818
2024-06-21,647,1.7706479580196213,4125,1.047829032291003,4126.908865244094,0.999537458832646,Put,SPX,SPX240621P04125000,468.15,0.235,0.0380502684893648,0.9348458494323264,0.2299654940361451,468.15000000001214,1.2164491636212915e-11,0.0050345059638548,0.23235820008592126,0.00239270604977615,0.00239270604977615
2024-06-21,647,1.7706479580196213,4175,1.060529990258167,4126.908865244094,1.0116530643942536,Call,SPX,SPX240621C04175000,453.25,0.2308,0.0380502684893648,0.9348458494323264,0.2316906744453665,453.2499999999998,2.273736754432321e-13,0.0008906744453665,0.23007560987942607,-0.0016150645659404328,0.0016150645659404328
2024-06-21,647,1.7706479580196213,4225,1.0732309482253308,4126.908865244094,1.0237686699558617,Call,SPX,SPX240621C04225000,428.55,0.2282,0.0380502684893648,0.9348458494323264,0.2291267666514108,428.5499999997355,2.644924279593397e-10,0.0009267666514108,0.22783352018933226,-0.00129324646207854,0.00129324646207854
2024-06-21,647,1.7706479580196213,4275,1.0859319061924944,4126.908865244094,1.0358842755174693,Call,SPX,SPX240621C04275000,404.25,0.2255,0.0380502684893648,0.9348458494323264,0.2264293372926748,404.25000000000045,4.547473508864641e-13,0.0009293372926748,0.22563363608418396,-0.0007957012084908455,0.0007957012084908455
2024-06-21,647,1.7706479580196213,4325,1.098632864159658,4126.908865244094,1.0479998810790772,Call,SPX,SPX240621C04325000,380.85,0.2229,0.0380502684893648,0.9348458494323264,0.2238376945238755,380.8499999999999,1.1368683772161605e-13,0.0009376945238755,0.22347772811063257,-0.0003599664132429292,0.0003599664132429292
2024-06-21,647,1.7706479580196213,4400,1.1176843011104036,4126.908865244094,1.0661732894214888,Call,SPX,SPX240621C04400000,347.05,0.219,0.0380502684893648,0.9348458494323264,0.219947908321918,347.0500000000004,3.979039320256561e-13,0.000947908321918,0.22033027333476288,0.00038236501284488744,0.00038236501284488744
2024-06-21,647,1.7706479580196213,4500,1.143086217044731,4126.908865244094,1.0904045005447045,Call,SPX,SPX240621C04500000,304.65,0.2139,0.0380502684893648,0.9348458494323264,0.214851008122411,304.6500000002022,2.0224888430675487e-10,0.000951008122411,0.21630437717209974,0.0014533690496887353,0.0014533690496887353
2024-06-21,647,1.7706479580196213,4800,1.219291964847713,4126.908865244094,1.1630981339143516,Call,SPX,SPX240621C04800000,197.15,0.1997,0.0380502684893648,0.9348458494323264,0.2006969483004364,197.14999999981453,1.8545165403338612e-10,0.0009969483004364,0.2055181539993535,0.004821205698917086,0.004821205698917086
2024-06-21,647,1.7706479580196213,5200,1.3208996285850223,4126.908865244094,1.260022978407214,Call,SPX,SPX240621C05200000,100.65,0.1851,0.0380502684893648,0.9348458494323264,0.1859991620803494,100.64999999999998,2.8421709430404014e-14,0.0008991620803494,0.19442449389143687,0.008425331811087483,0.008425331811087483
