Expiration Date,T_days,T,Strike,K_over_S0,Forward,K_over_F0,Option_type,Root,Contract,Market_price,IV_BDD,r_GSW,Discount_factor,IV_market,BS_reconstructed_price,BS_reconstruction_error,IV_BDD_error,IV_RH__base_80_128_L10,Residual__base_80_128_L10,IV_RH__fine_160_256_L10,Residual__fine_160_256_L10,IV_RH__veryfine_320_512_L10,Residual__veryfine_320_512_L10,IV_RH__fine_160_256_L8,Residual__fine_160_256_L8,IV_RH__fine_160_256_L12,Residual__fine_160_256_L12,Delta_IV__160_256_vs_80_128,Delta_IV__320_512_vs_160_256,Delta_IV__L8_vs_L10_fine,Delta_IV__L12_vs_L10_fine
2022-09-14,1,0.0027378507871321,3880,0.9855943382519012,3936.9814263393455,0.9855266204818428,Put,SPXW,SPXW220914P03880000,5.25,0.3606,0.0364992080783356,0.9999000756072076,0.2886238858604807,5.249999999999545,4.547473508864641e-13,0.0719761141395192,0.2952807623286041,0.006656876468123407,0.2958000732610143,0.007176187400533607,0.2960513260773718,0.007427440216891068,0.2958000732610365,0.007176187400555811,0.2958000732610143,0.007176187400533607,0.0005193109324101997,0.0002512528163574612,2.220446049250313e-14,0.0
2022-09-14,1,0.0027378507871321,3885,0.9868644340486176,3936.9814263393455,0.9867966290133916,Put,SPXW,SPXW220914P03885000,5.95,0.3566,0.0364992080783356,0.9999000756072076,0.2849875000371651,5.949999999997203,2.7968738436356944e-12,0.0716124999628348,0.2925388539302969,0.007551353893131774,0.29305441495213963,0.008066914914974521,0.2933039328579648,0.00831643282079969,0.2930544149521472,0.00806691491498207,0.2930544149521472,0.00806691491498207,0.0005155610218427475,0.00024951790582516953,7.549516567451064e-15,7.549516567451064e-15
2022-09-14,1,0.0027378507871321,3890,0.988134529845334,3936.9814263393455,0.9880666375449404,Put,SPXW,SPXW220914P03890000,6.85,0.355,0.0364992080783356,0.9999000756072076,0.2832657583532689,6.850000000001842,1.84208204245806e-12,0.071734241646731,0.28977955598506006,0.006513797631791163,0.2902914042502082,0.007025645896939325,0.29053920028341107,0.007273441930142177,0.29029140425023403,0.007025645896965138,0.2902914042502082,0.007025645896939325,0.0005118482651481626,0.0002477960332028517,2.581268532253489e-14,0.0
2022-09-14,1,0.0027378507871321,3895,0.9894046256420505,3936.9814263393455,0.9893366460764892,Put,SPXW,SPXW220914P03895000,7.8,0.3523,0.0364992080783356,0.9999000756072076,0.2805642584811562,7.799999999999841,1.5898393712632244e-13,0.0717357415188437,0.2870035006012949,0.006439242120138744,0.28751167586513326,0.006947417383977084,0.2877577641509529,0.007193505669796707,0.28751167586515336,0.006947417383997179,0.28751167586513326,0.006947417383977084,0.0005081752638383397,0.0002460882858196234,2.0095036745715333e-14,0.0
2022-09-14,1,0.0027378507871321,3900,0.9906747214387668,3936.9814263393455,0.9906066546080378,Put,SPXW,SPXW220914P03900000,8.95,0.3512,0.0364992080783356,0.9999000756072076,0.2791690867691719,8.949999999999363,6.359357485052898e-13,0.0720309132308281,0.28421149764868664,0.005042410879514736,0.28471604225270003,0.0055469554835281265,0.2849604380046009,0.00579135123542901,0.28471604225270536,0.005546955483533456,0.2847160422527015,0.00554695548352957,0.0005045446040133905,0.00024439575190088325,5.329070518200751e-15,1.4432899320127035e-15
2022-09-14,1,0.0027378507871321,3905,0.9919448172354832,3936.9814263393455,0.9918766631395866,Put,SPXW,SPXW220914P03905000,10.2,0.3496,0.0364992080783356,0.9999000756072076,0.2773118766041637,10.200000000016644,1.6644463585180347e-11,0.0722881233958362,0.28140456462706376,0.004092688022900082,0.28190552344332426,0.004593646839160581,0.28214824294815405,0.004836366343990373,0.28190552344333525,0.004593646839171572,0.28190552344332426,0.004593646839160581,0.0005009588162604994,0.00024271950482979143,1.099120794378905e-14,0.0
2022-09-14,1,0.0027378507871321,3910,0.9932149130321996,3936.9814263393455,0.9931466716711354,Put,SPXW,SPXW220914P03910000,11.6,0.3483,0.0364992080783356,0.9999000756072076,0.2756175138855407,11.599999999999454,5.453415496958769e-13,0.0726824861144593,0.2785839611376012,0.0029664472520605223,0.27908138141421235,0.0034638675286716714,0.27932244197915196,0.0037049280936112816,0.2790813814142236,0.00346386752868294,0.27908138141421235,0.0034638675286716714,0.0004974202766111491,0.00024106056493961026,1.1268763699945339e-14,0.0
2022-09-14,1,0.0027378507871321,3915,0.994485008828916,3936.9814263393455,0.994416680202684,Put,SPXW,SPXW220914P03915000,13.2,0.3479,0.0364992080783356,0.9999000756072076,0.2746094057231388,13.199999999999818,1.8118839761882557e-13,0.0732905942768611,0.2757512277721219,0.00114182204898311,0.27624515888445245,0.0016357531613136467,0.27648457874833027,0.0018751730251914678,0.2762451588844719,0.0016357531613330756,0.2762451588844561,0.0016357531613173104,0.0004939311123305368,0.0002394198638778211,1.942890293094024e-14,3.6637359812630166e-15
2022-09-14,1,0.0027378507871321,3920,0.9957551046256324,3936.9814263393455,0.9956866887342328,Put,SPXW,SPXW220914P03920000,14.85,0.3459,0.0364992080783356,0.9999000756072076,0.2722052530135102,14.850000000000136,1.3677947663381929e-13,0.0736947469864898,0.27290822998217124,0.0007029769686610621,0.27339872306022295,0.0011934700467127746,0.27363652125414584,0.0014312682406356636,0.27339872306023594,0.0011934700467257642,0.2733987230602258,0.0011934700467156056,0.0004904930780517125,0.00023779819392288903,1.2989609388114332e-14,2.831068712794149e-15
2022-09-14,1,0.0027378507871321,3925,0.9970252004223488,3936.9814263393455,0.9969566972657816,Put,SPXW,SPXW220914P03925000,16.75,0.3453,0.0364992080783356,0.9999000756072076,0.2709167616689267,16.749999999977945,2.205524651799351e-11,0.0743832383310733,0.27005720685692053,-0.0008595548120061691,0.2705443142666885,-0.0003724474022381852,0.2707805104139164,-0.00013625125501032231,0.27054431426669956,-0.00037244740222713846,0.2705443142666885,-0.0003724474022381852,0.00048710740976798395,0.00023619614722786286,1.1046719095020308e-14,0.0
2022-09-14,1,0.0027378507871321,3930,0.998295296219065,3936.9814263393455,0.9982267057973304,Put,SPXW,SPXW220914P03930000,18.75,0.3438,0.0364992080783356,0.9999000756072076,0.2687540216100699,18.75,0.0,0.07504597838993,0.26720082467312833,-0.0015531969369415588,0.2676845993147723,-0.0010694222952976062,0.2679192133561551,-0.0008348082539147983,0.26768459931478467,-0.0010694222952852273,0.2676845993147723,-0.0010694222952976062,0.00048377464164395256,0.00023461404138280795,1.2378986724570495e-14,0.0
2022-09-14,1,0.0027378507871321,3935,0.9995653920157814,3936.9814263393455,0.9994967143288792,Put,SPXW,SPXW220914P03935000,20.9,0.3421,0.0364992080783356,0.9999000756072076,0.2662885608806289,20.8999999999985,1.4992451724538114e-12,0.0758114391193711,0.26434223452534267,-0.001946326355286243,0.2648227289121393,-0.0014658319684895948,0.2650557807450107,-0.0012327801356182277,0.2648227289121561,-0.0014658319684728305,0.2648227289121504,-0.0014658319684784926,0.00048049438679664824,0.0002330518328713671,1.6764367671839864e-14,1.1102230246251565e-14
2022-09-14,1,0.0027378507871321,3940,1.000835487812498,3936.9814263393455,1.000766722860428,Call,SPXW,SPXW220914C03940000,22.450000000000003,0.3317,0.0364992080783356,0.9999000756072076,0.2910882002499617,22.450000000025057,2.5053736862901133e-11,0.0406117997500383,0.26148513282067626,-0.029603067429285423,0.261962397910617,-0.029125802339344697,0.2621939069291204,-0.028894293320841258,0.26196239791062353,-0.029125802339338147,0.26196239791060993,-0.029125802339351747,0.00047726508994072603,0.00023150901850343963,6.5503158452884236e-15,-7.049916206369744e-15
2022-09-14,1,0.0027378507871321,3945,1.002105583609214,3936.9814263393455,1.002036731391977,Call,SPXW,SPXW220914C03945000,19.950000000000003,0.3293,0.0364992080783356,0.9999000756072076,0.2886534931698506,19.950000000000045,4.263256414560601e-14,0.0406465068301493,0.25863382260814227,-0.030019670561708345,0.259107906372242,-0.029545586797608603,0.2593378909002968,-0.02931560226955382,0.2591079063722555,-0.029545586797595114,0.2591079063722448,-0.029545586797605827,0.00047408376409974196,0.00022998452805478298,1.3489209749195652e-14,2.7755575615628914e-15
2022-09-14,1,0.0027378507871321,3950,1.0033756794059303,3936.9814263393455,1.0033067399235254,Call,SPXW,SPXW220914C03950000,17.6,0.3281,0.0364992080783356,0.9999000756072076,0.2859716672200136,17.599999999997863,2.1387336346379016e-12,0.0421283327799864,0.25579327267010393,-0.03017839454990967,0.2562642183915893,-0.0297074488284243,0.25649269500543087,-0.029478972214582733,0.25626421839159774,-0.02970744882841586,0.25626421839158914,-0.029707448828424465,0.00047094572148537184,0.00022847661384156615,8.43769498715119e-15,-1.6653345369377348e-16
2022-09-14,1,0.0027378507871321,3955,1.004645775202647,3936.9814263393455,1.0045767484550745,Call,SPXW,SPXW220914C03955000,15.45,0.3264,0.0364992080783356,0.9999000756072076,0.2836443763139483,15.450000000000044,4.618527782440651e-14,0.0427556236860517,0.2529691700780979,-0.030675206235850405,0.25343701439194266,-0.030207361922005627,0.25366399713952553,-0.029980379174422755,0.2534370143919516,-0.03020736192199669,0.2534370143919371,-0.030207361922011178,0.00046784431384477854,0.00022698274758287118,8.93729534823251e-15,-5.551115123125783e-15
2022-09-14,1,0.0027378507871321,3960,1.0059158709993632,3936.9814263393455,1.005846756986623,Call,SPXW,SPXW220914C03960000,13.45,0.3243,0.0364992080783356,0.9999000756072076,0.2810408221615121,13.450000000000273,2.7355895326763857e-13,0.0432591778384878,0.25016796058487495,-0.030872861576637156,0.25063273129765273,-0.03040809086385937,0.2508582308343503,-0.03018259132716178,0.25063273129766617,-0.030408090863845938,0.2506327312976622,-0.03040809086384988,0.0004647707127777845,0.00022549953669759315,1.3433698597964394e-14,9.492406860545088e-15
2022-09-14,1,0.0027378507871321,3965,1.0071859667960796,3936.9814263393455,1.007116765518172,Call,SPXW,SPXW220914C03965000,11.6,0.3217,0.0364992080783356,0.9999000756072076,0.2781468758099723,11.599999999999907,9.059419880941277e-14,0.0435531241900276,0.24739686954166362,-0.030750006268308705,0.247858583331788,-0.03028829247818432,0.2480826060140669,-0.03006426979590543,0.24785858333180852,-0.03028829247816381,0.24785858333180028,-0.030288292478172052,0.00046171379012438507,0.00022402268227889044,2.0511370379949767e-14,1.226796442210798e-14
2022-09-14,1,0.0027378507871321,3970,1.008456062592796,3936.9814263393455,1.0083867740497203,Call,SPXW,SPXW220914C03970000,10.0,0.3205,0.0364992080783356,0.9999000756072076,0.2763855256079504,10.0,0.0,0.0441144743920496,0.24466389514944514,-0.031721630458505234,0.24512255530393445,-0.031262970304015925,0.24534510230278792,-0.031040423305162462,0.24512255530394841,-0.031262970304001964,0.2451225553039368,-0.031262970304013565,0.00045866015448930986,0.0002225469988534623,1.3961054534661343e-14,2.3592239273284576e-15
2022-09-14,1,0.0027378507871321,3975,1.0097261583895123,3936.9814263393455,1.0096567825812692,Call,SPXW,SPXW220914C03975000,8.65,0.3208,0.0364992080783356,0.9999000756072076,0.27600425662037,8.649999999993838,6.162181875879469e-12,0.0447957433796299,0.24197776491690487,-0.03402649170346511,0.24243335932053386,-0.03357089729983612,0.24265442584361982,-0.03334983077675016,0.24243335932054047,-0.03357089729982951,0.24243335932053423,-0.033570897299835756,0.00045559440362899495,0.00022106652308595542,6.6058269965196814e-15,3.608224830031759e-16
2022-09-14,1,0.0027378507871321,3980,1.0109962541862287,3936.9814263393455,1.010926791112818,Call,SPXW,SPXW220914C03980000,7.3,0.3183,0.0364992080783356,0.9999000756072076,0.2733442731243656,7.299999999999727,2.7267077484793845e-13,0.0449557268756343,0.23934784668399245,-0.03399642644037315,0.23980034632375344,-0.03354392680061216,0.24001992105799713,-0.03332435206636847,0.2398003463237767,-0.0335439268005889,0.23980034632375466,-0.03354392680061094,0.0004524996397609893,0.00021957473424369378,2.325917236589703e-14,1.2212453270876722e-15
2022-09-14,1,0.0027378507871321,3985,1.0122663499829452,3936.9814263393455,1.0121967996443668,Call,SPXW,SPXW220914C03985000,6.15,0.3168,0.0364992080783356,0.9999000756072076,0.2715009371584985,6.149999999999977,2.3092638912203256e-14,0.0452990628415014,0.23678400733846938,-0.03471692982002911,0.2372333656258697,-0.0342675715326288,0.23745143052729564,-0.03404950663120285,0.2372333656258811,-0.03426757153261739,0.23723336562587213,-0.034267571532626356,0.0004493582874003088,0.0002180649014259517,1.1407541578023483e-14,2.4424906541753444e-15
2022-09-14,1,0.0027378507871321,3990,1.0135364457796614,3936.9814263393455,1.0134668081759155,Call,SPXW,SPXW220914C03990000,5.15,0.3155,0.0364992080783356,0.9999000756072076,0.2698860673591935,5.150000000000205,2.042810365310288e-13,0.0456139326408064,0.23429641597411746,-0.035589651385076054,0.23474256921147355,-0.03514349814771997,0.23495909977141624,-0.034926967587777275,0.23474256921148845,-0.035143498147705066,0.23474256921146908,-0.03514349814772444,0.0004461532373560839,0.00021653055994269588,1.4904744105592727e-14,-4.468647674116255e-15
2022-09-16,3,0.007472051106548,3845,0.9767036676748868,3937.4495750257634,0.9765204421633366,Put,SPX,SPX220916P03845000,9.15,0.3146,0.0365116026519631,0.9997272206500564,0.2921671571131902,9.14999999999975,2.504663143554353e-13,0.0224328428868097,0.2996890818809139,0.007521924767723731,0.3001951347860298,0.008027977672839637,0.30044021366402085,0.00827305655083066,0.3001951347860298,0.008027977672839637,0.3001951347860298,0.008027977672839637,0.0005060529051159057,0.0002450788779910229,0.0,0.0
2022-09-16,3,0.007472051106548,3885,0.9868644340486176,3937.4495750257634,0.9866793024199122,Put,SPX,SPX220916P03885000,16.55,0.2966,0.0365116026519631,0.9997272206500564,0.2744661898658987,16.550000000033606,3.360511868777394e-11,0.0221338101341012,0.2828287295397059,0.008362539673807179,0.2833129058182318,0.008846715952333106,0.2835477096496186,0.009081519783719905,0.2833129058182318,0.008846715952333106,0.283312905818241,0.008846715952342266,0.00048417627852592737,0.0002348038313867984,0.0,9.159339953157541e-15
2022-09-16,3,0.007472051106548,3925,0.9970252004223488,3937.4495750257634,0.9968381626764878,Put,SPX,SPX220916P03925000,29.2,0.2814,0.0365116026519631,0.9997272206500564,0.2587813690153562,29.199999999999815,1.8118839761882557e-13,0.0226186309846437,0.2654748808008573,0.006693511785501094,0.2659390225907649,0.007157653575408707,0.2661642368840382,0.007382867868681975,0.2659390225907731,0.007157653575416922,0.26593902259077873,0.007157653575422529,0.0004641417899076128,0.00022521429327326814,8.215650382226158e-15,1.3822276656583199e-14
2022-09-16,3,0.007472051106548,3965,1.0071859667960796,3937.4495750257634,1.0069970229330636,Call,SPX,SPX220916C03965000,23.2,0.2696,0.0365116026519631,0.9997272206500564,0.258951855253997,23.200000000000045,4.618527782440651e-14,0.0106481447460029,0.24814090191307045,-0.010810953340926549,0.24858706404650746,-0.010364791207489538,0.2488034949498786,-0.010148360304118392,0.24858706404651176,-0.010364791207485236,0.24858706404650724,-0.01036479120748976,0.0004461621334370114,0.00021643090337114534,4.3021142204224816e-15,-2.220446049250313e-16
2022-09-16,3,0.007472051106548,4005,1.0173467331698105,3937.4495750257634,1.0171558831896392,Call,SPX,SPX220916C04005000,10.55,0.2612,0.0365116026519631,0.9997272206500564,0.2500172605140382,10.550000000000182,1.8118839761882557e-13,0.0111827394859617,0.23205693228684007,-0.017960328227198147,0.2324857131832087,-0.01753154733082951,0.23269363743578153,-0.01732362307825669,0.23248571318321518,-0.017531547330823044,0.23248571318321737,-0.01753154733082085,0.0004287808963686357,0.000207924252572822,6.467049118441537e-15,8.659739592076221e-15
2022-09-16,3,0.0082135523613963,3565,0.9055783030587702,3937.522946229548,0.9053915491244908,Put,SPXW,SPXW220916P03565000,0.825,0.5304,0.0365135381688637,0.9997001391096164,0.4983310003066291,0.8250000000000668,6.683542608243442e-14,0.0320689996933708,0.3981113879961702,-0.1002196123104589,0.3987790625816691,-0.09955193772495996,0.39909715864775086,-0.09923384165887822,0.39877906258093204,-0.09955193772569704,0.3987790625815247,-0.0995519377251044,0.0006676745854989341,0.0003180960660817411,-7.370770660486414e-13,-1.4444001550373287e-13
2022-09-16,3,0.0082135523613963,3620,0.9195493568226504,3937.522946229548,0.9193597216916288,Put,SPXW,SPXW220916P03620000,1.125,0.4803,0.0365135381688637,0.9997001391096164,0.4511477059089115,1.125000000000071,7.105427357601003e-14,0.0291522940910884,0.38031546683809897,-0.07083223907081254,0.38094981454808496,-0.07019789136082655,0.3812531098206317,-0.0698945960882798,0.38094981454782506,-0.07019789136108645,0.380949814547957,-0.0701978913609545,0.000634347709985994,0.00030329527254674415,-2.5990321006474915e-13,-1.279532035880493e-13
2022-09-16,3,0.0082135523613963,3665,0.9309802189930976,3937.522946229548,0.9307882265192872,Put,SPXW,SPXW220916P03665000,1.525,0.4407,0.0365135381688637,0.9997001391096164,0.4138591404968811,1.5249999999999346,6.52811138479592e-14,0.0268408595031188,0.36520842882166876,-0.048650711675212344,0.36581557387877633,-0.04804356661810477,0.3661067134846145,-0.04775242701226662,0.3658155738785652,-0.04804356661831588,0.3658155738787094,-0.04804356661817172,0.000607145057107572,0.00029113960583815324,-2.1110890813247352e-13,-6.694644838489694e-14
2022-09-16,3,0.0082135523613963,3695,0.9386007937733958,3937.522946229548,0.9384072297377264,Put,SPXW,SPXW220916P03695000,1.925,0.4152,0.0365135381688637,0.9997001391096164,0.3897925435274851,1.9250000000000969,9.658940314238863e-14,0.0254074564725148,0.35482802073412956,-0.034964522793355546,0.355417108436202,-0.0343754350912831,0.35570013435872055,-0.03409240916876455,0.3554171084360669,-0.034375435091418216,0.35541710843613256,-0.034375435091352546,0.0005890877020724439,0.00028302592251855385,-1.3511414209688155e-13,-6.944445019030354e-14
2022-09-16,3,0.0082135523613963,3725,0.946221368553694,3937.522946229548,0.9460262329561652,Put,SPXW,SPXW220916P03725000,2.55,0.3921,0.0365135381688637,0.9997001391096164,0.3680041363767695,2.549999999999983,1.6875389974302383e-14,0.0240958636232304,0.34417476917617723,-0.023829367200592255,0.34474590217726725,-0.023258234199502237,0.3450208215332473,-0.022983314843522173,0.34474590217717477,-0.02325823419959472,0.34474590217720014,-0.02325823419956935,0.0005711330010900184,0.00027491935598006334,-9.248157795127554e-14,-6.711298183859071e-14
2022-09-16,3,0.0082135523613963,3755,0.9538419433339922,3937.522946229548,0.953645236174604,Put,SPXW,SPXW220916P03755000,3.55,0.3719,0.0365135381688637,0.9997001391096164,0.3488239559839663,3.550000000000068,6.838973831690964e-14,0.0230760440160336,0.3332254537561752,-0.015598502227791133,0.3337787964858277,-0.015045159498138616,0.33404563670770465,-0.014778319276261664,0.3337787964857696,-0.015045159498196736,0.33377879648579295,-0.015045159498173366,0.0005533427296525173,0.00026684022187695167,-5.812017533912694e-14,-3.47499806707674e-14
2022-09-16,3,0.0082135523613963,3790,0.9627326139110068,3937.522946229548,0.9625340732627828,Put,SPXW,SPXW220916P03790000,5.45,0.3508,0.0365135381688637,0.9997001391096164,0.3288182095128314,5.450000000004593,4.592770608269348e-12,0.0219817904871685,0.3200464574860422,-0.008771752026789204,0.32057935608323407,-0.008238853429597348,0.3208368460135938,-0.007981363499237615,0.3205793560832032,-0.008238853429628212,0.3205793560832265,-0.008238853429604898,0.0005328985971918554,0.00025748993035973333,-3.086420008457935e-14,-7.549516567451064e-15
2022-09-16,3,0.0082135523613963,3815,0.9690830928945886,3937.522946229548,0.9688832426114818,Put,SPXW,SPXW220916P03815000,7.55,0.3373,0.0365135381688637,0.9997001391096164,0.3159102736694359,7.549999999999613,3.8635761256955453e-13,0.021389726330564,0.3103493949941917,-0.005560878675244241,0.3108679887362039,-0.005042284933232,0.3111188863690072,-0.004791387300428718,0.31086798873618066,-0.005042284933255259,0.31086798873620014,-0.005042284933235774,0.0005185937420122411,0.0002508976328032819,-2.325917236589703e-14,-3.774758283725532e-15
2022-09-16,3,0.0082135523613963,3835,0.974163476081454,3937.522946229548,0.9739625780904412,Put,SPXW,SPXW220916P03835000,10.0,0.329,0.0365135381688637,0.9997001391096164,0.3078009328738318,9.999999999999773,2.273736754432321e-13,0.0211990671261681,0.302416080415579,-0.00538485245825282,0.3029234784312633,-0.004877454442568485,0.30316918101924256,-0.00463175185458925,0.3029234784312458,-0.004877454442586027,0.30292347843125556,-0.004877454442576257,0.000507398015684335,0.00024570258797923517,-1.7541523789077473e-14,-7.771561172376096e-15
2022-09-16,3,0.0082135523613963,3860,0.980513955065036,3937.522946229548,0.9803117474391404,Put,SPXW,SPXW220916P03860000,14.15,0.3191,0.0365135381688637,0.9997001391096164,0.2981280672935799,14.149999999999864,1.3677947663381929e-13,0.02097193270642,0.29228108535532005,-0.005846981938259832,0.29277488890897446,-0.005353178384605417,0.29301423469490967,-0.005113832598670209,0.29277488890895476,-0.0053531783846251235,0.29277488890895825,-0.005353178384621626,0.000493803553654415,0.00023934578593520772,-1.970645868709653e-14,-1.6209256159527285e-14
2022-09-16,3,0.0082135523613963,3875,0.984324242455185,3937.522946229548,0.9841212490483596,Put,SPXW,SPXW220916P03875000,17.450000000000003,0.3143,0.0365135381688637,0.9997001391096164,0.2933342487871991,17.450000000000273,2.700062395888381e-13,0.0209657512128008,0.2860891195943522,-0.007245129192846922,0.2865750315709825,-0.006759217216216584,0.28681065732550937,-0.006523591461689737,0.28657503157096714,-0.006759217216231961,0.28657503157097836,-0.0067592172162207476,0.0004859119766303377,0.00023562575452684698,-1.5376588891058418e-14,-4.163336342344337e-15
2022-09-16,3,0.0082135523613963,3900,0.9906747214387668,3937.522946229548,0.9904704183970588,Put,SPXW,SPXW220916P03900000,24.450000000000003,0.3069,0.0365135381688637,0.9997001391096164,0.285729639051167,24.450000000041427,4.142464149481384e-11,0.021170360948833,0.27560923799517323,-0.010120401055993766,0.2760825313589768,-0.009647107692190182,0.27631215546857013,-0.009417483582596864,0.27608253135896077,-0.009647107692206225,0.27608253135897914,-0.00964710769218785,0.0004732933638035841,0.00022962410959331825,-1.6042722705833512e-14,2.3314683517128287e-15
2022-09-16,3,0.0082135523613963,3915,0.994485008828916,3937.522946229548,0.9942799200062784,Put,SPXW,SPXW220916P03915000,29.65,0.3026,0.0365135381688637,0.9997001391096164,0.2811737988280595,29.649999999999864,1.3500311979441906e-13,0.0214262011719404,0.269249378119504,-0.011924420708555483,0.26971546730136153,-0.011458331526697951,0.26994162940963007,-0.011232169418429416,0.26971546730135226,-0.011458331526707222,0.2697154673013564,-0.011458331526703058,0.0004660891818575319,0.000226162108268535,-9.270362255620057e-15,-5.10702591327572e-15
2022-09-16,3,0.0082135523613963,3940,1.000835487812498,3937.522946229548,1.0006290893549774,Call,SPXW,SPXW220916C03940000,39.35,0.2948,0.0365135381688637,0.9997001391096164,0.2850215486531151,39.34999999999991,9.237055564881302e-14,0.0097784513468848,0.2586118558590747,-0.026409692794040374,0.259066587421505,-0.025954961231610063,0.25928723430584094,-0.025734314347274134,0.25906658742149535,-0.025954961231619722,0.25906658742149974,-0.025954961231615337,0.00045473156243031054,0.00022064688433592883,-9.658940314238862e-15,-5.2735593669694936e-15
2022-09-16,3,0.0082135523613963,3955,1.004645775202647,3937.522946229548,1.0044385909641969,Call,SPXW,SPXW220916C03955000,31.85,0.2906,0.0365135381688637,0.9997001391096164,0.2802993858608832,31.85000000000082,8.171241461241152e-13,0.0103006141391167,0.25227349312989206,-0.028025892730991153,0.2527217744341349,-0.027577611426748305,0.2529392574640256,-0.027360128396857586,0.25272177443412375,-0.027577611426759463,0.2527217744341396,-0.027577611426743587,0.00044828130424284796,0.00021748302989071933,-1.1157741397482823e-14,4.718447854656915e-15
2022-09-16,3,0.0082135523613963,3980,1.0109962541862287,3937.522946229548,1.010787760312896,Call,SPXW,SPXW220916C03980000,21.6,0.2851,0.0365135381688637,0.9997001391096164,0.2741769129123898,21.59999999999991,9.237055564881302e-14,0.0109230870876101,0.24198117710580308,-0.032195735806586745,0.24241907596201726,-0.03175783695037257,0.24263144274217965,-0.03154547017021017,0.2424190759620051,-0.03175783695038473,0.2424190759620195,-0.03175783695037032,0.000437898856214175,0.00021236678016239852,-1.2156942119645464e-14,2.248201624865942e-15
2022-09-16,3,0.0082135523613963,3995,1.0148065415763778,3937.522946229548,1.0145972619221153,Call,SPXW,SPXW220916C03995000,16.75,0.2827,0.0365135381688637,0.9997001391096164,0.271478875570012,16.749999999999545,4.547473508864641e-13,0.0112211244299879,0.2361071724757245,-0.0353717030942875,0.23653882932156348,-0.034940046248448514,0.23674813135633963,-0.034730744213672365,0.2365388293215478,-0.034940046248464196,0.23653882932154785,-0.03494004624846414,0.00043165684583898467,0.00020930203477614873,-1.5681900222830336e-14,-1.5626389071599078e-14
2022-09-16,3,0.0082135523613963,4020,1.0211570205599596,3937.522946229548,1.0209464312708143,Call,SPXW,SPXW220916C04020000,10.55,0.2796,0.0365135381688637,0.9997001391096164,0.2679331902470094,10.549999999999956,4.618527782440651e-14,0.0116668097529905,0.22715059090316872,-0.04078259934384068,0.227571202573523,-0.040361987673486394,0.22777517343065798,-0.04015801681635142,0.22757120257351166,-0.040361987673497746,0.2275712025735038,-0.0403619876735056,0.00042061167035428726,0.00020397085713497187,-1.1352030426792226e-14,-1.9206858326015208e-14
2022-09-16,3,0.0082135523613963,4045,1.0275074995435416,3937.522946229548,1.0272956006195135,Call,SPXW,SPXW220916C04045000,6.35,0.2778,0.0365135381688637,0.9997001391096164,0.2656151038850872,6.349999999999454,5.453415496958769e-13,0.0121848961149127,0.2196485474821981,-0.0459665564028891,0.22005678411625348,-0.045558319768833705,0.22025496139397294,-0.04536014249111425,0.22005678411623994,-0.04555831976884725,0.220056784116232,-0.04555831976885519,0.0004082366340553978,0.00019817727771945237,-1.354472090042691e-14,-2.148281552649678e-14
2022-09-16,3,0.0082135523613963,4080,1.036398170120556,3937.522946229548,1.0361844377076923,Call,SPXW,SPXW220916C04080000,3.05,0.2799,0.0365135381688637,0.9997001391096164,0.267025342857053,3.0499999999999545,4.5297099404706393e-14,0.0128746571429469,0.21214954008028117,-0.054875802776771815,0.21253902278964285,-0.05448632006741014,0.21272871289254205,-0.05429662996451093,0.21253902278960293,-0.05448632006745005,0.21253902278963493,-0.05448632006741805,0.00038948270936167706,0.0001896901028992093,-3.991251773527438e-14,-7.91033905045424e-15
2022-09-20,7,0.0191649555099247,3720,0.9449512727569775,3938.608044430406,0.9444961158956804,Put,SPXW,SPXW220920P03720000,5.25,0.297,0.036541941945302,0.9992999204784726,0.2885811413740663,5.250000000016257,1.6257217794191092e-11,0.0084188586259336,0.3261745251818148,0.03759338380774846,0.3266877562119053,0.038106614837839003,0.3269361321346077,0.038354990760541385,0.3266877562119215,0.03810661483785516,0.32668775621414653,0.03810661484008021,0.000513231030090544,0.00024837592270238185,1.6153745008296028e-14,2.2412072198108035e-12
2022-09-20,7,0.0191649555099247,3735,0.9487615601471266,3938.608044430406,0.9483045679759048,Put,SPXW,SPXW220920P03735000,6.05,0.2909,0.036541941945302,0.9992999204784726,0.2826880809300119,6.050000000000864,8.64197602368222e-13,0.008211919069988,0.32164438677174806,0.03895630584173615,0.3221509965469064,0.03946291561689447,0.32239629280876064,0.039708211878748734,0.32215099654688495,0.03946291561687304,0.3221509965464098,0.039462915616397864,0.0005066097751583176,0.00024529626185426645,-2.142730437526552e-14,-4.966027589148325e-13
2022-09-20,7,0.0191649555099247,3750,0.9525718475372758,3938.608044430406,0.9521130200561294,Put,SPXW,SPXW220920P03750000,7.05,0.2857,0.036541941945302,0.9992999204784726,0.2775420915714505,7.049999999999898,1.021405182655144e-13,0.0081579084285494,0.3170650190987766,0.03952292752732611,0.31756505452615447,0.04002296295470398,0.3178072919072501,0.04026520033579961,0.3175650545261619,0.040022962954711416,0.31756505452668915,0.04002296295523866,0.0005000354273778651,0.00024223738109563353,7.438494264988549e-15,5.346834086594754e-13
2022-09-20,7,0.0191649555099247,3770,0.9576522307241412,3938.608044430406,0.9571909561630956,Put,SPXW,SPXW220920P03770000,8.7,0.2792,0.036541941945302,0.9992999204784726,0.2711702360005962,8.700000000006753,6.753708703399752e-12,0.0080297639994037,0.3108811187288716,0.03971088272827539,0.31137249896337965,0.04020226296278345,0.3116106963567475,0.04044046035615129,0.3113724989633611,0.04020226296276491,0.3113724989641061,0.04020226296350993,0.0004913802345080653,0.00023819739336783385,-1.8540724511240114e-14,7.264744361634712e-13
2022-09-20,7,0.0191649555099247,3785,0.9614625181142904,3938.608044430406,0.96099940824332,Put,SPXW,SPXW220920P03785000,10.15,0.2741,0.036541941945302,0.9992999204784726,0.2661334821277072,10.150000000002253,2.2506441155201173e-12,0.0079665178722927,0.30618389139736946,0.040050409269662246,0.30666890104103744,0.040535418913330235,0.30690410267459795,0.040770620546890735,0.30666890104104133,0.04053541891333412,0.30666890104037353,0.04053541891266632,0.0004850096436679885,0.00023520163356050006,3.885780586188048e-15,-6.639133687258436e-13
2022-09-20,7,0.0191649555099247,3800,0.9652728055044396,3938.608044430406,0.9648078603235444,Put,SPXW,SPXW220920P03800000,12.0,0.2702,0.036541941945302,0.9992999204784726,0.2623320082759094,12.000000000000796,7.958078640513122e-13,0.0078679917240905,0.30143568924383174,0.03910368096792233,0.3019144354365391,0.03958242716062971,0.30214667585559074,0.03981466757968133,0.30191443543654006,0.03958242716063065,0.30191443543815255,0.03958242716224314,0.00047874619270737995,0.0002322404190516214,9.43689570931383e-16,1.6134316105365087e-12
2022-09-20,7,0.0191649555099247,3815,0.9690830928945886,3938.608044430406,0.968616312403769,Put,SPXW,SPXW220920P03815000,14.1,0.2663,0.036541941945302,0.9992999204784726,0.2581474271893216,14.099999999993088,6.911804462106375e-12,0.0081525728106783,0.29663696756476654,0.03848954037544494,0.29710954871722717,0.03896212152790557,0.2973388677710253,0.03919144058170371,0.2971095487172118,0.03896212152789019,0.29710954871730005,0.038962121527978455,0.00047258115246062715,0.00022931905379813822,-1.5376588891058418e-14,7.288614156664153e-14
2022-09-20,7,0.0191649555099247,3830,0.9728933802847376,3938.608044430406,0.9724247644839936,Put,SPXW,SPXW220920P03830000,16.700000000000003,0.2628,0.036541941945302,0.9992999204784726,0.2550078041403761,16.700000000000045,4.263256414560601e-14,0.0077921958596238,0.29178887611559867,0.03678107197522257,0.29225540470615313,0.03724760056577703,0.2924818480728319,0.03747404393245579,0.29225540470616584,0.03724760056578974,0.2922554047058117,0.03724760056543558,0.0004665285905544603,0.00022644336667876352,1.2712053631958042e-14,-3.414490912234669e-13
2022-09-20,7,0.0191649555099247,3850,0.9779737634716033,3938.608044430406,0.9775027005909596,Put,SPXW,SPXW220920P03850000,20.75,0.2583,0.036541941945302,0.9992999204784726,0.250487923848484,20.749999999997044,2.9558577807620168e-12,0.0078120761515159,0.28525171564842805,0.034763791799944044,0.2857104078510901,0.03522248400260608,0.28593309900897523,0.03544517516049123,0.2857104078510754,0.03522248400259137,0.28571040785232266,0.03522248400383865,0.0004586922026620366,0.00022269115788514648,-1.4710455076283324e-14,1.2325696019388488e-12
2022-09-20,7,0.0191649555099247,3865,0.9817840508617522,3938.608044430406,0.981311152671184,Put,SPXW,SPXW220920P03865000,24.35,0.2549,0.036541941945302,0.9992999204784726,0.2472549851477253,24.35000000000832,8.320455435750773e-12,0.0076450148522747,0.2802987084525543,0.03304372330482899,0.28075172383433133,0.03349673868660605,0.2809716710664721,0.0337166859187468,0.280751723834345,0.033496738686619704,0.2807517238335054,0.0334967386857801,0.00045301538177705547,0.00021994723214074918,1.3655743202889425e-14,-8.259504191698852e-13
2022-09-20,7,0.0191649555099247,3880,0.9855943382519012,3938.608044430406,0.9851196047514086,Put,SPXW,SPXW220920P03880000,28.4,0.2522,0.036541941945302,0.9992999204784726,0.2436987900222605,28.39999999999964,3.623767952376511e-13,0.0085012099777394,0.2753087695133677,0.03160997949110719,0.2757562763290978,0.03205748630683733,0.2759735473458521,0.03227475732359161,0.2757562763290788,0.03205748630681829,0.2757562763299274,0.03205748630766689,0.0004475068157301365,0.0002172710167542835,-1.9040324872321435e-14,8.29558643999917e-13
2022-09-20,7,0.0191649555099247,3895,0.9894046256420505,3938.608044430406,0.9889280568316332,Put,SPXW,SPXW220920P03895000,33.150000000000006,0.2489,0.036541941945302,0.9992999204784726,0.2408577964298952,33.14999999999873,1.2789769243681805e-12,0.0080422035701048,0.2702897227648309,0.029431926334935687,0.27073189265870357,0.029874096228808378,0.2709465614674842,0.030088765037589005,0.2707318926587149,0.029874096228819702,0.27073189265961645,0.02987409622972126,0.00044216989387269034,0.000214668808780627,1.1324274851176597e-14,9.12880881998035e-13
2022-09-20,7,0.0191649555099247,3910,0.9932149130321996,3938.608044430406,0.9927365089118576,Put,SPXW,SPXW220920P03910000,38.5,0.2461,0.036541941945302,0.9992999204784726,0.2379687251350418,38.49999999995043,4.956746124662459e-11,0.0081312748649581,0.26525221126300236,0.027283486127960555,0.2656892407814476,0.02772051564640582,0.2659013865189153,0.027932661383873514,0.26568924078143874,0.027720515646396937,0.26568924078049216,0.02772051564545036,0.0004370295184452644,0.00021214573746769494,-8.881784197001252e-15,-9.554579349924097e-13
2022-09-20,7,0.0191649555099247,3930,0.998295296219065,3938.608044430406,0.9978144450188235,Put,SPXW,SPXW220920P03930000,46.4,0.2418,0.036541941945302,0.9992999204784726,0.2329753593228473,46.39999999999986,1.3500311979441906e-13,0.0088246406771526,0.2585319474903432,0.025556588167495897,0.2589624626144196,0.025987103291572278,0.2591713719824666,0.026196012659619294,0.2589624626144311,0.025987103291583824,0.2589624626160562,0.025987103293208913,0.0004305151240763805,0.00020890936804701665,1.1546319456101628e-14,1.6366352717511745e-12
2022-09-20,7,0.0191649555099247,3945,1.002105583609214,3938.608044430406,1.0016228970990482,Call,SPXW,SPXW220920C03945000,47.95,0.237,0.036541941945302,0.9992999204784726,0.2348101571561134,47.94999999998322,1.6783019418653566e-11,0.0021898428438865,0.2535142092486919,0.0187040520925785,0.2539400713295943,0.019129914173480894,0.2541466474259724,0.019336490269859036,0.2539400713295921,0.01912991417347873,0.2539400713291719,0.01912991417305851,0.00042586208090239497,0.00020657609637814156,-2.1649348980190553e-15,-4.223843497186408e-13
2022-09-20,7,0.0191649555099247,3960,1.0059158709993632,3938.608044430406,1.0054313491792726,Call,SPXW,SPXW220920C03960000,40.5,0.2339,0.036541941945302,0.9992999204784726,0.2315632938797517,40.500000000000455,4.547473508864641e-13,0.0023367061202483,0.2485436948620767,0.016980400982325006,0.24896505660198,0.01740176272222832,0.2491693718012018,0.01760607792145011,0.24896505660197576,0.017401762722224073,0.24896505660168305,0.017401762721931363,0.00042136173990331427,0.00020431519922178842,-4.246603069191224e-15,-2.9695690351161375e-13
2022-09-20,7,0.0191649555099247,3975,1.0097261583895123,3938.608044430406,1.0092398012594972,Call,SPXW,SPXW220920C03975000,33.8,0.231,0.036541941945302,0.9992999204784726,0.2284633377917626,33.799999999999955,4.263256414560601e-14,0.0025366622082373,0.24365211975534679,0.015188781963584197,0.24406909689703674,0.015605759105274147,0.244271208189066,0.015807870397303414,0.24406909689704995,0.015605759105287359,0.24406909689890913,0.015605759107146538,0.00041697714168995037,0.0002021112920292667,1.3211653993039363e-14,1.8723911310303265e-12
2022-09-20,7,0.0191649555099247,3995,1.0148065415763778,3938.608044430406,1.0143177373664631,Call,SPXW,SPXW220920C03995000,26.15,0.2279,0.036541941945302,0.9992999204784726,0.22513742034107,26.149999999999864,1.3500311979441906e-13,0.0027625796589299,0.23731958587787447,0.012182165536804457,0.2377308250598635,0.0125934047187935,0.2379300436060967,0.012792623265026698,0.23773082505984763,0.012593404718777623,0.23773082505841336,0.012593404717343354,0.00041123918198904263,0.00019921854623319857,-1.587618925213974e-14,-1.4501455591897638e-12
2022-09-20,7,0.0191649555099247,4010,1.018616828966527,3938.608044430406,1.0181261894466878,Call,SPXW,SPXW220920C04010000,21.25,0.2257,0.036541941945302,0.9992999204784726,0.2227626561558175,21.25,0.0,0.0029373438441824,0.2327707895513557,0.010008133395538188,0.2331776926398799,0.01041503648406239,0.2333747323622436,0.010612076206426097,0.2331776926398989,0.010415036484081402,0.23317769264131044,0.01041503648549294,0.000406903088524202,0.0001970397223637066,1.9012569296705806e-14,1.4305501228051298e-12
2022-09-20,7,0.0191649555099247,4025,1.022427116356676,3938.608044430406,1.0219346415269122,Call,SPXW,SPXW220920C04025000,17.1,0.224,0.036541941945302,0.9992999204784726,0.2208691313101342,17.09999999999991,9.237055564881302e-14,0.0031308686898657,0.22844921904181625,0.007580087731682061,0.22885160942173194,0.007982478111597746,0.2290464193172552,0.008177288007121003,0.2288516094216998,0.007982478111565605,0.2288516094228904,0.007982478112756208,0.0004023903799156847,0.0001948098955232569,-3.214095656289828e-14,1.1584622150451196e-12
2022-09-20,7,0.0191649555099247,4040,1.0262374037468251,3938.608044430406,1.0257430936071368,Call,SPXW,SPXW220920C04040000,13.6,0.2224,0.036541941945302,0.9992999204784726,0.2191954328067123,13.599999999999568,4.316547119742609e-13,0.0032045671932876,0.2244059650293128,0.0052105322226004835,0.22480355249020464,0.005608119683492341,0.2249960453103572,0.005800612503644886,0.2248035524902272,0.005608119683514906,0.22480355248825815,0.005608119681545842,0.00039758746089185726,0.00019249282015254554,2.2565282975506307e-14,-1.9464985179240557e-12
2022-09-20,7,0.0191649555099247,4055,1.0300476911369745,3938.608044430406,1.0295515456873612,Call,SPXW,SPXW220920C04055000,10.7,0.2211,0.036541941945302,0.9992999204784726,0.2177981643428942,10.699999999999818,1.8118839761882557e-13,0.0033018356571057,0.2206890164413126,0.0028908520984184116,0.22108147089698,0.003283306554085791,0.2212715352442933,0.0034733709013990977,0.22108147089696414,0.0032833065540699424,0.22108147089946067,0.003283306556566473,0.00039245445566737924,0.0001900643473133068,-1.584843367652411e-14,2.4806823262224498e-12
2022-09-20,7,0.0191649555099247,4075,1.0351280743238398,3938.608044430406,1.0346294817943271,Call,SPXW,SPXW220920C04075000,7.7,0.2203,0.036541941945302,0.9992999204784726,0.2167925052556561,7.700000000000728,7.274181257344027e-13,0.0035074947443438,0.21630876401978277,-0.0004837412358733306,0.21669389106651332,-9.861418914278164e-05,0.2168805423856132,8.80371299570859e-05,0.21669389106653103,-9.861418912507358e-05,0.2166938910653187,-9.861419033740937e-05,0.000385127046730549,0.00018665131909986754,1.7708057242771247e-14,-1.194627730072284e-12
2022-09-20,7,0.0191649555099247,4090,1.038938361713989,3938.608044430406,1.0384379338745515,Call,SPXW,SPXW220920C04090000,5.95,0.2199,0.036541941945302,0.9992999204784726,0.216258688836592,5.9500000000003865,3.8635761256955453e-13,0.0036413111634079,0.21348944763213115,-0.0027692412044608428,0.21386875309567513,-0.0023899357409168653,0.21405274802854937,-0.0022059408080426224,0.21386875309566528,-0.0023899357409267186,0.21386875309465733,-0.0023899357419346623,0.00037930546354397743,0.00018399493287424296,-9.853229343548264e-15,-1.0177969578251123e-12
2022-09-20,7,0.0191649555099247,4110,1.0440187449008542,3938.608044430406,1.043515869981518,Call,SPXW,SPXW220920C04110000,4.2,0.2201,0.036541941945302,0.9992999204784726,0.2163011700585539,4.199999999993793,6.207478975284175e-12,0.003798829941446,0.21036941142314677,-0.005931758635407125,0.21074066359738955,-0.0055605064611643495,0.21092108703437298,-0.005380083024180915,0.21074066359741728,-0.005560506461136622,0.21074066360159627,-0.005560506456957631,0.00037125217424277546,0.00018042343698343455,2.7727820040013285e-14,4.206718307031565e-12
2022-09-28,15,0.0410677618069815,3450,0.8763660997342937,3940.786328360648,0.8754597972418329,Put,SPXW,SPXW220928P03450000,4.2,0.3748,0.0365977324873474,0.9984981419587812,0.3699108902010517,4.200000000018264,1.8263612844293675e-11,0.0048891097989482,0.3727627327177449,0.0028518425166931816,0.3733083694011437,0.0033974792000919796,0.3735716075015135,0.003660717300461802,0.37330836939691975,0.003397479195868025,0.37330836943182144,0.0033974792307697177,0.000545636683398798,0.00026323810036982254,-4.2239545194888706e-12,3.067773812759356e-11
2022-09-28,15,0.0410677618069815,3625,0.9208194526193666,3940.786328360648,0.919867178261346,Put,SPXW,SPXW220928P03625000,10.65,0.318,0.0365977324873474,0.9984981419587812,0.3140831368014382,10.649999999999864,1.3677947663381929e-13,0.0039168631985617,0.33238416463544396,0.01830102783400578,0.33286818487088754,0.01878504806944936,0.3331028235497143,0.019019686748276143,0.3328681848711977,0.018785048069759502,0.3328681848641945,0.018785048062756327,0.00048402023544358297,0.0002346386788267818,3.101408019290375e-13,-6.6930350151039875e-12
2022-09-28,15,0.0410677618069815,3690,0.9373306979766792,3940.786328360648,0.9363613483543082,Put,SPXW,SPXW220928P03690000,15.85,0.3,0.0365977324873474,0.9984981419587812,0.2963733697476687,15.850000000000476,4.778399897986674e-13,0.0036266302523312,0.31652045813329827,0.020147088385629564,0.31698268769853,0.020609317950861294,0.31720708940953063,0.020833719661861927,0.316982687699023,0.02060931795135429,0.31698268770589,0.020609317958221296,0.000462229565231731,0.00022440171100063244,4.929945340848008e-13,7.36000149714755e-12
2022-09-28,15,0.0410677618069815,3725,0.946221368553694,3940.786328360648,0.9452428245582108,Put,SPXW,SPXW220928P03725000,19.9,0.2917,0.0365977324873474,0.9984981419587812,0.2881271218379863,19.900000000000205,2.0605739337042905e-13,0.0035728781620136,0.30775934342940664,0.019632221591420362,0.3082103621201347,0.020083240282148418,0.30842940012198566,0.020302278283999386,0.3082103621196875,0.02008324028170122,0.30821036206078245,0.020083240222796173,0.00045101869072805556,0.00021903800185096856,-4.4719783431901305e-13,-5.935224534070471e-11
2022-09-28,15,0.0410677618069815,3755,0.9538419433339922,3940.786328360648,0.9528555184472705,Put,SPXW,SPXW220928P03755000,24.200000000000003,0.2848,0.0365977324873474,0.9984981419587812,0.2813114937991278,24.20000000000016,1.5631940186722204e-13,0.0034885062008721,0.3001257079055481,0.018814214106420313,0.30056718676408195,0.019255692964954163,0.30078173610969955,0.01947024231057176,0.3005671867629518,0.01925569296382401,0.3005671867764677,0.019255692977339922,0.00044147885853385027,0.00021454934561759842,-1.130151527917178e-12,1.2385759085020709e-11
2022-09-28,15,0.0410677618069815,3775,0.9589223265208576,3940.786328360648,0.9579306477066432,Put,SPXW,SPXW220928P03775000,27.65,0.2807,0.0365977324873474,0.9984981419587812,0.277254460469703,27.65000000000009,9.237055564881302e-14,0.0034455395302969,0.29497366611592274,0.01771920564621976,0.2954090699096804,0.01815460943997743,0.2956206934362892,0.018366232966586238,0.29540906990872673,0.01815460943902375,0.29540906992182403,0.01815460945212105,0.0004354037937576716,0.00021162352660880623,-9.536815781530095e-13,1.2143619443349962e-11
2022-09-28,15,0.0410677618069815,3795,0.9640027097077232,3940.786328360648,0.9630057769660162,Put,SPXW,SPXW220928P03795000,31.55,0.2766,0.0365977324873474,0.9984981419587812,0.2732381351381523,31.54999999996346,3.6539660186463146e-11,0.0033618648618476,0.2897730845381681,0.016534949400015764,0.2902026890395085,0.016964553901356205,0.2904114481454426,0.017173313007290303,0.29020268904028146,0.016964553902129142,0.29020268897365314,0.01696455383550083,0.0004296045013404415,0.00020875910593409763,7.72937269744034e-13,-6.585537670744657e-11
2022-09-28,15,0.0410677618069815,3820,0.9703531886913048,3940.786328360648,0.9693496885402324,Put,SPXW,SPXW220928P03820000,37.150000000000006,0.2717,0.0365977324873474,0.9984981419587812,0.2683567056541244,37.15000000005784,5.783817869087216e-11,0.0033432943458756,0.283208811523709,0.01485210586958463,0.28363137931437465,0.01527467366025026,0.28383665580853956,0.015479950154415167,0.2836313793126083,0.015274673658483895,0.28363137932891114,0.015274673674786743,0.0004225677906656289,0.00020527649416490767,-1.766364832178624e-12,1.4536483128324562e-11
2022-09-28,15,0.0410677618069815,3840,0.9754335718781704,3940.786328360648,0.9744248177996052,Put,SPXW,SPXW220928P03840000,42.3,0.268,0.0365977324873474,0.9984981419587812,0.2646657519458096,42.30000000000018,1.8474111129762605e-13,0.0033342480541903,0.27791230858305266,0.013246556637243057,0.2783293273187458,0.01366357537293622,0.278531905773125,0.013866153827315375,0.2783293273193665,0.013663575373556891,0.2783293273355843,0.013663575389774696,0.0004170187356931643,0.00020257845437915423,6.206701819166938e-13,1.6838475058733593e-11
2022-09-28,15,0.0410677618069815,3860,0.980513955065036,3940.786328360648,0.9794999470589782,Put,SPXW,SPXW220928P03860000,47.95,0.264,0.0365977324873474,0.9984981419587812,0.2606372018073914,47.95000000000027,2.700062395888381e-13,0.0033627981926085,0.2725830364698455,0.01194583466245408,0.27299467076464445,0.012357468957253037,0.27319463805473077,0.012557436247339349,0.2729946707642137,0.01235746895682227,0.2729946706987856,0.012357468891394163,0.0004116342947989571,0.00019996729008631142,-4.3076653355456074e-13,-6.585887390997414e-11
2022-09-28,15,0.0410677618069815,3880,0.9855943382519012,3940.786328360648,0.9845750763183512,Put,SPXW,SPXW220928P03880000,54.2,0.2598,0.0365977324873474,0.9984981419587812,0.2564851503369281,54.19999999999982,1.8474111129762605e-13,0.0033148496630718,0.26723049819332806,0.010745347856399967,0.2676370690311417,0.011151918694213614,0.2678345193406869,0.011349369003758825,0.26763706902970386,0.011151918692775764,0.26763706902150053,0.011151918684572437,0.0004065708378136468,0.0001974503095452107,-1.4378498391920402e-12,-9.64117674584486e-12
2022-09-28,15,0.0410677618069815,3900,0.9906747214387668,3940.786328360648,0.989650205577724,Put,SPXW,SPXW220928P03900000,61.2,0.2559,0.0365977324873474,0.9984981419587812,0.2525523672487706,61.20000000001141,1.1411316336307207e-11,0.0033476327512293,0.2618677111870132,0.00931534393824257,0.26226958711718984,0.009717219868419225,0.2624646204045287,0.00991225315575811,0.26226958711824644,0.009717219869475824,0.2622695871576158,0.009717219908845165,0.0004018759301766539,0.00019503328733888603,1.0565992525357615e-12,4.042594037301228e-11
2022-09-28,15,0.0410677618069815,3920,0.9957551046256324,3940.786328360648,0.9947253348370972,Put,SPXW,SPXW220928P03920000,68.8,0.2515,0.0365977324873474,0.9984981419587812,0.2482062886567888,68.79999999999973,2.700062395888381e-13,0.0032937113432111,0.25651208970071204,0.008305801043923255,0.2569095290481339,0.008703240391345124,0.25710224820892286,0.00889595955213407,0.25690952904695463,0.008703240390165845,0.2569095289946867,0.008703240337897933,0.0003974393474218685,0.00019271916078894558,-1.1792788967568413e-12,-5.344719111732843e-11
2022-09-28,15,0.0410677618069815,3940,1.000835487812498,3940.786328360648,0.99980046409647,Put,SPXW,SPXW220928P03940000,77.3,0.2476,0.0365977324873474,0.9984981419587812,0.2442715678392589,77.29999999999995,4.263256414560601e-14,0.003328432160741,0.25118624333451317,0.006914675495254263,0.2515793622646062,0.0073077944253472915,0.25176986859857015,0.007498300759311238,0.25157936226373806,0.007307794424479153,0.25157936222200417,0.0073077943827452585,0.00039311893009302823,0.00019050633396394678,-8.681388941056412e-13,-4.260203301242882e-11
2022-09-28,15,0.0410677618069815,3960,1.0059158709993632,3940.786328360648,1.0048755933558429,Call,SPXW,SPXW220928C03960000,67.6,0.2425,0.0365977324873474,0.9984981419587812,0.2408915464102022,67.60000000000014,1.4210854715202006e-13,0.0016084535897977,0.24591875750879738,0.005027211098595191,0.24630765341195732,0.005416107001755127,0.24649603994360125,0.005604493533399063,0.24630765341315128,0.005416107002949089,0.2463076534648001,0.005416107054597913,0.00038889590315993594,0.00018838653164393593,1.193961596257509e-12,5.2842785702722495e-11
2022-09-28,15,0.0410677618069815,3980,1.0109962541862287,3940.786328360648,1.009950722615216,Call,SPXW,SPXW220928C03980000,57.7,0.2383,0.0365977324873474,0.9984981419587812,0.2367160057486886,57.70000000001551,1.5504042494285386e-11,0.0015839942513113,0.24074498697976424,0.004028981231075646,0.2411298606397143,0.00441385489102572,0.2413162031705914,0.0046001974219028186,0.2411298606377755,0.00441385488908691,0.24112986061587693,0.004413854867188344,0.0003848736599500746,0.0001863425308770983,-1.9388102234785265e-12,-2.383737651712181e-11
2022-09-28,15,0.0410677618069815,4000,1.0160766373730945,3940.786328360648,1.015025851874589,Call,SPXW,SPXW220928C04000000,48.8,0.2346,0.0365977324873474,0.9984981419587812,0.2329905308292033,48.79999999999973,2.700062395888381e-13,0.0016094691707966,0.23570762259470757,0.002717091765504276,0.2360887264290525,0.003098195599849196,0.23627307282676407,0.003282541997560784,0.236088726428983,0.003098195599779696,0.23608872634956737,0.003098195520364083,0.00038110383434492023,0.00018434639771158778,-6.94999613415348e-14,-7.948511293598415e-11
2022-09-28,15,0.0410677618069815,4020,1.0211570205599596,3940.786328360648,1.020100981133962,Call,SPXW,SPXW220928C04020000,40.75,0.2309,0.0365977324873474,0.9984981419587812,0.2292049004970297,40.75,0.0,0.0016950995029702,0.23085648182991156,0.0016515813328818463,0.23123390779226516,0.0020290072952354465,0.23141626700478637,0.0022113665077566624,0.23123390779325334,0.0020290072962236283,0.23123390783554595,0.002029007338516242,0.00037742596235360026,0.0001823592125212159,9.881817586432362e-13,4.3280795614109024e-11
2022-09-28,15,0.0410677618069815,4045,1.0275074995435416,3940.786328360648,1.026444892708178,Call,SPXW,SPXW220928C04045000,32.05,0.2267,0.0365977324873474,0.9984981419587812,0.2249890928679078,32.050000000062255,6.225775450729998e-11,0.0017109071320921,0.22513902743671796,0.0001499345688101561,0.22551149670067358,0.0005224038327657776,0.2256913124415678,0.0007022195736599846,0.2255114966981927,0.000522403830284901,0.2255114966867357,0.000522403818827899,0.0003724692639556215,0.00017981574089420693,-2.480876615251759e-12,-1.3937878629022293e-11
2022-09-28,15,0.0410677618069815,4065,1.032587882730407,3940.786328360648,1.0315200219675509,Call,SPXW,SPXW220928C04065000,26.200000000000003,0.224,0.0365977324873474,0.9984981419587812,0.2222693977642752,26.20000000004188,4.187938884570031e-11,0.0017306022357247,0.2209122312811831,-0.0013571664830921149,0.22128018582160489,-0.0009892119426703205,0.22145786124811268,-0.000811536516162531,0.2212801858234883,-0.0009892119407869104,0.22128018571273486,-0.0009892120515403446,0.0003679545404217943,0.00017767542650778956,1.883410094549731e-12,-1.0887002410697733e-10
2022-09-28,15,0.0410677618069815,4085,1.0376682659172725,3940.786328360648,1.0365951512269238,Call,SPXW,SPXW220928C04085000,21.200000000000003,0.2216,0.0365977324873474,0.9984981419587812,0.2198503402977818,21.200000000002436,2.4300561562995426e-12,0.0017496597022181,0.21705245414663585,-0.0027978861511459563,0.2174154727426854,-0.0024348675550963927,0.21759087583477596,-0.0022594644630058447,0.21741547274151363,-0.0024348675562681776,0.21741547278416895,-0.002434867513612854,0.00036301859604956355,0.00017540309209054805,-1.1717848913406215e-12,4.1483538826270205e-11
2022-09-28,15,0.0410677618069815,4110,1.0440187449008542,3940.786328360648,1.04293906280114,Call,SPXW,SPXW220928C04110000,16.049999999999997,0.2191,0.0365977324873474,0.9984981419587812,0.2172690102669685,16.050000000000068,7.105427357601003e-14,0.0018309897330315,0.2128103069616039,-0.004458703305364575,0.2131668527228013,-0.004102157544167179,0.21333921815307072,-0.003929792113897768,0.21316685272174027,-0.004102157545228219,0.21316685273414795,-0.004102157532820533,0.00035654576119739656,0.0001723654302694111,-1.0610401446342621e-12,1.1346645845122794e-11
2022-09-28,15,0.0410677618069815,4130,1.0490991280877198,3940.786328360648,1.048014192060513,Call,SPXW,SPXW220928C04130000,12.75,0.2176,0.0365977324873474,0.9984981419587812,0.2157376288740982,12.75000000003945,3.9449332689400756e-11,0.0018623711259017,0.20991740198106124,-0.005820226893036962,0.2102685448185296,-0.0054690840555685905,0.21043835428819518,-0.005299274585903013,0.2102685448211792,-0.005469084052918988,0.2102685446546854,-0.005469084219412806,0.00035114283746837116,0.0001698094696655772,2.6496027594191673e-12,-1.638442159723752e-10
2022-09-28,15,0.0410677618069815,4175,1.060529990258167,3940.786328360648,1.059433232894102,Call,SPXW,SPXW220928C04175000,7.55,0.2166,0.0365977324873474,0.9984981419587812,0.2145307662277208,7.550000000000011,1.1546319456101628e-14,0.0020692337722791,0.20506366374074578,-0.009467102486975021,0.2054012296873826,-0.009129536540338185,0.2055652179523312,-0.00896554827538959,0.2054012296896504,-0.009129536538070387,0.20540122976515085,-0.009129536462569948,0.00033756594663683637,0.00016398826494859464,2.267797061250576e-12,7.776823629512819e-11
2022-09-28,15,0.0410677618069815,4225,1.0732309482253308,3940.786328360648,1.0721210560425345,Call,SPXW,SPXW220928C04225000,4.1,0.2167,0.0365977324873474,0.9984981419587812,0.2145466228489188,4.099999999999966,3.3750779948604765e-14,0.0021533771510811,0.20211915392842558,-0.012427468920493207,0.20244292496751493,-0.012103697881403863,0.202601142914583,-0.011945479934335784,0.20244292496412578,-0.012103697884793013,0.20244292512036277,-0.012103697728556018,0.00032377103908934335,0.0001582179470680789,-3.3891500716975997e-12,1.5284784549152164e-10
2022-10-14,31,0.0848733744010951,3100,0.787459393964148,3945.174096903203,0.7857701393794942,Put,SPXW,SPXW221014P03100000,4.2,0.4273,0.0367053136294934,0.996889543697636,0.4248169147733665,4.200000000004152,4.1522341120980855e-12,0.0024830852266334,0.4107156551439315,-0.014101259629435037,0.41126877859053906,-0.013548136182827464,0.41153351618625167,-0.013283398587114859,0.4112687786375837,-0.013548136135782818,0.4112687771875352,-0.013548137585831344,0.000553123446607573,0.00026473759571260524,4.7044645956617615e-11,-1.403003879740794e-09
2022-10-14,31,0.0848733744010951,3375,0.8573146627835482,3945.174096903203,0.8554755549696106,Put,SPXW,SPXW221014P03375000,9.75,0.3488,0.0367053136294934,0.996889543697636,0.3471606342854053,9.74999999995842,4.1580960896681056e-11,0.0016393657145946,0.36097988539145487,0.01381925110604959,0.36145350919015345,0.014292874904748176,0.36168268806031834,0.014522053774913057,0.36145350923918973,0.014292874953784451,0.36145350912347046,0.014292874838065184,0.00047362379869858584,0.00022917887016488114,4.903627504049268e-11,-6.668299246115339e-11
2022-10-14,31,0.0848733744010951,3470,0.8814464829211592,3945.174096903203,0.8795556076280144,Put,SPXW,SPXW221014P03470000,13.95,0.3254,0.0367053136294934,0.996889543697636,0.3240987841033858,13.950000000000102,1.0302869668521453e-13,0.0013012158966142,0.3430205462861699,0.01892176218278413,0.34346864054288695,0.019369856439501176,0.34368607181447197,0.0195872877110862,0.34346864053544623,0.01936985643206046,0.34346864036313784,0.019369856259752072,0.0004480942567170465,0.0002174312715850224,-7.440714711037799e-12,-1.797491044897015e-10
2022-10-14,31,0.0848733744010951,3520,0.8941474408883229,3945.174096903203,0.8922293195534902,Put,SPXW,SPXW221014P03520000,17.15,0.3144,0.0367053136294934,0.996889543697636,0.3132279716304214,17.149999999990882,9.116263299802084e-12,0.0011720283695786,0.33336638447759603,0.020138412847174658,0.3338017704521473,0.02057379882172594,0.3340131729050149,0.020785201274593545,0.3338017704858878,0.020573798855466452,0.33380176935227296,0.020573797721851583,0.00043538597455128336,0.00021140245286760395,3.3740510385626976e-11,-1.0998743582568693e-09
2022-10-14,31,0.0848733744010951,3575,0.908118494652203,3945.174096903203,0.9061704026715136,Put,SPXW,SPXW221014P03575000,21.75,0.3032,0.0367053136294934,0.996889543697636,0.302150678142355,21.749999999999886,1.1368683772161605e-13,0.001049321857645,0.32257132801166727,0.020420649869312246,0.32299380100817204,0.02084312286581702,0.32319872409968936,0.021048045957334338,0.3229938009755949,0.020843122833239858,0.32299380025438074,0.020843122112025714,0.00042247299650477466,0.00020492309151731725,-3.2577163189273506e-11,-7.537913071509195e-10
2022-10-14,31,0.0848733744010951,3625,0.9208194526193666,3945.174096903203,0.9188441145969892,Put,SPXW,SPXW221014P03625000,27.15,0.2936,0.0367053136294934,0.996889543697636,0.2927035598307211,27.149999999999977,2.131628207280301e-14,0.0008964401692788,0.3125926509548504,0.019889091124129288,0.31300231539783785,0.020298755567116744,0.31320151534333374,0.02049795551261263,0.31300231539452433,0.020298755563803228,0.3130023150895481,0.020298755258827017,0.0004096644429874563,0.00019919994549588704,-3.313516128145011e-12,-3.0828972708007996e-10
2022-10-14,31,0.0848733744010951,3675,0.9335204105865302,3945.174096903203,0.931517826522465,Put,SPXW,SPXW221014P03675000,34.15,0.2851,0.0367053136294934,0.996889543697636,0.2842857629980422,34.14999999999952,4.760636329592671e-13,0.0008142370019577,0.30245117959687345,0.018165416598831252,0.3028494984960823,0.01856373549804008,0.3030431689422732,0.018757405944230976,0.30284949852241383,0.018563735524371627,0.30284949767999736,0.018563734681955157,0.0003983188992088271,0.00019367044619089668,2.6331548053093456e-11,-8.160849218619148e-10
2022-10-14,31,0.0848733744010951,3720,0.9449512727569775,3945.174096903203,0.9429241672553932,Put,SPXW,SPXW221014P03720000,42.05,0.278,0.0367053136294934,0.996889543697636,0.2773080191303917,42.04999999999996,4.263256414560601e-14,0.0006919808696082,0.2931875382565449,0.015879519126153208,0.29357681524413975,0.01626879611374804,0.293765708780495,0.016457689650103302,0.2935768152070029,0.01626879607661119,0.2935768149298666,0.016268795799474878,0.0003892769875948332,0.0001888935363552613,-3.7136849151409024e-11,-3.142731630489948e-10
2022-10-14,31,0.0848733744010951,3750,0.9525718475372758,3945.174096903203,0.9505283944106784,Put,SPXW,SPXW221014P03750000,48.2,0.2732,0.0367053136294934,0.996889543697636,0.2726773827982136,48.20000000000027,2.700062395888381e-13,0.0005226172017863,0.28694564617834567,0.014268263380132096,0.2873285408156711,0.014651158017457533,0.2875143731377657,0.014836990339552103,0.2873285408271163,0.014651158028902711,0.2873285411270073,0.014651158328793712,0.00038289463732543716,0.00018583232209457012,1.1445178138558276e-11,3.113361790596514e-10
2022-10-14,31,0.0848733744010951,3785,0.9614625181142904,3945.174096903203,0.9593999927585116,Put,SPXW,SPXW221014P03785000,56.45,0.268,0.0367053136294934,0.996889543697636,0.2674704535068548,56.4500000000005,4.973799150320701e-13,0.0005295464931452,0.2796045981231156,0.012134144616260834,0.27997994528563885,0.012509491778784076,0.28016234883496116,0.012691895328106384,0.27997994528813924,0.012509491781284465,0.27997994407463966,0.012509490567784887,0.00037534716252324296,0.0001824035493223075,2.5003887849095463e-12,-1.210999189815709e-09
2022-10-14,31,0.0848733744010951,3815,0.9690830928945886,3945.174096903203,0.9670042199137968,Put,SPXW,SPXW221014P03815000,64.4,0.2632,0.0367053136294934,0.996889543697636,0.262830884034252,64.39999999999986,1.4210854715202006e-13,0.000369115965748,0.27327100971888274,0.010440125684630763,0.2736406136890053,0.010809729654753297,0.2738202145332045,0.01098933049895251,0.2736406136552945,0.010809729621042541,0.27364061326953115,0.010809729235279175,0.000369603970122534,0.00017960084419921252,-3.371075640856702e-11,-4.194741221041909e-10
2022-10-14,31,0.0848733744010951,3845,0.9767036676748868,3945.174096903203,0.9746084470690825,Put,SPXW,SPXW221014P03845000,73.3,0.2585,0.0367053136294934,0.996889543697636,0.2581860429800722,73.29999999999927,7.247535904753022e-13,0.0003139570199277,0.26691260431280617,0.008726561332733973,0.26727743241530455,0.009091389435232355,0.2674543688705293,0.009268325890457119,0.2672774324521402,0.009091389472068001,0.2672774329437762,0.00909138996370401,0.0003648281024983824,0.0001769364552247632,3.683564564482822e-11,5.284716553255464e-10
2022-10-14,31,0.0848733744010951,3875,0.984324242455185,3945.174096903203,0.9822126742243678,Put,SPXW,SPXW221014P03875000,83.2,0.2537,0.0367053136294934,0.996889543697636,0.2534729056094632,83.19999999991478,8.522249572706642e-11,0.0002270943905367,0.2605481643729305,0.007075258763467318,0.26090868589620836,0.007435780286745186,0.26108310590780825,0.007610200298345082,0.2609086858782939,0.007435780268830738,0.2609086849642624,0.007435779354799221,0.000360521523277868,0.00017442001159989617,-1.7914447703049063e-11,-9.319459648438055e-10
2022-10-14,31,0.0848733744010951,3905,0.9919448172354832,3945.174096903203,0.9898169013796532,Put,SPXW,SPXW221014P03905000,94.15,0.2487,0.0367053136294934,0.996889543697636,0.2486377827038794,94.14999999999986,1.4210854715202006e-13,6.221729612054805e-05,0.25420339968344124,0.005565616979561844,0.2545594132077009,0.005921630503821523,0.25473147069380986,0.0060936879899304575,0.2545594131859781,0.005921630482098678,0.25455941226927203,0.005921629565392633,0.0003560135242596796,0.00017205748610893412,-2.1722845744420738e-11,-9.384288901514992e-10
2022-10-14,31,0.0848733744010951,3935,0.9995653920157814,3945.174096903203,0.9974211285349386,Put,SPXW,SPXW221014P03935000,106.15,0.2435,0.0367053136294934,0.996889543697636,0.2435245111214111,106.15000000000008,8.526512829121202e-14,2.4511121411135983e-05,0.24791188158563823,0.0043873704642271305,0.2482631354161307,0.004738624294719607,0.24843298282383916,0.004908471702428058,0.248263135459694,0.0047386243382828985,0.2482631360897474,0.004738624968336297,0.00035125383049247616,0.00016984740770845108,4.3563291862724896e-11,6.736166902054919e-10
2022-10-14,31,0.0848733744010951,3965,1.0071859667960796,3945.174096903203,1.005025355690224,Call,SPXW,SPXW221014C03965000,98.45,0.2381,0.0367053136294934,0.996889543697636,0.2358252235084909,98.45000000000005,4.263256414560601e-14,0.002274776491509,0.24171675264638923,0.005891529137898338,0.2420636561614083,0.006238432652917403,0.2422314326891012,0.0064062091806103005,0.24206365612348513,0.006238432614994238,0.24206365580873598,0.006238432300245095,0.0003469035150190647,0.00016777652769289775,-3.792316460859979e-11,-3.52672308023827e-10
2022-10-14,31,0.0848733744010951,4000,1.0160766373730945,3945.174096903203,1.0138969540380571,Call,SPXW,SPXW221014C04000000,80.65,0.2319,0.0367053136294934,0.996889543697636,0.2297738385778432,80.65000000000464,4.632738637155853e-12,0.0021261614221567,0.23468506209608475,0.004911223518241553,0.23502815769017088,0.005254319112327682,0.23519365397250375,0.005419815394660549,0.23502815770437646,0.005254319126533263,0.2350281563640438,0.005254317786200613,0.0003430955940861291,0.0001654962823328665,1.4205581155835034e-11,-1.326127069267713e-09
2022-10-14,31,0.0848733744010951,4030,1.0236972121533925,3945.174096903203,1.0215011811933423,Call,SPXW,SPXW221014C04030000,67.0,0.2268,0.0367053136294934,0.996889543697636,0.2248248673824908,66.99999999999977,2.273736754432321e-13,0.0019751326175091,0.22890522927617757,0.004080361893686768,0.22924570942362257,0.004420842041131773,0.22940930819464359,0.004584440812152785,0.22924570945521153,0.0044208420727207265,0.22924571006470038,0.004420842682209575,0.00034048014744500477,0.00016359877102101184,3.1588953675054654e-11,6.410778019549923e-10
2022-10-14,31,0.0848733744010951,4060,1.0313177869336907,3945.174096903203,1.029105408348628,Call,SPXW,SPXW221014C04060000,54.9,0.2221,0.0367053136294934,0.996889543697636,0.2201876357441329,54.89999999999986,1.3500311979441906e-13,0.001912364255867,0.22343971522365333,0.003252079479520442,0.22377696764604185,0.0035893319019089653,0.2239386443530454,0.003751008608912504,0.2237769675830159,0.0035893318388830198,0.22377696780145107,0.0035893320573181786,0.00033725242238852315,0.00016167670700353853,-6.302594557361374e-11,1.5540921327605872e-10
2022-10-14,31,0.0848733744010951,4095,1.0402084575107051,3945.174096903203,1.0379770066964609,Call,SPXW,SPXW221014C04095000,42.75,0.2171,0.0367053136294934,0.996889543697636,0.2152283714884329,42.75000000000023,2.273736754432321e-13,0.001871628511567,0.21757724858538005,0.002348877096947144,0.21790901134325058,0.0026806398548176735,0.21806830221017084,0.0028399307217379377,0.21790901139886534,0.0026806399104324363,0.21790900945149078,0.002680637963057869,0.00033176275787052956,0.00015929086692026417,5.561476279503097e-11,-1.891759804362181e-09
2022-10-14,31,0.0848733744010951,4125,1.047829032291003,3945.174096903203,1.0455812338517465,Call,SPXW,SPXW221014C04125000,34.05,0.2134,0.0367053136294934,0.996889543697636,0.2116011265484925,34.05000000000007,7.105427357601003e-14,0.0017988734515074,0.213087974519948,0.001486847971455485,0.21341415302356537,0.0018130264750728653,0.21357119219536427,0.0019700656468717714,0.21341415301920325,0.0018130264707107435,0.21341415326397925,0.0018130267154867485,0.0003261785036173803,0.00015703917179890614,-4.362121774903471e-12,2.404138832456937e-10
2022-10-14,31,0.0848733744010951,4175,1.060529990258167,3945.174096903203,1.058254945777222,Call,SPXW,SPXW221014C04175000,22.700000000000003,0.2084,0.0367053136294934,0.996889543697636,0.2066739334939876,22.69999999999993,7.105427357601003e-14,0.0017260665060123,0.20688659973596787,0.0002126662419802694,0.20720442145295642,0.0005304879589688172,0.20735722027667633,0.0006832867826887246,0.20720442149339463,0.0005304879994070255,0.20720442037998446,0.0005304868859968559,0.0003178217169885478,0.00015279882371990738,4.043820833743439e-11,-1.0729719612800892e-09
2022-10-14,31,0.0848733744010951,4225,1.0732309482253308,3945.174096903203,1.0709286577026975,Call,SPXW,SPXW221014C04225000,14.8,0.2052,0.0367053136294934,0.996889543697636,0.2034806260659349,14.800000000037244,3.724309749486565e-11,0.001719373934065,0.20239990158639826,-0.0010807244795366377,0.2027088497380231,-0.0007717763279117829,0.20285702861865665,-0.0006235974472782457,0.20270884964769317,-0.0007717764182417208,0.20270884934372604,-0.0007717767222088501,0.0003089481516248549,0.00014817888063353712,-9.032993797397637e-11,-3.942970672188295e-10
2022-10-14,31,0.0848733744010951,4275,1.0859319061924944,3945.174096903203,1.0836023696281734,Call,SPXW,SPXW221014C04275000,9.45,0.2032,0.0367053136294934,0.996889543697636,0.2014755577919635,9.4499999999976,2.398081733190338e-12,0.0017244422080364,0.1995553261641188,-0.0019202316278446874,0.19985110463831834,-0.00162445315364515,0.1999948048966238,-0.0014807528953396931,0.1998511047685912,-0.001624453023372302,0.19985110413881713,-0.0016244536531463682,0.0002957784741995373,0.00014370025830545696,1.3027284806454986e-10,-4.995012181652214e-10
2022-10-14,31,0.0848733744010951,4350,1.10498334314324,3945.174096903203,1.1026129375163871,Call,SPXW,SPXW221014C04350000,4.8,0.203,0.0367053136294934,0.996889543697636,0.2012014703484227,4.800000000001461,1.461053500406706e-12,0.0017985296515772,0.19781526478991318,-0.0033862055585095197,0.19809870739302313,-0.003102762955399574,0.1982369227337486,-0.0029645476146741012,0.19809870741327923,-0.0031027629351434716,0.19809871024287007,-0.003102760105552632,0.00028344260310994573,0.0001382153407254727,2.0256102351012828e-11,2.8498469417659322e-09
2022-11-18,66,0.1799566506958704,2775,0.7049031671775841,3954.830544063122,0.7016735531603877,Put,SPX,SPX221118P02775000,7.05,0.4434,0.036921115062271,0.9933778236875802,0.442692953440788,7.050000000000111,1.1102230246251565e-13,0.0007070465592119,0.42257638230232786,-0.02011657113846016,0.42307679803524517,-0.019616155405542846,0.4233105441391729,-0.01938240930161511,0.4230768034034213,-0.01961615003736672,0.4230768592227754,-0.019616094218012636,0.0005004157329173142,0.00023374610392773443,5.368176125841728e-09,6.118753020922796e-08
2022-11-18,66,0.1799566506958704,3160,0.8027005435247444,3954.830544063122,0.7990228569321892,Put,SPX,SPX221118P03160000,16.4,0.3579,0.036921115062271,0.9933778236875802,0.3578995200361257,16.40000000000356,3.559819106158102e-12,4.799638742558621e-07,0.3655022323606567,0.007602712324531025,0.365914845763319,0.008015325727193323,0.3661118551390057,0.008212335102879997,0.36591484780130756,0.008015327765181879,0.365914873124965,0.008015353088839328,0.0004126134026622985,0.0001970093756866742,2.0379885556920385e-09,2.736164600447566e-08
2022-11-18,66,0.1799566506958704,3230,0.8204818846787736,3954.830544063122,0.816722730345244,Put,SPX,SPX221118P03230000,19.55,0.3441,0.036921115062271,0.9933778236875802,0.344232194552758,19.550000000000068,6.750155989720953e-14,0.000132194552758,0.35493145816579763,0.010699263613039633,0.3553262416897353,0.011094047136977314,0.35551705392709165,0.011284859374333656,0.3553262428003918,0.011094048247633825,0.3553262628705625,0.011094068317804517,0.0003947835239376807,0.00019081223735634145,1.1106565112051214e-09,2.1180827203259867e-08
2022-11-18,66,0.1799566506958704,3310,0.8408034174262354,3954.830544063122,0.836951157103021,Put,SPX,SPX221118P03310000,24.15,0.3292,0.036921115062271,0.9933778236875802,0.3294718741399973,24.1499999999715,2.849986913133762e-11,0.0002718741399973,0.3427309587352375,0.013259084595240223,0.34311389753034083,0.013642023390343538,0.3432978398232934,0.013825965683296138,0.34311389894068706,0.013642024800689767,0.3431139223046815,0.013642048164684228,0.00038293879510331585,0.00018394229295259912,1.41034622869185e-09,2.4774340690036922e-08
2022-11-18,66,0.1799566506958704,3450,0.8763660997342937,3954.830544063122,0.8723509039291306,Put,SPX,SPX221118P03450000,36.1,0.3061,0.036921115062271,0.9933778236875802,0.3066818468442367,36.10000000006653,6.652811634921818e-11,0.0005818468442367,0.32105820133278734,0.014376354488550624,0.3214137061816582,0.014731859337421493,0.3215862475294331,0.014904400685196384,0.32141370682448483,0.014731859980248119,0.32141372600543056,0.01473187916119384,0.00035550484887086897,0.0001725413477748905,6.428266252633819e-10,1.982377234588384e-08
2022-11-18,66,0.1799566506958704,3525,0.8954175366850392,3954.830544063122,0.8913150540145465,Put,SPX,SPX221118P03525000,45.25,0.295,0.036921115062271,0.9933778236875802,0.2957873011700856,45.24999999999932,6.821210263296962e-13,0.0007873011700856,0.30925545681253835,0.01346815564245274,0.3096009020714292,0.013813600901343592,0.30976772296376465,0.013980421793679032,0.3096009033013209,0.01381360213123528,0.30960091009647406,0.013813608926388443,0.000345445258890853,0.00016682089233543973,1.2298916884923017e-09,8.025044850867857e-09
2022-11-18,66,0.1799566506958704,3725,0.946221368553694,3954.830544063122,0.9418861209089888,Put,SPX,SPX221118P03725000,83.35,0.2688,0.036921115062271,0.9933778236875802,0.2701125072985296,83.34999999999991,8.526512829121202e-14,0.0013125072985296,0.2771855655638441,0.0070730582653145135,0.2775016665477686,0.007389159249238997,0.2776549790434026,0.007542471744872992,0.27750166705492046,0.007389159756390873,0.2775016785482482,0.007389171249718607,0.00031610098392448327,0.00015331249563399485,5.071518760502158e-10,1.2000479610030368e-08
2022-11-18,66,0.1799566506958704,3825,0.9716232844880212,3954.830544063122,0.96717165435621,Put,SPX,SPX221118P03825000,111.85,0.2563,0.036921115062271,0.9933778236875802,0.2578796971973188,111.84999999999968,3.1263880373444413e-13,0.0015796971973188,0.2609749714901831,0.003095274292864325,0.2612844806672907,0.003404783469971917,0.2614322734323722,0.003552576235053395,0.2612844808263571,0.0034047836290382882,0.26128448268842674,0.0034047854911079534,0.00030950917710759196,0.0001477927650814781,1.5906637118590083e-10,2.0211360363120434e-09
2022-11-18,66,0.1799566506958704,3875,0.984324242455185,3954.830544063122,0.9798144210798206,Put,SPX,SPX221118P03875000,128.8,0.2497,0.036921115062271,0.9933778236875802,0.2514883005158815,128.80000000000064,6.252776074688883e-13,0.0017883005158815,0.25292174285122687,0.0014334423353453696,0.2532256003403635,0.0017372998244820081,0.25337100512914795,0.0018827046132664504,0.2532256012313756,0.0017373007154941056,0.2532256114354704,0.001737310919588897,0.00030385748913663857,0.0001454047887844423,8.910120974370273e-10,1.1095106888792117e-08
2022-11-18,66,0.1799566506958704,3930,0.998295296219065,3954.830544063122,0.9937214644757922,Put,SPX,SPX221118P03930000,149.95,0.2425,0.036921115062271,0.9933778236875802,0.2445107956435717,149.9500000000603,6.031086741131729e-11,0.0020107956435717,0.24418487771955147,-0.00032591792402023034,0.244481686231424,-2.910941214770424e-05,0.2446247539566548,0.00011395831308311233,0.24448168665746378,-2.9108986107917456e-05,0.2444816989833597,-2.9096660212002412e-05,0.0002968085118725261,0.00014306772523081657,4.2603978678279475e-10,1.2751935701826866e-08
2022-11-18,66,0.1799566506958704,4090,1.038938361713989,3954.830544063122,1.0341783179913462,Call,SPX,SPX221118C04090000,89.75,0.2204,0.036921115062271,0.9933778236875802,0.2178482222276456,89.74999999999864,1.3642420526593924e-12,0.0025517777723543,0.22059141370302304,0.002743191475377438,0.22088437582699327,0.0030361535993476685,0.22102180494700563,0.003173582719360024,0.2208843757360192,0.003036153508373607,0.22088438856366135,0.00303616633601575,0.0002929621239702307,0.00013742912001235563,-9.097406161728827e-11,1.2736668081325675e-08
2022-11-18,66,0.1799566506958704,4140,1.0516393196811524,3954.830544063122,1.0468210847149568,Call,SPX,SPX221118C04140000,70.35,0.2141,0.036921115062271,0.9933778236875802,0.2117677391013958,70.35000000000014,1.4210854715202006e-13,0.0023322608986041,0.2142666461985843,0.002498907097188502,0.21455387149049526,0.0027861323890994716,0.21468945406710346,0.0029217149657076724,0.21455387267736253,0.0027861335759667427,0.21455387031542145,0.0027861312140256556,0.0002872252919109697,0.00013558257660820083,1.1868672711301542e-09,-1.175073816028771e-09
2022-11-18,66,0.1799566506958704,4360,1.1075235347366728,3954.830544063122,1.1024492582988434,Call,SPX,SPX221118C04360000,19.65,0.1959,0.036921115062271,0.9933778236875802,0.1940816178423613,19.65000000000009,9.237055564881302e-14,0.0018183821576386,0.1965931780078783,0.002511560165516985,0.19685916244765195,0.002777544605290644,0.1969825712166515,0.002900953374290194,0.19685916215301424,0.0027775443106529407,0.19685918793267734,0.0027775700903160394,0.0002659844397736588,0.00012340876899955,-2.94637703124323e-10,2.5485025395566296e-08
2022-11-18,66,0.1799566506958704,4590,1.1659479413856255,3954.830544063122,1.160605985227452,Call,SPX,SPX221118C04590000,4.1,0.1901,0.036921115062271,0.9933778236875802,0.1883578423743817,4.09999999998729,1.2709833185908792e-11,0.0017421576256182,0.19438073226348024,0.006022889889098548,0.19462751610611104,0.006269673731729347,0.1947402202648212,0.006382377890439522,0.1946275214799538,0.006269679105572107,0.19462758059078253,0.006269738216400839,0.0002467838426307989,0.00011270415871017514,5.373842759670566e-09,6.448467149144932e-08
2022-11-18,66,0.1806981519507187,3000,0.7620574780298206,3954.9065138721207,0.7585514321204011,Put,SPXW,SPXW221118P03000000,11.55,0.3927,0.0369227056094265,0.9933503428045688,0.3923296315617933,11.550000000000722,7.212008767965017e-13,0.0003703684382067,0.3891895740037357,-0.003140057558057574,0.38963169700582434,-0.0026979345559689505,0.38984308769526194,-0.0024865438665313544,0.3896316993356735,-0.0026979322261198035,0.3896317280243025,-0.0026979035374907756,0.00044212300208862354,0.0002113906894375961,2.329849146942564e-09,3.101847817488235e-08
2022-11-18,66,0.1806981519507187,3380,0.8585847585802646,3954.9065138721207,0.8546346135223185,Put,SPXW,SPXW221118P03380000,29.9,0.3182,0.0369227056094265,0.9933503428045688,0.3185994029531053,29.89999999999975,2.486899575160351e-13,0.0003994029531053,0.33179960484841853,0.013200201895313235,0.33216980741847035,0.01357040446536506,0.33234766541094896,0.013748262457843663,0.3321698087533472,0.01357040580024188,0.33216981964846115,0.013570416695355858,0.0003702025700518252,0.0001778579924786028,1.3348768201915107e-09,1.222999079786291e-08
2022-11-18,66,0.1806981519507187,3600,0.9144689736357848,3954.9065138721207,0.9102617185444812,Put,SPXW,SPXW221118P03600000,57.75,0.286,0.0369227056094265,0.9933503428045688,0.2868877066406398,57.75000000000034,3.410605131648481e-13,0.0008877066406398,0.29721524287561757,0.010327536234977786,0.29755085721682367,0.010663150576183889,0.2977120559627528,0.010824349322113014,0.29755085785623886,0.010663151215599076,0.29755087498112137,0.010663168340481588,0.000335614341206103,0.0001611987459291253,6.394151874644649e-10,1.776429769950738e-08
2022-11-18,66,0.1806981519507187,3670,0.932250314789814,3954.9065138721207,0.927961251960624,Put,SPXW,SPXW221118P03670000,71.5,0.277,0.0369227056094265,0.9933503428045688,0.2781182717690817,71.50000000000011,1.1368683772161605e-13,0.0011182717690817,0.28598819543928067,0.007869923670198953,0.28631117856768323,0.008192906798601518,0.28646770033628505,0.008349428567203332,0.28631117926575067,0.008192907496668955,0.2863111836898033,0.00819291192072158,0.00032298312840256527,0.00015652176860181388,6.980674371881435e-10,5.122120061429314e-09
2022-11-18,66,0.1806981519507187,3775,0.9589223265208576,3954.9065138721207,0.954510552084838,Put,SPXW,SPXW221118P03775000,97.8,0.264,0.0369227056094265,0.9933503428045688,0.2653474698215091,97.7999999999281,7.189271400420694e-11,0.001347469821509,0.2690130986795523,0.003665628858043224,0.2693255269253473,0.003978057103838195,0.2694757729028783,0.004128303081369189,0.26932552791380576,0.003978058092296677,0.2693255409860701,0.003978071164561003,0.0003124282457949712,0.0001502459775309939,9.88458481732124e-10,1.4060722808295623e-08
2022-11-18,66,0.1806981519507187,3990,1.0135364457796614,3954.9065138721207,1.008873404720133,Call,SPXW,SPXW221118C03990000,138.55,0.2352,0.0369227056094265,0.9933503428045688,0.2322547888213594,138.54999999999995,5.684341886080803e-14,0.0029452111786405,0.23490647047978433,0.0026516816584249425,0.2351995679352484,0.002944779113889018,0.2353402426436318,0.003085453822272405,0.23519956851625057,0.002944779694891181,0.23519956848881496,0.0029447796674555715,0.0002930974554640753,0.00014067470838338703,5.810021630470175e-10,5.535665537070855e-10
2022-11-18,66,0.1806981519507187,4050,1.0287775953402578,3954.9065138721207,1.0240444333625414,Call,SPXW,SPXW221118C04050000,108.6,0.2269,0.0369227056094265,0.9933503428045688,0.2242839627578733,108.6000000000181,1.8104628907167356e-11,0.0026160372421266,0.22610356020380445,0.0018195974459311592,0.226397328354535,0.002113365596661698,0.2265359713452594,0.0022520085873861118,0.22639732909379034,0.0021133663359170496,0.22639734558020808,0.0021133828223347806,0.00029376815073053897,0.00013864299072441355,7.392553513785316e-10,1.7225673082377213e-08
2022-11-18,66,0.1806981519507187,4220,1.0719608524286144,3954.9065138721207,1.0670290145160308,Call,SPXW,SPXW221118C04220000,46.75,0.207,0.0369227056094265,0.9933503428045688,0.2049005654027138,46.74999999999977,2.273736754432321e-13,0.0020994345972861,0.20580017373117945,0.0008996083284656398,0.20607518850410472,0.0011746231013909092,0.20620697319430872,0.0013064077915949102,0.20607518832128566,0.0011746229185718438,0.20607521224524875,0.0011746468425349321,0.00027501477292526944,0.00013178469020400096,-1.8281906544181936e-10,2.3741144022926264e-08
2022-11-18,66,0.1806981519507187,4290,1.0897421935826437,3954.9065138721207,1.0847285479321735,Call,SPXW,SPXW221118C04290000,31.05,0.201,0.0369227056094265,0.9933503428045688,0.1991125996832156,31.049999999999727,2.7355895326763857e-13,0.0018874003167843,0.2002829111213302,0.0011703114381146074,0.20055475107607723,0.0014421513928616347,0.2006824891393382,0.0015698894561226029,0.2005547530351301,0.0014421533519144991,0.2005547511430365,0.0014421514598209062,0.0002718399547470274,0.00012773806326096815,1.9590528643753657e-09,6.695927146083136e-11
2022-11-18,66,0.1806981519507187,4430,1.1253048758907018,3954.9065138721207,1.120127614764459,Call,SPXW,SPXW221118C04430000,12.7,0.1937,0.0369227056094265,0.9933503428045688,0.1919477006928943,12.700000000072803,7.280576141965867e-11,0.0017522993071056,0.19456964519759337,0.0026219445046990753,0.1948170542770219,0.0028693535841275986,0.1949362362994027,0.0029885356065084134,0.19481705730880877,0.0028693566159144757,0.19481707711408558,0.002869376421191283,0.0002474090794285233,0.00011918202238081488,3.031786877105702e-09,2.2837063684555403e-08
2022-11-18,66,0.1806981519507187,4510,1.1456264086381638,3954.9065138721207,1.1403556529543362,Call,SPXW,SPXW221118C04510000,7.35,0.1914,0.0369227056094265,0.9933503428045688,0.1897492657948856,7.349999999999881,1.1901590823981678e-13,0.0016507342051143,0.19384284586508618,0.004093580070200581,0.19407647612778228,0.0043272103328966804,0.19419180329392477,0.0044425374990391675,0.19407647579728596,0.004327210002400356,0.1940764943496299,0.004327228554744295,0.00023363026269609954,0.00011532716614248706,-3.304963247519055e-10,1.8221847614130482e-08
2022-12-16,94,0.2566164727355692,3175,0.8065108309148935,3962.7344498288135,0.8012144240796042,Put,SPX,SPX221216P03175000,27.85,0.3382,0.0370782739437207,0.9905302275189892,0.3386603357761827,27.84999999992101,7.899103593445034e-11,0.0004603357761827,0.3476920619043333,0.009031726128150619,0.3480472618602568,0.009386926084074099,0.3482152393892178,0.00955490361303507,0.348047266154714,0.009386930378531277,0.34804736691143917,0.009387031135256463,0.00035519995592347975,0.00016797752896097196,4.2944571787550956e-09,1.0505118236414646e-07
2022-12-16,94,0.2566164727355692,3470,0.8814464829211592,3962.7344498288135,0.8756579689940871,Put,SPX,SPX221216P03470000,57.0,0.2956,0.0370782739437207,0.9905302275189892,0.2965996847226577,57.00000000003786,3.785771696129814e-11,0.0009996847226577,0.3068761134760379,0.010276428753380196,0.3071902685990732,0.010590583876415538,0.3073393074650136,0.010739622742355903,0.307190270604867,0.010590585882209291,0.30719032338412067,0.010590638661462981,0.0003141551230353423,0.0001490388659403652,2.005793753312446e-09,5.478504744305113e-08
2022-12-16,94,0.2566164727355692,3740,0.9500316559438432,3962.7344498288135,0.9437927389158172,Put,SPX,SPX221216P03740000,113.55,0.265,0.0370782739437207,0.9905302275189892,0.2665361417664281,113.54999999996244,3.7559289012278896e-11,0.0015361417664281,0.2688098925727435,0.002273750806315422,0.26909514403880286,0.0025590022723747663,0.2692305747320025,0.0026944329655744226,0.26909514644049737,0.0025590046740692762,0.269095189569534,0.002559047803105896,0.00028525146605934415,0.00013543069319965628,2.401694509934771e-09,4.5530731129783675e-08
2022-12-16,94,0.2566164727355692,4060,1.0313177869336907,3962.7344498288135,1.024545058823053,Call,SPX,SPX221216C04060000,135.9,0.227,0.0370782739437207,0.9905302275189892,0.2242722584629499,135.90000000000032,3.1263880373444413e-13,0.00272774153705,0.22545239237157752,0.0011801339086276175,0.22572296773407824,0.0014507092711283365,0.22584865655278574,0.0015763980898358398,0.2257229699842247,0.0014507115212747945,0.22572302247717044,0.0014507640142205347,0.000270575362500719,0.00012568881870750337,2.250146458049329e-09,5.474309219821727e-08
2022-12-16,94,0.2566164727355692,4170,1.0592598944614506,3962.7344498288135,1.052303668791165,Call,SPX,SPX221216C04170000,89.0,0.2144,0.0370782739437207,0.9905302275189892,0.2121518614824851,88.99999999999955,4.547473508864641e-13,0.0022481385175149,0.21294228867657294,0.0007904271940878393,0.21320754598448546,0.0010556845020003591,0.21333058661322457,0.0011787251307394664,0.21320754903394284,0.0010556875514577402,0.2132075662289726,0.0010557047464875013,0.0002652573079125198,0.00012304062873910726,3.0494573810546655e-09,2.024448714221805e-08
2022-12-16,94,0.2566164727355692,4225,1.0732309482253308,3962.7344498288135,1.0661829737752213,Call,SPX,SPX221216C04225000,70.15,0.2088,0.0370782739437207,0.9905302275189892,0.2067143985251298,70.1500000000151,1.5091927707544528e-11,0.0020856014748701,0.2076304536379231,0.0009160551127933014,0.20788692936653652,0.001172530841406727,0.20800826242777684,0.0012938639026470466,0.20788693207865047,0.0011725335535206771,0.20788697531677697,0.001172576791647173,0.0002564757286134256,0.00012133306124031962,2.7121139500874136e-09,4.5950240445957746e-08
2022-12-16,94,0.2566164727355692,4500,1.143086217044731,3962.7344498288135,1.135579498695502,Call,SPX,SPX221216C04500000,16.9,0.1899,0.0370782739437207,0.9905302275189892,0.1882499566853731,16.900000000000603,6.039613253960853e-13,0.0016500433146269,0.1930212326262799,0.004771275940906816,0.19325600929905123,0.005006052613678147,0.193364237469689,0.005114280784315917,0.19325601363396788,0.005006056948594795,0.19325613129702385,0.00500617461165076,0.00023477667277133074,0.00010822817063776968,4.3349166478634515e-09,1.2199797261303047e-07
2022-12-16,94,0.2573579739904175,2775,0.7049031671775841,3962.811372694759,0.7002604310467008,Put,SPXW,SPXW221216P02775000,12.5,0.4131,0.037079723528404,0.990502625145574,0.4128998841090716,12.499999999999972,2.8421709430404014e-14,0.0002001158909284,0.40182990567264004,-0.011069978436431538,0.402258234643655,-0.01064164946541657,0.4024563124463048,-0.01044357166276677,0.40225824561252055,-0.010641638496551031,0.40225844624706736,-0.010641437862004222,0.0004283289710149685,0.00019807780264979868,1.0968865538085737e-08,2.116034123478272e-07
2022-12-16,94,0.2573579739904175,2975,0.7557069990462388,3962.811372694759,0.7507296513023188,Put,SPXW,SPXW221216P02975000,18.4,0.374,0.037079723528404,0.990502625145574,0.3741092359517926,18.39999999999995,4.973799150320701e-14,0.0001092359517926,0.37477485869528376,0.0006656227434911899,0.37516610210561135,0.0010568661538187807,0.3753484184927935,0.001239182541000916,0.3751661082013567,0.0010568722495641336,0.37516623121028164,0.0010569952584890685,0.0003912434103275908,0.0001823163871821354,6.095745352929782e-09,1.2910467028781625e-07
2022-12-16,94,0.2573579739904175,3270,0.8306426510525045,3962.811372694759,0.8251717511793555,Put,SPXW,SPXW221216P03270000,35.05,0.3236,0.037079723528404,0.990502625145574,0.3243070652107816,35.04999999999944,5.542233338928781e-13,0.0007070652107816,0.3345361197203165,0.010229054509534874,0.3348754790501622,0.010568413839380564,0.3350367819644825,0.01072971675370088,0.3348754836724823,0.010568418461700702,0.3348755483303853,0.010568483119603678,0.00033935932984568984,0.00016130291432031596,4.622320137759317e-09,6.928022311392112e-08
2022-12-16,94,0.2573579739904175,3330,0.8458838006131009,3962.811372694759,0.840312517256041,Put,SPXW,SPXW221216P03330000,40.5,0.3148,0.037079723528404,0.990502625145574,0.3156025859339361,40.49999999999972,2.842170943040401e-13,0.0008025859339361,0.3262624990880844,0.010659913154148326,0.3265892038675255,0.010986617933589404,0.32674659972037495,0.011144013786438867,0.326589206420639,0.010986620486702903,0.3265892850697793,0.010986699135843214,0.00032670477944107823,0.00015739585284946234,2.5531134983936e-09,8.120225380991997e-08
2022-12-16,94,0.2573579739904175,3400,0.86366514176713,3962.811372694759,0.8579767443455073,Put,SPXW,SPXW221216P03400000,48.2,0.3053,0.037079723528404,0.990502625145574,0.3061549933342765,48.200000000000045,4.263256414560601e-14,0.0008549933342764,0.31655472203173585,0.010399728697459365,0.31687311306154,0.010718119727263498,0.31702613640199,0.010871143067713529,0.3168731168058427,0.010718123471566199,0.3168731752297854,0.010718181895508938,0.0003183910298041326,0.0001530233404500314,3.744302701225166e-09,6.216824544047483e-08
2022-12-16,94,0.2573579739904175,3540,0.8992278240751883,3962.811372694759,0.8933051985244399,Put,SPXW,SPXW221216P03540000,68.95,0.288,0.037079723528404,0.990502625145574,0.2891719638281437,68.95000000000005,4.263256414560601e-14,0.0011719638281437,0.2969775358253024,0.0078055719971587,0.29728219783067666,0.008110234002532968,0.29742713868926113,0.008255174861117431,0.2972822008914558,0.008110237063312098,0.29728226119987716,0.008110297371733466,0.0003046620053742677,0.0001449408585844636,3.060779130148461e-09,6.336920049809791e-08
2022-12-16,94,0.2573579739904175,3610,0.9170091652292176,3962.811372694759,0.9109694256139064,Put,SPXW,SPXW221216P03610000,82.55,0.2801,0.037079723528404,0.990502625145574,0.2814152178811416,82.55000000000007,7.105427357601003e-14,0.0013152178811416,0.28712521308608396,0.005709995204942364,0.2874179892708236,0.006002771389682027,0.28755927026627,0.006144052385128385,0.28741799107465726,0.006002773193515665,0.2874180261759182,0.006002808294776618,0.0002927761847396626,0.00014128099544635786,1.803833638014396e-09,3.690509459142177e-08
2022-12-16,94,0.2573579739904175,3675,0.9335204105865302,3962.811372694759,0.9273719221969822,Put,SPXW,SPXW221216P03675000,97.25,0.2728,0.037079723528404,0.990502625145574,0.2742456948701915,97.25,0.0,0.0014456948701915,0.27794749997159274,0.003701805101401223,0.27823399807199656,0.0039883032018050435,0.27837214486223566,0.0041264499920441455,0.2782340002242008,0.003988305354009292,0.27823405255691774,0.003988357686726229,0.0002864981004038203,0.00013814679023910204,2.1522042481514347e-09,5.4484921185871116e-08
2022-12-16,94,0.2573579739904175,3820,0.9703531886913048,3962.811372694759,0.9639621068823052,Put,SPXW,SPXW221216P03820000,138.45,0.2564,0.037079723528404,0.990502625145574,0.2582880274674201,138.450000000023,2.302158463862725e-11,0.00188802746742,0.2575176478555233,-0.0007703796118967987,0.25779829235081575,-0.0004897351166043284,0.2579304872937539,-0.00035754017366618207,0.25779829382888064,-0.0004897336385394357,0.25779832497543015,-0.0004897024919899295,0.00028064449529247026,0.00013219494293814638,1.478064892701525e-09,3.262461439890174e-08
2022-12-16,94,0.2573579739904175,3880,0.9855943382519012,3962.811372694759,0.9791028729589908,Put,SPXW,SPXW221216P03880000,159.25,0.2494,0.037079723528404,0.990502625145574,0.2514954271209074,159.24999999999977,2.273736754432321e-13,0.0020954271209073,0.2491828439017987,-0.0023125832191086826,0.2494561568268678,-0.00203927029403958,0.24958634898516757,-0.0019090781357398168,0.2494561596678408,-0.0020392674530665955,0.2494562115535041,-0.002039215567403302,0.00027331292506910243,0.00013019215829976338,2.8409729846412546e-09,5.4726636278257246e-08
2022-12-16,94,0.2573579739904175,3930,0.998295296219065,3962.811372694759,0.9917201780228952,Put,SPXW,SPXW221216P03930000,178.45,0.2436,0.037079723528404,0.990502625145574,0.2457238146810893,178.44999999978677,2.1321966414689086e-10,0.0021238146810893,0.24234984010980834,-0.0033739745712809688,0.24261789321715835,-0.0031059214639309607,0.24274661780119175,-0.002977196879897559,0.24261789403450137,-0.003105920646587934,0.24261793217038322,-0.0031058825107060928,0.0002680531073500081,0.0001287245840334017,8.173430265934201e-10,3.895322486791031e-08
2022-12-16,94,0.2573579739904175,3990,1.0135364457796614,3962.811372694759,1.0068609440995806,Call,SPXW,SPXW221216C03990000,172.5,0.2361,0.037079723528404,0.990502625145574,0.2330422479264189,172.50000000009277,9.276845958083868e-11,0.003057752073581,0.23435627186836785,0.0013140239419489608,0.2346230628325438,0.001580814906124911,0.2347502458905655,0.0017079979641466125,0.23462306469394636,0.001580816767527471,0.2346230854412206,0.0015808375148017029,0.0002667909641759503,0.0001271830580217015,1.861402559866221e-09,2.2608676791824323e-08
2022-12-16,94,0.2573579739904175,4120,1.046558936494287,3962.811372694759,1.0396659372657324,Call,SPXW,SPXW221216C04120000,109.6,0.2207,0.037079723528404,0.990502625145574,0.2181693960063439,109.60000000000014,1.4210854715202006e-13,0.002530603993656,0.21836885105364323,0.0001994550472993184,0.21863926405105835,0.00046986804471443877,0.2187634808383765,0.0005940848320325764,0.21863926437376877,0.0004698683674248527,0.21863930623957226,0.00046991023322834335,0.00027041299741512037,0.00012421678731813768,3.227104139469361e-10,4.218851390458411e-08
2022-12-16,94,0.2573579739904175,4300,1.0922823851760763,3962.811372694759,1.0850882354957887,Call,SPXW,SPXW221216C04300000,49.8,0.2026,0.037079723528404,0.990502625145574,0.2006600142972654,49.80000000000007,7.105427357601003e-14,0.0019399857027345,0.2016515700076665,0.0009915557104011041,0.20190117073623462,0.0012411564389692153,0.20201942662509692,0.0013594123278315162,0.2019011715040006,0.001241157206735205,0.2019012402316174,0.0012412259343519971,0.0002496007285681112,0.00011825588886230087,7.677659896732081e-10,6.949538278178125e-08
2022-12-16,94,0.2573579739904175,4370,1.1100637263301054,3962.811372694759,1.102752462585255,Call,SPXW,SPXW221216C04370000,35.0,0.1975,0.037079723528404,0.990502625145574,0.1956229152507344,35.000000000000114,1.1368683772161605e-13,0.0018770847492655,0.1974387601163984,0.0018158448656639958,0.19769007752831946,0.0020671622775850496,0.19780492910495148,0.0021820138542170686,0.19769008281242176,0.002067167561687344,0.1976901050329075,0.0020671897821730734,0.0002513174119210537,0.00011485157663201906,5.284102294611515e-09,2.750458802380784e-08
2022-12-16,94,0.2573579739904175,4430,1.1253048758907018,3962.811372694759,1.1178932286619403,Call,SPXW,SPXW221216C04430000,25.4,0.1938,0.037079723528404,0.990502625145574,0.1920461025862328,25.399999999999807,1.9184653865522705e-13,0.0017538974137671,0.19488324431726298,0.0028371417310301683,0.19513295735556613,0.0030868547693333193,0.19524466467566567,0.003198562089432866,0.19513295827600793,0.0030868556897751254,0.1951330262153367,0.0030869236291038993,0.00024971303830315095,0.00011170732009954665,9.204418061070641e-10,6.885977058002091e-08
2022-12-16,94,0.2573579739904175,4575,1.1621376539954764,3962.811372694759,1.1544834133472637,Call,SPXW,SPXW221216C04575000,11.15,0.1879,0.037079723528404,0.990502625145574,0.1862956794359689,11.150000000001398,1.3979928326079973e-12,0.0016043205640311,0.19214288949383632,0.005847210057867425,0.19235617039077002,0.006060490954801129,0.19246102332174045,0.006165343885771557,0.192356177119673,0.006060497683704119,0.19235622537835587,0.0060605459423869745,0.0002132808969337041,0.00010485293097042825,6.728902990360552e-09,5.498758584576713e-08
2022-12-16,94,0.2573579739904175,4700,1.1938900489133857,3962.811372694759,1.1860266760070248,Call,SPXW,SPXW221216C04700000,5.35,0.1859,0.037079723528404,0.990502625145574,0.1842699938432805,5.3499999999999375,6.217248937900878e-14,0.0016300061567194,0.1925299465166652,0.008259952673384696,0.19275217604072706,0.008482182197446564,0.19285300490525947,0.008583011061978979,0.1927521870286916,0.008482193185411102,0.1927524203320234,0.008482426488742895,0.0002222295240618677,0.00010082886453241513,1.098796453824491e-08,2.442912963307453e-07
2023-01-20,129,0.3524412502851928,3050,0.7747584359969844,3972.743314551241,0.7677314536855564,Put,SPX,SPX230120P03050000,32.25,0.3447,0.0372548339657011,0.986955683990808,0.3440893778609566,32.249999999996305,3.694822225952521e-12,0.0006106221390433,0.34989278781784194,0.00580340995688533,0.35022292909827296,0.006133551237316348,0.35037395417565487,0.006284576314698254,0.35022293857397085,0.006133560713014241,0.35022325477428173,0.00613387691332512,0.00033014128043101776,0.00015102507738190551,9.475697893002177e-09,3.2567600877220215e-07
2023-01-20,129,0.3524412502851928,3225,0.8192117888820571,3972.743314551241,0.8117816190609572,Put,SPX,SPX230120P03225000,45.75,0.3196,0.0372548339657011,0.986955683990808,0.3191646674552338,45.75000000000017,1.7053025658242404e-13,0.0004353325447661,0.32820922592613994,0.009044558470906128,0.328507805378859,0.009343137923625178,0.32864929942469456,0.009484631969460755,0.3285078118329629,0.009343144377729096,0.32850805790651394,0.009343390451280131,0.00029857945271904995,0.00014149404583557734,6.4541039179744075e-09,2.5252765495364926e-07
2023-01-20,129,0.3524412502851928,3360,0.8535043753933991,3972.743314551241,0.845763175207695,Put,SPX,SPX230120P03360000,60.85,0.3025,0.0372548339657011,0.986955683990808,0.3021090093462773,60.85000000000048,4.760636329592671e-13,0.0003909906537226,0.3114245979446369,0.00931558859835957,0.3117149840004138,0.009605974654136484,0.3118498227905188,0.009740813444241492,0.3117149903497341,0.009605981003456776,0.31171516816063277,0.009606158814355448,0.00029038605577691445,0.00013483879010500743,6.349320291754168e-09,1.8416021896339174e-07
2023-01-20,129,0.3524412502851928,3425,0.8700156207507119,3972.743314551241,0.8621246652042724,Put,SPX,SPX230120P03425000,70.0,0.2951,0.0372548339657011,0.986955683990808,0.2944669706072701,70.0,0.0,0.0006330293927298,0.30332894437900787,0.008861973771737752,0.303613817255194,0.009146846647923867,0.30374569126865447,0.009278720661384354,0.3036138228023178,0.009146852195047683,0.3036140159799945,0.009147045372724372,0.00028487287618611523,0.00013187401346048677,5.547123815841104e-09,1.9872480050420194e-07
2023-01-20,129,0.3524412502851928,3490,0.8865268661080247,3972.743314551241,0.8784861552008498,Put,SPX,SPX230120P03490000,80.75,0.2877,0.0372548339657011,0.986955683990808,0.2873871217479973,80.74999999995998,4.0017766878008836e-11,0.0003128782520026,0.29523029072361784,0.00784316897562054,0.2955049531562212,0.008117831408223919,0.295634036265313,0.008246914517315684,0.2955049605483851,0.0081178388003878,0.2955051195192435,0.008117997771246221,0.00027466243260337864,0.00012908310909176546,7.392163881014824e-09,1.663630223025514e-07
2023-01-20,129,0.3524412502851928,3570,0.9068483988554864,3972.743314551241,0.8986233736581759,Put,SPX,SPX230120P03570000,96.1,0.2792,0.0372548339657011,0.986955683990808,0.2788434180730524,96.10000000002653,2.651745489856694e-11,0.0003565819269475,0.28525872607185687,0.006415307998804465,0.2855221730413878,0.006678754968335365,0.28564806898396267,0.006804650910910259,0.28552217672392466,0.006678758650872252,0.28552231472329687,0.006678896650244459,0.0002634469695309005,0.000125895942574894,3.6825368865400776e-09,1.4168190909380485e-07
2023-01-20,129,0.3524412502851928,3630,0.9220895484160828,3972.743314551241,0.9137262875011704,Put,SPX,SPX230120P03630000,109.45,0.273,0.0372548339657011,0.986955683990808,0.272703899451256,109.44999999999982,1.8474111129762605e-13,0.0002961005487439,0.2777821943053243,0.005078294854068299,0.27804284296671966,0.005338943515463657,0.27816655248964844,0.00546265303839244,0.2780428488731382,0.005338949421882178,0.27804300779903984,0.005339108347783839,0.00026064866139535736,0.00012370952292878323,5.906418520940093e-09,1.6483232018194016e-07
2023-01-20,129,0.3524412502851928,3690,0.9373306979766792,3972.743314551241,0.928829201344165,Put,SPX,SPX230120P03690000,124.3,0.2667,0.0372548339657011,0.986955683990808,0.2664649697011956,124.2999999999065,9.349321317131397e-11,0.0002350302988043,0.2703216120023974,0.003856642301201807,0.2705827610805171,0.0041177913793215,0.2707044650273707,0.0042394953261751245,0.2705827668047072,0.004117797103511622,0.27058290476842,0.00411793506722441,0.00026114907811969346,0.00012170394685362407,5.72419012190295e-09,1.4368790290930633e-07
2023-01-20,129,0.3524412502851928,3760,0.9551120391307084,3972.743314551241,0.9464492674943252,Put,SPX,SPX230120P03760000,143.8,0.2595,0.0372548339657011,0.986955683990808,0.2591784774817326,143.80000000000064,6.252776074688883e-13,0.0003215225182673,0.26166626576869484,0.0024877882869622225,0.26192619486668534,0.0027477173849527192,0.2620458027900673,0.0028673253083346673,0.26192619759878466,0.0027477201170520438,0.2619263030156047,0.0027478255338720947,0.0002599290979904967,0.00011960792338194803,2.7320993245538716e-09,1.0814891937549476e-07
2023-01-20,129,0.3524412502851928,3940,1.000835487812498,3972.743314551241,0.991758009023309,Put,SPX,SPX230120P03940000,206.4,0.2407,0.0372548339657011,0.986955683990808,0.2404562340220158,206.4000000000001,8.526512829121202e-14,0.0002437659779842,0.2399580370164118,-0.0004981970056039953,0.24020107108557806,-0.00025516293643773613,0.2403165690256191,-0.00013966499639669894,0.2402010730257201,-0.0002551609962956891,0.24020117704677427,-0.0002550569752415299,0.00024303406916625914,0.0001154979400410372,1.940142047018867e-09,1.059611962062057e-07
2023-01-20,129,0.3524412502851928,4125,1.047829032291003,3972.743314551241,1.0383253267058754,Call,SPX,SPX230120C04125000,142.0,0.2208,0.0372548339657011,0.986955683990808,0.2205700765024801,142.00000000000023,2.273736754432321e-13,0.0002299234975199,0.21956486593370203,-0.0010052105687780588,0.21981726996044257,-0.0007528065420375207,0.21992997356011984,-0.0006401029423602489,0.2198172715953661,-0.0007528049071139908,0.21981741222758555,-0.0007526642748945378,0.0002524040267405381,0.00011270359967727184,1.6349235298918074e-09,1.4226714298293253e-07
2023-01-20,129,0.3524412502851928,4310,1.094822576769509,3972.743314551241,1.084892644388442,Call,SPX,SPX230120C04310000,72.80000000000001,0.2027,0.0372548339657011,0.986955683990808,0.2025613528671584,72.79999999999984,1.7053025658242404e-13,0.0001386471328415,0.2035288418232259,0.0009674889560674915,0.20376085533921254,0.001199502472054137,0.20386972313782045,0.0013083702706620515,0.20376085800968838,0.0011995051425299774,0.2037610326835951,0.001199679816436705,0.00023201351598664544,0.00010886779860791451,2.67047584046054e-09,1.7734438256811202e-07
2023-01-20,129,0.3524412502851928,4490,1.1405460254512982,3972.743314551241,1.1302013859174258,Call,SPX,SPX230120C04490000,32.7,0.1894,0.0372548339657011,0.986955683990808,0.1891002100377752,32.70000000000016,1.5631940186722204e-13,0.0002997899622248,0.1941440300353395,0.005043819997564314,0.19438126270256498,0.005281052664789787,0.19448314209531486,0.005382932057539674,0.19438127066003508,0.005281060622259887,0.19438141822724925,0.005281208189474057,0.0002372326672254732,0.00010187939274988733,7.95747009951775e-09,1.5552468426993649e-07
2023-01-20,129,0.3524412502851928,4620,1.1735685161659235,3972.743314551241,1.1629243659105806,Call,SPX,SPX230120C04620000,17.05,0.1829,0.0372548339657011,0.986955683990808,0.1825365807475181,17.05000000000001,1.0658141036401504e-14,0.0003634192524819,0.19117555992185636,0.008638979174338257,0.1913918462655296,0.008855265518011496,0.19148814012363927,0.00895155937612116,0.19139185804590667,0.008855277298388559,0.19139217190320773,0.008855591155689624,0.00021628634367323873,9.629385810966395e-05,1.1780377062731162e-08,3.2563767812798794e-07
2023-01-20,129,0.3531827515400411,2800,0.7112536461611659,3972.8212705277824,0.7047888161422436,Put,SPXW,SPXW230120P02800000,20.700000000000003,0.3865,0.0372561173892979,0.986927972846187,0.3856153708337857,20.700000000000102,9.947598300641405e-14,0.0008846291662142,0.38077377743546836,-0.0048415933983173565,0.38114597514461707,-0.004469395689168654,0.38131200172943225,-0.004303369104353472,0.38114599079447675,-0.004469380039308968,0.3811464332291485,-0.004468937604637235,0.00037219770914870276,0.00016602658481518207,1.5649859685940015e-08,4.58084531418379e-07
2023-01-20,129,0.3531827515400411,3825,0.9716232844880212,3972.8212705277824,0.9627918649086008,Put,SPXW,SPXW230120P03825000,165.15,0.2536,0.0372561173892979,0.986927972846187,0.2532496352254013,165.1500000000092,9.180212146020494e-12,0.0003503647745986,0.2536919177050863,0.00044228247968503,0.2539457045895163,0.0006960693641150373,0.25406352631053697,0.0008138910851356873,0.2539457105197197,0.0006960752943184212,0.2539458431462558,0.000696207920854508,0.0002537868844300073,0.00011782172102065003,5.93020338390815e-09,1.3855673947071878e-07
2023-01-20,129,0.3531827515400411,3880,0.9855943382519012,3972.8212705277824,0.976635930939966,Put,SPXW,SPXW230120P03880000,184.3,0.2479,0.0372561173892979,0.986927972846187,0.2474985490918489,184.29999999999995,5.684341886080803e-14,0.000401450908151,0.24705758826481675,-0.0004409608270321552,0.24730479576071332,-0.00019375333113558213,0.2474213751064519,-7.717398539699993e-05,0.24730480093115703,-0.00019374816069187006,0.24730494193435462,-0.00019360715749427992,0.0002472074958965731,0.0001165793457385822,5.170443712065875e-09,1.4617364130220523e-07
2023-01-20,129,0.3531827515400411,4010,1.018616828966527,3972.8212705277824,1.0093582688322846,Call,SPXW,SPXW230120C04010000,200.05,0.2337,0.0372561173892979,0.986927972846187,0.2335053061882531,200.04999999999995,5.684341886080803e-14,0.0001946938117468,0.23190847948694643,-0.001596826701306675,0.2321532438795792,-0.001352062308673907,0.23226751129880016,-0.0012377948894529422,0.23215324957137376,-0.0013520566168793435,0.23215334730634415,-0.001351958881908949,0.00024476439263276806,0.00011426741922096473,5.69179456344493e-09,1.034267649580034e-07
2023-01-20,129,0.3531827515400411,4070,1.0338579785271234,3972.8212705277824,1.024460886321047,Call,SPXW,SPXW230120C04070000,168.9,0.2272,0.0372561173892979,0.986927972846187,0.2270073158703948,168.89999999999986,1.4210854715202006e-13,0.0001926841296052,0.22530780543689358,-0.0016995104335012223,0.22555757911218405,-0.0014497367582107512,0.22567098337182814,-0.0013363324985666558,0.22555758461735176,-0.0014497312530430406,0.22555772468641125,-0.0014495911839835507,0.0002497736752904711,0.0001134042596440954,5.505167710584402e-09,1.4557422720051783e-07
2023-01-20,129,0.3531827515400411,4190,1.0643402776483162,3972.8212705277824,1.0546661212985715,Call,SPXW,SPXW230120C04190000,115.15,0.2146,0.0372561173892979,0.986927972846187,0.2145577891188911,115.1499999999985,1.5063505998114124e-12,4.221088110886728e-05,0.21330859998730886,-0.001249189131582229,0.2135571256642445,-0.0010006634546465831,0.2136687237641291,-0.000889065354761992,0.21355713047536667,-0.0010006586435244158,0.21355722509638386,-0.0010005640225072276,0.00024852567693564587,0.00011159809988459113,4.811122167325266e-09,9.943213935548201e-08
2023-01-20,129,0.3531827515400411,4250,1.0795814272089126,3972.8212705277824,1.069768738787334,Call,SPXW,SPXW230120C04250000,92.55,0.2086,0.0372561173892979,0.986927972846187,0.2084328230944637,92.54999999999971,2.700062395888381e-13,0.0001671769055362,0.20810613742253511,-0.00032668567192858933,0.20834599857255529,-8.68245219084185e-05,0.20845639003736968,2.356694290597816e-05,0.20834600628733344,-8.681680713026885e-05,0.20834611391302346,-8.670918144024209e-05,0.00023986115002017083,0.00011039146481439666,7.714778149647827e-09,1.1534046817640586e-07
2023-01-20,129,0.3531827515400411,4375,1.111333822126822,3972.8212705277824,1.1012325252222557,Call,SPXW,SPXW230120C04375000,55.75,0.1976,0.0372561173892979,0.986927972846187,0.1973983230230645,55.749999999999886,1.1368683772161605e-13,0.0002016769769354,0.19940386686934972,0.002005543846285207,0.19963389221522213,0.002235569192157616,0.19974050925393586,0.002342186230871346,0.19963389579531252,0.0022355727722480068,0.19963407506372832,0.002235752040663813,0.00023002534587240886,0.00010661703871372996,3.5800903908089765e-09,1.828485061972085e-07
2023-01-20,129,0.3531827515400411,4430,1.1253048758907018,3972.8212705277824,1.1150765912536211,Call,SPXW,SPXW230120C04430000,43.8,0.1938,0.0372561173892979,0.986927972846187,0.1935392433560356,43.799999999999386,6.110667527536863e-13,0.0002607566439644,0.19656400826524958,0.003024764909213995,0.1967976229042479,0.0032583795482123146,0.19690205920516424,0.0033628158491286475,0.19679763312631618,0.0032583897702805897,0.19679776168511715,0.0032585183290815556,0.00023361463899831958,0.00010443630091633294,1.0222068275167473e-08,1.387808692410175e-07
2023-01-20,129,0.3531827515400411,4560,1.158327366605327,3972.8212705277824,1.1477989291459396,Call,SPXW,SPXW230120C04560000,23.55,0.1862,0.0372561173892979,0.986927972846187,0.185868767360947,23.550000000009845,9.844569603956188e-12,0.0003312326390529,0.19219968862644504,0.00633092126549803,0.19243122916817043,0.006562461807223419,0.1925299725507635,0.006661205189816499,0.19243123142863983,0.006562464067692814,0.19243151245712128,0.006562745096174272,0.00023154054172538907,9.874338259308058e-05,2.2604693949990207e-09,2.832889508530556e-07
2023-01-20,129,0.3531827515400411,4825,1.225642443831295,3972.8212705277824,1.2145021563879734,Call,SPXW,SPXW230120C04825000,6.0,0.1788,0.0372561173892979,0.986927972846187,0.1783472925287387,6.000000000000028,2.8421709430404014e-14,0.0004527074712612,0.19098382877783604,0.01263653624909733,0.19118434762689532,0.012837055098156608,0.19127414434686196,0.012926851818123253,0.19118436093221225,0.01283706840347354,0.19118490788586426,0.012837615357125548,0.00020051884905927797,8.979671996664496e-05,1.3305316931555566e-08,5.60258968940186e-07
2023-03-17,185,0.5057608943645905,2800,0.7112536461611659,3989.004760588347,0.701929470644959,Put,SPX,SPX230317P02800000,34.3,0.3675,0.0374946546351107,0.9812153426887404,0.366881079226344,34.29999999991185,8.814993179839803e-11,0.0006189207736559,0.36155974739887664,-0.005321331827467357,0.36188053167134077,-0.005000547555003232,0.3620148063415291,-0.004866272884814893,0.3618805716144613,-0.0050005076118826985,0.3618818175118095,-0.00499926171453452,0.0003207842724641252,0.00013427467018833905,3.994312053334781e-08,1.2858404687121627e-06
2023-03-17,185,0.5057608943645905,2950,0.749356520062657,3989.004760588347,0.7395328351437962,Put,SPX,SPX230317P02950000,43.8,0.3465,0.0374946546351107,0.9812153426887404,0.3460136482716175,43.79999999999745,2.543742994021159e-12,0.0004863517283824,0.3449578323138922,-0.0010558159577253035,0.34526217517156144,-0.000751473100056077,0.3453897876996568,-0.0006238605719607326,0.3452622059973931,-0.000751442274224412,0.3452631918773943,-0.0007504563942232201,0.0003043428576692264,0.0001276125280953444,3.0825831665026726e-08,1.0167058328569567e-06
2023-03-17,185,0.5057608943645905,3125,0.7938098729477299,3989.004760588347,0.783403427059106,Put,SPX,SPX230317P03125000,59.05,0.3244,0.0374946546351107,0.9812153426887404,0.3239770422372486,59.050000000000125,1.2789769243681806e-13,0.0004229577627514,0.3257811191278649,0.0018040768906162907,0.3260540582828404,0.002077016045591795,0.3261746345850206,0.002197592347772004,0.3260540818292042,0.0020770395919555984,0.32605489464380577,0.002077852406557168,0.00027293915497550447,0.00012057630218020865,2.354636380319519e-08,8.363609653727622e-07
2023-03-17,185,0.5057608943645905,3200,0.8128613098984754,3989.004760588347,0.8022051093085246,Put,SPX,SPX230317P03200000,67.35,0.3157,0.0374946546351107,0.9812153426887404,0.3152357115532411,67.34999999999991,8.526512829121202e-14,0.0004642884467588,0.3175993503354543,0.0023636387822131844,0.3178701784058414,0.0026344668526003256,0.31798799463938243,0.0027522830861413383,0.31787020193893883,0.002634490385697741,0.3178709063816191,0.0026351948283779847,0.0002708280703871413,0.00011781623354101267,2.3533097415207038e-08,7.279757776590401e-07
2023-03-17,185,0.5057608943645905,3300,0.8382632258328027,3989.004760588347,0.827274018974416,Put,SPX,SPX230317P03300000,80.6,0.3048,0.0374946546351107,0.9812153426887404,0.3044178790907518,80.60000000000002,2.8421709430404014e-14,0.0003821209092481,0.30673344582661066,0.002315566735858865,0.3069989525654269,0.002581073474675122,0.3071133315889453,0.002695452498193529,0.30699897004421955,0.0025810909534677573,0.3069996468585236,0.002581767767771803,0.00026550673881625686,0.00011437902351840723,1.7478792635472473e-08,6.942930966813421e-07
2023-03-17,185,0.5057608943645905,3375,0.8573146627835482,3989.004760588347,0.8460757012238346,Put,SPX,SPX230317P03375000,92.2,0.297,0.0374946546351107,0.9812153426887404,0.2965849156767898,92.19999999997628,2.3717916519672144e-11,0.0004150843232101,0.2986219253450821,0.002037009668292289,0.29887661931535786,0.0022917036385680656,0.2989886245585938,0.002403708881804023,0.2988766396980209,0.002291724021231123,0.29887724730072945,0.0022923316239396585,0.00025469397027577667,0.00011200524323595751,2.038266305737224e-08,6.279853715929207e-07
2023-03-17,185,0.5057608943645905,3450,0.8763660997342937,3989.004760588347,0.8648773834732532,Put,SPX,SPX230317P03450000,105.6,0.2896,0.0374946546351107,0.9812153426887404,0.2892027727623109,105.599999999763,2.37008634940139e-10,0.0003972272376891,0.29054085104673194,0.0013380782844210626,0.29078414454751905,0.0015813717852081743,0.2908939461275696,0.0016911733652587024,0.2907841597653391,0.001581387003028234,0.2907846920280643,0.0015819192657534065,0.00024329350078711176,0.00010980158005052809,1.5217820059643117e-08,5.474805452321263e-07
2023-03-17,185,0.5057608943645905,3550,0.9017680156686212,3989.004760588347,0.8899462931391445,Put,SPX,SPX230317P03550000,126.35,0.28,0.0374946546351107,0.9812153426887404,0.2796844816431836,126.35000000000002,2.8421709430404014e-14,0.0003155183568164,0.27981404452045533,0.00012956287727172722,0.280051495098087,0.00036701345490341986,0.2801586616051152,0.00047417996193160894,0.280051511077456,0.0003670294342724145,0.28005204762465025,0.0003675659814666443,0.00023745057763169264,0.00010716650702818908,1.5979368994667453e-08,5.525265632244647e-07
2023-03-17,185,0.5057608943645905,3625,0.9208194526193666,3989.004760588347,0.9087479753885632,Put,SPX,SPX230317P03625000,144.10000000000002,0.2729,0.0374946546351107,0.9812153426887404,0.2725247102356351,144.0999999999883,1.1709744285326451e-11,0.0003752897643648,0.2718194922192702,-0.0007052180163649169,0.27205869301710744,-0.0004660172185276812,0.2721641183939502,-0.00036059184168490965,0.27205870902085993,-0.0004660012147751913,0.2720592007220696,-0.0004655095135654985,0.0002392007978372357,0.00010542537684277153,1.6003752489890388e-08,5.077049621826646e-07
2023-03-17,185,0.5057608943645905,3725,0.946221368553694,3989.004760588347,0.9338168850544544,Put,SPX,SPX230317P03725000,171.5,0.2637,0.0374946546351107,0.9812153426887404,0.2634165905745195,171.50000000000068,6.821210263296962e-13,0.0002834094254804,0.2612704791802312,-0.002146111394288275,0.26150903108399504,-0.0019075594905244575,0.2616124647984852,-0.0018041257760342821,0.2615090419131845,-0.001907548661334968,0.26150946413556075,-0.0019071264389587395,0.0002385519037638173,0.00010343371449017535,1.082918948958067e-08,4.330515657180456e-07
2023-03-17,185,0.5057608943645905,3800,0.9652728055044396,3989.004760588347,0.952618567303873,Put,SPX,SPX230317P03800000,194.65,0.2567,0.0374946546351107,0.9812153426887404,0.2564295436087989,194.6499999999894,1.0601297617540696e-11,0.000270456391201,0.2534777771272803,-0.0029517664815185696,0.25370972386407864,-0.002719819744720242,0.25381193346007985,-0.0026176101487190295,0.25370973929333834,-0.002719804315460539,0.2537101899561161,-0.0027193536526827766,0.00023194673679832745,0.0001022095960012126,1.5429259703214626e-08,4.660920374655042e-07
2023-03-17,185,0.5057608943645905,3900,0.9906747214387668,3989.004760588347,0.9776874769697644,Put,SPX,SPX230317P03900000,229.95,0.2478,0.0374946546351107,0.9812153426887404,0.2474697069673659,229.94999999999985,1.7053025658242404e-13,0.000330293032634,0.2433075479372092,-0.004162159030156681,0.24352970407036564,-0.00394000289700025,0.24363061894076946,-0.0038390880265964378,0.24352971444445573,-0.003939992522910163,0.24353013836056422,-0.003939568606801669,0.00022215613315643146,0.00010091487040381208,1.0374090086973098e-08,4.3429019858098883e-07
2023-03-17,185,0.5057608943645905,3975,1.0097261583895123,3989.004760588347,0.9964891592191828,Put,SPX,SPX230317P03975000,259.35,0.2407,0.0374946546351107,0.9812153426887404,0.2403978113746588,259.3500000000004,3.410605131648481e-13,0.0003021886253411,0.2359022671014561,-0.004495544273202701,0.2361237464720306,-0.0042740649026281885,0.23622393501342526,-0.004173876361233536,0.23612375668420033,-0.0042740546904584675,0.2361241263604262,-0.004273685014232587,0.00022147937057451217,0.00010018854139465239,1.0212169720968944e-08,3.798883956018795e-07
2023-03-17,185,0.5057608943645905,4050,1.0287775953402578,3989.004760588347,1.0152908414686015,Call,SPX,SPX230317C04050000,231.4,0.2336,0.0374946546351107,0.9812153426887404,0.2328319350650551,231.4000000000001,8.526512829121202e-14,0.0007680649349449,0.22875936019823745,-0.004072574866817641,0.22898685744108382,-0.003845077623971266,0.2290864864113051,-0.003745448653749983,0.22898687322256125,-0.0038450618424938354,0.2289872744827412,-0.0038446605823138913,0.00022749724284637507,9.96289702212827e-05,1.578147743042102e-08,4.1704165737455057e-07
2023-03-17,185,0.5057608943645905,4150,1.054179511274585,3989.004760588347,1.0403597511344929,Call,SPX,SPX230317C04150000,182.15,0.2246,0.0374946546351107,0.9812153426887404,0.2238851963225172,182.14999999998625,1.3784529073745944e-11,0.0007148036774828,0.2197972440295189,-0.004087952292998298,0.22003339955039097,-0.0038517967721262147,0.2201323769363802,-0.003752819386137002,0.22003340846961614,-0.0038517878529010507,0.22003385986868967,-0.003851336453827514,0.00023615552087208336,9.897738598921291e-05,8.919225163994682e-09,4.603182987006349e-07
2023-03-17,185,0.5057608943645905,4225,1.0732309482253308,3989.004760588347,1.0591614333839114,Call,SPX,SPX230317C04225000,149.55,0.2182,0.0374946546351107,0.9812153426887404,0.2174878658706875,149.55000000000655,6.536993168992922e-12,0.0007121341293125,0.21363104068022995,-0.003856825190457547,0.21386598456196362,-0.0036218813087238733,0.21396439437919754,-0.00352347149148996,0.21386599547613483,-0.0036218703945526676,0.21386639280493489,-0.0036214730657526117,0.00023494388173367353,9.840981723391318e-05,1.0914171205689271e-08,4.0824297126151876e-07
2023-03-17,185,0.5057608943645905,4325,1.098632864159658,3989.004760588347,1.0842303430498028,Call,SPX,SPX230317C04325000,111.3,0.2091,0.0374946546351107,0.9812153426887404,0.2086746960459933,111.3000000000004,4.121147867408581e-13,0.0004253039540066,0.2063449090035006,-0.0023297870424927036,0.20656801306342523,-0.002106682982568081,0.20666524197450126,-0.002009454071492056,0.20656803088376166,-0.0021066651622316523,0.20656845734842091,-0.002106238697572399,0.00022310405992462257,9.722891107602494e-05,1.782033642871994e-08,4.442849956820538e-07
2023-03-17,185,0.5057608943645905,4400,1.1176843011104036,3989.004760588347,1.1030320252992214,Call,SPX,SPX230317C04400000,87.2,0.2028,0.0374946546351107,0.9812153426887404,0.2024760627284897,87.2000000000362,3.6195046959619503e-11,0.0003239372715102,0.20169123812563758,-0.0007848246028521189,0.2019066585849059,-0.0005694041435838071,0.20200247035765245,-0.0004735923708372447,0.20190666884140623,-0.0005693938870834636,0.2019072138614293,-0.0005688488670604064,0.00021542045926831177,9.581177274656238e-05,1.0256500343475139e-08,5.552765234007051e-07
2023-03-17,185,0.5057608943645905,4500,1.143086217044731,3989.004760588347,1.1281009349651128,Call,SPX,SPX230317C04500000,61.05,0.1953,0.0374946546351107,0.9812153426887404,0.1948696543848309,61.04999999999973,2.700062395888381e-13,0.000430345615169,0.1966670100387837,0.001797355653952809,0.19688504709160484,0.0020153927067739497,0.196978189129841,0.0021085347450101044,0.19688506397937058,0.002015409594539691,0.19688562028825543,0.002015965903424538,0.0002180370528211406,9.314203823615474e-05,1.688776574138018e-08,5.731966505884145e-07
2023-03-17,185,0.5057608943645905,4575,1.1621376539954764,3989.004760588347,1.1469026172145314,Call,SPX,SPX230317C04575000,46.0,0.1907,0.0374946546351107,0.9812153426887404,0.1902189607203599,46.0,0.0,0.0004810392796401,0.1938011466583777,0.00358218593801779,0.19402795094962746,0.0038089902292675615,0.194118607376784,0.0038996466564240884,0.19402797655672846,0.0038090158363685567,0.19402851211127237,0.0038095513909124634,0.00022680429124977142,9.065642715652689e-05,2.5607100995195253e-08,5.611616449019419e-07
2023-03-17,185,0.5057608943645905,4650,1.181189090946222,3989.004760588347,1.16570429946395,Call,SPX,SPX230317C04650000,33.8,0.1861,0.0374946546351107,0.9812153426887404,0.185618024058083,33.80000000000035,3.552713678800501e-13,0.0004819759419169,0.1916802871295606,0.006062263071477586,0.1919118655417139,0.0062938414836309076,0.19199980788350846,0.006381783825425452,0.19191188289434305,0.006293858836260047,0.19191256879797575,0.0062945447398927434,0.00023157841215332153,8.794234179454463e-05,1.7352629139155695e-08,7.032562618358718e-07
2023-03-17,185,0.5057608943645905,4750,1.2065910068805494,3989.004760588347,1.1907732091298413,Call,SPX,SPX230317C04750000,22.25,0.1817,0.0374946546351107,0.9812153426887404,0.1812252828114471,22.249999999999943,5.684341886080803e-14,0.0004747171885528,0.18990149206710655,0.008676209255659456,0.1901212257977167,0.008895942986269612,0.1902055902218534,0.008980307410406313,0.19012124672222205,0.008895963910774962,0.19012221715049857,0.008896934339051477,0.00021973373061015544,8.436442413670142e-05,2.0924505350627953e-08,9.91352781865018e-07
2023-03-17,185,0.5057608943645905,4825,1.225642443831295,3989.004760588347,1.20957489137926,Call,SPX,SPX230317C04825000,16.3,0.1797,0.0374946546351107,0.9812153426887404,0.1791689919101137,16.299999999978525,2.1476154188349028e-11,0.0005310080898862,0.18923806460039017,0.01006907269027646,0.18943847219042362,0.010269480280309912,0.18952039044039398,0.010351398530280276,0.18943851277054394,0.010269520860430231,0.1894395183700314,0.01027052645991769,0.00020040759003345232,8.191824997036412e-05,4.05801203195999e-08,1.046179607777642e-06
2023-03-17,185,0.5057608943645905,4925,1.2510443597656222,3989.004760588347,1.2346438010451513,Call,SPX,SPX230317C04925000,10.55,0.1773,0.0374946546351107,0.9812153426887404,0.1767199448857183,10.550000000000296,2.9487523534044163e-13,0.0005800551142816,0.18905593659107173,0.012335991705353433,0.18923896337807536,0.012519018492357065,0.18931804032768654,0.012598095441968243,0.1892389968030407,0.012519051917322416,0.18924008810844078,0.01252014322272249,0.00018302678700363173,7.907694961117873e-05,3.342496535108097e-08,1.124730365426041e-06
2023-03-17,185,0.5057608943645905,5000,1.2700957967163675,3989.004760588347,1.2534454832945698,Call,SPX,SPX230317C05000000,7.550000000000001,0.1759,0.0374946546351107,0.9812153426887404,0.1752773071446804,7.549999999985061,1.4939161019356106e-11,0.0006226928553196,0.1893254852824806,0.01404817813780021,0.18951697125921158,0.014239664114531175,0.18959428961012462,0.014316982465444217,0.18951699937361555,0.014239692228935147,0.18951847147104633,0.014241164326365935,0.00019148597673096512,7.731835091304151e-05,2.811440397154641e-08,1.5002118347595683e-06
2023-04-21,220,0.601585671914214,2800,0.7112536461611659,3999.292067136095,0.7001239101812058,Put,SPX,SPX230421P02800000,42.4,0.3588,0.0376199246669976,0.977622566109984,0.3577453689191474,42.40000000003778,3.777955726036453e-11,0.0010546310808526,0.35270009140860886,-0.005045277510538515,0.3530256279234656,-0.004719740995681787,0.3531457490726224,-0.0045996198465249605,0.3530256854180634,-0.004719683501083982,0.3530277859634479,-0.004717582955699462,0.00032553651485672797,0.00012012114915682659,5.7494597804907954e-08,2.1580399823251106e-06
2023-04-21,220,0.601585671914214,2950,0.749356520062657,3999.292067136095,0.7376305482266275,Put,SPX,SPX230421P02950000,53.6,0.3398,0.0376199246669976,0.977622566109984,0.3387834665962267,53.60000000000008,7.815970093361102e-14,0.0010165334037732,0.33711261584600255,-0.001670850750224162,0.3374038209208736,-0.0013796456753530917,0.33751845297199673,-0.0012650136242299825,0.33740387070180233,-0.0013795958944243791,0.3374055806734564,-0.0013778859227703277,0.0002912050748710704,0.00011463205112310915,4.9780928712550576e-08,1.7597525827639515e-06
2023-04-21,220,0.601585671914214,3075,0.7811089149805661,3999.292067136095,0.7688860799311457,Put,SPX,SPX230421P03075000,65.65,0.3254,0.0376199246669976,0.977622566109984,0.3244088887307626,65.64999999983229,1.6771650734881402e-10,0.0009911112692373,0.3242569800848272,-0.00015190864593545017,0.3245313511729778,0.00012246244221519875,0.3246418150211583,0.00023292629039567414,0.32453139578201035,0.0001225070512477222,0.3245328542207067,0.00012396548994408896,0.0002743710881506489,0.00011046384818047539,4.460903252345716e-08,1.5030477288902055e-06
2023-04-21,220,0.601585671914214,3150,0.8001603519313116,3999.292067136095,0.7876393989538565,Put,SPX,SPX230421P03150000,74.2,0.3172,0.0376199246669976,0.977622566109984,0.3161676339739496,74.20000000010475,1.0474821010575396e-10,0.0010323660260503,0.3165927288106003,0.0004250948366507079,0.3168648536256643,0.0006972196517147089,0.31697299673100876,0.0008053627570591693,0.3168648935344194,0.0006972595604697873,0.31686621047793223,0.0006985765039826397,0.000272124815064001,0.00010814310534446037,3.990875507842162e-08,1.3568522679308082e-06
2023-04-21,220,0.601585671914214,3225,0.8192117888820571,3999.292067136095,0.8063927179765673,Put,SPX,SPX230421P03225000,84.1,0.3095,0.0376199246669976,0.977622566109984,0.3084858597655781,84.0999999999998,1.9895196601282805e-13,0.0010141402344218,0.3089715321580792,0.00048567239250113525,0.30923896975842574,0.000753109992847667,0.30934493076624253,0.0008590710006644575,0.3092390031675139,0.0007531434019358296,0.30924026195201043,0.0007544021864323569,0.00026743760034653175,0.00010596100781679052,3.340908816262811e-08,1.2921935846899046e-06
2023-04-21,220,0.601585671914214,3300,0.8382632258328027,3999.292067136095,0.8251460369992782,Put,SPX,SPX230421P03300000,95.3,0.3021,0.0376199246669976,0.977622566109984,0.3010447994935776,95.29999999993004,6.996003776293945e-11,0.0010552005064223,0.3013963025359759,0.00035150304239828234,0.3016534303701243,0.000608630876546723,0.3017573637324191,0.0007125642388415288,0.30165346607421584,0.0006086665806382396,0.30165463196023046,0.0006098324666528598,0.00025712783414844065,0.00010393336229480576,3.570409151665288e-08,1.2015901061368517e-06
2023-04-21,220,0.601585671914214,3400,0.86366514176713,3999.292067136095,0.8501504623628927,Put,SPX,SPX230421P03400000,112.55,0.2926,0.0376199246669976,0.977622566109984,0.2915232064555268,112.5500000000751,7.510436716984259e-11,0.0010767935444732,0.2913634148621224,-0.0001597915934044014,0.2916047112960676,8.150484054075813e-05,0.2917061677910615,0.00018296133553469263,0.29160474036596135,8.153391043452807e-05,0.29160575237853154,8.254592300471764e-05,0.00024129643394515954,0.0001014564949939345,2.9069893769939625e-08,1.0410824639595084e-06
2023-04-21,220,0.601585671914214,3475,0.8827165787178756,3999.292067136095,0.8689037813856035,Put,SPX,SPX230421P03475000,127.4,0.2857,0.0376199246669976,0.977622566109984,0.2846279687098837,127.4000000000002,1.9895196601282805e-13,0.0010720312901162,0.283886804630228,-0.0007411640796557428,0.28412189264474913,-0.0005060760651345864,0.2842216802456395,-0.00040628846424423104,0.28412191937342246,-0.0005060493364612562,0.28412290256910677,-0.0005050661407769441,0.00023508801452115646,9.978760089035532e-05,2.6728673330200792e-08,1.0099243576422445e-06
2023-04-21,220,0.601585671914214,3550,0.9017680156686212,3999.292067136095,0.8876571004083145,Put,SPX,SPX230421P03550000,143.9,0.2789,0.0376199246669976,0.977622566109984,0.277754084383645,143.90000000029647,2.9646685106854415e-10,0.0011459156163549,0.2764571964735946,-0.0012968879100503927,0.27669222739108895,-0.001061856992556065,0.27679051937765636,-0.0009635650059886536,0.2766922571362112,-0.0010618272474338109,0.27669320825717975,-0.001060876126465271,0.0002350309174943277,9.829198656741145e-05,2.9745122254176692e-08,9.808660907939526e-07
2023-04-21,220,0.601585671914214,3650,0.9271699316029484,3999.292067136095,0.9126615257719288,Put,SPX,SPX230421P03650000,169.05,0.2701,0.0376199246669976,0.977622566109984,0.2689269621312039,169.04999999991287,8.714096111361869e-11,0.001173037868796,0.26664932997827706,-0.0022776321529268118,0.2668863904516237,-0.002040571679580161,0.2669829512635182,-0.001944010867685697,0.26688641327859347,-0.002040548852610402,0.26688724388536955,-0.002039718245834321,0.0002370604733466508,9.656081189446386e-05,2.2826969758860116e-08,8.534337458399044e-07
2023-04-21,220,0.601585671914214,3725,0.946221368553694,3999.292067136095,0.9314148447946398,Put,SPX,SPX230421P03725000,190.2,0.2635,0.0376199246669976,0.977622566109984,0.2622644669798628,190.199999999993,6.991740519879386e-12,0.0012355330201371,0.259392369573434,-0.0028720974064287974,0.25962650321653763,-0.0026379637633251463,0.25972198488261167,-0.0025424820972511086,0.2596265255138829,-0.0026379414659798983,0.25962732242927894,-0.0026371445505838365,0.00023413364310365115,9.548166607403763e-05,2.22973452479458e-08,8.192127413098049e-07
2023-04-21,220,0.601585671914214,3800,0.9652728055044396,3999.292067136095,0.9501681638173508,Put,SPX,SPX230421P03800000,213.6,0.257,0.0376199246669976,0.977622566109984,0.2556645569319858,213.59999999982847,1.7152501641248816e-10,0.0013354430680141,0.2522436249527902,-0.0034209319791956294,0.2524705354834226,-0.0031940214485632334,0.25256513039722084,-0.0030994265347649708,0.2524705619165306,-0.0031939950154551977,0.2524713784650673,-0.0031931784669185226,0.00022691053063239597,9.459491379826268e-05,2.6433108035739394e-08,8.429816447108607e-07
2023-04-21,220,0.601585671914214,3900,0.9906747214387668,3999.292067136095,0.9751725891809652,Put,SPX,SPX230421P03900000,248.35,0.2482,0.0376199246669976,0.977622566109984,0.2467449110015516,248.3500000000001,1.4210854715202006e-13,0.0014550889984483,0.24292225171912857,-0.0038226592824230354,0.24314023473699106,-0.0036046762645605412,0.2432339235464423,-0.0035109874551093045,0.2431402544183717,-0.003604656583179905,0.24314101995268267,-0.0036038910488689346,0.0002179830178624942,9.36888094512367e-05,1.9681380636349388e-08,7.852156916066111e-07
2023-04-21,220,0.601585671914214,3975,1.0097261583895123,3999.292067136095,0.993925908203676,Put,SPX,SPX230421P03975000,277.55,0.2417,0.0376199246669976,0.977622566109984,0.2401811038228115,277.54999999999995,5.684341886080803e-14,0.0015188961771884,0.2361316840029952,-0.004049419819816297,0.23634934655925016,-0.0038317572635613306,0.23644255902948041,-0.003738544793331078,0.23634936586572422,-0.0038317379570872723,0.2363500694399663,-0.003831034382845183,0.0002176625562549661,9.321247023025281e-05,1.9306474058344847e-08,7.22880716147456e-07
2023-04-21,220,0.601585671914214,4050,1.0287775953402578,3999.292067136095,1.012679227226387,Call,SPX,SPX230421C04050000,262.25,0.2354,0.0376199246669976,0.977622566109984,0.2355346366701862,262.2500000000002,2.273736754432321e-13,0.0001346366701862,0.2295653281811794,-0.005969308489006814,0.2297888538065044,-0.005745782863681798,0.22988173186504426,-0.0056529048051419395,0.2297888792739397,-0.005745757396246498,0.2297896034005351,-0.0057450332696511175,0.00022352562532501619,9.287805853985809e-05,2.546743529951989e-08,7.495940306800897e-07
2023-04-21,220,0.601585671914214,4125,1.047829032291003,3999.292067136095,1.031432546249098,Call,SPX,SPX230421C04125000,223.3,0.2284,0.0376199246669976,0.977622566109984,0.2285645357077179,223.2999999999863,1.3699263945454732e-11,0.0001645357077179,0.2232860054207585,-0.005278530286959404,0.22351746851899287,-0.005047067188725024,0.22361008228149054,-0.0049544534262273565,0.22351749123125036,-0.005047044476467533,0.22351827753980527,-0.005046258167912626,0.00023146309823438016,9.26137624976675e-05,2.271225749139738e-08,8.090208123978648e-07
2023-04-21,220,0.601585671914214,4225,1.0732309482253308,3999.292067136095,1.0564369716127122,Call,SPX,SPX230421C04225000,177.7,0.2204,0.0376199246669976,0.977622566109984,0.2205992916831203,177.6999999999532,4.6782133722444996e-11,0.0001992916831203,0.21548797692951785,-0.005111314753602464,0.21572359567142924,-0.0048756960116910775,0.21581582326283363,-0.0047834684202866795,0.21572361341582483,-0.004875678267295486,0.21572437744714043,-0.0048749142359798825,0.00023561874191138643,9.222759140439796e-05,1.774439559176777e-08,7.817757111949764e-07
2023-04-21,220,0.601585671914214,4300,1.0922823851760763,3999.292067136095,1.0751902906354232,Call,SPX,SPX230421C04300000,146.8,0.2141,0.0376199246669976,0.977622566109984,0.2143021357197617,146.80000000000064,6.252776074688883e-13,0.0002021357197617,0.21016970756050332,-0.004132428159258378,0.2104003727682642,-0.003901762951497495,0.21049214335156807,-0.0038099923681936265,0.2104003989499231,-0.0039017367698385985,0.21040112890958534,-0.003901006810176355,0.00023066520776088284,9.177058330386845e-05,2.618165889645141e-08,7.561413211398804e-07
2023-04-21,220,0.601585671914214,4375,1.111333822126822,3999.292067136095,1.093943609658134,Call,SPX,SPX230421C04375000,119.1,0.2078,0.0376199246669976,0.977622566109984,0.2079605371706395,119.10000000000014,1.4210854715202006e-13,0.0001605371706394,0.20538353775331883,-0.0025769994173206745,0.2056055244436804,-0.0023550127269590937,0.2056965303143088,-0.0022640068563307136,0.20560555315289536,-0.002354984017744144,0.20560636059650642,-0.002354176574133088,0.0002219866903615808,9.100587062838006e-05,2.8709214949795836e-08,8.361528260059092e-07
2023-04-21,220,0.601585671914214,4475,1.1367357380611491,3999.292067136095,1.1189480350217484,Call,SPX,SPX230421C04475000,88.0,0.2,0.0376199246669976,0.977622566109984,0.2002345365175824,87.99999999983174,1.6825651982799172e-10,0.0002345365175824,0.19992146841135433,-0.00031306810622808157,0.20013686446894619,-9.767204863622703e-05,0.20022618733144185,-8.349186140566012e-06,0.20013688445319616,-9.765206438624996e-05,0.20013787000661917,-9.66665109632392e-05,0.00021539605759185454,8.932286249566102e-05,1.9984249977067492e-08,1.005537672987833e-06
2023-04-21,220,0.601585671914214,4550,1.1557871750118949,3999.292067136095,1.1377013540444594,Call,SPX,SPX230421C04550000,68.75,0.1947,0.0376199246669976,0.977622566109984,0.1948611616590486,68.74999999999955,4.547473508864641e-13,0.0001611616590485,0.19655564199130046,0.0016944803322518631,0.19677515507670498,0.0019139934176563844,0.19686270207722828,0.0020015404181796814,0.19677518247634163,0.0019140208172930273,0.1967761980761219,0.0019150364170733014,0.0002195130854045213,8.7547000523297e-05,2.739963664288858e-08,1.0429994169169898e-06
2023-04-21,220,0.601585671914214,4625,1.1748386119626402,3999.292067136095,1.1564546730671703,Call,SPX,SPX230421C04625000,52.95,0.19,0.0376199246669976,0.977622566109984,0.1900795164536213,52.9500000000005,4.973799150320701e-13,7.951645362133664e-05,0.19382440129513717,0.003744884841515861,0.19405393635218465,0.003974419898563342,0.19413933164466074,0.004059815191039429,0.19405397658895918,0.003974460135337865,0.19405499247381724,0.003975476020195934,0.00022953505704748078,8.539529247608701e-05,4.023677452336116e-08,1.0561216325921663e-06
2023-04-21,220,0.601585671914214,4700,1.1938900489133857,3999.292067136095,1.175207992089881,Call,SPX,SPX230421C04700000,40.400000000000006,0.186,0.0376199246669976,0.977622566109984,0.1860996538134506,40.39999999999941,5.968558980384843e-13,9.965381345067303e-05,0.19171007288819283,0.0056104190747422455,0.1919487344300138,0.005849080616563224,0.19203171992871856,0.0059320661152679754,0.1919487723480118,0.005849118534561215,0.19194992981287348,0.005850275999422894,0.0002386615418209781,8.29854987047518e-05,3.791799799146567e-08,1.1953828596700244e-06
2023-04-21,220,0.601585671914214,4800,1.219291964847713,3999.292067136095,1.2002124174534956,Call,SPX,SPX230421C04800000,27.85,0.1819,0.0376199246669976,0.977622566109984,0.1819072322171527,27.849999999999568,4.334310688136611e-13,7.232217152680631e-06,0.1897792917958411,0.007872059578688417,0.19001695946302408,0.00810972724587139,0.19009663145966127,0.008189399242508583,0.19001699114907109,0.008109758931918398,0.19001854704815183,0.008111314830999139,0.0002376676671829725,7.967199663719282e-05,3.168604700842792e-08,1.587585127749147e-06
2023-04-21,220,0.601585671914214,4900,1.2446938807820405,3999.292067136095,1.2252168428171102,Call,SPX,SPX230421C04900000,18.7,0.1781,0.0376199246669976,0.977622566109984,0.1780892990117873,18.69999999999948,5.222489107836736e-13,1.0700988212652971e-05,0.18872973100989388,0.010640431998106575,0.18894949124279944,0.010860192231012145,0.18902606351662052,0.010936764504833218,0.18894955019377485,0.010860251181987551,0.1889513688875125,0.010862069875725189,0.00021976023290556923,7.65722738210739e-05,5.895097540675742e-08,1.8776447130441909e-06
2023-05-19,248,0.6782454939539129,2825,0.7176041251447478,4007.5759789398408,0.7049148949004636,Put,SPX,SPX230519P02825000,51.0,0.3507,0.0377075196511843,0.9747493136084248,0.3494822116565592,51.00000000004985,4.985167834092863e-11,0.0012177883434408,0.34428626843528987,-0.005195943221269317,0.3446136382153847,-0.004868573441174473,0.3447237044586642,-0.004758507197895001,0.3446137263670644,-0.004868485289494795,0.3446165660484062,-0.004865645608153002,0.00032736978009484385,0.0001100662432794719,8.815167967801685e-08,2.927833021471038e-06
2023-05-19,248,0.6782454939539129,2925,0.7430060410790751,4007.5759789398408,0.7298676345429578,Put,SPX,SPX230519P02925000,59.5,0.3392,0.0377075196511843,0.9747493136084248,0.3379555132597056,59.5000000000021,2.103206497849897e-12,0.0012444867402943,0.33436217794734996,-0.0035933353123556167,0.33466315465795854,-0.0032923586017470363,0.3347700546984092,-0.0031854585612963726,0.33466322715427477,-0.0032922861054308084,0.33466579084282294,-0.0032897224168826344,0.00030097671060858033,0.0001069000404506637,7.249631622796571e-08,2.6361848644018693e-06
2023-05-19,248,0.6782454939539129,3000,0.7620574780298206,4007.5759789398408,0.7485821892748286,Put,SPX,SPX230519P03000000,66.9,0.331,0.0377075196511843,0.9747493136084248,0.3297623396649815,66.90000000000009,8.526512829121202e-14,0.0012376603350185,0.3269751965782618,-0.002787143086719679,0.32726498666859,-0.0024973529963914776,0.3273696633301883,-0.0023926763347931757,0.3272650555999627,-0.0024972840650187567,0.32726738850372533,-0.0024949511612561426,0.00028979009032820136,0.00010467666159830191,6.8931372720904e-08,2.4018351353349843e-06
2023-05-19,248,0.6782454939539129,3100,0.787459393964148,4007.5759789398408,0.7735349289173228,Put,SPX,SPX230519P03100000,78.3,0.3205,0.0377075196511843,0.9747493136084248,0.3193393458454064,78.30000000000848,8.483880264975596e-12,0.0011606541545935,0.3171971739290751,-0.0021421719163313147,0.3174812066753106,-0.0018581391700958072,0.31758311136972417,-0.001756234475682239,0.31748126909849816,-0.0018580767469082438,0.31748331631873467,-0.001856029526671743,0.00028403274623550745,0.0001019046944135682,6.24231875634429e-08,2.109643424064167e-06
2023-05-19,248,0.6782454939539129,3175,0.8065108309148935,4007.5759789398408,0.7922494836491935,Put,SPX,SPX230519P03175000,88.15,0.3131,0.0377075196511843,0.9747493136084248,0.3118755128057057,88.1500000000002,1.9895196601282805e-13,0.0012244871942942,0.30992284111127033,-0.0019526716944353595,0.3102010963703134,-0.0016744164353922897,0.31030106692831183,-0.0015744458773938597,0.3102011502401056,-0.001674362565600107,0.3102030858364187,-0.0016724269692869886,0.0002782552590430698,9.997055799843002e-05,5.386979218258148e-08,1.989466105301041e-06
2023-05-19,248,0.6782454939539129,3275,0.8319127468492209,4007.5759789398408,0.8172022232916878,Put,SPX,SPX230519P03275000,103.2,0.3035,0.0377075196511843,0.9747493136084248,0.3022968733036105,103.19999999999824,1.7763568394002505e-12,0.0012031266963895,0.30030676811290263,-0.001990105190707858,0.30056976441907657,-0.0017271088845339233,0.300667372873149,-0.0016295004304615057,0.30056981881890016,-0.001727054484710333,0.30057156681301594,-0.001725306490594547,0.0002629963061739349,9.760845407241758e-05,5.439982359023432e-08,1.8023939393763122e-06
2023-05-19,248,0.6782454939539129,3350,0.8509641837999664,4007.5759789398408,0.8359167780235585,Put,SPX,SPX230519P03350000,116.0,0.2966,0.0377075196511843,0.9747493136084248,0.2952717401257289,116.00000000008151,8.151346264639868e-11,0.001328259874271,0.29315359948942266,-0.0021181406363062205,0.29340383057165687,-0.0018679095540720114,0.2934998193446986,-0.0017719207810302784,0.2934038783879975,-0.0018678617377314022,0.29340546849071714,-0.0018662716350117403,0.0002502310822342091,9.598877304173303e-05,4.781634060924134e-08,1.6379190602711091e-06
2023-05-19,248,0.6782454939539129,3450,0.8763660997342937,4007.5759789398408,0.8608695176660528,Put,SPX,SPX230519P03450000,135.6,0.2877,0.0377075196511843,0.9747493136084248,0.2863887508648085,135.59999999999968,3.1263880373444413e-13,0.0013112491351914,0.2836902541055679,-0.002698496759240554,0.28393090273288624,-0.0024578481319222356,0.2840249569631276,-0.0023637939016808995,0.2839309453071776,-0.0024578055576308655,0.2839324440571811,-0.002456306807627373,0.00024064862731831838,9.405423024133608e-05,4.257429137011215e-08,1.5413242948625339e-06
2023-05-19,248,0.6782454939539129,3525,0.8954175366850392,4007.5759789398408,0.8795840723979235,Put,SPX,SPX230519P03525000,152.05,0.281,0.0377075196511843,0.9747493136084248,0.2797229490207629,152.04999999995687,4.314415491535328e-11,0.0012770509792371,0.27665359573108467,-0.0030693532896782227,0.27689379401974623,-0.002829155001016659,0.2769865769613368,-0.0027363720594261176,0.276893838733044,-0.0028291102877188723,0.27689527682369725,-0.002827672197065645,0.0002401982886615639,9.278294159054123e-05,4.47132977865472e-08,1.4828039510139668e-06
2023-05-19,248,0.6782454939539129,3625,0.9208194526193666,4007.5759789398408,0.9045368120404178,Put,SPX,SPX230519P03625000,176.85000000000002,0.2725,0.0377075196511843,0.9747493136084248,0.2710949144508279,176.85000000001833,1.8303580873180178e-11,0.001405085549172,0.2673743418251484,-0.0037205726256794858,0.2676160528230419,-0.0034788616277859896,0.2677073720624285,-0.0033875423883993894,0.26761608985396285,-0.003478824596865049,0.2676173773263804,-0.003477537124447483,0.00024171099789349615,9.131923938660025e-05,3.703092094076155e-08,1.324503338506755e-06
2023-05-19,248,0.6782454939539129,3700,0.939870889570112,4007.5759789398408,0.9232513667722884,Put,SPX,SPX230519P03700000,197.4,0.2662,0.0377075196511843,0.9747493136084248,0.2644601126692315,197.399999999873,1.2701661944447548e-10,0.0017398873307684,0.2605124792610323,-0.003947633408199147,0.2607515482804194,-0.0037085643888120634,0.2608419617322329,-0.0036181509369985765,0.2607515830257126,-0.0037085296435188653,0.26075280815022217,-0.0037073045190093024,0.0002390690193870837,9.041345181348692e-05,3.474529319813513e-08,1.2598698027610489e-06
2023-05-19,248,0.6782454939539129,3800,0.9652728055044396,4007.5759789398408,0.9482041064147828,Put,SPX,SPX230519P03800000,228.55,0.2578,0.0377075196511843,0.9747493136084248,0.2561531605479784,228.5500000002041,2.0412471712916158e-10,0.0016468394520215,0.25152532826994334,-0.004627832278035038,0.25175495410163234,-0.004398206446346031,0.2518444231855448,-0.00430873736243359,0.25175499318224737,-0.004398167365731009,0.25175621951104316,-0.00439694103693522,0.00022962583168900652,8.946908391244124e-05,3.908061502189142e-08,1.2654094108111025e-06
2023-05-19,248,0.6782454939539129,3875,0.984324242455185,4007.5759789398408,0.9669186611466536,Put,SPX,SPX230519P03875000,254.25,0.2514,0.0377075196511843,0.9747493136084248,0.2497463183414442,254.2499999999925,7.503331289626658e-12,0.0016536816585558,0.2449307106023241,-0.004815607739120098,0.24515330817678233,-0.004593010164661876,0.24524225052913154,-0.004504067812312662,0.24515334192768104,-0.004592976413763161,0.24515452491355866,-0.004591793427885543,0.00022259757445822204,8.894235234921388e-05,3.375089871471282e-08,1.2167367763327164e-06
2023-05-19,248,0.6782454939539129,3975,1.0097261583895123,4007.5759789398408,0.9918714007891478,Put,SPX,SPX230519P03975000,292.2,0.2431,0.0377075196511843,0.9747493136084248,0.2412113898821744,292.20000000000005,5.684341886080803e-14,0.0018886101178255,0.23638031491145908,-0.0048310749707153045,0.23660114981348215,-0.004610240068692234,0.2366896272459652,-0.004521762636209181,0.2366011804403411,-0.004610209441833296,0.23660226749639116,-0.004609122385783232,0.00022083490202307043,8.847743248305284e-05,3.062685893784334e-08,1.117682909002049e-06
2023-05-19,248,0.6782454939539129,4075,1.0351280743238398,4007.5759789398408,1.016824140431642,Call,SPX,SPX230519C04075000,271.2,0.2342,0.0377075196511843,0.9747493136084248,0.2344258904866483,271.1999999999998,1.7053025658242404e-13,0.0002258904866483,0.2281884284680222,-0.0062374620186261,0.2284174149480689,-0.006008475538579416,0.2285056478981439,-0.005920242588504404,0.22841745266166394,-0.006008437824984364,0.22841856820000309,-0.006007322286645217,0.00022898648004668343,8.82329500750123e-05,3.7713595052446536e-08,1.1532519341994618e-06
2023-05-19,248,0.6782454939539129,4150,1.054179511274585,4007.5759789398408,1.0355386951635128,Call,SPX,SPX230519C04150000,233.35,0.2279,0.0377075196511843,0.9747493136084248,0.2282051833661278,233.3499999999485,5.147171577846166e-11,0.0003051833661278,0.2223511446775719,-0.005854038688555913,0.22258795677036017,-0.005617226595767633,0.2226760679044417,-0.005529115461686107,0.2225879901830639,-0.00561719318306389,0.22258916367206585,-0.005616019694061947,0.00023681209278827997,8.811113408152549e-05,3.341270374268568e-08,1.2069017056859366e-06
2023-05-19,248,0.6782454939539129,4250,1.0795814272089126,4007.5759789398408,1.060491434806007,Call,SPX,SPX230519C04250000,187.5,0.2198,0.0377075196511843,0.9747493136084248,0.2200528679663257,187.50000000019827,1.9826984498649838e-10,0.0002528679663257,0.2150897897666805,-0.004963078199645199,0.21533061418296445,-0.004722253783361247,0.21541851421114724,-0.004634353755178455,0.21533064371331861,-0.004722224253007085,0.21533179573418385,-0.004721072232141854,0.00024082441628395235,8.79000281827913e-05,2.9530354161977357e-08,1.1815512193924516e-06
2023-05-19,248,0.6782454939539129,4325,1.098632864159658,4007.5759789398408,1.0792059895378778,Call,SPX,SPX230519C04325000,156.75,0.2138,0.0377075196511843,0.9747493136084248,0.2140895581297422,156.75000000000043,4.547473508864641e-13,0.0002895581297422,0.21011381005988597,-0.003975748069856233,0.21035051506111582,-0.00373904306862638,0.21043809942716157,-0.003651458702580629,0.21035055332955807,-0.0037390048001841314,0.21035168235701537,-0.0037378757727268286,0.00023670500122985327,8.758436604575093e-05,3.8268442248412526e-08,1.167295899551224e-06
2023-05-19,248,0.6782454939539129,4425,1.1240347800939854,4007.5759789398408,1.104158729180372,Call,SPX,SPX230519C04425000,120.75,0.2061,0.0377075196511843,0.9747493136084248,0.2063896692954395,120.75,0.0,0.0002896692954394,0.2042087633320249,-0.002180905963414609,0.20443563875045345,-0.0019540305449860518,0.20452235715209735,-0.0018673121433421536,0.20443567967242554,-0.001953989623013963,0.20443694326420345,-0.0019527260312360573,0.00022687541842855707,8.671840164389821e-05,4.09219720887144e-08,1.304513749994518e-06
2023-05-19,248,0.6782454939539129,4500,1.143086217044731,4007.5759789398408,1.1228732839122428,Call,SPX,SPX230519C04500000,97.4,0.2004,0.0377075196511843,0.9747493136084248,0.2007189869381037,97.4000000000035,3.495870259939693e-12,0.0003189869381037,0.20038059231694755,-0.00033839462115614616,0.20060365293310034,-0.00011533400500335356,0.20068927023951874,-2.971669858495285e-05,0.20060368721107155,-0.00011529972703214209,0.2006051137088803,-0.00011387322922340459,0.0002230606161527926,8.561730641840071e-05,3.427797121147158e-08,1.460775779948964e-06
2023-05-19,248,0.6782454939539129,4600,1.1684881329790584,4007.5759789398408,1.147826023554737,Call,SPX,SPX230519C04600000,71.65,0.1937,0.0377075196511843,0.9747493136084248,0.1939442556178405,71.65000000000032,3.1263880373444413e-13,0.0002442556178405,0.19612280671026805,0.0021785510924275386,0.1963521196463597,0.0024078640285191966,0.19643564402990013,0.0024913884120596197,0.19635216283618107,0.0024079072183405548,0.19635369049136173,0.0024094348735212157,0.00022931293609165793,8.352438354042313e-05,4.318982135820271e-08,1.5708450020190945e-06
2023-05-19,248,0.6782454939539129,4675,1.187539569929804,4007.5759789398408,1.1665405782866078,Call,SPX,SPX230519C04675000,56.45,0.1897,0.0377075196511843,0.9747493136084248,0.1898905322403716,56.44999999999993,7.105427357601003e-14,0.0001905322403716,0.19357041769771235,0.0036798854573407425,0.19381124024333576,0.003920708002964152,0.19389278682640573,0.004002254586034121,0.19381129780862397,0.0039207655682523546,0.19381286917829796,0.003922336937926346,0.0002408225456234092,8.154658306996909e-05,5.7565288202887643e-08,1.628934962194517e-06
2023-05-19,248,0.6782454939539129,4775,1.2129414858641312,4007.5759789398408,1.191493317929102,Call,SPX,SPX230519C04775000,40.2,0.1847,0.0377075196511843,0.9747493136084248,0.1849019149970737,40.19999999999908,9.237055564881302e-13,0.0002019149970736,0.19099322802694899,0.006091313029875284,0.19124816149523102,0.006346246498157321,0.191326709300157,0.006424794303083292,0.19124821756278995,0.00634630256571625,0.19125006620290677,0.006348151205833069,0.000254933468282037,7.854780492597135e-05,5.6067558928951655e-08,1.9047076757483516e-06
2023-05-19,248,0.6782454939539129,4850,1.2319929228148767,4007.5759789398408,1.2102078726609728,Call,SPX,SPX230519C04850000,30.8,0.1816,0.0377075196511843,0.9747493136084248,0.1816860958952456,30.79999999998148,1.8520296407587008e-11,8.609589524560812e-05,0.1896361704785539,0.00795007458330832,0.18989339805093286,0.008207302155687268,0.18996961253010325,0.008283516634857657,0.18989345013099365,0.00820735423574806,0.1898956727491641,0.008209576853918515,0.00025722757237894855,7.621447917038893e-05,5.20800607917149e-08,2.274698231247152e-06
2023-05-19,248,0.6782454939539129,5000,1.2700957967163675,4007.5759789398408,1.2476369821247142,Call,SPX,SPX230519C05000000,18.0,0.1773,0.0377075196511843,0.9747493136084248,0.1773052682683318,18.00000000000273,2.7284841053187847e-12,5.268268331776183e-06,0.18818422051061834,0.01087895224228655,0.18842288112720143,0.011117612858869641,0.1884947427920619,0.01118947452373012,0.18842297605292566,0.011117707784593867,0.18842577824932996,0.011120509980998172,0.0002386606165830918,7.186166486047862e-05,9.492572422553636e-08,2.8971221285312154e-06
2023-06-16,276,0.7549053159936117,2825,0.7176041251447478,4015.898946508069,0.7034539557964756,Put,SPX,SPX230616P02825000,57.45,0.346,0.0377845471416567,0.9718792063957618,0.3445937464123299,57.45000000000016,1.5631940186722204e-13,0.00140625358767,0.33925946613388197,-0.005334280278447956,0.339605182877399,-0.004988563534930934,0.3397075162218349,-0.004886230190495,0.3396053045676411,-0.004988441844688829,0.3396092542818372,-0.004984492130492735,0.00034571674351702164,0.00010233334443593423,1.216902421052879e-07,4.071404438199533e-06
2023-06-16,276,0.7549053159936117,2925,0.7430060410790751,4015.898946508069,0.7283549807804217,Put,SPX,SPX230616P02925000,66.7,0.3351,0.0377845471416567,0.9718792063957618,0.3336962035302688,66.70000000000027,2.700062395888381e-13,0.0014037964697311,0.32974868126684587,-0.003947522263422931,0.33007007834029944,-0.0036261251899693536,0.33016966647284496,-0.0035265370574238397,0.3300701833993952,-0.0036260201308735973,0.33007372620682546,-0.0036224773234433405,0.0003213970734535776,9.958813254551391e-05,1.0505909575631023e-07,3.6478665260131216e-06
2023-06-16,276,0.7549053159936117,3000,0.7620574780298206,4015.898946508069,0.7470307495183812,Put,SPX,SPX230616P03000000,74.85,0.3276,0.0377845471416567,0.9718792063957618,0.3261771264240955,74.84999999999991,8.526512829121202e-14,0.0014228735759044,0.3226771004336086,-0.0035000259904869324,0.3229895101806289,-0.00318761624346664,0.32308718171858014,-0.0030899447055153795,0.32298961181770897,-0.0031875146063865545,0.3229928224629022,-0.0031843039611933466,0.00031240974702029245,9.767153795126049e-05,1.0163708008548156e-07,3.3122822732933876e-06
2023-06-16,276,0.7549053159936117,3100,0.787459393964148,4015.898946508069,0.7719317745023273,Put,SPX,SPX230616P03100000,87.0,0.3176,0.0377845471416567,0.9718792063957618,0.3161980027197441,87.00000000000011,1.1368683772161605e-13,0.0014019972802558,0.31333416341020665,-0.0028638393095374304,0.313637970815348,-0.002560031904396076,0.31373325646578387,-0.002464746253960204,0.31363805701491027,-0.0025599457048338103,0.313640959806648,-0.0025570429130960526,0.0003038074051413542,9.528565043587234e-05,8.619956226585401e-08,2.9889913000236135e-06
2023-06-16,276,0.7549053159936117,3175,0.8065108309148935,4015.898946508069,0.7906075432402868,Put,SPX,SPX230616P03175000,97.5,0.3106,0.0377845471416567,0.9718792063957618,0.3091490661509578,97.5,0.0,0.0014509338490422,0.3063956466414115,-0.0027534195095462732,0.3066889923965381,-0.0024600737544197004,0.3067826326407719,-0.0023664335101858947,0.3066890736218963,-0.0024599925290614832,0.30669180474449775,-0.0024572614064600207,0.0002933457551265728,9.364024423380579e-05,8.122535821719623e-08,2.812347959679773e-06
2023-06-16,276,0.7549053159936117,3275,0.8319127468492209,4015.898946508069,0.8155085682242328,Put,SPX,SPX230616P03275000,113.25,0.3014,0.0377845471416567,0.9718792063957618,0.2999075511378685,113.25000000000011,1.1368683772161605e-13,0.0014924488621314,0.2972344946011748,-0.0026730565366936965,0.29750885928164267,-0.002398691856225821,0.2976004975445471,-0.0023070535933213954,0.29750893669599465,-0.0023986144418738364,0.297511381572229,-0.0023961695656394832,0.00027436468046787565,9.163826290442545e-05,7.741435198438396e-08,2.522290586337572e-06
2023-06-16,276,0.7549053159936117,3375,0.8573146627835482,4015.898946508069,0.8404095932081789,Put,SPX,SPX230616P03375000,131.55,0.2928,0.0377845471416567,0.9718792063957618,0.2911680653228766,131.5500000000003,2.842170943040401e-13,0.0016319346771233,0.28816909905678184,-0.002998966266094749,0.2884280582557737,-0.0027400070671028676,0.288517909369134,-0.0026501559537425723,0.28842812388869216,-0.002739941434184434,0.2884303574727118,-0.0027377078501648056,0.0002589591989918816,8.985111336029528e-05,6.563291843342256e-08,2.2992169380620098e-06
2023-06-16,276,0.7549053159936117,3450,0.8763660997342937,4015.898946508069,0.8590853619461384,Put,SPX,SPX230616P03450000,147.05,0.2864,0.0377845471416567,0.9718792063957618,0.284833636904843,147.04999999999995,5.684341886080803e-14,0.001566363095157,0.2814322002357742,-0.0034014366690687803,0.28168631703226144,-0.0031473198725815443,0.2817749884906589,-0.003058648414184073,0.28168638203886914,-0.0031472548659738364,0.2816885317268988,-0.0031451051779441963,0.00025411679648723595,8.867145839747126e-05,6.500660770791811e-08,2.2146946373480247e-06
2023-06-16,276,0.7549053159936117,3550,0.9017680156686212,4015.898946508069,0.8839863869300845,Put,SPX,SPX230616P03550000,170.05,0.2781,0.0377845471416567,0.9718792063957618,0.2764086369836274,170.05000000000018,1.7053025658242404e-13,0.0016913630163725,0.27254425225799855,-0.0038643847256288333,0.2727982842382636,-0.0036103527453638096,0.27288559221603065,-0.003523044767596739,0.2727983466975529,-0.0036102902860745134,0.272800337055859,-0.003608299927768399,0.0002540319802650237,8.730797776707044e-05,6.24592892961573e-08,2.0528175954104277e-06
2023-06-16,276,0.7549053159936117,3650,0.9271699316029484,4015.898946508069,0.9088874119140304,Put,SPX,SPX230616P03650000,195.8,0.2699,0.0377845471416567,0.9718792063957618,0.2678599217243085,195.79999999985148,1.4853185348329134e-10,0.0020400782756914,0.26378941759928826,-0.004070504125020247,0.26404213832199946,-0.0038177834023090385,0.26412832696816224,-0.0037315947561462615,0.26404219142279245,-0.0038177303015160535,0.2640440113247156,-0.0038159103995928922,0.00025272072271120827,8.6188646162777e-05,5.310079298492809e-08,1.8730027161462104e-06
2023-06-16,276,0.7549053159936117,3725,0.946221368553694,4015.898946508069,0.92756318065199,Put,SPX,SPX230616P03725000,217.65,0.2637,0.0377845471416567,0.9718792063957618,0.2618332018079947,217.65000000000052,5.400124791776761e-13,0.0018667981920052,0.2573296505666502,-0.0045035512413444945,0.25757703140504656,-0.004256170402948123,0.25766255834359736,-0.004170643464397328,0.25757708591778594,-0.004256115890208745,0.2575788604241599,-0.004254341383834792,0.0002473808383963716,8.552693855079507e-05,5.4512739378065334e-08,1.8290191133307765e-06
2023-06-16,276,0.7549053159936117,3825,0.9716232844880212,4015.898946508069,0.952464205635936,Put,SPX,SPX230616P03825000,249.5,0.2556,0.0377845471416567,0.9718792063957618,0.2535334307660803,249.50000000036016,3.601599019020796e-10,0.0020665692339196,0.24888483719935856,-0.004648593566721759,0.2491217166870472,-0.004411714079033124,0.2492065866101304,-0.004326844155949916,0.24912177164647556,-0.004411659119604755,0.24912351631613583,-0.004409914449944485,0.00023687948768863487,8.48699230832084e-05,5.4959428369416585e-08,1.7996290886390653e-06
2023-06-16,276,0.7549053159936117,3925,0.9970252004223488,4015.898946508069,0.977365230619882,Put,SPX,SPX230616P03925000,284.85,0.2472,0.0377845471416567,0.9718792063957618,0.2450437718384112,284.85000000000014,1.1368683772161605e-13,0.0021562281615887,0.24066886339678445,-0.004374908441626746,0.24089920152935373,-0.00414457030905746,0.24098365530594845,-0.004060116532462743,0.24089924783328734,-0.004144524005123856,0.24090088610947105,-0.004142885728940143,0.00023033813256928548,8.445377659471731e-05,4.6303933604052716e-08,1.6845801173170916e-06
2023-06-16,276,0.7549053159936117,4000,1.0160766373730945,4015.898946508069,0.9960409993578416,Put,SPX,SPX230616P04000000,314.5,0.2414,0.0377845471416567,0.9718792063957618,0.2390400797642355,314.4999999999998,2.273736754432321e-13,0.0023599202357644,0.23469069188294983,-0.004349387881285666,0.23492248651551612,-0.004117593248719381,0.23500678161349706,-0.00403329815073844,0.23492253467667798,-0.004117545087557517,0.23492411333602392,-0.004115966428211576,0.00023179463256628452,8.429509798094093e-05,4.8161161864124225e-08,1.62682050780516e-06
2023-06-16,276,0.7549053159936117,4100,1.0414785533074216,4015.898946508069,1.0209420243417875,Call,SPX,SPX230616C04100000,278.75,0.2326,0.0377845471416567,0.9718792063957618,0.2329896471991669,278.7499999999998,2.273736754432321e-13,0.0003896471991669,0.22702918956122886,-0.005960457637938038,0.22727005268375108,-0.005719594515415816,0.22735428208357117,-0.005635365115595731,0.2272701064746553,-0.0057195407245116126,0.22727172818457603,-0.005717919014590872,0.00024086312252222242,8.422939982008493e-05,5.379090420309929e-08,1.6755008249436099e-06
2023-06-16,276,0.7549053159936117,4175,1.060529990258167,4015.898946508069,1.0396177930797472,Call,SPX,SPX230616C04175000,241.4,0.2266,0.0377845471416567,0.9718792063957618,0.227008943455195,241.3999999998332,1.6680701264704112e-10,0.000408943455195,0.2215709680447251,-0.00543797541046992,0.22181941362364077,-0.00518952983155424,0.22190363312958183,-0.005105310325613177,0.22181946224913204,-0.005189481206062968,0.22182113681701943,-0.005187806638175585,0.0002484455789156792,8.421950594106331e-05,4.862549127238047e-08,1.723193378655452e-06
2023-06-16,276,0.7549053159936117,4275,1.0859319061924944,4015.898946508069,1.0645188180636933,Call,SPX,SPX230616C04275000,196.05,0.2187,0.0377845471416567,0.9718792063957618,0.2192297770899434,196.05000000000015,1.7053025658242404e-13,0.0005297770899434,0.21476969225988524,-0.004460084830058164,0.21502215162132493,-0.00420762546861847,0.21510629900097555,-0.004123478088967847,0.21502219758455468,-0.00420757950538872,0.2150238566984662,-0.004205920391477214,0.00025245936143969416,8.414737965062313e-05,4.596322975003453e-08,1.7050771412563392e-06
2023-06-16,276,0.7549053159936117,4375,1.111333822126822,4015.898946508069,1.0894198430476394,Call,SPX,SPX230616C04375000,155.9,0.2112,0.0377845471416567,0.9718792063957618,0.2116331746262633,155.90000000000305,3.0411229090532288e-12,0.0004331746262633,0.20861823686749756,-0.00301493775876574,0.20886559866229598,-0.002767575963967317,0.20894942662256663,-0.0026837480036966677,0.20886565649658756,-0.002767518129675739,0.2088673247506023,-0.002765849875661003,0.000247361794798423,8.382796027064932e-05,5.783429157801834e-08,1.7260883063141552e-06
2023-06-16,276,0.7549053159936117,4450,1.1303852590775674,4015.898946508069,1.108095611785599,Call,SPX,SPX230616C04450000,129.2,0.2055,0.0377845471416567,0.9718792063957618,0.2060040209416337,129.1999999999398,6.019718057359569e-11,0.0005040209416337,0.20449192453817583,-0.0015120964034578688,0.2047331306006995,-0.0012708903409341943,0.20481640611838858,-0.0011876148232451145,0.2047331903311565,-0.0012708306104771971,0.20473498900213583,-0.0012690319394978722,0.0002412060625236745,8.327551768907981e-05,5.973045699714241e-08,1.858401436322099e-06
2023-06-16,276,0.7549053159936117,4550,1.1557871750118949,4015.898946508069,1.1329966367695448,Call,SPX,SPX230616C04550000,98.6,0.1986,0.0377845471416567,0.9718792063957618,0.1989814971175139,98.60000000000582,5.8264504332328215e-12,0.0003814971175138,0.1996999424645959,0.000718445347082014,0.19993829831825452,0.0009568012007406257,0.2000202797988461,0.001038782681332201,0.19993835156221176,0.0009568544446978688,0.19994039954652146,0.0009589024290075632,0.00023835585365861167,8.198148059157528e-05,5.324395724315423e-08,2.1012282669374827e-06
2023-06-16,276,0.7549053159936117,4625,1.1748386119626402,4015.898946508069,1.1516724055075045,Call,SPX,SPX230616C04625000,79.45,0.1938,0.0377845471416567,0.9718792063957618,0.1942541334536011,79.44999999995161,4.8387960305262816e-11,0.000454133453601,0.19666212476711686,0.002407991313515767,0.19690626364513786,0.002652130191536761,0.19698684286900914,0.002732709415408041,0.19690632367101066,0.0026521902174095613,0.19690849479186062,0.0026543613382595255,0.0002441388780209941,8.057922387127991e-05,6.002587280007354e-08,2.2311467227642545e-06
2023-06-16,276,0.7549053159936117,4725,1.2002405278969674,4015.898946508069,1.1765734304914504,Call,SPX,SPX230616C04725000,58.7,0.1884,0.0377845471416567,0.9718792063957618,0.1887956321266526,58.69999999984543,1.545714667372522e-10,0.0003956321266526,0.19336049857162801,0.004564866444975418,0.19362149007457746,0.0048258579479248664,0.19369969191327963,0.00490405978662703,0.193621571231594,0.00482593910494139,0.19362386933812697,0.004828237211474379,0.00026099150294944806,7.820183870216324e-05,8.115701652378071e-08,2.379263549512345e-06
2023-06-16,276,0.7549053159936117,4825,1.225642443831295,4015.898946508069,1.2014744554753964,Call,SPX,SPX230616C04825000,42.95,0.1842,0.0377845471416567,0.9718792063957618,0.1845283537793525,42.9500000000005,4.973799150320701e-13,0.0003283537793525,0.19088834227363674,0.0063599884942842355,0.19116719063580728,0.006638836856454777,0.1912426016213452,0.006714247841992704,0.19116727503204567,0.006638921252693164,0.19116991796552843,0.0066415641861759245,0.00027884836217054176,7.541098553792702e-05,8.439623838674137e-08,2.727329721147198e-06
2023-06-16,276,0.7549053159936117,4900,1.2446938807820405,4015.898946508069,1.220150224213356,Call,SPX,SPX230616C04900000,33.4,0.1811,0.0377845471416567,0.9718792063957618,0.181372596694076,33.39999999999975,2.486899575160351e-13,0.0002725966940759,0.18954121802056376,0.008168621326487768,0.18982716220485563,0.008454565510779638,0.18990037530500772,0.008527778610931736,0.18982724374590515,0.008454647051829162,0.18983032739513242,0.008457730701056432,0.00028594418429186974,7.321310015209748e-05,8.154104952362573e-08,3.165190276793739e-06
2023-06-16,276,0.7549053159936117,5200,1.3208996285850223,4015.898946508069,1.2948532991651942,Call,SPX,SPX230616C05200000,12.4,0.1751,0.0377845471416567,0.9718792063957618,0.1751658716563423,12.4000000000008,8.01136934569513e-13,6.58716563422812e-05,0.18759407456531602,0.012428202908973729,0.18787186156813515,0.012705989911792864,0.18793727814928404,0.012771406492941756,0.18787201517778176,0.012706143521439478,0.18787679214910832,0.012710920492766037,0.0002777870028191354,6.54165811488916e-05,1.5360964661370602e-07,4.93058097317256e-06
2023-07-21,311,0.8507300935432353,2825,0.7176041251447478,4026.345921676482,0.7016287360683933,Put,SPX,SPX230721P02825000,65.15,0.3409,0.0378668434954496,0.968298895224149,0.3391581838781059,65.15000000000015,1.4210854715202006e-13,0.001741816121894,0.33381867342673993,-0.005339510451365992,0.33421324425124344,-0.004944939626862488,0.33430742103625727,-0.004850762841848655,0.33421341955071526,-0.0049447643273906605,0.33421907871815243,-0.004939105159953494,0.000394570824503504,9.417678501383309e-05,1.752994718273726e-07,5.834466908993807e-06
2023-07-21,311,0.8507300935432353,2950,0.749356520062657,4026.345921676482,0.7326742553634549,Put,SPX,SPX230721P02950000,77.94999999999999,0.3282,0.0378668434954496,0.968298895224149,0.3263659074068639,77.94999999983321,1.6677859093761072e-10,0.001834092593136,0.3225250333396574,-0.0038408740672065123,0.32289251550868436,-0.003473391898179523,0.3229838414791401,-0.0033820659277237763,0.3228926741117671,-0.0034732332950968003,0.3228975539842074,-0.0034683534226565005,0.00036748216902698916,9.132597045574675e-05,1.5860308272275248e-07,5.038475523022612e-06
2023-07-21,311,0.8507300935432353,3025,0.7684079570134025,4026.345921676482,0.7513015669404919,Put,SPX,SPX230721P03025000,86.94999999999999,0.321,0.0378668434954496,0.968298895224149,0.3192163347496071,86.94999999999925,7.389644451905042e-13,0.0017836652503928,0.315830096818145,-0.0033862379314620883,0.3161868213607612,-0.0030295133888458836,0.3162765713266311,-0.0029397634229759717,0.31618696454520734,-0.0030293702043997506,0.3161914794527384,-0.0030248552968686893,0.0003567245426162047,8.974996586991191e-05,1.4318444613303782e-07,4.658091977194356e-06
2023-07-21,311,0.8507300935432353,3100,0.787459393964148,4026.345921676482,0.7699288785175289,Put,SPX,SPX230721P03100000,96.95,0.3141,0.0378668434954496,0.968298895224149,0.3122879774727491,96.9499999999997,2.9842794901924213e-13,0.0018120225272508,0.30919942312690324,-0.003088554345845873,0.3095433882109276,-0.0027445892618215284,0.30963167089812643,-0.00265630657462268,0.3095435190833584,-0.0027444583893906915,0.3095477558464571,-0.0027402216262920054,0.00034396508402434467,8.828268719884846e-05,1.3087243083687028e-07,4.367635529523017e-06
2023-07-21,311,0.8507300935432353,3175,0.8065108309148935,4026.345921676482,0.7885561900945658,Put,SPX,SPX230721P03175000,108.1,0.3075,0.0378668434954496,0.968298895224149,0.3056307705420564,108.09999999999955,4.263256414560601e-13,0.0018692294579435,0.30263309909135483,-0.0029976714507015667,0.3029608621178999,-0.0026699084241564863,0.3030477931379723,-0.002582977404084086,0.3029609886309051,-0.0026697819111513033,0.302964939636846,-0.002665830905210387,0.0003277630265450804,8.69310200724005e-05,1.2651300518307096e-07,4.077518946099534e-06
2023-07-21,311,0.8507300935432353,3275,0.8319127468492209,4026.345921676482,0.8133926055306151,Put,SPX,SPX230721P03275000,124.8,0.299,0.0378668434954496,0.968298895224149,0.2970018061087281,124.80000000000472,4.732214620162267e-12,0.0019981938912718,0.2939728438902593,-0.0030289622184688225,0.29427829789359994,-0.0027235082151281786,0.294363591162879,-0.0026382149458490933,0.29427841216216016,-0.0027233939465679535,0.2942819783473633,-0.0027198277613648125,0.0003054540033406439,8.529326927908532e-05,1.14268560225117e-07,3.6804537633661205e-06
2023-07-21,311,0.8507300935432353,3325,0.8446137048163845,4026.345921676482,0.8258108132486398,Put,SPX,SPX230721P03325000,134.0,0.2948,0.0378668434954496,0.968298895224149,0.2927844033918229,133.99999999999977,2.273736754432321e-13,0.0020155966081771,0.28968115864722,-0.0031032447446028844,0.28997780671939977,-0.0028065966724231117,0.29006235453190754,-0.002722048859915338,0.28997791346023,-0.0028064899315928815,0.2899813355097182,-0.0028030678821046595,0.0002966480721797726,8.454781250777366e-05,1.0674083023021197e-07,3.528790318452213e-06
2023-07-21,311,0.8507300935432353,3400,0.86366514176713,4026.345921676482,0.8444381248256768,Put,SPX,SPX230721P03400000,148.85000000000002,0.2885,0.0378668434954496,0.968298895224149,0.2864789916513301,148.85000000000002,0.0,0.0020210083486698,0.28329132892518466,-0.003187662726145457,0.28357960107118607,-0.0028993905801440456,0.283663133647638,-0.0028158580036921066,0.2835797030421786,-0.002899288609151507,0.28358297051250975,-0.0028960211388203705,0.0002882721460014115,8.353257645193901e-05,1.0197099253872466e-07,3.3694413236751153e-06
2023-07-21,311,0.8507300935432353,3475,0.8827165787178756,4026.345921676482,0.8630654364027138,Put,SPX,SPX230721P03475000,165.14999999999998,0.2824,0.0378668434954496,0.968298895224149,0.2802901142400529,165.14999999999964,3.410605131648481e-13,0.002109885759947,0.27696236996930873,-0.0033277442707441707,0.2772473225441497,-0.003042791695903213,0.27732996174053376,-0.002960152499519142,0.2772474232809477,-0.0030426909591051987,0.27725053949737977,-0.0030395747426731345,0.0002849525748409576,8.263919638407113e-05,1.0073679801436697e-07,3.216953230078534e-06
2023-07-21,311,0.8507300935432353,3525,0.8954175366850392,4026.345921676482,0.8754836441207384,Put,SPX,SPX230721P03525000,176.85000000000002,0.2785,0.0378668434954496,0.968298895224149,0.2762024418994777,176.85000000024343,2.4340351956197987e-10,0.0022975581005222,0.2727805956041533,-0.0034218462953243822,0.2730646979439077,-0.0031377439555699826,0.2731468056292361,-0.0030556362702415796,0.2730647947542402,-0.0031376471452374544,0.27306778947728955,-0.0031346524221881333,0.0002841023397543996,8.210768532840307e-05,9.681033252828541e-08,3.0915333818493096e-06
2023-07-21,311,0.8507300935432353,3600,0.9144689736357848,4026.345921676482,0.8941109556977754,Put,SPX,SPX230721P03600000,195.8,0.2725,0.0378668434954496,0.968298895224149,0.2701816913074553,195.80000000033624,3.3622882256167936e-10,0.0023183086925447,0.26657154183819814,-0.00361014946925714,0.2668537492319463,-0.0033279420755089606,0.2669351598389189,-0.0032465314685363733,0.2668538369515873,-0.003327854355867965,0.26685665137380354,-0.003325039933651741,0.0002822073937481795,8.141060697258728e-05,8.771964099540952e-08,2.902141857219487e-06
2023-07-21,311,0.8507300935432353,3675,0.9335204105865302,4026.345921676482,0.9127382672748124,Put,SPX,SPX230721P03675000,216.35,0.2666,0.0378668434954496,0.968298895224149,0.2641405830507305,216.3500000000004,3.694822225952521e-13,0.0024594169492694,0.2604482515556265,-0.0036923314951040065,0.260725705857624,-0.0034148771931065136,0.2608065510901942,-0.0033340319605363322,0.2607257898511293,-0.003414793199601196,0.2607284866243407,-0.003412096426389788,0.0002774543019974929,8.084523257018139e-05,8.39935053176255e-08,2.780766716725669e-06
2023-07-21,311,0.8507300935432353,3725,0.946221368553694,4026.345921676482,0.925156474992837,Put,SPX,SPX230721P03725000,231.05,0.2627,0.0378668434954496,0.968298895224149,0.2601462027304568,231.04999999999973,2.842170943040401e-13,0.0025537972695431,0.2564189376933878,-0.003727265037068994,0.25669148797762037,-0.0034547147528364297,0.25677203068962495,-0.0033741720408318465,0.2566915732531093,-0.0034546294773474817,0.2566942306521146,-0.0034519720783421914,0.00027255028423256444,8.054271200458318e-05,8.527548894798898e-08,2.742674494238262e-06
2023-07-21,311,0.8507300935432353,3800,0.9652728055044396,4026.345921676482,0.943783786569874,Put,SPX,SPX230721P03800000,254.6,0.2568,0.0378668434954496,0.968298895224149,0.2541361278754089,254.6000000000001,1.4210854715202006e-13,0.002663872124591,0.25046238044543623,-0.0036737474299726736,0.25072642561805014,-0.00340970225735876,0.25080661817306227,-0.0033295097023466336,0.2507265108704336,-0.003409617004975274,0.2507291212759468,-0.0034070065994620813,0.0002640451726139137,8.01925550121263e-05,8.525238348600084e-08,2.6956578966785827e-06
2023-07-21,311,0.8507300935432353,3875,0.984324242455185,4026.345921676482,0.9624110981469112,Put,SPX,SPX230721P03875000,280.1,0.2509,0.0378668434954496,0.968298895224149,0.2481379187483753,280.09999999999104,8.981260180007666e-12,0.0027620812516246,0.2446219712483789,-0.003515947499996397,0.24487894569387314,-0.003258973054502151,0.24495890539371118,-0.003179013354664112,0.2448790243271458,-0.00325889442122948,0.24488155271274237,-0.003256366035632924,0.00025697444549424575,7.995969983803919e-05,7.863327267099152e-08,2.6070188692273177e-06
2023-07-21,311,0.8507300935432353,3950,1.0033756794059303,4026.345921676482,0.981038409723948,Put,SPX,SPX230721P03950000,307.70000000000005,0.2452,0.0378668434954496,0.968298895224149,0.2421713053410462,307.6999999999998,2.273736754432321e-13,0.0030286946589537,0.23891397866379105,-0.0032573266772551457,0.23916814815498832,-0.00300315718605787,0.23924799210381567,-0.0029233132372305237,0.23916822174484625,-0.0030030835961999403,0.23917064932479526,-0.0030006560162509355,0.00025416949119727583,7.984394882734613e-05,7.358985792960127e-08,2.501169806934378e-06
2023-07-21,311,0.8507300935432353,4000,1.0160766373730945,4026.345921676482,0.9934566174419728,Put,SPX,SPX230721P04000000,327.15,0.2412,0.0378668434954496,0.968298895224149,0.238085772035979,327.14999999999986,1.1368683772161605e-13,0.0031142279640209,0.23519277567672991,-0.0028929963592490837,0.2354480772864006,-0.0026376947495783953,0.23552790567438153,-0.002557866361597466,0.23544815230904512,-0.002637619726933882,0.23545053648052683,-0.00263523555545217,0.0002553016096706884,7.982838798092917e-05,7.502264451342278e-08,2.459194126225306e-06
2023-07-21,311,0.8507300935432353,4075,1.0351280743238398,4026.345921676482,1.0120839290190098,Call,SPX,SPX230721C04075000,317.15,0.2352,0.0378668434954496,0.968298895224149,0.2361772686119554,317.14999999999986,1.1368683772161605e-13,0.0009772686119554,0.22975737626912338,-0.006419892342832023,0.23001823554221706,-0.006159033069738334,0.23009811201136024,-0.006079156600595159,0.2300183157439148,-0.006158952868040607,0.23002070260300497,-0.006156566008950426,0.0002608592730936887,7.987646914317525e-05,8.020169772748886e-08,2.4670607879084816e-06
2023-07-21,311,0.8507300935432353,4150,1.054179511274585,4026.345921676482,1.0307112405960466,Call,SPX,SPX230721C04150000,278.4,0.2294,0.0378668434954496,0.968298895224149,0.2303433225601999,278.39999999999986,1.1368683772161605e-13,0.0009433225601999,0.22452683331978057,-0.005816489240419331,0.2247954989173319,-0.005547823642868016,0.22487546996607502,-0.0054678525941248834,0.22479557850046772,-0.005547744059732185,0.22479802093357312,-0.005545301626626781,0.00026866559755131525,7.997104874313266e-05,7.958313583134036e-08,2.522016241235381e-06
2023-07-21,311,0.8507300935432353,4200,1.0668804692417488,4026.345921676482,1.0431294483140714,Call,SPX,SPX230721C04200000,253.95,0.2255,0.0378668434954496,0.968298895224149,0.2264769891709406,253.9499999996267,3.7329073165892623e-10,0.0009769891709406,0.22117169663716213,-0.005305292533778483,0.2214451262847671,-0.0050318628861735215,0.22152516327029162,-0.004951825900648993,0.22144520188661615,-0.005031787284324463,0.2214476749269684,-0.0050293142439722105,0.00027342964760496136,8.003698552452865e-05,7.560184905885947e-08,2.5486422013110133e-06
2023-07-21,311,0.8507300935432353,4275,1.0859319061924944,4026.345921676482,1.0617567598911084,Call,SPX,SPX230721C04275000,219.65,0.2199,0.0378668434954496,0.968298895224149,0.2208742811295611,219.6500000000001,8.526512829121202e-14,0.0009742811295611,0.21636553354845567,-0.004508747581105421,0.2166432811003656,-0.004231000029195492,0.21672338547089093,-0.004150895658670162,0.2166433535295773,-0.00423092759998378,0.21664583293732884,-0.004228448192232254,0.0002777475519099293,8.010437052533015e-05,7.242921171157768e-08,2.551836963238241e-06
2023-07-21,311,0.8507300935432353,4350,1.10498334314324,4026.345921676482,1.0803840714681454,Call,SPX,SPX230721C04350000,187.7,0.2141,0.0378668434954496,0.968298895224149,0.215102805182032,187.7000000000005,5.115907697472721e-13,0.0010028051820319,0.2118653004323104,-0.0032375047497216203,0.21214289730210842,-0.00295990787992359,0.21222297458768452,-0.0028798305943474878,0.21214297615645164,-0.0029598290255803683,0.21214544988028192,-0.002957355301750092,0.0002775968697980302,8.007728557610228e-05,7.885434322174589e-08,2.552578173498077e-06
2023-07-21,311,0.8507300935432353,4500,1.143086217044731,4026.345921676482,1.1176386946222192,Call,SPX,SPX230721C04500000,132.85,0.2034,0.0378668434954496,0.968298895224149,0.2043528331406412,132.849999999979,2.1003643269068558e-11,0.0009528331406412,0.2039190226406313,-0.0004338105000099013,0.20418914203386415,-0.000163691106777053,0.2042685412853874,-8.429185525379856e-05,0.20418923212125487,-0.00016360101938633909,0.2041919429322022,-0.00016089020843901292,0.0002701193932328483,7.939925152325444e-05,9.008739071392213e-08,2.800898338040092e-06
2023-07-21,311,0.8507300935432353,4700,1.1938900489133857,4026.345921676482,1.1673115254943178,Call,SPX,SPX230721C04700000,78.45,0.1912,0.0378668434954496,0.968298895224149,0.1920214811653845,78.45000000000016,1.5631940186722204e-13,0.0008214811653844,0.19578164197639972,0.003760160811015212,0.19606474270372035,0.0040432615383358406,0.19614128073146242,0.004119799566077914,0.1960648424425265,0.004043361277141999,0.19606809873126477,0.004046617565880262,0.00028310072732062874,7.653802774207352e-05,9.973880615854469e-08,3.356027544421103e-06
2023-07-21,311,0.8507300935432353,5000,1.2700957967163675,4026.345921676482,1.241820771802466,Call,SPX,SPX230721C05000000,32.4,0.1794,0.0378668434954496,0.968298895224149,0.1799287972424868,32.40000000007399,7.398881507469923e-11,0.0005287972424868,0.1889309462673841,0.009002149024897294,0.18927457783992838,0.009345780597441566,0.18934354173531096,0.009414744492824145,0.18927471377098337,0.009345916528496562,0.1892794762942851,0.009350679051798289,0.0003436315725442729,6.896389538257885e-05,1.3593105499531966e-07,4.898454356722093e-06
2023-09-15,367,1.004049737622633,2850,0.7239546041283296,4043.129158410221,0.7048995687094584,Put,SPX,SPX230915P02850000,80.05,0.3322,0.03796868171787,0.962595068801908,0.3302441054706642,80.05000000009358,9.35784782996052e-11,0.0019558945293358,0.3244494260484434,-0.005794679422220783,0.3249867096930288,-0.0052573957776353986,0.3250700065169123,-0.005174098953751871,0.3249870072857334,-0.0052570981849308085,0.3249957318412951,-0.005248373629369085,0.0005372836445853846,8.329682388352744e-05,2.9759270459006615e-07,9.022148266313312e-06
2023-09-15,367,1.004049737622633,2975,0.7557069990462388,4043.129158410221,0.7358162164598732,Put,SPX,SPX230915P02975000,95.15,0.321,0.03796868171787,0.962595068801908,0.3189722592328325,95.1500000000002,1.9895196601282805e-13,0.0020277407671674,0.31400941882654837,-0.004962840406284141,0.3145076925510021,-0.004464566681830429,0.3145888484546454,-0.004383410778187102,0.3145079514157769,-0.0044643078170555905,0.31451564686760564,-0.004456612365226875,0.0004982737244537128,8.115590364332625e-05,2.5886477483805237e-07,7.95431660355339e-06
2023-09-15,367,1.004049737622633,3075,0.7811089149805661,4043.129158410221,0.760549534660205,Put,SPX,SPX230915P03075000,109.0,0.3123,0.03796868171787,0.962595068801908,0.3102331261047727,108.99999999999773,2.273736754432321e-12,0.0020668738952272,0.3057973268194142,-0.004435799285358533,0.3062636187278605,-0.003969507376912207,0.3063432531189402,-0.003889872985832543,0.30626385562830694,-0.0039692704764657805,0.30627090854883104,-0.003962217555941672,0.00046629190844632573,7.963439107966375e-05,2.369004464264357e-07,7.28982097053521e-06
2023-09-15,367,1.004049737622633,3175,0.8065108309148935,4043.129158410221,0.7852828528605369,Put,SPX,SPX230915P03175000,124.75,0.304,0.03796868171787,0.962595068801908,0.3018626159065343,124.750000000025,2.5011104298755527e-11,0.0021373840934656,0.2977060732139089,-0.004156542692625387,0.29813907768714637,-0.003723538219387923,0.2982173604382308,-0.0036452554683034655,0.2981392979089727,-0.0037233179975615927,0.29814572584018223,-0.003716890066352063,0.00043300447323746383,7.828275108445748e-05,2.202218263303024e-07,6.64815303585975e-06
2023-09-15,367,1.004049737622633,3250,0.825562267865639,4043.129158410221,0.8038328415107858,Put,SPX,SPX230915P03250000,138.05,0.2981,0.03796868171787,0.962595068801908,0.2959194004337032,138.04999999999984,1.7053025658242404e-13,0.0021805995662967,0.2917121428720329,-0.004207257561670286,0.29212323303832766,-0.003796167395375527,0.2922006072823689,-0.0037187931513342765,0.29212343650136774,-0.0037959639323354444,0.2921294577938199,-0.0037899426398833036,0.0004110901662947586,7.73742440412506e-05,2.0346304008267424e-07,6.224755492223455e-06
2023-09-15,367,1.004049737622633,3350,0.8509641837999664,4043.129158410221,0.8285661597111177,Put,SPX,SPX230915P03350000,157.6,0.2903,0.03796868171787,0.962595068801908,0.2880905107893026,157.59999999990418,9.580958248989191e-11,0.0022094892106974,0.28381600565859905,-0.004274505130703543,0.2842063237190655,-0.0038841870702370773,0.28428264324115243,-0.0038078675481501567,0.2842065118637469,-0.0038839989255556873,0.2842121300006836,-0.0038783807886189625,0.0003903180604664658,7.631952208692061e-05,1.881446813900567e-07,5.806281618114806e-06
2023-09-15,367,1.004049737622633,3450,0.8763660997342937,4043.129158410221,0.8532994779114496,Put,SPX,SPX230915P03450000,179.45,0.2828,0.03796868171787,0.962595068801908,0.2804018412043119,179.4500000000265,2.6545876607997343e-11,0.0023981587956881,0.2760334198729858,-0.004368421331326089,0.276412088020721,-0.003989753183590905,0.276487535249579,-0.003914305954732911,0.2764122680481544,-0.0039895731561575,0.27641753542764974,-0.003984305776662145,0.00037866814773518387,7.544722885799438e-05,1.8002743340517213e-07,5.447406928760223e-06
2023-09-15,367,1.004049737622633,3525,0.8954175366850392,4043.129158410221,0.8718494665616985,Put,SPX,SPX230915P03525000,197.55,0.2772,0.03796868171787,0.962595068801908,0.2747823607415271,197.54999999999984,1.7053025658242404e-13,0.0024176392584728,0.2702785108254543,-0.004503849916072833,0.2706511384337486,-0.004131222307778515,0.2707260446654919,-0.004056316076035238,0.27065130798294795,-0.004131052758579168,0.2706563000234678,-0.004126060718059321,0.00037262760829431807,7.490623174327693e-05,1.6954919934697443e-07,5.161589719193671e-06
2023-09-15,367,1.004049737622633,3625,0.9208194526193666,4043.129158410221,0.8965827847620303,Put,SPX,SPX230915P03625000,223.75,0.2698,0.03796868171787,0.962595068801908,0.2671754110372606,223.74999999999977,2.273736754432321e-13,0.0026245889627393,0.2627283163540293,-0.00444709468323129,0.26309157920587944,-0.004083831831381168,0.2631659256379144,-0.004009485399346202,0.2630917355901504,-0.004083675447110191,0.26309641874178763,-0.004078992295472983,0.0003632628518501213,7.434643203496627e-05,1.5638427097730556e-07,4.839535908185422e-06
2023-09-15,367,1.004049737622633,3700,0.939870889570112,4043.129158410221,0.9151327734122792,Put,SPX,SPX230915P03700000,245.3,0.2643,0.03796868171787,0.962595068801908,0.2615638145183728,245.3000000000004,3.979039320256561e-13,0.0027361854816271,0.2571675958711825,-0.004396218647190309,0.25752147543832066,-0.0040423390800521375,0.25759553100750393,-0.003968283510868864,0.25752162925088495,-0.004042185267487841,0.2575261659282007,-0.004037648590172083,0.00035387956713817115,7.405556918327338e-05,1.538125642963628e-07,4.690489880054827e-06
2023-09-15,367,1.004049737622633,3800,0.9652728055044396,4043.129158410221,0.9398660916126113,Put,SPX,SPX230915P03800000,276.6,0.257,0.03796868171787,0.962595068801908,0.2540929114358379,276.5999999999997,3.410605131648481e-13,0.002907088564162,0.24990345997541663,-0.004189451460421267,0.2502435798532203,-0.0038493315826175767,0.25031740918360296,-0.0037755022522349413,0.25024373063284316,-0.003849180802994734,0.250248125903908,-0.0038447855319299062,0.0003401198778036907,7.38293303826354e-05,1.5077962284282265e-07,4.546050687670444e-06
2023-09-15,367,1.004049737622633,3875,0.984324242455185,4043.129158410221,0.95841608026286,Put,SPX,SPX230915P03875000,302.15,0.2516,0.03796868171787,0.962595068801908,0.24851458105099,302.14999999999964,3.410605131648481e-13,0.0030854189490099,0.24457915006301945,-0.003935430987970556,0.24491095834322582,-0.0036036227077641814,0.24498473016164607,-0.003529850889343933,0.2449111014716618,-0.0036034795793281893,0.24491537389623166,-0.003599207154758338,0.00033180828020637487,7.377181842024849e-05,1.4312843599206815e-07,4.415553005843176e-06
2023-09-15,367,1.004049737622633,3975,1.0097261583895123,4043.129158410221,0.983149398463192,Put,SPX,SPX230915P03975000,339.05,0.2444,0.03796868171787,0.962595068801908,0.241028593300252,339.04999999999905,9.663381206337365e-13,0.0033714066997479,0.23766707061207562,-0.0033615226881763827,0.2379943475379299,-0.003034245762322113,0.23806818957466053,-0.002960403725591476,0.23799448382004626,-0.0030341094802057433,0.2379985919537612,-0.0030300013464908127,0.0003272769258542696,7.384203673063694e-05,1.3628211636973475e-07,4.244415831300419e-06
2023-09-15,367,1.004049737622633,4075,1.0351280743238398,4043.129158410221,1.0078827166635238,Call,SPX,SPX230915C04075000,354.35,0.2364,0.03796868171787,0.962595068801908,0.2371178870210671,354.3499999999999,1.1368683772161605e-13,0.000717887021067,0.23100397481891427,-0.006113912202152821,0.23133526011917135,-0.005782626901895738,0.2314093184700745,-0.005708568550992582,0.2313354004180359,-0.005782486603031184,0.23133944605175574,-0.005778440969311349,0.0003312853002570837,7.40583509031556e-05,1.4029886455380058e-07,4.185932584388485e-06
2023-09-15,367,1.004049737622633,4150,1.054179511274585,4043.129158410221,1.0264327053137727,Call,SPX,SPX230915C04150000,315.15,0.2308,0.03796868171787,0.962595068801908,0.2316217891560188,315.14999999999986,1.1368683772161605e-13,0.0008217891560188,0.2261999736459541,-0.005421815510064709,0.22653805943511063,-0.0050837297209081755,0.2266123374339263,-0.005009451722092495,0.22653820122741528,-0.005083587928603528,0.2265422799147286,-0.005079509241290192,0.00033808578915653364,7.427799881568053e-05,1.4179230464761439e-07,4.220479617983441e-06
2023-09-15,367,1.004049737622633,4250,1.0795814272089126,4043.129158410221,1.0511660235141045,Call,SPX,SPX230915C04250000,266.65,0.2237,0.03796868171787,0.962595068801908,0.2245273224335615,266.64999999999986,1.1368683772161605e-13,0.0008273224335614,0.22010002196049952,-0.004427300473061974,0.2204477121232738,-0.004079610310287696,0.22052229276030336,-0.004005029673258137,0.22044784841162554,-0.004079474021935953,0.22045199330801957,-0.004075329125541927,0.0003476901627742779,7.458063702955875e-05,1.3628835174306353e-07,4.2811847457691066e-06
2023-09-15,367,1.004049737622633,4325,1.098632864159658,4043.129158410221,1.0697160121643534,Call,SPX,SPX230915C04325000,232.9,0.2184,0.03796868171787,0.962595068801908,0.2191870116657167,232.89999999999984,1.4210854715202006e-13,0.0007870116657167,0.2157889397626273,-0.0033980719030893836,0.21614147961004848,-0.0030455320556682097,0.2162162462597622,-0.0029707654059544786,0.21614161485201983,-0.0030453968136968657,0.2161457851636508,-0.003041226502065897,0.00035253984742117384,7.476664971373115e-05,1.352419713440689e-07,4.305553602312884e-06
2023-09-15,367,1.004049737622633,4425,1.1240347800939854,4043.129158410221,1.0944493303646854,Call,SPX,SPX230915C04425000,191.8,0.2114,0.03796868171787,0.962595068801908,0.2122207119533371,191.80000000000015,1.7053025658242404e-13,0.0008207119533371,0.21044266256846542,-0.0017780493848716938,0.21079720645924468,-0.0014235054940924252,0.21087207240004435,-0.0013486395532927575,0.21079735245572784,-0.0014233594976092723,0.2108015811241365,-0.0014191308292006155,0.0003545438907792686,7.486594079966769e-05,1.4599648315294367e-07,4.37466489180971e-06
2023-09-15,367,1.004049737622633,4500,1.143086217044731,4043.129158410221,1.1129993190149343,Call,SPX,SPX230915C04500000,164.15,0.2065,0.03796868171787,0.962595068801908,0.2072490341882516,164.14999999996303,3.6976643968955614e-11,0.0007490341882516,0.20676483730825107,-0.00048419688000053696,0.2071190499486248,-0.00012998423962681804,0.20719379442653887,-5.523976171273315e-05,0.2071192055631617,-0.000129828625089895,0.2071235725294673,-0.00012546165878429827,0.0003542126403737189,7.47444779140849e-05,1.5561453692303218e-07,4.5225808425197744e-06
2023-09-15,367,1.004049737622633,4600,1.1684881329790584,4043.129158410221,1.137732637215266,Call,SPX,SPX230915C04600000,131.39999999999998,0.2001,0.03796868171787,0.962595068801908,0.2008812548933617,131.3999999998689,1.3108092389302328e-10,0.0007812548933617,0.20233962248356496,0.0014583675902032633,0.2026957545071081,0.001814499613746412,0.2027699585942697,0.0018887037009079899,0.2026959138674683,0.0018146589741065977,0.20270062046544282,0.001819365572081122,0.00035613202354314866,7.420408716157789e-05,1.5936036018571187e-07,4.86595833470993e-06
2023-09-15,367,1.004049737622633,4700,1.1938900489133857,4043.129158410221,1.162465955415598,Call,SPX,SPX230915C04700000,103.75,0.1945,0.03796868171787,0.962595068801908,0.1951966745670731,103.75000000000466,4.661160346586257e-12,0.000696674567073,0.19848908164100085,0.00329240707392775,0.19885563573067416,0.0036589611636010655,0.19892879596086366,0.0037321213937905606,0.1988557989656523,0.003659124398579211,0.1988609216822909,0.003664247115217789,0.0003665540896733155,7.316023018949513e-05,1.6323497814552113e-07,5.2859516167236276e-06
2023-09-15,367,1.004049737622633,4800,1.219291964847713,4043.129158410221,1.1871992736159298,Call,SPX,SPX230915C04800000,80.85,0.1895,0.03796868171787,0.962595068801908,0.1901676830474181,80.84999999999968,3.1263880373444413e-13,0.0006676830474181,0.19522712504983644,0.005059442002418341,0.1956158391043156,0.005448156056897496,0.1956874539641539,0.0055197709167358056,0.1956160235759842,0.0054483405285661035,0.19562154773335239,0.005453864685934284,0.00038871405447915564,7.161485983830929e-05,1.844716686072445e-07,5.708629036788038e-06
2023-09-15,367,1.004049737622633,4900,1.2446938807820405,4043.129158410221,1.2119325918162618,Call,SPX,SPX230915C04900000,62.4,0.1853,0.03796868171787,0.962595068801908,0.1859203745761733,62.4000000002311,2.3110402480597256e-10,0.0006203745761733,0.19254956284636937,0.006629188270196068,0.19297031603116002,0.007049941454986719,0.19303994584953799,0.007119571273364683,0.19297053057358907,0.0070501559974157635,0.19297652567692794,0.007056151100754637,0.00042075318479065094,6.962981837796423e-05,2.1454242904450638e-07,6.209645767918381e-06
2023-09-15,367,1.004049737622633,5000,1.2700957967163675,4043.129158410221,1.2366659100165935,Call,SPX,SPX230915C05000000,48.0,0.1821,0.03796868171787,0.962595068801908,0.1826339816489753,48.00000000001984,1.9838353182422e-11,0.0005339816489753,0.19043432219101408,0.007800340542038792,0.1908911841938906,0.008257202544915299,0.19095850594469752,0.008324524295722224,0.1908914181587593,0.008257436509784,0.19089813159804364,0.00826414994906835,0.0004568620028765069,6.73217508069257e-05,2.3396486870108646e-07,6.947404153051506e-06
2023-09-15,367,1.004049737622633,5200,1.3208996285850223,4043.129158410221,1.2861325464172573,Call,SPX,SPX230915C05200000,28.25,0.1778,0.03796868171787,0.962595068801908,0.1782246934121479,28.249999999999204,7.958078640513122e-13,0.0004246934121478,0.18772117329126772,0.009496479879119835,0.1882418679725867,0.010017174560438824,0.1883042882315305,0.010079594819382615,0.18824215589506324,0.010017462482915351,0.18825106998601193,0.010026376573864043,0.0005206946813189894,6.242025894379055e-05,2.879224765273136e-07,9.202013425219091e-06
2023-12-15,458,1.2531941592516542,2850,0.7239546041283296,4070.469899328303,0.7001648631452351,Put,SPX,SPX231215P02850000,96.75,0.3221,0.0380650738307179,0.9534169783129358,0.3198785256549016,96.75000000000011,1.1368683772161605e-13,0.0022214743450983,0.3153911204015662,-0.004487405253335408,0.3164101362307979,-0.0034683894241037128,0.3164812996335888,-0.003397226021312816,0.31641068813525913,-0.0034678375196424693,0.316425256856357,-0.0034532687985446286,0.0010190158292316953,7.116340279089695e-05,5.519044612434243e-07,1.5120625559084111e-05
2023-12-15,458,1.2531941592516542,2950,0.749356520062657,4070.469899328303,0.7247320513257696,Put,SPX,SPX231215P02950000,110.5,0.3145,0.0380650738307179,0.9534169783129358,0.3122180829675424,110.49999999999886,1.1368683772161605e-12,0.0022819170324576,0.3079134500208873,-0.004304632946655063,0.3088567592247645,-0.0033613237427778664,0.3089267848216689,-0.003291298145873478,0.30885726103248823,-0.003360821935054159,0.30887060816376327,-0.0033474748037791158,0.0009433092038771962,7.002559690438837e-05,5.018077237073371e-07,1.3848938998750615e-05
2023-12-15,458,1.2531941592516542,3050,0.7747584359969844,4070.469899328303,0.7492992395063042,Put,SPX,SPX231215P03050000,125.7,0.307,0.0380650738307179,0.9534169783129358,0.3046148425425872,125.70000000002278,2.278000010846881e-11,0.0023851574574127,0.3005632183762717,-0.004051624166315493,0.3014361048560843,-0.003178737686502897,0.3015051362741564,-0.0031097062684307675,0.30143656951503306,-0.003178273027554135,0.30144882548366436,-0.003166017058922832,0.0008728864798125957,6.903141807212965e-05,4.646589487622421e-07,1.2720627580065091e-05
2023-12-15,458,1.2531941592516542,3150,0.8001603519313116,4070.469899328303,0.7738664276868387,Put,SPX,SPX231215P03150000,142.75,0.2997,0.0380650738307179,0.9534169783129358,0.2973163974396859,142.7500000000001,1.1368683772161605e-13,0.002383602560314,0.29333392881138465,-0.003982468628301261,0.2941441738379606,-0.0031722236017253103,0.2942123428725792,-0.0031040545671067177,0.29414460178261304,-0.0031717956570728734,0.29415588015805844,-0.003160517281627473,0.0008102450265759509,6.816903461859258e-05,4.279446524368957e-07,1.1706320097837342e-05
2023-12-15,458,1.2531941592516542,3250,0.825562267865639,4070.469899328303,0.7984336158673733,Put,SPX,SPX231215P03250000,161.8,0.2928,0.0380650738307179,0.9534169783129358,0.2902842984637378,161.79999999999472,5.2864379540551446e-12,0.0025157015362621,0.2862196690481589,-0.004064629415578946,0.2869788094881679,-0.0033054889755699257,0.28704625219935154,-0.003238046264386285,0.2869792040888211,-0.003305094374916717,0.28698968780557216,-0.0032946106581656642,0.0007591404400090207,6.744271118364065e-05,3.9460065320851e-07,1.0878317404261484e-05
2023-12-15,458,1.2531941592516542,3350,0.8509641837999664,4070.469899328303,0.8230008040479079,Put,SPX,SPX231215P03350000,182.7,0.2859,0.0380650738307179,0.9534169783129358,0.2832494529383523,182.69999999999425,5.7411853049416095e-12,0.0026505470616476,0.2792195984456424,-0.004029854492709872,0.2799398514648994,-0.0033096014734528834,0.28000671345822087,-0.003242739480131429,0.27994022318717676,-0.0033092297511755353,0.2799500568619022,-0.0032993960764500785,0.0007202530192569889,6.686199332145426e-05,3.717222773480522e-07,1.0205397002804872e-05
2023-12-15,458,1.2531941592516542,3450,0.8763660997342937,4070.469899328303,0.8475679922284424,Put,SPX,SPX231215P03450000,205.6,0.279,0.0380650738307179,0.9534169783129358,0.2762210245114049,205.6000000000001,1.4210854715202006e-13,0.002778975488595,0.2723390291908562,-0.0038819953205487256,0.27302935695702446,-0.0031916675543804396,0.2730957770660808,-0.0031252474453241086,0.27302970755073497,-0.003191316960669932,0.27303894177941235,-0.0031820827319925526,0.0006903277661682861,6.6420109056331e-05,3.505937105074963e-07,9.584822387886938e-06
2023-12-15,458,1.2531941592516542,3525,0.8954175366850392,4070.469899328303,0.8659933833638433,Put,SPX,SPX231215P03525000,224.45,0.274,0.0380650738307179,0.9534169783129358,0.2711454837323272,224.44999999999868,1.3073986337985845e-12,0.0028545162676728,0.267262595900673,-0.003882887831654247,0.2679334030600386,-0.0032120806722886197,0.2679995814589962,-0.0031459022733310027,0.2679337361792569,-0.003211747553070299,0.26794255383854476,-0.003202929893782458,0.0006708071593656273,6.617839895761701e-05,3.3311921832090974e-07,9.15077850616175e-06
2023-12-15,458,1.2531941592516542,3625,0.9208194526193666,4070.469899328303,0.8905605715443778,Put,SPX,SPX231215P03625000,251.55,0.2674,0.0380650738307179,0.9534169783129358,0.2643421911931428,251.5499999999995,5.115907697472721e-13,0.0030578088068571,0.2606144818997024,-0.0037277092934404066,0.261260217644861,-0.003081973548281769,0.26132620214103547,-0.003015989052107315,0.26126053263522026,-0.0030816585579225286,0.26126889656385255,-0.0030732946292902352,0.0006457357451586376,6.598449617445379e-05,3.1499035924031915e-07,8.678918991533724e-06
2023-12-15,458,1.2531941592516542,3725,0.946221368553694,4070.469899328303,0.9151277597249124,Put,SPX,SPX231215P03725000,281.4,0.261,0.0380650738307179,0.9534169783129358,0.2577295771933022,281.39999999999986,1.1368683772161605e-13,0.0032704228066977,0.2541135643939465,-0.0036160127993556945,0.25473476626179586,-0.002994810931506331,0.254800705594635,-0.002928871598667171,0.25473507155118624,-0.002994505642115952,0.2547431098113238,-0.002986467381978386,0.0006212018678493636,6.593933283915998e-05,3.0528939037877123e-07,8.343549527944916e-06
2023-12-15,458,1.2531941592516542,3825,0.9716232844880212,4070.469899328303,0.939694947905447,Put,SPX,SPX231215P03825000,313.5,0.2543,0.0380650738307179,0.9534169783129358,0.2508752144711062,313.5,0.0,0.0034247855288938,0.2477705907386313,-0.003104623732474915,0.248370066640112,-0.002505147830994231,0.2484360974451,-0.0024391170260062156,0.24837036152208988,-0.0025048529490163396,0.24837813407359613,-0.002497080397510093,0.0005994759014806839,6.603080498801539e-05,2.948819778914036e-07,8.067433484137965e-06
2023-12-15,458,1.2531941592516542,3925,0.9970252004223488,4070.469899328303,0.9642621360859815,Put,SPX,SPX231215P03925000,348.75,0.2479,0.0380650738307179,0.9534169783129358,0.2442369705669562,348.7500000002892,2.892193151637912e-10,0.0036630294330438,0.24159887792319248,-0.0026380926437637175,0.24218292363227958,-0.0020540469346766177,0.24224917321114126,-0.0019877973558149464,0.24218320554155762,-0.002053765025398585,0.24219072494872965,-0.0020462456182265554,0.0005840457090870999,6.624957886167127e-05,2.8190927803262156e-07,7.801316450062323e-06
2023-12-15,458,1.2531941592516542,4025,1.022427116356676,4070.469899328303,0.9888293242665162,Put,SPX,SPX231215P04025000,387.2000000000001,0.2418,0.0380650738307179,0.9534169783129358,0.2377239491872134,387.1999999999987,1.4210854715202004e-12,0.0040760508127865,0.23561694948846834,-0.00210699969874506,0.23619423850537402,-0.0015297106818393802,0.2362608279759549,-0.0014631212112584946,0.23619451419223106,-0.0015294349949823427,0.23620183494834637,-0.0015221142388670283,0.0005772890169056799,6.65894705808856e-05,2.7568685703749374e-07,7.596442972351847e-06
2023-12-15,458,1.2531941592516542,4125,1.047829032291003,4070.469899328303,1.0133965124470508,Call,SPX,SPX231215C04125000,383.8,0.2345,0.0380650738307179,0.9534169783129358,0.2352465967196227,383.7999999999941,5.9685589803848416e-12,0.0007465967196227,0.22985012015750775,-0.005396476562114949,0.23042917951441716,-0.0048174172052055375,0.23049620525386158,-0.004750391465761117,0.23042945672902082,-0.004817139990601876,0.23043669740065761,-0.004809899318965083,0.0005790593569094116,6.70257394444207e-05,2.772146036611467e-07,7.517886240454574e-06
2023-12-15,458,1.2531941592516542,4225,1.0732309482253308,4070.469899328303,1.0379637006275853,Call,SPX,SPX231215C04225000,333.5,0.2279,0.0380650738307179,0.9534169783129358,0.2287730086105326,333.5000000000002,2.273736754432321e-13,0.0008730086105326,0.22433023658517,-0.004442772025362585,0.2249170402619841,-0.003855968348548483,0.22498455000642892,-0.0037884586041036783,0.22491731725556202,-0.003855691354970575,0.2249245886303451,-0.0038484199801875063,0.0005868036768141016,6.750974444480473e-05,2.7699357790789136e-07,7.5483683609767205e-06
2023-12-15,458,1.2531941592516542,4325,1.098632864159658,4070.469899328303,1.0625308888081195,Call,SPX,SPX231215C04325000,287.25,0.2218,0.0380650738307179,0.9534169783129358,0.2226638545134871,287.2500000000002,2.273736754432321e-13,0.0008638545134871,0.21909362511043234,-0.0035702294030547643,0.2196906145967982,-0.002973239916688908,0.2197585982111316,-0.0029052563023554967,0.21969088827591654,-0.002972966237570568,0.21969823467697297,-0.0029656198365141384,0.0005969894863658565,6.798361433341116e-05,2.736791183399756e-07,7.62008017476945e-06
2023-12-15,458,1.2531941592516542,4425,1.1240347800939854,4070.469899328303,1.0870980769886545,Call,SPX,SPX231215C04425000,244.3,0.2155,0.0380650738307179,0.9534169783129358,0.216412896614467,244.30000000000015,1.7053025658242404e-13,0.000912896614467,0.21417790576295254,-0.0022349908515144623,0.2147849487726868,-0.0016279478417801918,0.21485333159949416,-0.0015595650149728413,0.21478522593939742,-0.0016276706750695813,0.2147926639964359,-0.0016202326180310977,0.0006070430097342705,6.838282680735053e-05,2.7716671061051024e-07,7.715223749094058e-06
2023-12-15,458,1.2531941592516542,4525,1.1494366960283129,4070.469899328303,1.111665265169189,Call,SPX,SPX231215C04525000,205.25,0.2094,0.0380650738307179,0.9534169783129358,0.210312144952648,205.2499999999993,6.821210263296962e-13,0.000912144952648,0.20961853630417918,-0.0006936086484688186,0.21023536261641348,-7.678233623450992e-05,0.21030398519105375,-8.1597615942397e-06,0.2102356537300344,-7.649122261360608e-05,0.21024325910026492,-6.888585238307154e-05,0.0006168263122343087,6.862257464027022e-05,2.9111362090383786e-07,7.896483851438374e-06
2023-12-15,458,1.2531941592516542,4600,1.1684881329790584,4070.469899328303,1.1300906563045898,Call,SPX,SPX231215C04600000,178.60000000000002,0.205,0.0380650738307179,0.9534169783129358,0.2058638850355411,178.5999999999999,1.1368683772161605e-13,0.0008638850355411,0.20645134232819257,0.0005874572926514721,0.2070768141528113,0.001212929117270195,0.20714544970616236,0.0012815646706212658,0.20707711736323645,0.0012132323276953516,0.20708494941025662,0.0012210643747155303,0.000625471824618723,6.863555335107074e-05,3.032104251565748e-07,8.135257445335276e-06
2023-12-15,458,1.2531941592516542,4700,1.1938900489133857,4070.469899328303,1.1546578444851243,Call,SPX,SPX231215C04700000,147.0,0.1995,0.0380650738307179,0.9534169783129358,0.2003810546464324,147.0000000000001,1.1368683772161605e-13,0.0008810546464323,0.20258408022674457,0.002203025580312157,0.20322624884103413,0.002845194194601719,0.20329460235607366,0.002913547709641251,0.20322656418177734,0.002845509535344931,0.20323485355100468,0.002853798904572269,0.0006421686142895622,6.835351503953202e-05,3.1534074321215577e-07,8.604709970549962e-06
2023-12-15,458,1.2531941592516542,4800,1.219291964847713,4070.469899328303,1.179225032665659,Call,SPX,SPX231215C04800000,119.5,0.1944,0.0380650738307179,0.9534169783129358,0.1952306628522413,119.49999999999966,3.410605131648481e-13,0.0008306628522413,0.19913790867566558,0.003907245823424277,0.19980681840402417,0.004576155551782868,0.1998744943135889,0.004643831461347586,0.1998071463837943,0.004576483531552988,0.19981602112267793,0.004585358270436629,0.000668909728358591,6.767590956471836e-05,3.279797701205567e-07,9.202718653761321e-06
2023-12-15,458,1.2531941592516542,4900,1.2446938807820405,4070.469899328303,1.2037922208461935,Call,SPX,SPX231215C04900000,96.8,0.1903,0.0380650738307179,0.9534169783129358,0.1910898375111084,96.80000000000008,7.105427357601003e-14,0.0007898375111083,0.19612013518576896,0.0050302976746605665,0.19682896743261863,0.005739129921510239,0.19689555819319515,0.005805720682086762,0.19682932037862788,0.005739482867519491,0.19683884662358903,0.005749009112480635,0.0007088322468496722,6.659076057652369e-05,3.5294600925217523e-07,9.879190970396579e-06
2023-12-15,458,1.2531941592516542,5000,1.2700957967163675,4070.469899328303,1.228359409026728,Call,SPX,SPX231215C05000000,77.35,0.1863,0.0380650738307179,0.9534169783129358,0.1870579835349016,77.35000000000002,2.8421709430404014e-14,0.0007579835349016,0.1935286536009666,0.0064706700660649985,0.1942912123561337,0.0072332288212320905,0.19435633809548372,0.007298354560582115,0.1942916044388565,0.007233620903954907,0.1943018648442785,0.007243881309376893,0.000762558755167092,6.512573935002486e-05,3.9208272281654466e-07,1.0652488144802241e-05
2023-12-15,458,1.2531941592516542,5100,1.295497712650695,4070.469899328303,1.2529265972072627,Call,SPX,SPX231215C05100000,61.75,0.1832,0.0380650738307179,0.9534169783129358,0.1839207676597804,61.749999999999886,1.1368683772161605e-13,0.0007207676597804,0.19135205721313747,0.007431289553357062,0.19218031177027448,0.008259544110494066,0.1922436520966098,0.00832288443682938,0.19218074636296195,0.008259978703181542,0.1921919271478358,0.008271159488055402,0.0008282545571370037,6.334032633531494e-05,4.3459268747603197e-07,1.1615377561335904e-05
2023-12-15,458,1.2531941592516542,5250,1.333600586552186,4070.469899328303,1.2897773794780645,Call,SPX,SPX231215C05250000,44.25,0.1801,0.0380650738307179,0.9534169783129358,0.1807547851850321,44.25000000000051,5.115907697472721e-13,0.0006547851850321,0.18881833505266188,0.008063549867629777,0.18976100400438362,0.009006218819351514,0.18982127377362476,0.009066488588592658,0.18976149697051967,0.009006711785487564,0.1897746171553908,0.009019831970358688,0.0009426689517217368,6.026976924114469e-05,4.929661360508764e-07,1.361315100717464e-05
2024-06-21,647,1.7706479580196213,3100,0.787459393964148,4126.908865244094,0.7511675448196854,Put,SPX,SPX240621P03100000,168.05,0.2915,0.0380502684893648,0.9348458494323264,0.2885802218229422,168.05000000000052,5.115907697472721e-13,0.0029197781770577,0.2863089907171938,-0.0022712311057483947,0.28927830675097865,0.0006980849280364687,0.28933308202954977,0.0007528602066075862,0.2892789804912099,0.0006987586682677405,0.289284428738664,0.0007042069157218167,0.0029693160337848634,5.4775278571117525e-05,6.737402312717578e-07,6.121987685347996e-06
2024-06-21,647,1.7706479580196213,3150,0.8001603519313116,4126.908865244094,0.7632831503812932,Put,SPX,SPX240621P03150000,177.75,0.2885,0.0380502684893648,0.9348458494323264,0.2855132095330462,177.74999999999977,2.273736754432321e-13,0.0029867904669537,0.28340625294859795,-0.0021069565844482607,0.2862810300411859,0.0007678205081396716,0.28633569620309357,0.0008224866700473621,0.2862816809869619,0.0007684714539156756,0.2862869573724418,0.0007737478393955999,0.0028747770925879323,5.466616190769047e-05,6.509457760039972e-07,5.927331255928259e-06
2024-06-21,647,1.7706479580196213,3250,0.825562267865639,4126.908865244094,0.7875143615045088,Put,SPX,SPX240621P03250000,198.35,0.2825,0.0380502684893648,0.9348458494323264,0.279400219814073,198.3499999999568,4.317257662478369e-11,0.0030997801859269,0.2776750019394233,-0.0017252178746496871,0.2803819954684517,0.000981775654378736,0.2804365169424002,0.0010362971283272016,0.2803826077776487,0.0009823879635756927,0.28038758860972174,0.0009873687956487576,0.002706993529028423,5.4521473948465626e-05,6.123091969567618e-07,5.59314127002164e-06
2024-06-21,647,1.7706479580196213,3450,0.8763660997342937,4126.908865244094,0.8359767837509402,Put,SPX,SPX240621P03450000,245.25,0.271,0.0380502684893648,0.9348458494323264,0.2676024034938069,245.2499999997169,2.8308022592682386e-10,0.0033975965061931,0.26652059135076317,-0.0010818121430437033,0.2689615795009201,0.0013591760071132164,0.269016092745753,0.0014136892519461264,0.26896212843849726,0.001359724944690388,0.268966574611686,0.0013641711178791205,0.0024409881501569197,5.451324483290998e-05,5.489375771716709e-07,4.995110765904087e-06
2024-06-21,647,1.7706479580196213,3500,0.8890670577014574,4126.908865244094,0.848092389312548,Put,SPX,SPX240621P03500000,258.25,0.2682,0.0380502684893648,0.9348458494323264,0.2647373245438169,258.2499999998446,1.5540990716544909e-10,0.0034626754561831,0.26379940213429465,-0.0009379224095222294,0.2661851757526212,0.0014478512088043072,0.26623974411798845,0.0015024195741715762,0.2661857101750044,0.0014483856311875432,0.26619003522258916,0.0014527106787722843,0.0023857736183265366,5.4568365367269056e-05,5.344223832359773e-07,4.859469967977148e-06
2024-06-21,647,1.7706479580196213,3575,0.908118494652203,4126.908865244094,0.8662657976549597,Put,SPX,SPX240621P03575000,278.75,0.2641,0.0380502684893648,0.9348458494323264,0.2604895645588969,278.7499999999659,3.410605131648481e-11,0.0036104354411031,0.2597705844716765,-0.0007189800872203778,0.2620803289345856,0.0015907643756887246,0.26213502432899355,0.0016454597700966689,0.2620808441102485,0.001591279551351632,0.2620850123694945,0.0015954478105976166,0.0023097444629091024,5.469539440794424e-05,5.151756629073745e-07,4.6834349088920035e-06
2024-06-21,647,1.7706479580196213,3650,0.9271699316029484,4126.908865244094,0.8844392059973715,Put,SPX,SPX240621P03650000,300.35,0.26,0.0380502684893648,0.9348458494323264,0.2562188023838239,300.35000000000014,1.1368683772161605e-13,0.0037811976161761,0.2558070032761525,-0.0004117991076713623,0.2580482548040047,0.0018294524201807882,0.2581031307858168,0.0018843284019929296,0.2580487545765271,0.0018299521927032103,0.25805280028614397,0.0018339979023200836,0.0022412515278521505,5.487598181214137e-05,4.997725224220595e-07,4.545482139295398e-06
2024-06-21,647,1.7706479580196213,3700,0.939870889570112,4126.908865244094,0.8965548115589793,Put,SPX,SPX240621P03700000,315.45,0.2573,0.0380502684893648,0.9348458494323264,0.2533968719730285,315.450000000516,5.159677129995544e-10,0.0039031280269714,0.2532017619415382,-0.0001951100314903087,0.2554014125656386,0.0020045405926100712,0.25545643791987455,0.0020595659468460314,0.25540190386527145,0.0020050318922429367,0.2554058838461073,0.002009011873078781,0.00219965062410038,5.502535423596022e-05,4.912996328654273e-07,4.471280468709704e-06
2024-06-21,647,1.7706479580196213,3750,0.9525718475372758,4126.908865244094,0.9086704171205872,Put,SPX,SPX240621P03750000,331.15,0.2546,0.0380502684893648,0.9348458494323264,0.2506070412767781,331.15000000005534,5.5365489970427006e-11,0.0039929587232218,0.2506268813998456,1.9840123067549342e-05,0.2527882148876553,0.0021811736108772184,0.2528434117326472,0.0022363704558691078,0.2527886985097851,0.002181657233007006,0.2527926206445917,0.002185579367813606,0.002161333487809669,5.519684499188937e-05,4.836221297876975e-07,4.4057569363875615e-06
2024-06-21,647,1.7706479580196213,3800,0.9652728055044396,4126.908865244094,0.920786022682195,Put,SPX,SPX240621P03800000,347.35,0.2519,0.0380502684893648,0.9348458494323264,0.2477872734470741,347.35000000000355,3.524291969370097e-12,0.0041127265529258,0.2480829555556538,0.00029568210857969235,0.25020934890987856,0.002422075462804457,0.2502647383264575,0.002477464879383412,0.25020982509909023,0.0024225516520161305,0.25021369269172616,0.0024264192446520616,0.002126393354224765,5.53894165789548e-05,4.7618921167336126e-07,4.343781847604422e-06
2024-06-21,647,1.7706479580196213,3850,0.9779737634716033,4126.908865244094,0.9329016282438028,Put,SPX,SPX240621P03850000,364.85,0.2496,0.0380502684893648,0.9348458494323264,0.2453510791537512,364.8499999999999,1.1368683772161605e-13,0.0042489208462487,0.24557064592497097,0.0002195667712197591,0.24766559642967037,0.0023145172759191646,0.24772119858256325,0.0023701194288120453,0.24766606514628228,0.0023149859925310767,0.2476698780727562,0.002318798919004994,0.0020949505046994055,5.560215289288073e-05,4.6871661191216774e-07,4.281643085829456e-06
2024-06-21,647,1.7706479580196213,3900,0.9906747214387668,4126.908865244094,0.9450172338054106,Put,SPX,SPX240621P03900000,382.25,0.2469,0.0380502684893648,0.9348458494323264,0.2425518021341272,382.2500000000002,2.273736754432321e-13,0.0043481978658728,0.24309070808526329,0.0005389059511360927,0.24515783453730683,0.0026060324031796367,0.2452136688502636,0.002661866716136413,0.24515829582207818,0.0026064936879509892,0.24516205260377222,0.0026102504696450257,0.002067126452043544,5.583431295677621e-05,4.6128477135254364e-07,4.218066465389025e-06
2024-06-21,647,1.7706479580196213,3950,1.0033756794059303,4126.908865244094,0.9571328393670184,Put,SPX,SPX240621P03950000,400.25,0.2442,0.0380502684893648,0.9348458494323264,0.2397545210817158,400.25,0.0,0.0044454789182841,0.24064401424646434,0.0008894931647485393,0.2426870360058105,0.0029325149240947146,0.24274312125435196,0.0029886001726361633,0.24268749030076778,0.0029329692190519785,0.24269119044125315,0.002936669359537347,0.0020430217593461752,5.6085248541448696e-05,4.54294957263901e-07,4.154435442632609e-06
2024-06-21,647,1.7706479580196213,3975,1.0097261583895123,4126.908865244094,0.9631906421478224,Put,SPX,SPX240621P03975000,409.45,0.2429,0.0380502684893648,0.9348458494323264,0.238341711015223,409.4500000000001,5.684341886080803e-14,0.0045582889847769,0.2394334426124442,0.0010917315972212016,0.24146582799916097,0.003124116983937969,0.24152204552525666,0.003180334510033661,0.24146627913142563,0.003124568116202625,0.24146995162097462,0.00312824060575162,0.0020323853867167674,5.621752609569208e-05,4.5113226465609557e-07,4.123621813650891e-06
2024-06-21,647,1.7706479580196213,4025,1.022427116356676,4126.908865244094,0.9753062477094302,Put,SPX,SPX240621P04025000,428.35,0.2402,0.0380502684893648,0.9348458494323264,0.2355342942086871,428.34999999964725,3.527702574501745e-10,0.0046657057913128,0.23703854514353348,0.0015042509348463795,0.23905250620882362,0.0035182120001365225,0.2391090012732807,0.0035747070645935908,0.23905295198521906,0.003518657776531958,0.23905657289401086,0.0035222786853237598,0.002013961065290143,5.649506445706831e-05,4.4577639543574854e-07,4.0666851872372956e-06
2024-06-21,647,1.7706479580196213,4075,1.0351280743238398,4126.908865244094,0.987421853271038,Put,SPX,SPX240621P04075000,447.95,0.2376,0.0380502684893648,0.9348458494323264,0.2327612732695211,447.9499999999996,3.979039320256561e-13,0.0048387267304788,0.23467967513489704,0.0019184018653759516,0.23667899316184948,0.003917719892328392,0.2367357818459257,0.003974508576404606,0.23667943510790795,0.003918161838386863,0.23668301274208303,0.0039217394725619414,0.00199931802695244,5.67886840762144e-05,4.419460584714763e-07,4.019580233549647e-06
2024-06-21,647,1.7706479580196213,4125,1.047829032291003,4126.908865244094,0.999537458832646,Put,SPX,SPX240621P04125000,468.15,0.235,0.0380502684893648,0.9348458494323264,0.2299654940361451,468.15000000001214,1.2164491636212915e-11,0.0050345059638548,0.23235819667615856,0.0023927026400134555,0.23434658711752784,0.0043810930813827365,0.23440368346864054,0.004438189432495437,0.234347026749076,0.004381532712930902,0.23435057273755905,0.004385078701413941,0.001988390441369281,5.709635111270095e-05,4.3963154816584193e-07,3.9856200312049506e-06
2024-06-21,647,1.7706479580196213,4175,1.060529990258167,4126.908865244094,1.0116530643942536,Call,SPX,SPX240621C04175000,453.25,0.2308,0.0380502684893648,0.9348458494323264,0.2316906744453665,453.2499999999998,2.273736754432321e-13,0.0008906744453665,0.23007560645053865,-0.0016150679948278568,0.23205667194769997,0.0003659975023334594,0.23211408733650143,0.00042341289113492775,0.2320571104599512,0.0003664360145846923,0.23206063818976352,0.0003699637443970172,0.001981065497161316,5.741538880146835e-05,4.3851225123292537e-07,3.966242063557779e-06
2024-06-21,647,1.7706479580196213,4225,1.0732309482253308,4126.908865244094,1.0237686699558617,Call,SPX,SPX240621C04225000,428.55,0.2282,0.0380502684893648,0.9348458494323264,0.2291267666514108,428.5499999997355,2.644924279593397e-10,0.0009267666514108,0.2278335167446294,-0.0012932499067813963,0.22981071101130857,0.0006839443598977701,0.2298684535734929,0.0007416869220820965,0.22981114909785835,0.0006843824464475567,0.22981467171933995,0.000687905067929151,0.0019771942666791664,5.7742562184326385e-05,4.380865497866093e-07,3.960708031380822e-06
2024-06-21,647,1.7706479580196213,4275,1.0859319061924944,4126.908865244094,1.0358842755174693,Call,SPX,SPX240621C04275000,404.25,0.2255,0.0380502684893648,0.9348458494323264,0.2264293372926748,404.25000000000045,4.547473508864641e-13,0.0009293372926748,0.22563363262448333,-0.0007957046681914826,0.2276102392046338,0.0011809019119589925,0.22766831344609562,0.0012389761534208066,0.2276106770720632,0.0011813397793883906,0.22761420560631465,0.001184868313639842,0.001976606580150475,5.807424146181406e-05,4.3786742939810885e-07,3.966401680849385e-06
2024-06-21,647,1.7706479580196213,4325,1.098632864159658,4126.908865244094,1.0479998810790772,Call,SPX,SPX240621C04325000,380.85,0.2229,0.0380502684893648,0.9348458494323264,0.2238376945238755,380.8499999999999,1.1368683772161605e-13,0.0009376945238755,0.2234777246394617,-0.00035996988441380773,0.22545685309732755,0.0016191585734520453,0.22551525964258906,0.0016775651187135587,0.2254572906575304,0.0016195961336548936,0.225460832685475,0.0016231381615995077,0.001979128457865853,5.8406545261513454e-05,4.3756020284835273e-07,3.979588147462465e-06
2024-06-21,647,1.7706479580196213,4400,1.1176843011104036,4126.908865244094,1.0661732894214888,Call,SPX,SPX240621C04400000,347.05,0.219,0.0380502684893648,0.9348458494323264,0.219947908321918,347.0500000000004,3.979039320256561e-13,0.000947908321918,0.2203302698483899,0.00038236152647191934,0.22231867124384447,0.002370762921926478,0.22237756855599702,0.002429660234079034,0.22231910828659077,0.0023711999646727766,0.22232267645725073,0.0023747681353327443,0.0019884013954545587,5.8897312152556e-05,4.370427462985216e-07,4.00521340626625e-06
2024-06-21,647,1.7706479580196213,4500,1.143086217044731,4126.908865244094,1.0904045005447045,Call,SPX,SPX240621C04500000,304.65,0.2139,0.0380502684893648,0.9348458494323264,0.214851008122411,304.6500000002022,2.0224888430675487e-10,0.000951008122411,0.21630437367624783,0.0014533655538368218,0.21831484989534763,0.0034638417729366267,0.21837436463333504,0.0035233565109240306,0.21831528822183235,0.0034642800994213463,0.21831888878671965,0.0034678806643086424,0.002010476219099805,5.951473798740392e-05,4.383264847196422e-07,4.0388913720157404e-06
2024-06-21,647,1.7706479580196213,4800,1.219291964847713,4126.908865244094,1.1630981339143516,Call,SPX,SPX240621C04800000,197.15,0.1997,0.0380502684893648,0.9348458494323264,0.2006969483004364,197.14999999981453,1.8545165403338612e-10,0.0009969483004364,0.2055181505451555,0.004821202244719075,0.2076662532525662,0.006969304952129801,0.20772696703984952,0.007030018739413113,0.20766672943915948,0.006969781138723069,0.2076705261842931,0.006973577883856691,0.002148102707410726,6.071378728331189e-05,4.7618659326786883e-07,4.272931726889695e-06
2024-06-21,647,1.7706479580196213,5200,1.3208996285850223,4126.908865244094,1.260022978407214,Call,SPX,SPX240621C05200000,100.65,0.1851,0.0380502684893648,0.9348458494323264,0.1859991620803494,100.64999999999998,2.8421709430404014e-14,0.0008991620803494,0.19442449066479164,0.008425328584442254,0.1970130858283881,0.011013923748038723,0.1970722982594581,0.011073136179108711,0.19701365947713945,0.011014497396790057,0.19701838019718731,0.011019218116837926,0.002588595163596469,5.921243106998819e-05,5.736487513341437e-07,5.29436879920242e-06
