Model,T_days,T,K_over_F0,Forward,Strike,r_GSW,Discount_factor,IV_model
Rough Heston,1.0,0.0027378507871321013,0.95,3936.9814263393455,3740.132355022378,0.036499208078335656,0.9999000756072077,0.36490594010608784
Rough Heston,1.0,0.0027378507871321013,0.9516666666666667,3936.9814263393455,3746.693990732944,0.036499208078335656,0.9999000756072077,0.36191866827514635
Rough Heston,1.0,0.0027378507871321013,0.9533333333333333,3936.9814263393455,3753.255626443509,0.036499208078335656,0.9999000756072077,0.3589077065596066
Rough Heston,1.0,0.0027378507871321013,0.955,3936.9814263393455,3759.817262154075,0.036499208078335656,0.9999000756072077,0.35587247342758327
Rough Heston,1.0,0.0027378507871321013,0.9566666666666667,3936.9814263393455,3766.3788978646403,0.036499208078335656,0.9999000756072077,0.35281237578178515
Rough Heston,1.0,0.0027378507871321013,0.9583333333333333,3936.9814263393455,3772.940533575206,0.036499208078335656,0.9999000756072077,0.349726810723498
Rough Heston,1.0,0.0027378507871321013,0.96,3936.9814263393455,3779.5021692857717,0.036499208078335656,0.9999000756072077,0.3466151669497039
Rough Heston,1.0,0.0027378507871321013,0.9616666666666667,3936.9814263393455,3786.0638049963372,0.036499208078335656,0.9999000756072077,0.34347682717810385
Rough Heston,1.0,0.0027378507871321013,0.9633333333333333,3936.9814263393455,3792.6254407069027,0.036499208078335656,0.9999000756072077,0.34031117089232604
Rough Heston,1.0,0.0027378507871321013,0.965,3936.9814263393455,3799.1870764174682,0.036499208078335656,0.9999000756072077,0.3371175781310398
Rough Heston,1.0,0.0027378507871321013,0.9666666666666667,3936.9814263393455,3805.748712128034,0.036499208078335656,0.9999000756072077,0.33389543402883176
Rough Heston,1.0,0.0027378507871321013,0.9683333333333333,3936.9814263393455,3812.3103478385992,0.036499208078335656,0.9999000756072077,0.3306441344617785
Rough Heston,1.0,0.0027378507871321013,0.97,3936.9814263393455,3818.871983549165,0.036499208078335656,0.9999000756072077,0.3273630933199937
Rough Heston,1.0,0.0027378507871321013,0.9716666666666667,3936.9814263393455,3825.4336192597307,0.036499208078335656,0.9999000756072077,0.324051751382857
Rough Heston,1.0,0.0027378507871321013,0.9733333333333333,3936.9814263393455,3831.995254970296,0.036499208078335656,0.9999000756072077,0.3207095872749087
Rough Heston,1.0,0.0027378507871321013,0.975,3936.9814263393455,3838.5568906808617,0.036499208078335656,0.9999000756072077,0.31733613111146164
Rough Heston,1.0,0.0027378507871321013,0.9766666666666667,3936.9814263393455,3845.1185263914276,0.036499208078335656,0.9999000756072077,0.3139309812388469
Rough Heston,1.0,0.0027378507871321013,0.9783333333333333,3936.9814263393455,3851.6801621019927,0.036499208078335656,0.9999000756072077,0.3104938251033827
Rough Heston,1.0,0.0027378507871321013,0.98,3936.9814263393455,3858.2417978125586,0.036499208078335656,0.9999000756072077,0.30702446453942167
Rough Heston,1.0,0.0027378507871321013,0.9816666666666667,3936.9814263393455,3864.803433523124,0.036499208078335656,0.9999000756072077,0.30352284721465317
Rough Heston,1.0,0.0027378507871321013,0.9833333333333333,3936.9814263393455,3871.3650692336896,0.036499208078335656,0.9999000756072077,0.29998910509868015
Rough Heston,1.0,0.0027378507871321013,0.985,3936.9814263393455,3877.926704944255,0.036499208078335656,0.9999000756072077,0.2964236016022915
Rough Heston,1.0,0.0027378507871321013,0.9866666666666667,3936.9814263393455,3884.488340654821,0.036499208078335656,0.9999000756072077,0.29282698922845896
Rough Heston,1.0,0.0027378507871321013,0.9883333333333333,3936.9814263393455,3891.049976365386,0.036499208078335656,0.9999000756072077,0.2892002798919906
Rough Heston,1.0,0.0027378507871321013,0.99,3936.9814263393455,3897.611612075952,0.036499208078335656,0.9999000756072077,0.28554493027602007
Rough Heston,1.0,0.0027378507871321013,0.9916666666666667,3936.9814263393455,3904.1732477865175,0.036499208078335656,0.9999000756072077,0.2818629448728191
Rough Heston,1.0,0.0027378507871321013,0.9933333333333333,3936.9814263393455,3910.734883497083,0.036499208078335656,0.9999000756072077,0.27815699946983846
Rough Heston,1.0,0.0027378507871321013,0.995,3936.9814263393455,3917.2965192076485,0.036499208078335656,0.9999000756072077,0.2744305876131852
Rough Heston,1.0,0.0027378507871321013,0.9966666666666667,3936.9814263393455,3923.8581549182145,0.036499208078335656,0.9999000756072077,0.2706881918088917
Rough Heston,1.0,0.0027378507871321013,0.9983333333333333,3936.9814263393455,3930.4197906287795,0.036499208078335656,0.9999000756072077,0.2669354797859388
Rough Heston,1.0,0.0027378507871321013,1.0,3936.9814263393455,3936.9814263393455,0.036499208078335656,0.9999000756072077,0.2631795234591074
Rough Heston,1.0,0.0027378507871321013,1.0016666666666667,3936.9814263393455,3943.5430620499114,0.036499208078335656,0.9999000756072077,0.25942903360314906
Rough Heston,1.0,0.0027378507871321013,1.0033333333333334,3936.9814263393455,3950.104697760477,0.036499208078335656,0.9999000756072077,0.25569459671470557
Rough Heston,1.0,0.0027378507871321013,1.005,3936.9814263393455,3956.666333471042,0.036499208078335656,0.9999000756072077,0.251988891196743
Rough Heston,1.0,0.0027378507871321013,1.0066666666666666,3936.9814263393455,3963.2279691816075,0.036499208078335656,0.9999000756072077,0.2483268487426781
Rough Heston,1.0,0.0027378507871321013,1.0083333333333333,3936.9814263393455,3969.7896048921734,0.036499208078335656,0.9999000756072077,0.24472571402091647
Rough Heston,1.0,0.0027378507871321013,1.01,3936.9814263393455,3976.351240602739,0.036499208078335656,0.9999000756072077,0.2412049462682857
Rough Heston,1.0,0.0027378507871321013,1.0116666666666667,3936.9814263393455,3982.912876313305,0.036499208078335656,0.9999000756072077,0.2377859037155653
Rough Heston,1.0,0.0027378507871321013,1.0133333333333334,3936.9814263393455,3989.4745120238704,0.036499208078335656,0.9999000756072077,0.23449126384335417
Rough Heston,1.0,0.0027378507871321013,1.0150000000000001,3936.9814263393455,3996.0361477344363,0.036499208078335656,0.9999000756072077,0.2313441644479251
Rough Heston,1.0,0.0027378507871321013,1.0166666666666666,3936.9814263393455,4002.597783445001,0.036499208078335656,0.9999000756072077,0.22836710252742343
Rough Heston,1.0,0.0027378507871321013,1.0183333333333333,3936.9814263393455,4009.159419155567,0.036499208078335656,0.9999000756072077,0.22558069223870358
Rough Heston,1.0,0.0027378507871321013,1.02,3936.9814263393455,4015.7210548661324,0.036499208078335656,0.9999000756072077,0.2230024381786535
Rough Heston,1.0,0.0027378507871321013,1.0216666666666667,3936.9814263393455,4022.2826905766983,0.036499208078335656,0.9999000756072077,0.22064570491898294
Rough Heston,1.0,0.0027378507871321013,1.0233333333333334,3936.9814263393455,4028.844326287264,0.036499208078335656,0.9999000756072077,0.21851903987996868
Rough Heston,1.0,0.0027378507871321013,1.025,3936.9814263393455,4035.405961997829,0.036499208078335656,0.9999000756072077,0.21662594005339175
Rough Heston,1.0,0.0027378507871321013,1.0266666666666666,3936.9814263393455,4041.9675977083944,0.036499208078335656,0.9999000756072077,0.21496506241372523
Rough Heston,1.0,0.0027378507871321013,1.0283333333333333,3936.9814263393455,4048.5292334189603,0.036499208078335656,0.9999000756072077,0.2135307967344761
Rough Heston,1.0,0.0027378507871321013,1.03,3936.9814263393455,4055.090869129526,0.036499208078335656,0.9999000756072077,0.21231407163655752
Rough Heston,1.0,0.0027378507871321013,1.0316666666666667,3936.9814263393455,4061.6525048400918,0.036499208078335656,0.9999000756072077,0.21130325552287152
Rough Heston,1.0,0.0027378507871321013,1.0333333333333334,3936.9814263393455,4068.2141405506572,0.036499208078335656,0.9999000756072077,0.2104850346848201
Rough Heston,1.0,0.0027378507871321013,1.0350000000000001,3936.9814263393455,4074.775776261223,0.036499208078335656,0.9999000756072077,0.209845188265312
Rough Heston,1.0,0.0027378507871321013,1.0366666666666666,3936.9814263393455,4081.337411971788,0.036499208078335656,0.9999000756072077,0.2093692216017997
Rough Heston,1.0,0.0027378507871321013,1.0383333333333333,3936.9814263393455,4087.8990476823537,0.036499208078335656,0.9999000756072077,0.209042850807612
Rough Heston,1.0,0.0027378507871321013,1.04,3936.9814263393455,4094.4606833929192,0.036499208078335656,0.9999000756072077,0.2088523437970302
Rough Heston,1.0,0.0027378507871321013,1.0416666666666667,3936.9814263393455,4101.022319103485,0.036499208078335656,0.9999000756072077,0.2087847351294272
Rough Heston,1.0,0.0027378507871321013,1.0433333333333334,3936.9814263393455,4107.583954814051,0.036499208078335656,0.9999000756072077,0.20882795415104685
Rough Heston,1.0,0.0027378507871321013,1.045,3936.9814263393455,4114.145590524616,0.036499208078335656,0.9999000756072077,0.2089709000376742
Rough Heston,1.0,0.0027378507871321013,1.0466666666666666,3936.9814263393455,4120.707226235181,0.036499208078335656,0.9999000756072077,0.20920344228961757
Rough Heston,1.0,0.0027378507871321013,1.0483333333333333,3936.9814263393455,4127.268861945748,0.036499208078335656,0.9999000756072077,0.20951634055675472
Rough Heston,1.0,0.0027378507871321013,1.05,3936.9814263393455,4133.830497656313,0.036499208078335656,0.9999000756072077,0.20990122140208692
Rough Heston,3.0,0.008213552361396304,0.95,3937.522946229548,3740.64679891807,0.03651353816886379,0.9997001391096165,0.33851608995633714
Rough Heston,3.0,0.008213552361396304,0.9516666666666667,3937.522946229548,3747.209337161786,0.03651353816886379,0.9997001391096165,0.33611106575652583
Rough Heston,3.0,0.008213552361396304,0.9533333333333333,3937.522946229548,3753.771875405502,0.03651353816886379,0.9997001391096165,0.3336910397348627
Rough Heston,3.0,0.008213552361396304,0.955,3937.522946229548,3760.3344136492183,0.03651353816886379,0.9997001391096165,0.33125577219247976
Rough Heston,3.0,0.008213552361396304,0.9566666666666667,3937.522946229548,3766.8969518929343,0.03651353816886379,0.9997001391096165,0.328805028946757
Rough Heston,3.0,0.008213552361396304,0.9583333333333333,3937.522946229548,3773.45949013665,0.03651353816886379,0.9997001391096165,0.3263385835956707
Rough Heston,3.0,0.008213552361396304,0.96,3937.522946229548,3780.022028380366,0.03651353816886379,0.9997001391096165,0.3238562196456448
Rough Heston,3.0,0.008213552361396304,0.9616666666666667,3937.522946229548,3786.584566624082,0.03651353816886379,0.9997001391096165,0.3213577325583295
Rough Heston,3.0,0.008213552361396304,0.9633333333333333,3937.522946229548,3793.1471048677977,0.03651353816886379,0.9997001391096165,0.3188429322418885
Rough Heston,3.0,0.008213552361396304,0.965,3937.522946229548,3799.7096431115137,0.03651353816886379,0.9997001391096165,0.316311646452819
Rough Heston,3.0,0.008213552361396304,0.9666666666666667,3937.522946229548,3806.27218135523,0.03651353816886379,0.9997001391096165,0.31376372511883427
Rough Heston,3.0,0.008213552361396304,0.9683333333333333,3937.522946229548,3812.8347195989454,0.03651353816886379,0.9997001391096165,0.3111990455300403
Rough Heston,3.0,0.008213552361396304,0.97,3937.522946229548,3819.3972578426615,0.03651353816886379,0.9997001391096165,0.3086175180065758
Rough Heston,3.0,0.008213552361396304,0.9716666666666667,3937.522946229548,3825.9597960863775,0.03651353816886379,0.9997001391096165,0.30601909210708944
Rough Heston,3.0,0.008213552361396304,0.9733333333333333,3937.522946229548,3832.522334330093,0.03651353816886379,0.9997001391096165,0.30340376360098353
Rough Heston,3.0,0.008213552361396304,0.975,3937.522946229548,3839.084872573809,0.03651353816886379,0.9997001391096165,0.3007715828448787
Rough Heston,3.0,0.008213552361396304,0.9766666666666667,3937.522946229548,3845.6474108175253,0.03651353816886379,0.9997001391096165,0.2981226647671499
Rough Heston,3.0,0.008213552361396304,0.9783333333333333,3937.522946229548,3852.209949061241,0.03651353816886379,0.9997001391096165,0.29545720059492375
Rough Heston,3.0,0.008213552361396304,0.98,3937.522946229548,3858.772487304957,0.03651353816886379,0.9997001391096165,0.2927754716295239
Rough Heston,3.0,0.008213552361396304,0.9816666666666667,3937.522946229548,3865.335025548673,0.03651353816886379,0.9997001391096165,0.29007786463929885
Rough Heston,3.0,0.008213552361396304,0.9833333333333333,3937.522946229548,3871.8975637923886,0.03651353816886379,0.9997001391096165,0.28736488940202637
Rough Heston,3.0,0.008213552361396304,0.985,3937.522946229548,3878.4601020361047,0.03651353816886379,0.9997001391096165,0.2846371986606097
Rough Heston,3.0,0.008213552361396304,0.9866666666666667,3937.522946229548,3885.0226402798207,0.03651353816886379,0.9997001391096165,0.28189561119990963
Rough Heston,3.0,0.008213552361396304,0.9883333333333333,3937.522946229548,3891.5851785235363,0.03651353816886379,0.9997001391096165,0.2791411383592878
Rough Heston,3.0,0.008213552361396304,0.99,3937.522946229548,3898.1477167672524,0.03651353816886379,0.9997001391096165,0.2763750141864452
Rough Heston,3.0,0.008213552361396304,0.9916666666666667,3937.522946229548,3904.7102550109685,0.03651353816886379,0.9997001391096165,0.27359872931642476
Rough Heston,3.0,0.008213552361396304,0.9933333333333333,3937.522946229548,3911.272793254684,0.03651353816886379,0.9997001391096165,0.27081406832994276
Rough Heston,3.0,0.008213552361396304,0.995,3937.522946229548,3917.8353314984,0.03651353816886379,0.9997001391096165,0.2680231509311093
Rough Heston,3.0,0.008213552361396304,0.9966666666666667,3937.522946229548,3924.397869742116,0.03651353816886379,0.9997001391096165,0.2652284760546944
Rough Heston,3.0,0.008213552361396304,0.9983333333333333,3937.522946229548,3930.960407985832,0.03651353816886379,0.9997001391096165,0.2624329696792764
Rough Heston,3.0,0.008213552361396304,1.0,3937.522946229548,3937.522946229548,0.03651353816886379,0.9997001391096165,0.2596400343753807
Rough Heston,3.0,0.008213552361396304,1.0016666666666667,3937.522946229548,3944.085484473264,0.03651353816886379,0.9997001391096165,0.2568535993921002
Rough Heston,3.0,0.008213552361396304,1.0033333333333334,3937.522946229548,3950.64802271698,0.03651353816886379,0.9997001391096165,0.2540781687290061
Rough Heston,3.0,0.008213552361396304,1.005,3937.522946229548,3957.210560960695,0.03651353816886379,0.9997001391096165,0.25131886346459176
Rough Heston,3.0,0.008213552361396304,1.0066666666666666,3937.522946229548,3963.773099204411,0.03651353816886379,0.9997001391096165,0.2485814544561676
Rough Heston,3.0,0.008213552361396304,1.0083333333333333,3937.522946229548,3970.3356374481273,0.03651353816886379,0.9997001391096165,0.24587238010945153
Rough Heston,3.0,0.008213552361396304,1.01,3937.522946229548,3976.8981756918433,0.03651353816886379,0.9997001391096165,0.24319874348801615
Rough Heston,3.0,0.008213552361396304,1.0116666666666667,3937.522946229548,3983.4607139355594,0.03651353816886379,0.9997001391096165,0.24056828217804713
Rough Heston,3.0,0.008213552361396304,1.0133333333333334,3937.522946229548,3990.0232521792755,0.03651353816886379,0.9997001391096165,0.23798930417022576
Rough Heston,3.0,0.008213552361396304,1.0150000000000001,3937.522946229548,3996.5857904229915,0.03651353816886379,0.9997001391096165,0.23547058396999265
Rough Heston,3.0,0.008213552361396304,1.0166666666666666,3937.522946229548,4003.1483286667067,0.03651353816886379,0.9997001391096165,0.23302121476772675
Rough Heston,3.0,0.008213552361396304,1.0183333333333333,3937.522946229548,4009.7108669104227,0.03651353816886379,0.9997001391096165,0.23065041736213265
Rough Heston,3.0,0.008213552361396304,1.02,3937.522946229548,4016.273405154139,0.03651353816886379,0.9997001391096165,0.22836731015221848
Rough Heston,3.0,0.008213552361396304,1.0216666666666667,3937.522946229548,4022.835943397855,0.03651353816886379,0.9997001391096165,0.2261806510493627
Rough Heston,3.0,0.008213552361396304,1.0233333333333334,3937.522946229548,4029.398481641571,0.03651353816886379,0.9997001391096165,0.22409856685970303
Rough Heston,3.0,0.008213552361396304,1.025,3937.522946229548,4035.961019885286,0.03651353816886379,0.9997001391096165,0.22212828947130078
Rough Heston,3.0,0.008213552361396304,1.0266666666666666,3937.522946229548,4042.523558129002,0.03651353816886379,0.9997001391096165,0.22027591971705948
Rough Heston,3.0,0.008213552361396304,1.0283333333333333,3937.522946229548,4049.086096372718,0.03651353816886379,0.9997001391096165,0.2185462383075217
Rough Heston,3.0,0.008213552361396304,1.03,3937.522946229548,4055.6486346164343,0.03651353816886379,0.9997001391096165,0.21694257967506622
Rough Heston,3.0,0.008213552361396304,1.0316666666666667,3937.522946229548,4062.2111728601503,0.03651353816886379,0.9997001391096165,0.21546677767635572
Rough Heston,3.0,0.008213552361396304,1.0333333333333334,3937.522946229548,4068.7737111038664,0.03651353816886379,0.9997001391096165,0.21411918482311584
Rough Heston,3.0,0.008213552361396304,1.0350000000000001,3937.522946229548,4075.3362493475825,0.03651353816886379,0.9997001391096165,0.21289875854438026
Rough Heston,3.0,0.008213552361396304,1.0366666666666666,3937.522946229548,4081.8987875912976,0.03651353816886379,0.9997001391096165,0.21180320140581946
Rough Heston,3.0,0.008213552361396304,1.0383333333333333,3937.522946229548,4088.4613258350137,0.03651353816886379,0.9997001391096165,0.21082913809371046
Rough Heston,3.0,0.008213552361396304,1.04,3937.522946229548,4095.0238640787297,0.03651353816886379,0.9997001391096165,0.20997231115009718
Rough Heston,3.0,0.008213552361396304,1.0416666666666667,3937.522946229548,4101.586402322446,0.03651353816886379,0.9997001391096165,0.20922777968739145
Rough Heston,3.0,0.008213552361396304,1.0433333333333334,3937.522946229548,4108.148940566162,0.03651353816886379,0.9997001391096165,0.20859010963733782
Rough Heston,3.0,0.008213552361396304,1.045,3937.522946229548,4114.711478809877,0.03651353816886379,0.9997001391096165,0.20805354834686787
Rough Heston,3.0,0.008213552361396304,1.0466666666666666,3937.522946229548,4121.2740170535935,0.03651353816886379,0.9997001391096165,0.20761217964199932
Rough Heston,3.0,0.008213552361396304,1.0483333333333333,3937.522946229548,4127.836555297309,0.03651353816886379,0.9997001391096165,0.2072600565111858
Rough Heston,3.0,0.008213552361396304,1.05,3937.522946229548,4134.399093541026,0.03651353816886379,0.9997001391096165,0.20699130861740397
Rough Heston,7.0,0.019164955509924708,0.95,3938.608044430406,3741.6776422088856,0.036541941945302046,0.9992999204784726,0.3195954369030287
Rough Heston,7.0,0.019164955509924708,0.9516666666666667,3938.608044430406,3748.241988949603,0.036541941945302046,0.9992999204784726,0.3175878211540958
Rough Heston,7.0,0.019164955509924708,0.9533333333333333,3938.608044430406,3754.8063356903203,0.036541941945302046,0.9992999204784726,0.31557063060310436
Rough Heston,7.0,0.019164955509924708,0.955,3938.608044430406,3761.3706824310375,0.036541941945302046,0.9992999204784726,0.3135438016087252
Rough Heston,7.0,0.019164955509924708,0.9566666666666667,3938.608044430406,3767.935029171755,0.036541941945302046,0.9992999204784726,0.3115072812042138
Rough Heston,7.0,0.019164955509924708,0.9583333333333333,3938.608044430406,3774.4993759124723,0.036541941945302046,0.9992999204784726,0.30946102941221304
Rough Heston,7.0,0.019164955509924708,0.96,3938.608044430406,3781.06372265319,0.036541941945302046,0.9992999204784726,0.3074050214367485
Rough Heston,7.0,0.019164955509924708,0.9616666666666667,3938.608044430406,3787.6280693939075,0.036541941945302046,0.9992999204784726,0.30533924962250536
Rough Heston,7.0,0.019164955509924708,0.9633333333333333,3938.608044430406,3794.192416134624,0.036541941945302046,0.9992999204784726,0.3032637252757875
Rough Heston,7.0,0.019164955509924708,0.965,3938.608044430406,3800.756762875342,0.036541941945302046,0.9992999204784726,0.3011784804160537
Rough Heston,7.0,0.019164955509924708,0.9666666666666667,3938.608044430406,3807.3211096160594,0.036541941945302046,0.9992999204784726,0.2990835698131353
Rough Heston,7.0,0.019164955509924708,0.9683333333333333,3938.608044430406,3813.8854563567766,0.036541941945302046,0.9992999204784726,0.2969790736219968
Rough Heston,7.0,0.019164955509924708,0.97,3938.608044430406,3820.4498030974937,0.036541941945302046,0.9992999204784726,0.2948651005514226
Rough Heston,7.0,0.019164955509924708,0.9716666666666667,3938.608044430406,3827.0141498382113,0.036541941945302046,0.9992999204784726,0.29274179196383693
Rough Heston,7.0,0.019164955509924708,0.9733333333333333,3938.608044430406,3833.5784965789285,0.036541941945302046,0.9992999204784726,0.290609326694031
Rough Heston,7.0,0.019164955509924708,0.975,3938.608044430406,3840.142843319646,0.036541941945302046,0.9992999204784726,0.2884679263975249
Rough Heston,7.0,0.019164955509924708,0.9766666666666667,3938.608044430406,3846.7071900603632,0.036541941945302046,0.9992999204784726,0.28631786145150623
Rough Heston,7.0,0.019164955509924708,0.9783333333333333,3938.608044430406,3853.2715368010804,0.036541941945302046,0.9992999204784726,0.2841594570365067
Rough Heston,7.0,0.019164955509924708,0.98,3938.608044430406,3859.835883541798,0.036541941945302046,0.9992999204784726,0.28199309956646307
Rough Heston,7.0,0.019164955509924708,0.9816666666666667,3938.608044430406,3866.4002302825156,0.036541941945302046,0.9992999204784726,0.27981924333118996
Rough Heston,7.0,0.019164955509924708,0.9833333333333333,3938.608044430406,3872.9645770232323,0.036541941945302046,0.9992999204784726,0.27763841769498143
Rough Heston,7.0,0.019164955509924708,0.985,3938.608044430406,3879.52892376395,0.036541941945302046,0.9992999204784726,0.27545123495565316
Rough Heston,7.0,0.019164955509924708,0.9866666666666667,3938.608044430406,3886.0932705046675,0.036541941945302046,0.9992999204784726,0.27325839922746414
Rough Heston,7.0,0.019164955509924708,0.9883333333333333,3938.608044430406,3892.6576172453847,0.036541941945302046,0.9992999204784726,0.27106071630674444
Rough Heston,7.0,0.019164955509924708,0.99,3938.608044430406,3899.221963986102,0.036541941945302046,0.9992999204784726,0.2688591048082624
Rough Heston,7.0,0.019164955509924708,0.9916666666666667,3938.608044430406,3905.7863107268195,0.036541941945302046,0.9992999204784726,0.26665460815133096
Rough Heston,7.0,0.019164955509924708,0.9933333333333333,3938.608044430406,3912.3506574675366,0.036541941945302046,0.9992999204784726,0.26444840770249206
Rough Heston,7.0,0.019164955509924708,0.995,3938.608044430406,3918.9150042082542,0.036541941945302046,0.9992999204784726,0.26224183599415085
Rough Heston,7.0,0.019164955509924708,0.9966666666666667,3938.608044430406,3925.4793509489714,0.036541941945302046,0.9992999204784726,0.2600363904281372
Rough Heston,7.0,0.019164955509924708,0.9983333333333333,3938.608044430406,3932.0436976896885,0.036541941945302046,0.9992999204784726,0.25783374663989295
Rough Heston,7.0,0.019164955509924708,1.0,3938.608044430406,3938.608044430406,0.036541941945302046,0.9992999204784726,0.25563577152872374
Rough Heston,7.0,0.019164955509924708,1.0016666666666667,3938.608044430406,3945.1723911711238,0.036541941945302046,0.9992999204784726,0.25344453537843986
Rough Heston,7.0,0.019164955509924708,1.0033333333333334,3938.608044430406,3951.736737911841,0.036541941945302046,0.9992999204784726,0.25126232302570406
Rough Heston,7.0,0.019164955509924708,1.005,3938.608044430406,3958.3010846525576,0.036541941945302046,0.9992999204784726,0.2490916435185727
Rough Heston,7.0,0.019164955509924708,1.0066666666666666,3938.608044430406,3964.8654313932752,0.036541941945302046,0.9992999204784726,0.24693523772585727
Rough Heston,7.0,0.019164955509924708,1.0083333333333333,3938.608044430406,3971.429778133993,0.036541941945302046,0.9992999204784726,0.24479608309984846
Rough Heston,7.0,0.019164955509924708,1.01,3938.608044430406,3977.9941248747105,0.036541941945302046,0.9992999204784726,0.24267739452761664
Rough Heston,7.0,0.019164955509924708,1.0116666666666667,3938.608044430406,3984.5584716154276,0.036541941945302046,0.9992999204784726,0.2405826200891722
Rough Heston,7.0,0.019164955509924708,1.0133333333333334,3938.608044430406,3991.122818356145,0.036541941945302046,0.9992999204784726,0.23851543026755917
Rough Heston,7.0,0.019164955509924708,1.0150000000000001,3938.608044430406,3997.687165096863,0.036541941945302046,0.9992999204784726,0.23647969942425118
Rough Heston,7.0,0.019164955509924708,1.0166666666666666,3938.608044430406,4004.2515118375795,0.036541941945302046,0.9992999204784726,0.23447947830404212
Rough Heston,7.0,0.019164955509924708,1.0183333333333333,3938.608044430406,4010.8158585782967,0.036541941945302046,0.9992999204784726,0.23251895699095246
Rough Heston,7.0,0.019164955509924708,1.02,3938.608044430406,4017.3802053190143,0.036541941945302046,0.9992999204784726,0.23060241800671244
Rough Heston,7.0,0.019164955509924708,1.0216666666666667,3938.608044430406,4023.944552059732,0.036541941945302046,0.9992999204784726,0.2287341801616575
Rough Heston,7.0,0.019164955509924708,1.0233333333333334,3938.608044430406,4030.5088988004495,0.036541941945302046,0.9992999204784726,0.2269185341091001
Rough Heston,7.0,0.019164955509924708,1.025,3938.608044430406,4037.0732455411658,0.036541941945302046,0.9992999204784726,0.22515967176500118
Rough Heston,7.0,0.019164955509924708,1.0266666666666666,3938.608044430406,4043.6375922818834,0.036541941945302046,0.9992999204784726,0.22346161172930337
Rough Heston,7.0,0.019164955509924708,1.0283333333333333,3938.608044430406,4050.201939022601,0.036541941945302046,0.9992999204784726,0.22182812368079685
Rough Heston,7.0,0.019164955509924708,1.03,3938.608044430406,4056.7662857633186,0.036541941945302046,0.9992999204784726,0.2202626551350045
Rough Heston,7.0,0.019164955509924708,1.0316666666666667,3938.608044430406,4063.3306325040357,0.036541941945302046,0.9992999204784726,0.21876826333891602
Rough Heston,7.0,0.019164955509924708,1.0333333333333334,3938.608044430406,4069.8949792447534,0.036541941945302046,0.9992999204784726,0.21734755578451992
Rough Heston,7.0,0.019164955509924708,1.0350000000000001,3938.608044430406,4076.459325985471,0.036541941945302046,0.9992999204784726,0.21600264232418795
Rough Heston,7.0,0.019164955509924708,1.0366666666666666,3938.608044430406,4083.0236727261877,0.036541941945302046,0.9992999204784726,0.21473510024342207
Rough Heston,7.0,0.019164955509924708,1.0383333333333333,3938.608044430406,4089.588019466905,0.036541941945302046,0.9992999204784726,0.21354595522549163
Rough Heston,7.0,0.019164955509924708,1.04,3938.608044430406,4096.152366207622,0.036541941945302046,0.9992999204784726,0.21243567792319545
Rough Heston,7.0,0.019164955509924708,1.0416666666666667,3938.608044430406,4102.71671294834,0.036541941945302046,0.9992999204784726,0.2114041964859319
Rough Heston,7.0,0.019164955509924708,1.0433333333333334,3938.608044430406,4109.281059689058,0.036541941945302046,0.9992999204784726,0.210450924195112
Rough Heston,7.0,0.019164955509924708,1.045,3938.608044430406,4115.845406429774,0.036541941945302046,0.9992999204784726,0.20957479967231735
Rough Heston,7.0,0.019164955509924708,1.0466666666666666,3938.608044430406,4122.409753170492,0.036541941945302046,0.9992999204784726,0.20877433750144392
Rough Heston,7.0,0.019164955509924708,1.0483333333333333,3938.608044430406,4128.974099911209,0.036541941945302046,0.9992999204784726,0.20804768567791618
Rough Heston,7.0,0.019164955509924708,1.05,3938.608044430406,4135.538446651926,0.036541941945302046,0.9992999204784726,0.20739268636269095
Rough Heston,15.0,0.04106776180698152,0.95,3940.786328360648,3743.7470119426152,0.0365977324873474,0.9984981419587812,0.3029812007094497
Rough Heston,15.0,0.04106776180698152,0.9516666666666667,3940.786328360648,3750.31498915655,0.0365977324873474,0.9984981419587812,0.3013047704432275
Rough Heston,15.0,0.04106776180698152,0.9533333333333333,3940.786328360648,3756.882966370484,0.0365977324873474,0.9984981419587812,0.2996229009588796
Rough Heston,15.0,0.04106776180698152,0.955,3940.786328360648,3763.450943584419,0.0365977324873474,0.9984981419587812,0.2979356285777697
Rough Heston,15.0,0.04106776180698152,0.9566666666666667,3940.786328360648,3770.018920798353,0.0365977324873474,0.9984981419587812,0.29624300220746297
Rough Heston,15.0,0.04106776180698152,0.9583333333333333,3940.786328360648,3776.5868980122873,0.0365977324873474,0.9984981419587812,0.29454508448878836
Rough Heston,15.0,0.04106776180698152,0.96,3940.786328360648,3783.154875226222,0.0365977324873474,0.9984981419587812,0.292841952984191
Rough Heston,15.0,0.04106776180698152,0.9616666666666667,3940.786328360648,3789.7228524401567,0.0365977324873474,0.9984981419587812,0.29113370072583367
Rough Heston,15.0,0.04106776180698152,0.9633333333333333,3940.786328360648,3796.2908296540904,0.0365977324873474,0.9984981419587812,0.289420436957444
Rough Heston,15.0,0.04106776180698152,0.965,3940.786328360648,3802.858806868025,0.0365977324873474,0.9984981419587812,0.287702287670845
Rough Heston,15.0,0.04106776180698152,0.9666666666666667,3940.786328360648,3809.42678408196,0.0365977324873474,0.9984981419587812,0.2859793961858853
Rough Heston,15.0,0.04106776180698152,0.9683333333333333,3940.786328360648,3815.994761295894,0.0365977324873474,0.9984981419587812,0.2842519240895817
Rough Heston,15.0,0.04106776180698152,0.97,3940.786328360648,3822.5627385098283,0.0365977324873474,0.9984981419587812,0.2825200522691631
Rough Heston,15.0,0.04106776180698152,0.9716666666666667,3940.786328360648,3829.130715723763,0.0365977324873474,0.9984981419587812,0.28078398249409864
Rough Heston,15.0,0.04106776180698152,0.9733333333333333,3940.786328360648,3835.698692937697,0.0365977324873474,0.9984981419587812,0.2790439393840108
Rough Heston,15.0,0.04106776180698152,0.975,3940.786328360648,3842.266670151632,0.0365977324873474,0.9984981419587812,0.2773001728321911
Rough Heston,15.0,0.04106776180698152,0.9766666666666667,3940.786328360648,3848.834647365566,0.0365977324873474,0.9984981419587812,0.27555296083087916
Rough Heston,15.0,0.04106776180698152,0.9783333333333333,3940.786328360648,3855.4026245795003,0.0365977324873474,0.9984981419587812,0.27380261270668277
Rough Heston,15.0,0.04106776180698152,0.98,3940.786328360648,3861.970601793435,0.0365977324873474,0.9984981419587812,0.2720494724321166
Rough Heston,15.0,0.04106776180698152,0.9816666666666667,3940.786328360648,3868.5385790073697,0.0365977324873474,0.9984981419587812,0.2702939222885379
Rough Heston,15.0,0.04106776180698152,0.9833333333333333,3940.786328360648,3875.1065562213034,0.0365977324873474,0.9984981419587812,0.26853638640368455
Rough Heston,15.0,0.04106776180698152,0.985,3940.786328360648,3881.674533435238,0.0365977324873474,0.9984981419587812,0.2667773343062161
Rough Heston,15.0,0.04106776180698152,0.9866666666666667,3940.786328360648,3888.242510649173,0.0365977324873474,0.9984981419587812,0.26501728418600784
Rough Heston,15.0,0.04106776180698152,0.9883333333333333,3940.786328360648,3894.810487863107,0.0365977324873474,0.9984981419587812,0.2632568063787477
Rough Heston,15.0,0.04106776180698152,0.99,3940.786328360648,3901.3784650770413,0.0365977324873474,0.9984981419587812,0.2614965261919573
Rough Heston,15.0,0.04106776180698152,0.9916666666666667,3940.786328360648,3907.946442290976,0.0365977324873474,0.9984981419587812,0.2597371269568641
Rough Heston,15.0,0.04106776180698152,0.9933333333333333,3940.786328360648,3914.51441950491,0.0365977324873474,0.9984981419587812,0.257979352884862
Rough Heston,15.0,0.04106776180698152,0.995,3940.786328360648,3921.082396718845,0.0365977324873474,0.9984981419587812,0.2562240119618571
Rough Heston,15.0,0.04106776180698152,0.9966666666666667,3940.786328360648,3927.650373932779,0.0365977324873474,0.9984981419587812,0.2544719787280182
Rough Heston,15.0,0.04106776180698152,0.9983333333333333,3940.786328360648,3934.2183511467133,0.0365977324873474,0.9984981419587812,0.2527241975699115
Rough Heston,15.0,0.04106776180698152,1.0,3940.786328360648,3940.786328360648,0.0365977324873474,0.9984981419587812,0.2509816856334592
Rough Heston,15.0,0.04106776180698152,1.0016666666666667,3940.786328360648,3947.3543055745827,0.0365977324873474,0.9984981419587812,0.249245536007591
Rough Heston,15.0,0.04106776180698152,1.0033333333333334,3940.786328360648,3953.922282788517,0.0365977324873474,0.9984981419587812,0.24751692097748948
Rough Heston,15.0,0.04106776180698152,1.005,3940.786328360648,3960.4902600024507,0.0365977324873474,0.9984981419587812,0.2457970948553206
Rough Heston,15.0,0.04106776180698152,1.0066666666666666,3940.786328360648,3967.0582372163854,0.0365977324873474,0.9984981419587812,0.2440873965492378
Rough Heston,15.0,0.04106776180698152,1.0083333333333333,3940.786328360648,3973.62621443032,0.0365977324873474,0.9984981419587812,0.24238925148414572
Rough Heston,15.0,0.04106776180698152,1.01,3940.786328360648,3980.1941916442547,0.0365977324873474,0.9984981419587812,0.2407041723924823
Rough Heston,15.0,0.04106776180698152,1.0116666666666667,3940.786328360648,3986.762168858189,0.0365977324873474,0.9984981419587812,0.2390337590074564
Rough Heston,15.0,0.04106776180698152,1.0133333333333334,3940.786328360648,3993.3301460721236,0.0365977324873474,0.9984981419587812,0.23737969613601823
Rough Heston,15.0,0.04106776180698152,1.0150000000000001,3940.786328360648,3999.8981232860583,0.0365977324873474,0.9984981419587812,0.23574374981584534
Rough Heston,15.0,0.04106776180698152,1.0166666666666666,3940.786328360648,4006.466100499992,0.0365977324873474,0.9984981419587812,0.23412776168036406
Rough Heston,15.0,0.04106776180698152,1.0183333333333333,3940.786328360648,4013.0340777139263,0.0365977324873474,0.9984981419587812,0.23253364075783084
Rough Heston,15.0,0.04106776180698152,1.02,3940.786328360648,4019.602054927861,0.0365977324873474,0.9984981419587812,0.23096335325245787
Rough Heston,15.0,0.04106776180698152,1.0216666666666667,3940.786328360648,4026.1700321417957,0.0365977324873474,0.9984981419587812,0.22941891000390827
Rough Heston,15.0,0.04106776180698152,1.0233333333333334,3940.786328360648,4032.7380093557304,0.0365977324873474,0.9984981419587812,0.22790235163393643
Rough Heston,15.0,0.04106776180698152,1.025,3940.786328360648,4039.3059865696637,0.0365977324873474,0.9984981419587812,0.22641573193747438
Rough Heston,15.0,0.04106776180698152,1.0266666666666666,3940.786328360648,4045.8739637835984,0.0365977324873474,0.9984981419587812,0.22496109940140407
Rough Heston,15.0,0.04106776180698152,1.0283333333333333,3940.786328360648,4052.441940997533,0.0365977324873474,0.9984981419587812,0.22354047745247832
Rough Heston,15.0,0.04106776180698152,1.03,3940.786328360648,4059.0099182114677,0.0365977324873474,0.9984981419587812,0.22215584362110408
Rough Heston,15.0,0.04106776180698152,1.0316666666666667,3940.786328360648,4065.577895425402,0.0365977324873474,0.9984981419587812,0.22080910849957272
Rough Heston,15.0,0.04106776180698152,1.0333333333333334,3940.786328360648,4072.1458726393366,0.0365977324873474,0.9984981419587812,0.21950209426321032
Rough Heston,15.0,0.04106776180698152,1.0350000000000001,3940.786328360648,4078.7138498532713,0.0365977324873474,0.9984981419587812,0.21823651393293308
Rough Heston,15.0,0.04106776180698152,1.0366666666666666,3940.786328360648,4085.281827067205,0.0365977324873474,0.9984981419587812,0.21701395146461921
Rough Heston,15.0,0.04106776180698152,1.0383333333333333,3940.786328360648,4091.8498042811393,0.0365977324873474,0.9984981419587812,0.21583584325834987
Rough Heston,15.0,0.04106776180698152,1.04,3940.786328360648,4098.417781495074,0.0365977324873474,0.9984981419587812,0.21470346136525045
Rough Heston,15.0,0.04106776180698152,1.0416666666666667,3940.786328360648,4104.985758709008,0.0365977324873474,0.9984981419587812,0.21361789926340438
Rough Heston,15.0,0.04106776180698152,1.0433333333333334,3940.786328360648,4111.553735922943,0.0365977324873474,0.9984981419587812,0.21258005974951033
Rough Heston,15.0,0.04106776180698152,1.045,3940.786328360648,4118.121713136877,0.0365977324873474,0.9984981419587812,0.21159064605737626
Rough Heston,15.0,0.04106776180698152,1.0466666666666666,3940.786328360648,4124.689690350811,0.0365977324873474,0.9984981419587812,0.21065015590188313
Rough Heston,15.0,0.04106776180698152,1.0483333333333333,3940.786328360648,4131.257667564746,0.0365977324873474,0.9984981419587812,0.20975887891826667
Rough Heston,15.0,0.04106776180698152,1.05,3940.786328360648,4137.825644778681,0.0365977324873474,0.9984981419587812,0.20891689731713273
Rough Heston,31.0,0.08487337440109514,0.95,3945.174096903203,3747.9153920580425,0.03670531362949347,0.996889543697636,0.287372708477627
Rough Heston,31.0,0.08487337440109514,0.9516666666666667,3945.174096903203,3754.490682219548,0.03670531362949347,0.996889543697636,0.2859998101247956
Rough Heston,31.0,0.08487337440109514,0.9533333333333333,3945.174096903203,3761.065972381053,0.03670531362949347,0.996889543697636,0.28462469940594054
Rough Heston,31.0,0.08487337440109514,0.955,3945.174096903203,3767.6412625425587,0.03670531362949347,0.996889543697636,0.28324744751435127
Rough Heston,31.0,0.08487337440109514,0.9566666666666667,3945.174096903203,3774.2165527040643,0.03670531362949347,0.996889543697636,0.28186813241807795
Rough Heston,31.0,0.08487337440109514,0.9583333333333333,3945.174096903203,3780.7918428655694,0.03670531362949347,0.996889543697636,0.280486839861443
Rough Heston,31.0,0.08487337440109514,0.96,3945.174096903203,3787.367133027075,0.03670531362949347,0.996889543697636,0.27910366439376805
Rough Heston,31.0,0.08487337440109514,0.9616666666666667,3945.174096903203,3793.94242318858,0.03670531362949347,0.996889543697636,0.2777187103926148
Rough Heston,31.0,0.08487337440109514,0.9633333333333333,3945.174096903203,3800.517713350085,0.03670531362949347,0.996889543697636,0.27633209305161477
Rough Heston,31.0,0.08487337440109514,0.965,3945.174096903203,3807.0930035115907,0.03670531362949347,0.996889543697636,0.27494393928483357
Rough Heston,31.0,0.08487337440109514,0.9666666666666667,3945.174096903203,3813.6682936730963,0.03670531362949347,0.996889543697636,0.27355438868097137
Rough Heston,31.0,0.08487337440109514,0.9683333333333333,3945.174096903203,3820.2435838346014,0.03670531362949347,0.996889543697636,0.27216359405176593
Rough Heston,31.0,0.08487337440109514,0.97,3945.174096903203,3826.818873996107,0.03670531362949347,0.996889543697636,0.2707717222650404
Rough Heston,31.0,0.08487337440109514,0.9716666666666667,3945.174096903203,3833.3941641576125,0.03670531362949347,0.996889543697636,0.26937895472276197
Rough Heston,31.0,0.08487337440109514,0.9733333333333333,3945.174096903203,3839.969454319117,0.03670531362949347,0.996889543697636,0.26798548782835824
Rough Heston,31.0,0.08487337440109514,0.975,3945.174096903203,3846.5447444806227,0.03670531362949347,0.996889543697636,0.2665915333747184
Rough Heston,31.0,0.08487337440109514,0.9766666666666667,3945.174096903203,3853.1200346421283,0.03670531362949347,0.996889543697636,0.2651973188778497
Rough Heston,31.0,0.08487337440109514,0.9783333333333333,3945.174096903203,3859.6953248036334,0.03670531362949347,0.996889543697636,0.2638030878977732
Rough Heston,31.0,0.08487337440109514,0.98,3945.174096903203,3866.270614965139,0.03670531362949347,0.996889543697636,0.2624091002775323
Rough Heston,31.0,0.08487337440109514,0.9816666666666667,3945.174096903203,3872.8459051266445,0.03670531362949347,0.996889543697636,0.26101563261407174
Rough Heston,31.0,0.08487337440109514,0.9833333333333333,3945.174096903203,3879.4211952881496,0.03670531362949347,0.996889543697636,0.2596229785404276
Rough Heston,31.0,0.08487337440109514,0.985,3945.174096903203,3885.9964854496548,0.03670531362949347,0.996889543697636,0.2582314492623723
Rough Heston,31.0,0.08487337440109514,0.9866666666666667,3945.174096903203,3892.5717756111603,0.03670531362949347,0.996889543697636,0.25684137415044483
Rough Heston,31.0,0.08487337440109514,0.9883333333333333,3945.174096903203,3899.1470657726654,0.03670531362949347,0.996889543697636,0.25545310145962324
Rough Heston,31.0,0.08487337440109514,0.99,3945.174096903203,3905.722355934171,0.03670531362949347,0.996889543697636,0.25406699918184444
Rough Heston,31.0,0.08487337440109514,0.9916666666666667,3945.174096903203,3912.2976460956766,0.03670531362949347,0.996889543697636,0.25268345600053266
Rough Heston,31.0,0.08487337440109514,0.9933333333333333,3945.174096903203,3918.8729362571817,0.03670531362949347,0.996889543697636,0.25130288254423416
Rough Heston,31.0,0.08487337440109514,0.995,3945.174096903203,3925.4482264186868,0.03670531362949347,0.996889543697636,0.24992571230303484
Rough Heston,31.0,0.08487337440109514,0.9966666666666667,3945.174096903203,3932.0235165801923,0.03670531362949347,0.996889543697636,0.2485524032020541
Rough Heston,31.0,0.08487337440109514,0.9983333333333333,3945.174096903203,3938.5988067416974,0.03670531362949347,0.996889543697636,0.24718343878410262
Rough Heston,31.0,0.08487337440109514,1.0,3945.174096903203,3945.174096903203,0.03670531362949347,0.996889543697636,0.24581932955477745
Rough Heston,31.0,0.08487337440109514,1.0016666666666667,3945.174096903203,3951.7493870647086,0.03670531362949347,0.996889543697636,0.2444606142487515
Rough Heston,31.0,0.08487337440109514,1.0033333333333334,3945.174096903203,3958.324677226214,0.03670531362949347,0.996889543697636,0.24310786098791204
Rough Heston,31.0,0.08487337440109514,1.005,3945.174096903203,3964.899967387719,0.03670531362949347,0.996889543697636,0.24176166826960416
Rough Heston,31.0,0.08487337440109514,1.0066666666666666,3945.174096903203,3971.475257549224,0.03670531362949347,0.996889543697636,0.24042266577406401
Rough Heston,31.0,0.08487337440109514,1.0083333333333333,3945.174096903203,3978.0505477107295,0.03670531362949347,0.996889543697636,0.23909151480914015
Rough Heston,31.0,0.08487337440109514,1.01,3945.174096903203,3984.625837872235,0.03670531362949347,0.996889543697636,0.23776890851579582
Rough Heston,31.0,0.08487337440109514,1.0116666666666667,3945.174096903203,3991.2011280337406,0.03670531362949347,0.996889543697636,0.23645557169357076
Rough Heston,31.0,0.08487337440109514,1.0133333333333334,3945.174096903203,3997.776418195246,0.03670531362949347,0.996889543697636,0.23515226014778207
Rough Heston,31.0,0.08487337440109514,1.0150000000000001,3945.174096903203,4004.3517083567517,0.03670531362949347,0.996889543697636,0.2338597596592844
Rough Heston,31.0,0.08487337440109514,1.0166666666666666,3945.174096903203,4010.9269985182564,0.03670531362949347,0.996889543697636,0.2325788844632122
Rough Heston,31.0,0.08487337440109514,1.0183333333333333,3945.174096903203,4017.5022886797615,0.03670531362949347,0.996889543697636,0.231310475257166
Rough Heston,31.0,0.08487337440109514,1.02,3945.174096903203,4024.077578841267,0.03670531362949347,0.996889543697636,0.23005539674305894
Rough Heston,31.0,0.08487337440109514,1.0216666666666667,3945.174096903203,4030.6528690027726,0.03670531362949347,0.996889543697636,0.22881453457205816
Rough Heston,31.0,0.08487337440109514,1.0233333333333334,3945.174096903203,4037.228159164278,0.03670531362949347,0.996889543697636,0.2275887922154483
Rough Heston,31.0,0.08487337440109514,1.025,3945.174096903203,4043.803449325783,0.03670531362949347,0.996889543697636,0.22637908687004432
Rough Heston,31.0,0.08487337440109514,1.0266666666666666,3945.174096903203,4050.3787394872884,0.03670531362949347,0.996889543697636,0.22518634540556084
Rough Heston,31.0,0.08487337440109514,1.0283333333333333,3945.174096903203,4056.9540296487935,0.03670531362949347,0.996889543697636,0.22401149979138973
Rough Heston,31.0,0.08487337440109514,1.03,3945.174096903203,4063.529319810299,0.03670531362949347,0.996889543697636,0.22285548230229882
Rough Heston,31.0,0.08487337440109514,1.0316666666666667,3945.174096903203,4070.1046099718046,0.03670531362949347,0.996889543697636,0.22171922033861954
Rough Heston,31.0,0.08487337440109514,1.0333333333333334,3945.174096903203,4076.67990013331,0.03670531362949347,0.996889543697636,0.22060363136183306
Rough Heston,31.0,0.08487337440109514,1.0350000000000001,3945.174096903203,4083.2551902948157,0.03670531362949347,0.996889543697636,0.2195096173856808
Rough Heston,31.0,0.08487337440109514,1.0366666666666666,3945.174096903203,4089.8304804563204,0.03670531362949347,0.996889543697636,0.2184380596312253
Rough Heston,31.0,0.08487337440109514,1.0383333333333333,3945.174096903203,4096.4057706178255,0.03670531362949347,0.996889543697636,0.21738981311109654
Rough Heston,31.0,0.08487337440109514,1.04,3945.174096903203,4102.9810607793315,0.03670531362949347,0.996889543697636,0.2163657013016219
Rough Heston,31.0,0.08487337440109514,1.0416666666666667,3945.174096903203,4109.556350940837,0.03670531362949347,0.996889543697636,0.2153665108869662
Rough Heston,31.0,0.08487337440109514,1.0433333333333334,3945.174096903203,4116.131641102343,0.03670531362949347,0.996889543697636,0.2143929868326053
Rough Heston,31.0,0.08487337440109514,1.045,3945.174096903203,4122.706931263847,0.03670531362949347,0.996889543697636,0.21344582749186825
Rough Heston,31.0,0.08487337440109514,1.0466666666666666,3945.174096903203,4129.282221425352,0.03670531362949347,0.996889543697636,0.2125256801381288
Rough Heston,31.0,0.08487337440109514,1.0483333333333333,3945.174096903203,4135.857511586858,0.03670531362949347,0.996889543697636,0.21163313686977905
Rough Heston,31.0,0.08487337440109514,1.05,3945.174096903203,4142.432801748363,0.03670531362949347,0.996889543697636,0.21076873062547638
Rough Heston,45.0,0.12320328542094455,0.95,3949.045854402648,3751.5935616825154,0.03679517172194988,0.9954769737879662,0.27958363634654587
Rough Heston,45.0,0.12320328542094455,0.9516666666666667,3949.045854402648,3758.1753047731863,0.03679517172194988,0.9954769737879662,0.2783633981628813
Rough Heston,45.0,0.12320328542094455,0.9533333333333333,3949.045854402648,3764.757047863857,0.03679517172194988,0.9954769737879662,0.27714213354826617
Rough Heston,45.0,0.12320328542094455,0.955,3949.045854402648,3771.3387909545286,0.03679517172194988,0.9954769737879662,0.27591992105032503
Rough Heston,45.0,0.12320328542094455,0.9566666666666667,3949.045854402648,3777.9205340452,0.03679517172194988,0.9954769737879662,0.2746968465264172
Rough Heston,45.0,0.12320328542094455,0.9583333333333333,3949.045854402648,3784.5022771358704,0.03679517172194988,0.9954769737879662,0.2734730034905993
Rough Heston,45.0,0.12320328542094455,0.96,3949.045854402648,3791.0840202265417,0.03679517172194988,0.9954769737879662,0.27224849301863724
Rough Heston,45.0,0.12320328542094455,0.9616666666666667,3949.045854402648,3797.665763317213,0.03679517172194988,0.9954769737879662,0.2710234240530577
Rough Heston,45.0,0.12320328542094455,0.9633333333333333,3949.045854402648,3804.247506407884,0.03679517172194988,0.9954769737879662,0.26979791336565073
Rough Heston,45.0,0.12320328542094455,0.965,3949.045854402648,3810.829249498555,0.03679517172194988,0.9954769737879662,0.2685720855669229
Rough Heston,45.0,0.12320328542094455,0.9666666666666667,3949.045854402648,3817.410992589226,0.03679517172194988,0.9954769737879662,0.2673460730866402
Rough Heston,45.0,0.12320328542094455,0.9683333333333333,3949.045854402648,3823.992735679897,0.03679517172194988,0.9954769737879662,0.2661200161416266
Rough Heston,45.0,0.12320328542094455,0.97,3949.045854402648,3830.5744787705685,0.03679517172194988,0.9954769737879662,0.26489406270649757
Rough Heston,45.0,0.12320328542094455,0.9716666666666667,3949.045854402648,3837.1562218612394,0.03679517172194988,0.9954769737879662,0.26366836847817277
Rough Heston,45.0,0.12320328542094455,0.9733333333333333,3949.045854402648,3843.7379649519103,0.03679517172194988,0.9954769737879662,0.26244309702893526
Rough Heston,45.0,0.12320328542094455,0.975,3949.045854402648,3850.3197080425816,0.03679517172194988,0.9954769737879662,0.2612184195815453
Rough Heston,45.0,0.12320328542094455,0.9766666666666667,3949.045854402648,3856.901451133253,0.03679517172194988,0.9954769737879662,0.25999451547073943
Rough Heston,45.0,0.12320328542094455,0.9783333333333333,3949.045854402648,3863.4831942239234,0.03679517172194988,0.9954769737879662,0.2587715721336848
Rough Heston,45.0,0.12320328542094455,0.98,3949.045854402648,3870.0649373145948,0.03679517172194988,0.9954769737879662,0.2575497854363987
Rough Heston,45.0,0.12320328542094455,0.9816666666666667,3949.045854402648,3876.646680405266,0.03679517172194988,0.9954769737879662,0.2563293600222605
Rough Heston,45.0,0.12320328542094455,0.9833333333333333,3949.045854402648,3883.228423495937,0.03679517172194988,0.9954769737879662,0.25511050974470656
Rough Heston,45.0,0.12320328542094455,0.985,3949.045854402648,3889.810166586608,0.03679517172194988,0.9954769737879662,0.2538934581815064
Rough Heston,45.0,0.12320328542094455,0.9866666666666667,3949.045854402648,3896.3919096772793,0.03679517172194988,0.9954769737879662,0.2526784392257654
Rough Heston,45.0,0.12320328542094455,0.9883333333333333,3949.045854402648,3902.97365276795,0.03679517172194988,0.9954769737879662,0.251465697774552
Rough Heston,45.0,0.12320328542094455,0.99,3949.045854402648,3909.5553958586215,0.03679517172194988,0.9954769737879662,0.25025549030088357
Rough Heston,45.0,0.12320328542094455,0.9916666666666667,3949.045854402648,3916.1371389492924,0.03679517172194988,0.9954769737879662,0.24904808590935762
Rough Heston,45.0,0.12320328542094455,0.9933333333333333,3949.045854402648,3922.7188820399633,0.03679517172194988,0.9954769737879662,0.24784376682691034
Rough Heston,45.0,0.12320328542094455,0.995,3949.045854402648,3929.3006251306347,0.03679517172194988,0.9954769737879662,0.24664282935599266
Rough Heston,45.0,0.12320328542094455,0.9966666666666667,3949.045854402648,3935.8823682213056,0.03679517172194988,0.9954769737879662,0.24544558462947574
Rough Heston,45.0,0.12320328542094455,0.9983333333333333,3949.045854402648,3942.4641113119765,0.03679517172194988,0.9954769737879662,0.24425235936849438
Rough Heston,45.0,0.12320328542094455,1.0,3949.045854402648,3949.045854402648,0.03679517172194988,0.9954769737879662,0.24306349658540033
Rough Heston,45.0,0.12320328542094455,1.0016666666666667,3949.045854402648,3955.627597493319,0.03679517172194988,0.9954769737879662,0.24187935621227205
Rough Heston,45.0,0.12320328542094455,1.0033333333333334,3949.045854402648,3962.20934058399,0.03679517172194988,0.9954769737879662,0.24070031563063077
Rough Heston,45.0,0.12320328542094455,1.005,3949.045854402648,3968.7910836746605,0.03679517172194988,0.9954769737879662,0.23952677008553308
Rough Heston,45.0,0.12320328542094455,1.0066666666666666,3949.045854402648,3975.372826765332,0.03679517172194988,0.9954769737879662,0.23835913296120606
Rough Heston,45.0,0.12320328542094455,1.0083333333333333,3949.045854402648,3981.954569856003,0.03679517172194988,0.9954769737879662,0.23719783593393418
Rough Heston,45.0,0.12320328542094455,1.01,3949.045854402648,3988.536312946674,0.03679517172194988,0.9954769737879662,0.23604332877106793
Rough Heston,45.0,0.12320328542094455,1.0116666666666667,3949.045854402648,3995.1180560373455,0.03679517172194988,0.9954769737879662,0.23489607942384258
Rough Heston,45.0,0.12320328542094455,1.0133333333333334,3949.045854402648,4001.699799128017,0.03679517172194988,0.9954769737879662,0.23375657326972354
Rough Heston,45.0,0.12320328542094455,1.0150000000000001,3949.045854402648,4008.281542218688,0.03679517172194988,0.9954769737879662,0.23262531268640477
Rough Heston,45.0,0.12320328542094455,1.0166666666666666,3949.045854402648,4014.863285309358,0.03679517172194988,0.9954769737879662,0.2315028161876988
Rough Heston,45.0,0.12320328542094455,1.0183333333333333,3949.045854402648,4021.4450284000295,0.03679517172194988,0.9954769737879662,0.2303896174126388
Rough Heston,45.0,0.12320328542094455,1.02,3949.045854402648,4028.026771490701,0.03679517172194988,0.9954769737879662,0.2292862639142642
Rough Heston,45.0,0.12320328542094455,1.0216666666666667,3949.045854402648,4034.608514581372,0.03679517172194988,0.9954769737879662,0.22819331575847773
Rough Heston,45.0,0.12320328542094455,1.0233333333333334,3949.045854402648,4041.190257672043,0.03679517172194988,0.9954769737879662,0.2271113439440428
Rough Heston,45.0,0.12320328542094455,1.025,3949.045854402648,4047.7720007627136,0.03679517172194988,0.9954769737879662,0.22604092860158886
Rough Heston,45.0,0.12320328542094455,1.0266666666666666,3949.045854402648,4054.353743853385,0.03679517172194988,0.9954769737879662,0.2249826572589205
Rough Heston,45.0,0.12320328542094455,1.0283333333333333,3949.045854402648,4060.9354869440563,0.03679517172194988,0.9954769737879662,0.22393712250474665
Rough Heston,45.0,0.12320328542094455,1.03,3949.045854402648,4067.517230034727,0.03679517172194988,0.9954769737879662,0.22290492007600105
Rough Heston,45.0,0.12320328542094455,1.0316666666666667,3949.045854402648,4074.0989731253985,0.03679517172194988,0.9954769737879662,0.22188664646775252
Rough Heston,45.0,0.12320328542094455,1.0333333333333334,3949.045854402648,4080.68071621607,0.03679517172194988,0.9954769737879662,0.22088289659924756
Rough Heston,45.0,0.12320328542094455,1.0350000000000001,3949.045854402648,4087.262459306741,0.03679517172194988,0.9954769737879662,0.2198942613915339
Rough Heston,45.0,0.12320328542094455,1.0366666666666666,3949.045854402648,4093.844202397411,0.03679517172194988,0.9954769737879662,0.21892132534637085
Rough Heston,45.0,0.12320328542094455,1.0383333333333333,3949.045854402648,4100.425945488083,0.03679517172194988,0.9954769737879662,0.2179646639575109
Rough Heston,45.0,0.12320328542094455,1.04,3949.045854402648,4107.007688578754,0.03679517172194988,0.9954769737879662,0.2170248413625685
Rough Heston,45.0,0.12320328542094455,1.0416666666666667,3949.045854402648,4113.589431669425,0.03679517172194988,0.9954769737879662,0.2161024077802059
Rough Heston,45.0,0.12320328542094455,1.0433333333333334,3949.045854402648,4120.171174760097,0.03679517172194988,0.9954769737879662,0.21519789711203893
Rough Heston,45.0,0.12320328542094455,1.045,3949.045854402648,4126.752917850767,0.03679517172194988,0.9954769737879662,0.21431182455888217
Rough Heston,45.0,0.12320328542094455,1.0466666666666666,3949.045854402648,4133.3346609414375,0.03679517172194988,0.9954769737879662,0.2134446843122061
Rough Heston,45.0,0.12320328542094455,1.0483333333333333,3949.045854402648,4139.916404032109,0.03679517172194988,0.9954769737879662,0.21259694733616802
Rough Heston,45.0,0.12320328542094455,1.05,3949.045854402648,4146.49814712278,0.03679517172194988,0.9954769737879662,0.21176905920044753
Rough Heston,60.0,0.16427104722792607,0.95,3953.225803627468,3755.564513446094,0.036887139848979206,0.9939588325864447,0.27378220434428274
Rough Heston,60.0,0.16427104722792607,0.9516666666666667,3953.225803627468,3762.153223118807,0.036887139848979206,0.9939588325864447,0.272677506434705
Rough Heston,60.0,0.16427104722792607,0.9533333333333333,3953.225803627468,3768.741932791519,0.036887139848979206,0.9939588325864447,0.27157255403599656
Rough Heston,60.0,0.16427104722792607,0.955,3953.225803627468,3775.330642464232,0.036887139848979206,0.9939588325864447,0.27046742839420623
Rough Heston,60.0,0.16427104722792607,0.9566666666666667,3953.225803627468,3781.9193521369443,0.036887139848979206,0.9939588325864447,0.26936221527246196
Rough Heston,60.0,0.16427104722792607,0.9583333333333333,3953.225803627468,3788.5080618096563,0.036887139848979206,0.9939588325864447,0.26825700484702353
Rough Heston,60.0,0.16427104722792607,0.96,3953.225803627468,3795.096771482369,0.036887139848979206,0.9939588325864447,0.2671518916015577
Rough Heston,60.0,0.16427104722792607,0.9616666666666667,3953.225803627468,3801.6854811550816,0.036887139848979206,0.9939588325864447,0.26604697422848617
Rough Heston,60.0,0.16427104722792607,0.9633333333333333,3953.225803627468,3808.274190827794,0.036887139848979206,0.9939588325864447,0.2649423555454522
Rough Heston,60.0,0.16427104722792607,0.965,3953.225803627468,3814.8629005005064,0.036887139848979206,0.9939588325864447,0.26383814243468734
Rough Heston,60.0,0.16427104722792607,0.9666666666666667,3953.225803627468,3821.4516101732193,0.036887139848979206,0.9939588325864447,0.2627344458377805
Rough Heston,60.0,0.16427104722792607,0.9683333333333333,3953.225803627468,3828.040319845931,0.036887139848979206,0.9939588325864447,0.2616313806408187
Rough Heston,60.0,0.16427104722792607,0.97,3953.225803627468,3834.6290295186436,0.036887139848979206,0.9939588325864447,0.26052906593982617
Rough Heston,60.0,0.16427104722792607,0.9716666666666667,3953.225803627468,3841.2177391913565,0.036887139848979206,0.9939588325864447,0.2594276249457427
Rough Heston,60.0,0.16427104722792607,0.9733333333333333,3953.225803627468,3847.8064488640684,0.036887139848979206,0.9939588325864447,0.2583271851940539
Rough Heston,60.0,0.16427104722792607,0.975,3953.225803627468,3854.3951585367813,0.036887139848979206,0.9939588325864447,0.2572278787331262
Rough Heston,60.0,0.16427104722792607,0.9766666666666667,3953.225803627468,3860.9838682094937,0.036887139848979206,0.9939588325864447,0.25612984236559055
Rough Heston,60.0,0.16427104722792607,0.9783333333333333,3953.225803627468,3867.572577882206,0.036887139848979206,0.9939588325864447,0.25503321794058714
Rough Heston,60.0,0.16427104722792607,0.98,3953.225803627468,3874.1612875549185,0.036887139848979206,0.9939588325864447,0.253938152693992
Rough Heston,60.0,0.16427104722792607,0.9816666666666667,3953.225803627468,3880.749997227631,0.036887139848979206,0.9939588325864447,0.25284479963276457
Rough Heston,60.0,0.16427104722792607,0.9833333333333333,3953.225803627468,3887.3387069003434,0.036887139848979206,0.9939588325864447,0.25175331795854566
Rough Heston,60.0,0.16427104722792607,0.985,3953.225803627468,3893.927416573056,0.036887139848979206,0.9939588325864447,0.2506638735131794
Rough Heston,60.0,0.16427104722792607,0.9866666666666667,3953.225803627468,3900.5161262457686,0.036887139848979206,0.9939588325864447,0.24957663931639887
Rough Heston,60.0,0.16427104722792607,0.9883333333333333,3953.225803627468,3907.1048359184806,0.036887139848979206,0.9939588325864447,0.2484917959555887
Rough Heston,60.0,0.16427104722792607,0.99,3953.225803627468,3913.693545591193,0.036887139848979206,0.9939588325864447,0.24740953220537623
Rough Heston,60.0,0.16427104722792607,0.9916666666666667,3953.225803627468,3920.282255263906,0.036887139848979206,0.9939588325864447,0.2463300454805847
Rough Heston,60.0,0.16427104722792607,0.9933333333333333,3953.225803627468,3926.870964936618,0.036887139848979206,0.9939588325864447,0.24525354234559998
Rough Heston,60.0,0.16427104722792607,0.995,3953.225803627468,3933.4596746093307,0.036887139848979206,0.9939588325864447,0.24418023899205074
Rough Heston,60.0,0.16427104722792607,0.9966666666666667,3953.225803627468,3940.048384282043,0.036887139848979206,0.9939588325864447,0.24311036168555555
Rough Heston,60.0,0.16427104722792607,0.9983333333333333,3953.225803627468,3946.6370939547555,0.036887139848979206,0.9939588325864447,0.24204414716987926
Rough Heston,60.0,0.16427104722792607,1.0,3953.225803627468,3953.225803627468,0.036887139848979206,0.9939588325864447,0.24098184302473483
Rough Heston,60.0,0.16427104722792607,1.0016666666666667,3953.225803627468,3959.8145133001804,0.036887139848979206,0.9939588325864447,0.2399237079615563
Rough Heston,60.0,0.16427104722792607,1.0033333333333334,3953.225803627468,3966.403222972893,0.036887139848979206,0.9939588325864447,0.23887001204876995
Rough Heston,60.0,0.16427104722792607,1.005,3953.225803627468,3972.9919326456047,0.036887139848979206,0.9939588325864447,0.23782103686668524
Rough Heston,60.0,0.16427104722792607,1.0066666666666666,3953.225803627468,3979.5806423183176,0.036887139848979206,0.9939588325864447,0.2367770755768464
Rough Heston,60.0,0.16427104722792607,1.0083333333333333,3953.225803627468,3986.16935199103,0.036887139848979206,0.9939588325864447,0.23573843290182195
Rough Heston,60.0,0.16427104722792607,1.01,3953.225803627468,3992.758061663743,0.036887139848979206,0.9939588325864447,0.23470542501580005
Rough Heston,60.0,0.16427104722792607,1.0116666666666667,3953.225803627468,3999.3467713364553,0.036887139848979206,0.9939588325864447,0.23367837933766947
Rough Heston,60.0,0.16427104722792607,1.0133333333333334,3953.225803627468,4005.9354810091677,0.036887139848979206,0.9939588325864447,0.23265763422424154
Rough Heston,60.0,0.16427104722792607,1.0150000000000001,3953.225803627468,4012.5241906818806,0.036887139848979206,0.9939588325864447,0.23164353857302233
Rough Heston,60.0,0.16427104722792607,1.0166666666666666,3953.225803627468,4019.112900354592,0.036887139848979206,0.9939588325864447,0.23063645130724136
Rough Heston,60.0,0.16427104722792607,1.0183333333333333,3953.225803627468,4025.701610027305,0.036887139848979206,0.9939588325864447,0.22963674078987598
Rough Heston,60.0,0.16427104722792607,1.02,3953.225803627468,4032.2903197000173,0.036887139848979206,0.9939588325864447,0.22864478412413394
Rough Heston,60.0,0.16427104722792607,1.0216666666666667,3953.225803627468,4038.8790293727297,0.036887139848979206,0.9939588325864447,0.22766096637167496
Rough Heston,60.0,0.16427104722792607,1.0233333333333334,3953.225803627468,4045.4677390454426,0.036887139848979206,0.9939588325864447,0.22668567968420925
Rough Heston,60.0,0.16427104722792607,1.025,3953.225803627468,4052.056448718154,0.036887139848979206,0.9939588325864447,0.22571932235585918
Rough Heston,60.0,0.16427104722792607,1.0266666666666666,3953.225803627468,4058.645158390867,0.036887139848979206,0.9939588325864447,0.22476229780303456
Rough Heston,60.0,0.16427104722792607,1.0283333333333333,3953.225803627468,4065.2338680635794,0.036887139848979206,0.9939588325864447,0.22381501348104493
Rough Heston,60.0,0.16427104722792607,1.03,3953.225803627468,4071.8225777362923,0.036887139848979206,0.9939588325864447,0.22287787968998438
Rough Heston,60.0,0.16427104722792607,1.0316666666666667,3953.225803627468,4078.4112874090047,0.036887139848979206,0.9939588325864447,0.2219513085355161
Rough Heston,60.0,0.16427104722792607,1.0333333333333334,3953.225803627468,4084.999997081717,0.036887139848979206,0.9939588325864447,0.22103571246325063
Rough Heston,60.0,0.16427104722792607,1.0350000000000001,3953.225803627468,4091.58870675443,0.036887139848979206,0.9939588325864447,0.22013150317270405
Rough Heston,60.0,0.16427104722792607,1.0366666666666666,3953.225803627468,4098.177416427142,0.036887139848979206,0.9939588325864447,0.21923909024862479
Rough Heston,60.0,0.16427104722792607,1.0383333333333333,3953.225803627468,4104.766126099854,0.036887139848979206,0.9939588325864447,0.21835887986508354
Rough Heston,60.0,0.16427104722792607,1.04,3953.225803627468,4111.354835772567,0.036887139848979206,0.9939588325864447,0.21749127346843372
Rough Heston,60.0,0.16427104722792607,1.0416666666666667,3953.225803627468,4117.94354544528,0.036887139848979206,0.9939588325864447,0.2166366664570497
Rough Heston,60.0,0.16427104722792607,1.0433333333333334,3953.225803627468,4124.532255117992,0.036887139848979206,0.9939588325864447,0.21579544692951846
Rough Heston,60.0,0.16427104722792607,1.045,3953.225803627468,4131.1209647907035,0.036887139848979206,0.9939588325864447,0.21496799426022115
Rough Heston,60.0,0.16427104722792607,1.0466666666666666,3953.225803627468,4137.709674463416,0.036887139848979206,0.9939588325864447,0.21415467797925286
Rough Heston,60.0,0.16427104722792607,1.0483333333333333,3953.225803627468,4144.298384136129,0.036887139848979206,0.9939588325864447,0.21335585645558527
Rough Heston,60.0,0.16427104722792607,1.05,3953.225803627468,4150.887093808841,0.036887139848979206,0.9939588325864447,0.21257187571007807
Rough Heston,90.0,0.2464065708418891,0.95,3961.6761667516143,3763.5923584140332,0.037058178887201795,0.9909101856482545,0.2660887426176259
Rough Heston,90.0,0.2464065708418891,0.9516666666666667,3961.6761667516143,3770.1951520252865,0.037058178887201795,0.9909101856482545,0.2651426265870558
Rough Heston,90.0,0.2464065708418891,0.9533333333333333,3961.6761667516143,3776.7979456365388,0.037058178887201795,0.9909101856482545,0.264197072320772
Rough Heston,90.0,0.2464065708418891,0.955,3961.6761667516143,3783.4007392477915,0.037058178887201795,0.9909101856482545,0.26325214180921575
Rough Heston,90.0,0.2464065708418891,0.9566666666666667,3961.6761667516143,3790.0035328590443,0.037058178887201795,0.9909101856482545,0.26230789851471176
Rough Heston,90.0,0.2464065708418891,0.9583333333333333,3961.6761667516143,3796.6063264702966,0.037058178887201795,0.9909101856482545,0.26136440709838316
Rough Heston,90.0,0.2464065708418891,0.96,3961.6761667516143,3803.20912008155,0.037058178887201795,0.9909101856482545,0.2604217337976496
Rough Heston,90.0,0.2464065708418891,0.9616666666666667,3961.6761667516143,3809.8119136928026,0.037058178887201795,0.9909101856482545,0.2594799462642601
Rough Heston,90.0,0.2464065708418891,0.9633333333333333,3961.6761667516143,3816.414707304055,0.037058178887201795,0.9909101856482545,0.2585391137027375
Rough Heston,90.0,0.2464065708418891,0.965,3961.6761667516143,3823.0175009153077,0.037058178887201795,0.9909101856482545,0.2575993069697924
Rough Heston,90.0,0.2464065708418891,0.9666666666666667,3961.6761667516143,3829.6202945265604,0.037058178887201795,0.9909101856482545,0.2566605986965345
Rough Heston,90.0,0.2464065708418891,0.9683333333333333,3961.6761667516143,3836.223088137813,0.037058178887201795,0.9909101856482545,0.2557230634322342
Rough Heston,90.0,0.2464065708418891,0.97,3961.6761667516143,3842.825881749066,0.037058178887201795,0.9909101856482545,0.2547867778085395
Rough Heston,90.0,0.2464065708418891,0.9716666666666667,3961.6761667516143,3849.4286753603187,0.037058178887201795,0.9909101856482545,0.2538518207220438
Rough Heston,90.0,0.2464065708418891,0.9733333333333333,3961.6761667516143,3856.031468971571,0.037058178887201795,0.9909101856482545,0.2529182735338268
Rough Heston,90.0,0.2464065708418891,0.975,3961.6761667516143,3862.634262582824,0.037058178887201795,0.9909101856482545,0.25198622030295714
Rough Heston,90.0,0.2464065708418891,0.9766666666666667,3961.6761667516143,3869.2370561940766,0.037058178887201795,0.9909101856482545,0.2510557479151087
Rough Heston,90.0,0.2464065708418891,0.9783333333333333,3961.6761667516143,3875.8398498053293,0.037058178887201795,0.9909101856482545,0.25012694651392947
Rough Heston,90.0,0.2464065708418891,0.98,3961.6761667516143,3882.442643416582,0.037058178887201795,0.9909101856482545,0.2491999095490441
Rough Heston,90.0,0.2464065708418891,0.9816666666666667,3961.6761667516143,3889.045437027835,0.037058178887201795,0.9909101856482545,0.24827473411846862
Rough Heston,90.0,0.2464065708418891,0.9833333333333333,3961.6761667516143,3895.648230639087,0.037058178887201795,0.9909101856482545,0.24735152119453974
Rough Heston,90.0,0.2464065708418891,0.985,3961.6761667516143,3902.25102425034,0.037058178887201795,0.9909101856482545,0.24643037587032493
Rough Heston,90.0,0.2464065708418891,0.9866666666666667,3961.6761667516143,3908.853817861593,0.037058178887201795,0.9909101856482545,0.2455114076004413
Rough Heston,90.0,0.2464065708418891,0.9883333333333333,3961.6761667516143,3915.4566114728455,0.037058178887201795,0.9909101856482545,0.24459473043174615
Rough Heston,90.0,0.2464065708418891,0.99,3961.6761667516143,3922.059405084098,0.037058178887201795,0.9909101856482545,0.24368046322097325
Rough Heston,90.0,0.2464065708418891,0.9916666666666667,3961.6761667516143,3928.662198695351,0.037058178887201795,0.9909101856482545,0.2427687298370888
Rough Heston,90.0,0.2464065708418891,0.9933333333333333,3961.6761667516143,3935.2649923066033,0.037058178887201795,0.9909101856482545,0.24185965934763795
Rough Heston,90.0,0.2464065708418891,0.995,3961.6761667516143,3941.867785917856,0.037058178887201795,0.9909101856482545,0.2409533861804147
Rough Heston,90.0,0.2464065708418891,0.9966666666666667,3961.6761667516143,3948.4705795291093,0.037058178887201795,0.9909101856482545,0.24005005026240991
Rough Heston,90.0,0.2464065708418891,0.9983333333333333,3961.6761667516143,3955.0733731403616,0.037058178887201795,0.9909101856482545,0.23914979714591972
Rough Heston,90.0,0.2464065708418891,1.0,3961.6761667516143,3961.6761667516143,0.037058178887201795,0.9909101856482545,0.23825277809667317
Rough Heston,90.0,0.2464065708418891,1.0016666666666667,3961.6761667516143,3968.278960362867,0.037058178887201795,0.9909101856482545,0.2373591501466218
Rough Heston,90.0,0.2464065708418891,1.0033333333333334,3961.6761667516143,3974.88175397412,0.037058178887201795,0.9909101856482545,0.236469076118258
Rough Heston,90.0,0.2464065708418891,1.005,3961.6761667516143,3981.484547585372,0.037058178887201795,0.9909101856482545,0.23558272462385665
Rough Heston,90.0,0.2464065708418891,1.0066666666666666,3961.6761667516143,3988.087341196625,0.037058178887201795,0.9909101856482545,0.23470027003388388
Rough Heston,90.0,0.2464065708418891,1.0083333333333333,3961.6761667516143,3994.6901348078777,0.037058178887201795,0.9909101856482545,0.2338218924041934
Rough Heston,90.0,0.2464065708418891,1.01,3961.6761667516143,4001.2929284191305,0.037058178887201795,0.9909101856482545,0.23294777735804237
Rough Heston,90.0,0.2464065708418891,1.0116666666666667,3961.6761667516143,4007.8957220303832,0.037058178887201795,0.9909101856482545,0.2320781159523168
Rough Heston,90.0,0.2464065708418891,1.0133333333333334,3961.6761667516143,4014.498515641636,0.037058178887201795,0.9909101856482545,0.23121310450263718
Rough Heston,90.0,0.2464065708418891,1.0150000000000001,3961.6761667516143,4021.101309252889,0.037058178887201795,0.9909101856482545,0.23035294437527096
Rough Heston,90.0,0.2464065708418891,1.0166666666666666,3961.6761667516143,4027.704102864141,0.037058178887201795,0.9909101856482545,0.22949784174723867
Rough Heston,90.0,0.2464065708418891,1.0183333333333333,3961.6761667516143,4034.306896475394,0.037058178887201795,0.9909101856482545,0.22864800733369087
Rough Heston,90.0,0.2464065708418891,1.02,3961.6761667516143,4040.9096900866466,0.037058178887201795,0.9909101856482545,0.2278036560823661
Rough Heston,90.0,0.2464065708418891,1.0216666666666667,3961.6761667516143,4047.5124836978994,0.037058178887201795,0.9909101856482545,0.22696500683764734
Rough Heston,90.0,0.2464065708418891,1.0233333333333334,3961.6761667516143,4054.1152773091526,0.037058178887201795,0.9909101856482545,0.22613228198461835
Rough Heston,90.0,0.2464065708418891,1.025,3961.6761667516143,4060.7180709204044,0.037058178887201795,0.9909101856482545,0.225305707064157
Rough Heston,90.0,0.2464065708418891,1.0266666666666666,3961.6761667516143,4067.320864531657,0.037058178887201795,0.9909101856482545,0.2244855103672475
Rough Heston,90.0,0.2464065708418891,1.0283333333333333,3961.6761667516143,4073.92365814291,0.037058178887201795,0.9909101856482545,0.22367192250487716
Rough Heston,90.0,0.2464065708418891,1.03,3961.6761667516143,4080.5264517541627,0.037058178887201795,0.9909101856482545,0.2228651759614941
Rough Heston,90.0,0.2464065708418891,1.0316666666666667,3961.6761667516143,4087.1292453654155,0.037058178887201795,0.9909101856482545,0.22206550463200064
Rough Heston,90.0,0.2464065708418891,1.0333333333333334,3961.6761667516143,4093.7320389766687,0.037058178887201795,0.9909101856482545,0.22127314334517512
Rough Heston,90.0,0.2464065708418891,1.0350000000000001,3961.6761667516143,4100.3348325879215,0.037058178887201795,0.9909101856482545,0.22048832737615687
Rough Heston,90.0,0.2464065708418891,1.0366666666666666,3961.6761667516143,4106.937626199174,0.037058178887201795,0.9909101856482545,0.21971129195108077
Rough Heston,90.0,0.2464065708418891,1.0383333333333333,3961.6761667516143,4113.540419810426,0.037058178887201795,0.9909101856482545,0.21894227174850756
Rough Heston,90.0,0.2464065708418891,1.04,3961.6761667516143,4120.143213421679,0.037058178887201795,0.9909101856482545,0.21818150031698536
Rough Heston,90.0,0.2464065708418891,1.0416666666666667,3961.6761667516143,4126.746007032932,0.037058178887201795,0.9909101856482545,0.21742920976465685
Rough Heston,90.0,0.2464065708418891,1.0433333333333334,3961.6761667516143,4133.348800644185,0.037058178887201795,0.9909101856482545,0.21668563002306576
Rough Heston,90.0,0.2464065708418891,1.045,3961.6761667516143,4139.951594255437,0.037058178887201795,0.9909101856482545,0.21595098846487812
Rough Heston,90.0,0.2464065708418891,1.0466666666666666,3961.6761667516143,4146.5543878666895,0.037058178887201795,0.9909101856482545,0.21522550937632423
Rough Heston,90.0,0.2464065708418891,1.0483333333333333,3961.6761667516143,4153.157181477943,0.037058178887201795,0.9909101856482545,0.21450941346217745
Rough Heston,90.0,0.2464065708418891,1.05,3961.6761667516143,4159.759975089195,0.037058178887201795,0.9909101856482545,0.21380291735873985
Rough Heston,120.0,0.32854209445585214,0.95,3970.234725449947,3771.722989177449,0.03721279834271542,0.987848462822277,0.26110140353342143
Rough Heston,120.0,0.32854209445585214,0.9516666666666667,3970.234725449947,3778.340047053199,0.03721279834271542,0.987848462822277,0.26026338031248203
Rough Heston,120.0,0.32854209445585214,0.9533333333333333,3970.234725449947,3784.957104928949,0.03721279834271542,0.987848462822277,0.2594262451293309
Rough Heston,120.0,0.32854209445585214,0.955,3970.234725449947,3791.574162804699,0.03721279834271542,0.987848462822277,0.25859004162786375
Rough Heston,120.0,0.32854209445585214,0.9566666666666667,3970.234725449947,3798.191220680449,0.03721279834271542,0.987848462822277,0.2577548142108333
Rough Heston,120.0,0.32854209445585214,0.9583333333333333,3970.234725449947,3804.8082785561987,0.03721279834271542,0.987848462822277,0.2569206081143239
Rough Heston,120.0,0.32854209445585214,0.96,3970.234725449947,3811.425336431949,0.03721279834271542,0.987848462822277,0.25608746949296857
Rough Heston,120.0,0.32854209445585214,0.9616666666666667,3970.234725449947,3818.042394307699,0.03721279834271542,0.987848462822277,0.255255445514905
Rough Heston,120.0,0.32854209445585214,0.9633333333333333,3970.234725449947,3824.6594521834486,0.03721279834271542,0.987848462822277,0.25442458446584354
Rough Heston,120.0,0.32854209445585214,0.965,3970.234725449947,3831.2765100591987,0.03721279834271542,0.987848462822277,0.2535949358560475
Rough Heston,120.0,0.32854209445585214,0.9666666666666667,3970.234725449947,3837.893567934949,0.03721279834271542,0.987848462822277,0.2527665505662865
Rough Heston,120.0,0.32854209445585214,0.9683333333333333,3970.234725449947,3844.5106258106985,0.03721279834271542,0.987848462822277,0.25193948092391266
Rough Heston,120.0,0.32854209445585214,0.97,3970.234725449947,3851.127683686448,0.03721279834271542,0.987848462822277,0.2511137808869674
Rough Heston,120.0,0.32854209445585214,0.9716666666666667,3970.234725449947,3857.744741562198,0.03721279834271542,0.987848462822277,0.2502895060808838
Rough Heston,120.0,0.32854209445585214,0.9733333333333333,3970.234725449947,3864.361799437948,0.03721279834271542,0.987848462822277,0.24946671417051042
Rough Heston,120.0,0.32854209445585214,0.975,3970.234725449947,3870.978857313698,0.03721279834271542,0.987848462822277,0.24864546466431914
Rough Heston,120.0,0.32854209445585214,0.9766666666666667,3970.234725449947,3877.595915189448,0.03721279834271542,0.987848462822277,0.24782581931212336
Rough Heston,120.0,0.32854209445585214,0.9783333333333333,3970.234725449947,3884.2129730651977,0.03721279834271542,0.987848462822277,0.24700784213738466
Rough Heston,120.0,0.32854209445585214,0.98,3970.234725449947,3890.830030940948,0.03721279834271542,0.987848462822277,0.24619159958902606
Rough Heston,120.0,0.32854209445585214,0.9816666666666667,3970.234725449947,3897.447088816698,0.03721279834271542,0.987848462822277,0.24537716067175425
Rough Heston,120.0,0.32854209445585214,0.9833333333333333,3970.234725449947,3904.0641466924476,0.03721279834271542,0.987848462822277,0.2445645970713553
Rough Heston,120.0,0.32854209445585214,0.985,3970.234725449947,3910.6812045681977,0.03721279834271542,0.987848462822277,0.24375398326506353
Rough Heston,120.0,0.32854209445585214,0.9866666666666667,3970.234725449947,3917.298262443948,0.03721279834271542,0.987848462822277,0.24294539670020102
Rough Heston,120.0,0.32854209445585214,0.9883333333333333,3970.234725449947,3923.9153203196975,0.03721279834271542,0.987848462822277,0.24213891768812776
Rough Heston,120.0,0.32854209445585214,0.99,3970.234725449947,3930.532378195447,0.03721279834271542,0.987848462822277,0.24133462980844528
Rough Heston,120.0,0.32854209445585214,0.9916666666666667,3970.234725449947,3937.149436071197,0.03721279834271542,0.987848462822277,0.2405326197683768
Rough Heston,120.0,0.32854209445585214,0.9933333333333333,3970.234725449947,3943.766493946947,0.03721279834271542,0.987848462822277,0.2397329775084242
Rough Heston,120.0,0.32854209445585214,0.995,3970.234725449947,3950.383551822697,0.03721279834271542,0.987848462822277,0.2389357962854896
Rough Heston,120.0,0.32854209445585214,0.9966666666666667,3970.234725449947,3957.000609698447,0.03721279834271542,0.987848462822277,0.2381411727221858
Rough Heston,120.0,0.32854209445585214,0.9983333333333333,3970.234725449947,3963.6176675741967,0.03721279834271542,0.987848462822277,0.2373492068348644
Rough Heston,120.0,0.32854209445585214,1.0,3970.234725449947,3970.234725449947,0.03721279834271542,0.987848462822277,0.23656000204399336
Rough Heston,120.0,0.32854209445585214,1.0016666666666667,3970.234725449947,3976.851783325697,0.03721279834271542,0.987848462822277,0.23577366516152606
Rough Heston,120.0,0.32854209445585214,1.0033333333333334,3970.234725449947,3983.468841201447,0.03721279834271542,0.987848462822277,0.2349903063792126
Rough Heston,120.0,0.32854209445585214,1.005,3970.234725449947,3990.0858990771962,0.03721279834271542,0.987848462822277,0.23421003923436565
Rough Heston,120.0,0.32854209445585214,1.0066666666666666,3970.234725449947,3996.7029569529464,0.03721279834271542,0.987848462822277,0.23343298057679238
Rough Heston,120.0,0.32854209445585214,1.0083333333333333,3970.234725449947,4003.3200148286965,0.03721279834271542,0.987848462822277,0.23265925051177605
Rough Heston,120.0,0.32854209445585214,1.01,3970.234725449947,4009.9370727044466,0.03721279834271542,0.987848462822277,0.23188897232402378
Rough Heston,120.0,0.32854209445585214,1.0116666666666667,3970.234725449947,4016.554130580196,0.03721279834271542,0.987848462822277,0.23112227236743682
Rough Heston,120.0,0.32854209445585214,1.0133333333333334,3970.234725449947,4023.1711884559463,0.03721279834271542,0.987848462822277,0.2303592798849413
Rough Heston,120.0,0.32854209445585214,1.0150000000000001,3970.234725449947,4029.7882463316964,0.03721279834271542,0.987848462822277,0.2296001271502778
Rough Heston,120.0,0.32854209445585214,1.0166666666666666,3970.234725449947,4036.4053042074456,0.03721279834271542,0.987848462822277,0.2288449489469485
Rough Heston,120.0,0.32854209445585214,1.0183333333333333,3970.234725449947,4043.0223620831957,0.03721279834271542,0.987848462822277,0.22809388273011955
Rough Heston,120.0,0.32854209445585214,1.02,3970.234725449947,4049.639419958946,0.03721279834271542,0.987848462822277,0.2273470683301127
Rough Heston,120.0,0.32854209445585214,1.0216666666666667,3970.234725449947,4056.256477834696,0.03721279834271542,0.987848462822277,0.22660464780262496
Rough Heston,120.0,0.32854209445585214,1.0233333333333334,3970.234725449947,4062.873535710446,0.03721279834271542,0.987848462822277,0.22586676524348487
Rough Heston,120.0,0.32854209445585214,1.025,3970.234725449947,4069.4905935861952,0.03721279834271542,0.987848462822277,0.22513356659313227
Rough Heston,120.0,0.32854209445585214,1.0266666666666666,3970.234725449947,4076.1076514619454,0.03721279834271542,0.987848462822277,0.2244051994581903
Rough Heston,120.0,0.32854209445585214,1.0283333333333333,3970.234725449947,4082.7247093376955,0.03721279834271542,0.987848462822277,0.2236818127695369
Rough Heston,120.0,0.32854209445585214,1.03,3970.234725449947,4089.3417672134456,0.03721279834271542,0.987848462822277,0.22296355680005575
Rough Heston,120.0,0.32854209445585214,1.0316666666666667,3970.234725449947,4095.958825089195,0.03721279834271542,0.987848462822277,0.22225058271493817
Rough Heston,120.0,0.32854209445585214,1.0333333333333334,3970.234725449947,4102.575882964946,0.03721279834271542,0.987848462822277,0.2215430424677028
Rough Heston,120.0,0.32854209445585214,1.0350000000000001,3970.234725449947,4109.192940840696,0.03721279834271542,0.987848462822277,0.2208410884571949
Rough Heston,120.0,0.32854209445585214,1.0366666666666666,3970.234725449947,4115.809998716445,0.03721279834271542,0.987848462822277,0.22014487338452238
Rough Heston,120.0,0.32854209445585214,1.0383333333333333,3970.234725449947,4122.427056592195,0.03721279834271542,0.987848462822277,0.21945454995476593
Rough Heston,120.0,0.32854209445585214,1.04,3970.234725449947,4129.044114467945,0.03721279834271542,0.987848462822277,0.218770270639831
Rough Heston,120.0,0.32854209445585214,1.0416666666666667,3970.234725449947,4135.6611723436945,0.03721279834271542,0.987848462822277,0.21809218742960707
Rough Heston,120.0,0.32854209445585214,1.0433333333333334,3970.234725449947,4142.278230219445,0.03721279834271542,0.987848462822277,0.21742045158328083
Rough Heston,120.0,0.32854209445585214,1.045,3970.234725449947,4148.895288095194,0.03721279834271542,0.987848462822277,0.21675521338163478
Rough Heston,120.0,0.32854209445585214,1.0466666666666666,3970.234725449947,4155.512345970944,0.03721279834271542,0.987848462822277,0.21609662188245066
Rough Heston,120.0,0.32854209445585214,1.0483333333333333,3970.234725449947,4162.129403846694,0.03721279834271542,0.987848462822277,0.21544482462113715
Rough Heston,120.0,0.32854209445585214,1.05,3970.234725449947,4168.746461722444,0.03721279834271542,0.987848462822277,0.21479996753625308
Rough Heston,180.0,0.4928131416837782,0.95,3987.62136195092,3788.2402938533737,0.03747632374950104,0.9817006787848322,0.2549346531254578
Rough Heston,180.0,0.4928131416837782,0.9516666666666667,3987.62136195092,3794.8863294566254,0.03747632374950104,0.9817006787848322,0.2542397239052496
Rough Heston,180.0,0.4928131416837782,0.9533333333333333,3987.62136195092,3801.5323650598766,0.03747632374950104,0.9817006787848322,0.25354584832075366
Rough Heston,180.0,0.4928131416837782,0.955,3987.62136195092,3808.1784006631283,0.03747632374950104,0.9817006787848322,0.25285305128224217
Rough Heston,180.0,0.4928131416837782,0.9566666666666667,3987.62136195092,3814.82443626638,0.03747632374950104,0.9817006787848322,0.25216135830259506
Rough Heston,180.0,0.4928131416837782,0.9583333333333333,3987.62136195092,3821.470471869631,0.03747632374950104,0.9817006787848322,0.2514707955516168
Rough Heston,180.0,0.4928131416837782,0.96,3987.62136195092,3828.116507472883,0.03747632374950104,0.9817006787848322,0.2507813899110557
Rough Heston,180.0,0.4928131416837782,0.9616666666666667,3987.62136195092,3834.7625430761345,0.03747632374950104,0.9817006787848322,0.2500931690303416
Rough Heston,180.0,0.4928131416837782,0.9633333333333333,3987.62136195092,3841.4085786793858,0.03747632374950104,0.9817006787848322,0.24940616138245056
Rough Heston,180.0,0.4928131416837782,0.965,3987.62136195092,3848.0546142826374,0.03747632374950104,0.9817006787848322,0.24872039631974266
Rough Heston,180.0,0.4928131416837782,0.9666666666666667,3987.62136195092,3854.700649885889,0.03747632374950104,0.9817006787848322,0.24803590412910673
Rough Heston,180.0,0.4928131416837782,0.9683333333333333,3987.62136195092,3861.3466854891403,0.03747632374950104,0.9817006787848322,0.24735271608647288
Rough Heston,180.0,0.4928131416837782,0.97,3987.62136195092,3867.992721092392,0.03747632374950104,0.9817006787848322,0.2466708645099045
Rough Heston,180.0,0.4928131416837782,0.9716666666666667,3987.62136195092,3874.6387566956437,0.03747632374950104,0.9817006787848322,0.24599038281145755
Rough Heston,180.0,0.4928131416837782,0.9733333333333333,3987.62136195092,3881.284792298895,0.03747632374950104,0.9817006787848322,0.24531130554680755
Rough Heston,180.0,0.4928131416837782,0.975,3987.62136195092,3887.930827902147,0.03747632374950104,0.9817006787848322,0.24463366846301393
Rough Heston,180.0,0.4928131416837782,0.9766666666666667,3987.62136195092,3894.5768635053987,0.03747632374950104,0.9817006787848322,0.2439575085435999
Rough Heston,180.0,0.4928131416837782,0.9783333333333333,3987.62136195092,3901.22289910865,0.03747632374950104,0.9817006787848322,0.24328286405097108
Rough Heston,180.0,0.4928131416837782,0.98,3987.62136195092,3907.8689347119016,0.03747632374950104,0.9817006787848322,0.24260977456566807
Rough Heston,180.0,0.4928131416837782,0.9816666666666667,3987.62136195092,3914.5149703151533,0.03747632374950104,0.9817006787848322,0.2419382810224325
Rough Heston,180.0,0.4928131416837782,0.9833333333333333,3987.62136195092,3921.1610059184045,0.03747632374950104,0.9817006787848322,0.24126842571649565
Rough Heston,180.0,0.4928131416837782,0.985,3987.62136195092,3927.807041521656,0.03747632374950104,0.9817006787848322,0.24060025248168987
Rough Heston,180.0,0.4928131416837782,0.9866666666666667,3987.62136195092,3934.453077124908,0.03747632374950104,0.9817006787848322,0.2399338063869778
Rough Heston,180.0,0.4928131416837782,0.9883333333333333,3987.62136195092,3941.099112728159,0.03747632374950104,0.9817006787848322,0.23926913407158018
Rough Heston,180.0,0.4928131416837782,0.99,3987.62136195092,3947.7451483314107,0.03747632374950104,0.9817006787848322,0.23860628371181639
Rough Heston,180.0,0.4928131416837782,0.9916666666666667,3987.62136195092,3954.3911839346624,0.03747632374950104,0.9817006787848322,0.2379453048840397
Rough Heston,180.0,0.4928131416837782,0.9933333333333333,3987.62136195092,3961.0372195379136,0.03747632374950104,0.9817006787848322,0.2372862486878447
Rough Heston,180.0,0.4928131416837782,0.995,3987.62136195092,3967.6832551411653,0.03747632374950104,0.9817006787848322,0.23662916772173406
Rough Heston,180.0,0.4928131416837782,0.9966666666666667,3987.62136195092,3974.329290744417,0.03747632374950104,0.9817006787848322,0.23597411608132607
Rough Heston,180.0,0.4928131416837782,0.9983333333333333,3987.62136195092,3980.975326347668,0.03747632374950104,0.9817006787848322,0.2353211493649941
Rough Heston,180.0,0.4928131416837782,1.0,3987.62136195092,3987.62136195092,0.03747632374950104,0.9817006787848322,0.23467032460205065
Rough Heston,180.0,0.4928131416837782,1.0016666666666667,3987.62136195092,3994.2673975541716,0.03747632374950104,0.9817006787848322,0.23402170036689277
Rough Heston,180.0,0.4928131416837782,1.0033333333333334,3987.62136195092,4000.9134331574232,0.03747632374950104,0.9817006787848322,0.23337533658398887
Rough Heston,180.0,0.4928131416837782,1.005,3987.62136195092,4007.559468760674,0.03747632374950104,0.9817006787848322,0.23273129467653206
Rough Heston,180.0,0.4928131416837782,1.0066666666666666,3987.62136195092,4014.2055043639257,0.03747632374950104,0.9817006787848322,0.23208963740660707
Rough Heston,180.0,0.4928131416837782,1.0083333333333333,3987.62136195092,4020.8515399671774,0.03747632374950104,0.9817006787848322,0.23145042890109196
Rough Heston,180.0,0.4928131416837782,1.01,3987.62136195092,4027.497575570429,0.03747632374950104,0.9817006787848322,0.23081373460046595
Rough Heston,180.0,0.4928131416837782,1.0116666666666667,3987.62136195092,4034.1436111736807,0.03747632374950104,0.9817006787848322,0.23017962121352187
Rough Heston,180.0,0.4928131416837782,1.0133333333333334,3987.62136195092,4040.7896467769324,0.03747632374950104,0.9817006787848322,0.22954815666304368
Rough Heston,180.0,0.4928131416837782,1.0150000000000001,3987.62136195092,4047.435682380184,0.03747632374950104,0.9817006787848322,0.22891941013634606
Rough Heston,180.0,0.4928131416837782,1.0166666666666666,3987.62136195092,4054.081717983435,0.03747632374950104,0.9817006787848322,0.22829345171160986
Rough Heston,180.0,0.4928131416837782,1.0183333333333333,3987.62136195092,4060.7277535866865,0.03747632374950104,0.9817006787848322,0.22767035278299005
Rough Heston,180.0,0.4928131416837782,1.02,3987.62136195092,4067.373789189938,0.03747632374950104,0.9817006787848322,0.2270501856005553
Rough Heston,180.0,0.4928131416837782,1.0216666666666667,3987.62136195092,4074.01982479319,0.03747632374950104,0.9817006787848322,0.2264330233771741
Rough Heston,180.0,0.4928131416837782,1.0233333333333334,3987.62136195092,4080.6658603964415,0.03747632374950104,0.9817006787848322,0.2258189401897626
Rough Heston,180.0,0.4928131416837782,1.025,3987.62136195092,4087.3118959996928,0.03747632374950104,0.9817006787848322,0.22520801090867412
Rough Heston,180.0,0.4928131416837782,1.0266666666666666,3987.62136195092,4093.9579316029444,0.03747632374950104,0.9817006787848322,0.22460031112438597
Rough Heston,180.0,0.4928131416837782,1.0283333333333333,3987.62136195092,4100.603967206196,0.03747632374950104,0.9817006787848322,0.2239959170719602
Rough Heston,180.0,0.4928131416837782,1.03,3987.62136195092,4107.250002809447,0.03747632374950104,0.9817006787848322,0.22339490555344801
Rough Heston,180.0,0.4928131416837782,1.0316666666666667,3987.62136195092,4113.896038412699,0.03747632374950104,0.9817006787848322,0.22279735385845328
Rough Heston,180.0,0.4928131416837782,1.0333333333333334,3987.62136195092,4120.542074015951,0.03747632374950104,0.9817006787848322,0.22220333968322178
Rough Heston,180.0,0.4928131416837782,1.0350000000000001,3987.62136195092,4127.188109619203,0.03747632374950104,0.9817006787848322,0.22161294104822127
Rough Heston,180.0,0.4928131416837782,1.0366666666666666,3987.62136195092,4133.834145222453,0.03747632374950104,0.9817006787848322,0.22102623621486173
Rough Heston,180.0,0.4928131416837782,1.0383333333333333,3987.62136195092,4140.480180825705,0.03747632374950104,0.9817006787848322,0.22044330360108322
Rough Heston,180.0,0.4928131416837782,1.04,3987.62136195092,4147.1262164289565,0.03747632374950104,0.9817006787848322,0.21986422169659048
Rough Heston,180.0,0.4928131416837782,1.0416666666666667,3987.62136195092,4153.772252032209,0.03747632374950104,0.9817006787848322,0.21928906897748637
Rough Heston,180.0,0.4928131416837782,1.0433333333333334,3987.62136195092,4160.41828763546,0.03747632374950104,0.9817006787848322,0.21871792382074984
Rough Heston,180.0,0.4928131416837782,1.045,3987.62136195092,4167.064323238711,0.03747632374950104,0.9817006787848322,0.2181508644188183
Rough Heston,180.0,0.4928131416837782,1.0466666666666666,3987.62136195092,4173.710358841962,0.03747632374950104,0.9817006787848322,0.2175879686942904
Rough Heston,180.0,0.4928131416837782,1.0483333333333333,3987.62136195092,4180.356394445214,0.03747632374950104,0.9817006787848322,0.21702931420509813
Rough Heston,180.0,0.4928131416837782,1.05,3987.62136195092,4187.002430048466,0.03747632374950104,0.9817006787848322,0.21647497811285668
Rough Heston,270.0,0.7392197125256673,0.95,4014.193162928781,3813.4835047823417,0.037769617892077105,0.9724661161707021,0.24995053531197758
Rough Heston,270.0,0.7392197125256673,0.9516666666666667,4014.193162928781,3820.1738267205565,0.037769617892077105,0.9724661161707021,0.24938508302719858
Rough Heston,270.0,0.7392197125256673,0.9533333333333333,4014.193162928781,3826.864148658771,0.037769617892077105,0.9724661161707021,0.24882064655014027
Rough Heston,270.0,0.7392197125256673,0.955,4014.193162928781,3833.5544705969855,0.037769617892077105,0.9724661161707021,0.2482572399390395
Rough Heston,270.0,0.7392197125256673,0.9566666666666667,4014.193162928781,3840.2447925352003,0.037769617892077105,0.9724661161707021,0.24769487765274978
Rough Heston,270.0,0.7392197125256673,0.9583333333333333,4014.193162928781,3846.935114473415,0.037769617892077105,0.9724661161707021,0.2471335745694742
Rough Heston,270.0,0.7392197125256673,0.96,4014.193162928781,3853.62543641163,0.037769617892077105,0.9724661161707021,0.24657334600460892
Rough Heston,270.0,0.7392197125256673,0.9616666666666667,4014.193162928781,3860.3157583498446,0.037769617892077105,0.9724661161707021,0.24601420772857932
Rough Heston,270.0,0.7392197125256673,0.9633333333333333,4014.193162928781,3867.006080288059,0.037769617892077105,0.9724661161707021,0.24545617598338054
Rough Heston,270.0,0.7392197125256673,0.965,4014.193162928781,3873.6964022262737,0.037769617892077105,0.9724661161707021,0.2448992674984774
Rough Heston,270.0,0.7392197125256673,0.9666666666666667,4014.193162928781,3880.3867241644884,0.037769617892077105,0.9724661161707021,0.24434349950626766
Rough Heston,270.0,0.7392197125256673,0.9683333333333333,4014.193162928781,3887.0770461027028,0.037769617892077105,0.9724661161707021,0.24378888975632268
Rough Heston,270.0,0.7392197125256673,0.97,4014.193162928781,3893.7673680409175,0.037769617892077105,0.9724661161707021,0.24323545652846704
Rough Heston,270.0,0.7392197125256673,0.9716666666666667,4014.193162928781,3900.4576899791323,0.037769617892077105,0.9724661161707021,0.24268321864556067
Rough Heston,270.0,0.7392197125256673,0.9733333333333333,4014.193162928781,3907.1480119173466,0.037769617892077105,0.9724661161707021,0.24213219548455225
Rough Heston,270.0,0.7392197125256673,0.975,4014.193162928781,3913.8383338555614,0.037769617892077105,0.9724661161707021,0.2415824069866697
Rough Heston,270.0,0.7392197125256673,0.9766666666666667,4014.193162928781,3920.528655793776,0.037769617892077105,0.9724661161707021,0.2410338736667668
Rough Heston,270.0,0.7392197125256673,0.9783333333333333,4014.193162928781,3927.2189777319904,0.037769617892077105,0.9724661161707021,0.2404866166208154
Rough Heston,270.0,0.7392197125256673,0.98,4014.193162928781,3933.909299670205,0.037769617892077105,0.9724661161707021,0.2399406575331475
Rough Heston,270.0,0.7392197125256673,0.9816666666666667,4014.193162928781,3940.59962160842,0.037769617892077105,0.9724661161707021,0.23939601868147653
Rough Heston,270.0,0.7392197125256673,0.9833333333333333,4014.193162928781,3947.2899435466343,0.037769617892077105,0.9724661161707021,0.23885272294129034
Rough Heston,270.0,0.7392197125256673,0.985,4014.193162928781,3953.980265484849,0.037769617892077105,0.9724661161707021,0.23831079378877448
Rough Heston,270.0,0.7392197125256673,0.9866666666666667,4014.193162928781,3960.6705874230643,0.037769617892077105,0.9724661161707021,0.23777025530254833
Rough Heston,270.0,0.7392197125256673,0.9883333333333333,4014.193162928781,3967.3609093612786,0.037769617892077105,0.9724661161707021,0.2372311321638863
Rough Heston,270.0,0.7392197125256673,0.99,4014.193162928781,3974.0512312994933,0.037769617892077105,0.9724661161707021,0.2366934496558125
Rough Heston,270.0,0.7392197125256673,0.9916666666666667,4014.193162928781,3980.741553237708,0.037769617892077105,0.9724661161707021,0.2361572336607892
Rough Heston,270.0,0.7392197125256673,0.9933333333333333,4014.193162928781,3987.4318751759224,0.037769617892077105,0.9724661161707021,0.23562251065723638
Rough Heston,270.0,0.7392197125256673,0.995,4014.193162928781,3994.122197114137,0.037769617892077105,0.9724661161707021,0.235089307714575
Rough Heston,270.0,0.7392197125256673,0.9966666666666667,4014.193162928781,4000.812519052352,0.037769617892077105,0.9724661161707021,0.234557652487033
Rough Heston,270.0,0.7392197125256673,0.9983333333333333,4014.193162928781,4007.5028409905663,0.037769617892077105,0.9724661161707021,0.2340275732116721
Rough Heston,270.0,0.7392197125256673,1.0,4014.193162928781,4014.193162928781,0.037769617892077105,0.9724661161707021,0.23349909869248597
Rough Heston,270.0,0.7392197125256673,1.0016666666666667,4014.193162928781,4020.883484866996,0.037769617892077105,0.9724661161707021,0.23297225825143286
Rough Heston,270.0,0.7392197125256673,1.0033333333333334,4014.193162928781,4027.5738068052106,0.037769617892077105,0.9724661161707021,0.2324470818317871
Rough Heston,270.0,0.7392197125256673,1.005,4014.193162928781,4034.2641287434244,0.037769617892077105,0.9724661161707021,0.23192359987308217
Rough Heston,270.0,0.7392197125256673,1.0066666666666666,4014.193162928781,4040.954450681639,0.037769617892077105,0.9724661161707021,0.23140184333356248
Rough Heston,270.0,0.7392197125256673,1.0083333333333333,4014.193162928781,4047.644772619854,0.037769617892077105,0.9724661161707021,0.2308818436843473
Rough Heston,270.0,0.7392197125256673,1.01,4014.193162928781,4054.3350945580687,0.037769617892077105,0.9724661161707021,0.23036363288815034
Rough Heston,270.0,0.7392197125256673,1.0116666666666667,4014.193162928781,4061.0254164962835,0.037769617892077105,0.9724661161707021,0.22984724338243848
Rough Heston,270.0,0.7392197125256673,1.0133333333333334,4014.193162928781,4067.7157384344982,0.037769617892077105,0.9724661161707021,0.2293327080619304
Rough Heston,270.0,0.7392197125256673,1.0150000000000001,4014.193162928781,4074.4060603727135,0.037769617892077105,0.9724661161707021,0.22882006025976118
Rough Heston,270.0,0.7392197125256673,1.0166666666666666,4014.193162928781,4081.0963823109273,0.037769617892077105,0.9724661161707021,0.22830933372789136
Rough Heston,270.0,0.7392197125256673,1.0183333333333333,4014.193162928781,4087.786704249142,0.037769617892077105,0.9724661161707021,0.2278005626168512
Rough Heston,270.0,0.7392197125256673,1.02,4014.193162928781,4094.477026187357,0.037769617892077105,0.9724661161707021,0.22729378145429882
Rough Heston,270.0,0.7392197125256673,1.0216666666666667,4014.193162928781,4101.167348125571,0.037769617892077105,0.9724661161707021,0.2267890251232862
Rough Heston,270.0,0.7392197125256673,1.0233333333333334,4014.193162928781,4107.857670063786,0.037769617892077105,0.9724661161707021,0.2262863288391619
Rough Heston,270.0,0.7392197125256673,1.025,4014.193162928781,4114.547992002,0.037769617892077105,0.9724661161707021,0.22578572812660538
Rough Heston,270.0,0.7392197125256673,1.0266666666666666,4014.193162928781,4121.2383139402145,0.037769617892077105,0.9724661161707021,0.22528725879533287
Rough Heston,270.0,0.7392197125256673,1.0283333333333333,4014.193162928781,4127.92863587843,0.037769617892077105,0.9724661161707021,0.2247909569159284
Rough Heston,270.0,0.7392197125256673,1.03,4014.193162928781,4134.618957816645,0.037769617892077105,0.9724661161707021,0.22429685879439007
Rough Heston,270.0,0.7392197125256673,1.0316666666666667,4014.193162928781,4141.30927975486,0.037769617892077105,0.9724661161707021,0.22380500094713288
Rough Heston,270.0,0.7392197125256673,1.0333333333333334,4014.193162928781,4147.9996016930745,0.037769617892077105,0.9724661161707021,0.22331542007483915
Rough Heston,270.0,0.7392197125256673,1.0350000000000001,4014.193162928781,4154.689923631289,0.037769617892077105,0.9724661161707021,0.22282815303633247
Rough Heston,270.0,0.7392197125256673,1.0366666666666666,4014.193162928781,4161.380245569503,0.037769617892077105,0.9724661161707021,0.2223432368223357
Rough Heston,270.0,0.7392197125256673,1.0383333333333333,4014.193162928781,4168.070567507718,0.037769617892077105,0.9724661161707021,0.22186070852843837
Rough Heston,270.0,0.7392197125256673,1.04,4014.193162928781,4174.760889445933,0.037769617892077105,0.9724661161707021,0.22138060532846254
Rough Heston,270.0,0.7392197125256673,1.0416666666666667,4014.193162928781,4181.451211384147,0.037769617892077105,0.9724661161707021,0.2209029644474565
Rough Heston,270.0,0.7392197125256673,1.0433333333333334,4014.193162928781,4188.141533322362,0.037769617892077105,0.9724661161707021,0.22042782313460657
Rough Heston,270.0,0.7392197125256673,1.045,4014.193162928781,4194.831855260576,0.037769617892077105,0.9724661161707021,0.21995521863606415
Rough Heston,270.0,0.7392197125256673,1.0466666666666666,4014.193162928781,4201.522177198791,0.037769617892077105,0.9724661161707021,0.21948518816802404
Rough Heston,270.0,0.7392197125256673,1.0483333333333333,4014.193162928781,4208.212499137006,0.037769617892077105,0.9724661161707021,0.21901776888959343
Rough Heston,270.0,0.7392197125256673,1.05,4014.193162928781,4214.90282107522,0.037769617892077105,0.9724661161707021,0.21855299787586827
Rough Heston,365.0,0.999315537303217,0.95,4042.6100786890925,3840.4795747546377,0.037966053703352286,0.9627706405523355,0.2470271715758398
Rough Heston,365.0,0.999315537303217,0.9516666666666667,4042.6100786890925,3847.2172582191197,0.037966053703352286,0.9627706405523355,0.24654817937333112
Rough Heston,365.0,0.999315537303217,0.9533333333333333,4042.6100786890925,3853.954941683601,0.037966053703352286,0.9627706405523355,0.24607010669585277
Rough Heston,365.0,0.999315537303217,0.955,4042.6100786890925,3860.692625148083,0.037966053703352286,0.9627706405523355,0.24559296229602762
Rough Heston,365.0,0.999315537303217,0.9566666666666667,4042.6100786890925,3867.430308612565,0.037966053703352286,0.9627706405523355,0.24511675516188833
Rough Heston,365.0,0.999315537303217,0.9583333333333333,4042.6100786890925,3874.1679920770466,0.037966053703352286,0.9627706405523355,0.24464149452218129
Rough Heston,365.0,0.999315537303217,0.96,4042.6100786890925,3880.9056755415286,0.037966053703352286,0.9627706405523355,0.244167189853418
Rough Heston,365.0,0.999315537303217,0.9616666666666667,4042.6100786890925,3887.6433590060105,0.037966053703352286,0.9627706405523355,0.2436938508839773
Rough Heston,365.0,0.999315537303217,0.9633333333333333,4042.6100786890925,3894.381042470492,0.037966053703352286,0.9627706405523355,0.24322148760030565
Rough Heston,365.0,0.999315537303217,0.965,4042.6100786890925,3901.118725934974,0.037966053703352286,0.9627706405523355,0.24275011025099083
Rough Heston,365.0,0.999315537303217,0.9666666666666667,4042.6100786890925,3907.856409399456,0.037966053703352286,0.9627706405523355,0.24227972935129644
Rough Heston,365.0,0.999315537303217,0.9683333333333333,4042.6100786890925,3914.5940928639375,0.037966053703352286,0.9627706405523355,0.24181035568697726
Rough Heston,365.0,0.999315537303217,0.97,4042.6100786890925,3921.3317763284194,0.037966053703352286,0.9627706405523355,0.24134200031774256
Rough Heston,365.0,0.999315537303217,0.9716666666666667,4042.6100786890925,3928.0694597929014,0.037966053703352286,0.9627706405523355,0.24087467458027262
Rough Heston,365.0,0.999315537303217,0.9733333333333333,4042.6100786890925,3934.807143257383,0.037966053703352286,0.9627706405523355,0.24040839009065004
Rough Heston,365.0,0.999315537303217,0.975,4042.6100786890925,3941.544826721865,0.037966053703352286,0.9627706405523355,0.23994315874649724
Rough Heston,365.0,0.999315537303217,0.9766666666666667,4042.6100786890925,3948.282510186347,0.037966053703352286,0.9627706405523355,0.23947899272871354
Rough Heston,365.0,0.999315537303217,0.9783333333333333,4042.6100786890925,3955.020193650829,0.037966053703352286,0.9627706405523355,0.23901590450274693
Rough Heston,365.0,0.999315537303217,0.98,4042.6100786890925,3961.7578771153107,0.037966053703352286,0.9627706405523355,0.23855390681896368
Rough Heston,365.0,0.999315537303217,0.9816666666666667,4042.6100786890925,3968.4955605797927,0.037966053703352286,0.9627706405523355,0.23809301271307332
Rough Heston,365.0,0.999315537303217,0.9833333333333333,4042.6100786890925,3975.233244044274,0.037966053703352286,0.9627706405523355,0.2376332355059988
Rough Heston,365.0,0.999315537303217,0.985,4042.6100786890925,3981.970927508756,0.037966053703352286,0.9627706405523355,0.23717458880290487
Rough Heston,365.0,0.999315537303217,0.9866666666666667,4042.6100786890925,3988.708610973238,0.037966053703352286,0.9627706405523355,0.23671708649237572
Rough Heston,365.0,0.999315537303217,0.9883333333333333,4042.6100786890925,3995.4462944377196,0.037966053703352286,0.9627706405523355,0.23626074274438005
Rough Heston,365.0,0.999315537303217,0.99,4042.6100786890925,4002.1839779022016,0.037966053703352286,0.9627706405523355,0.23580557200822114
Rough Heston,365.0,0.999315537303217,0.9916666666666667,4042.6100786890925,4008.9216613666836,0.037966053703352286,0.9627706405523355,0.2353515890106397
Rough Heston,365.0,0.999315537303217,0.9933333333333333,4042.6100786890925,4015.659344831165,0.037966053703352286,0.9627706405523355,0.23489880875152844
Rough Heston,365.0,0.999315537303217,0.995,4042.6100786890925,4022.397028295647,0.037966053703352286,0.9627706405523355,0.23444724650160975
Rough Heston,365.0,0.999315537303217,0.9966666666666667,4042.6100786890925,4029.134711760129,0.037966053703352286,0.9627706405523355,0.23399691779810958
Rough Heston,365.0,0.999315537303217,0.9983333333333333,4042.6100786890925,4035.8723952246105,0.037966053703352286,0.9627706405523355,0.23354783843527918
Rough Heston,365.0,0.999315537303217,1.0,4042.6100786890925,4042.6100786890925,0.037966053703352286,0.9627706405523355,0.23310002448452904
Rough Heston,365.0,0.999315537303217,1.0016666666666667,4042.6100786890925,4049.3477621535744,0.037966053703352286,0.9627706405523355,0.23265349223153806
Rough Heston,365.0,0.999315537303217,1.0033333333333334,4042.6100786890925,4056.0854456180564,0.037966053703352286,0.9627706405523355,0.23220825826197608
Rough Heston,365.0,0.999315537303217,1.005,4042.6100786890925,4062.8231290825374,0.037966053703352286,0.9627706405523355,0.23176433934675947
Rough Heston,365.0,0.999315537303217,1.0066666666666666,4042.6100786890925,4069.5608125470194,0.037966053703352286,0.9627706405523355,0.23132175252480605
Rough Heston,365.0,0.999315537303217,1.0083333333333333,4042.6100786890925,4076.2984960115014,0.037966053703352286,0.9627706405523355,0.23088051505418614
Rough Heston,365.0,0.999315537303217,1.01,4042.6100786890925,4083.0361794759833,0.037966053703352286,0.9627706405523355,0.23044064441346182
Rough Heston,365.0,0.999315537303217,1.0116666666666667,4042.6100786890925,4089.7738629404653,0.037966053703352286,0.9627706405523355,0.23000215829458703
Rough Heston,365.0,0.999315537303217,1.0133333333333334,4042.6100786890925,4096.511546404948,0.037966053703352286,0.9627706405523355,0.22956507459470635
Rough Heston,365.0,0.999315537303217,1.0150000000000001,4042.6100786890925,4103.24922986943,0.037966053703352286,0.9627706405523355,0.2291294114083263
Rough Heston,365.0,0.999315537303217,1.0166666666666666,4042.6100786890925,4109.986913333911,0.037966053703352286,0.9627706405523355,0.22869518701933794
Rough Heston,365.0,0.999315537303217,1.0183333333333333,4042.6100786890925,4116.724596798393,0.037966053703352286,0.9627706405523355,0.22826241989167567
Rough Heston,365.0,0.999315537303217,1.02,4042.6100786890925,4123.462280262875,0.037966053703352286,0.9627706405523355,0.22783112866127597
Rough Heston,365.0,0.999315537303217,1.0216666666666667,4042.6100786890925,4130.199963727357,0.037966053703352286,0.9627706405523355,0.2274013321263003
Rough Heston,365.0,0.999315537303217,1.0233333333333334,4042.6100786890925,4136.937647191839,0.037966053703352286,0.9627706405523355,0.2269730492381867
Rough Heston,365.0,0.999315537303217,1.025,4042.6100786890925,4143.67533065632,0.037966053703352286,0.9627706405523355,0.22654629909264548
Rough Heston,365.0,0.999315537303217,1.0266666666666666,4042.6100786890925,4150.413014120802,0.037966053703352286,0.9627706405523355,0.226121100916206
Rough Heston,365.0,0.999315537303217,1.0283333333333333,4042.6100786890925,4157.1506975852835,0.037966053703352286,0.9627706405523355,0.22569747406388022
Rough Heston,365.0,0.999315537303217,1.03,4042.6100786890925,4163.8883810497655,0.037966053703352286,0.9627706405523355,0.22527543800165858
Rough Heston,365.0,0.999315537303217,1.0316666666666667,4042.6100786890925,4170.626064514247,0.037966053703352286,0.9627706405523355,0.22485501229911795
Rough Heston,365.0,0.999315537303217,1.0333333333333334,4042.6100786890925,4177.363747978729,0.037966053703352286,0.9627706405523355,0.2244362166199944
Rough Heston,365.0,0.999315537303217,1.0350000000000001,4042.6100786890925,4184.101431443211,0.037966053703352286,0.9627706405523355,0.22401907070977545
Rough Heston,365.0,0.999315537303217,1.0366666666666666,4042.6100786890925,4190.839114907692,0.037966053703352286,0.9627706405523355,0.2236035943869485
Rough Heston,365.0,0.999315537303217,1.0383333333333333,4042.6100786890925,4197.576798372174,0.037966053703352286,0.9627706405523355,0.22318980753060724
Rough Heston,365.0,0.999315537303217,1.04,4042.6100786890925,4204.314481836656,0.037966053703352286,0.9627706405523355,0.22277773007102825
Rough Heston,365.0,0.999315537303217,1.0416666666666667,4042.6100786890925,4211.052165301138,0.037966053703352286,0.9627706405523355,0.22236738197817363
Rough Heston,365.0,0.999315537303217,1.0433333333333334,4042.6100786890925,4217.78984876562,0.037966053703352286,0.9627706405523355,0.22195878325103632
Rough Heston,365.0,0.999315537303217,1.045,4042.6100786890925,4224.527532230101,0.037966053703352286,0.9627706405523355,0.2215519539067259
Rough Heston,365.0,0.999315537303217,1.0466666666666666,4042.6100786890925,4231.265215694583,0.037966053703352286,0.9627706405523355,0.22114691396995845
Rough Heston,365.0,0.999315537303217,1.0483333333333333,4042.6100786890925,4238.002899159065,0.037966053703352286,0.9627706405523355,0.22074368346172157
Rough Heston,365.0,0.999315537303217,1.05,4042.6100786890925,4244.740582623547,0.037966053703352286,0.9627706405523355,0.2203422823886539
Rough Heston,458.0,1.2539356605065024,0.95,4070.5512515388355,3867.0236889618936,0.03806524586987727,0.9533898625414229,0.24514948470030654
Rough Heston,458.0,1.2539356605065024,0.9516666666666667,4070.5512515388355,3873.8079410477917,0.03806524586987727,0.9533898625414229,0.24473003451926537
Rough Heston,458.0,1.2539356605065024,0.9533333333333333,4070.5512515388355,3880.5921931336893,0.03806524586987727,0.9533898625414229,0.24431140749284055
Rough Heston,458.0,1.2539356605065024,0.955,4070.5512515388355,3887.376445219588,0.03806524586987727,0.9533898625414229,0.2438936093929385
Rough Heston,458.0,1.2539356605065024,0.9566666666666667,4070.5512515388355,3894.160697305486,0.03806524586987727,0.9533898625414229,0.24347664614694903
Rough Heston,458.0,1.2539356605065024,0.9583333333333333,4070.5512515388355,3900.9449493913835,0.03806524586987727,0.9533898625414229,0.24306052373931233
Rough Heston,458.0,1.2539356605065024,0.96,4070.5512515388355,3907.729201477282,0.03806524586987727,0.9533898625414229,0.24264524847529886
Rough Heston,458.0,1.2539356605065024,0.9616666666666667,4070.5512515388355,3914.51345356318,0.03806524586987727,0.9533898625414229,0.24223082664132844
Rough Heston,458.0,1.2539356605065024,0.9633333333333333,4070.5512515388355,3921.2977056490777,0.03806524586987727,0.9533898625414229,0.24181726473268453
Rough Heston,458.0,1.2539356605065024,0.965,4070.5512515388355,3928.081957734976,0.03806524586987727,0.9533898625414229,0.24140456939478241
Rough Heston,458.0,1.2539356605065024,0.9666666666666667,4070.5512515388355,3934.8662098208742,0.03806524586987727,0.9533898625414229,0.24099274742194696
Rough Heston,458.0,1.2539356605065024,0.9683333333333333,4070.5512515388355,3941.650461906772,0.03806524586987727,0.9533898625414229,0.24058180576153623
Rough Heston,458.0,1.2539356605065024,0.97,4070.5512515388355,3948.4347139926704,0.03806524586987727,0.9533898625414229,0.24017175151270648
Rough Heston,458.0,1.2539356605065024,0.9716666666666667,4070.5512515388355,3955.2189660785684,0.03806524586987727,0.9533898625414229,0.23976259192728916
Rough Heston,458.0,1.2539356605065024,0.9733333333333333,4070.5512515388355,3962.0032181644665,0.03806524586987727,0.9533898625414229,0.23935433441236725
Rough Heston,458.0,1.2539356605065024,0.975,4070.5512515388355,3968.7874702503645,0.03806524586987727,0.9533898625414229,0.23894698652920965
Rough Heston,458.0,1.2539356605065024,0.9766666666666667,4070.5512515388355,3975.5717223362626,0.03806524586987727,0.9533898625414229,0.2385405559938297
Rough Heston,458.0,1.2539356605065024,0.9783333333333333,4070.5512515388355,3982.3559744221607,0.03806524586987727,0.9533898625414229,0.23813505067595328
Rough Heston,458.0,1.2539356605065024,0.98,4070.5512515388355,3989.1402265080587,0.03806524586987727,0.9533898625414229,0.23773047860052185
Rough Heston,458.0,1.2539356605065024,0.9816666666666667,4070.5512515388355,3995.924478593957,0.03806524586987727,0.9533898625414229,0.23732684794593542
Rough Heston,458.0,1.2539356605065024,0.9833333333333333,4070.5512515388355,4002.708730679855,0.03806524586987727,0.9533898625414229,0.23692416704259014
Rough Heston,458.0,1.2539356605065024,0.985,4070.5512515388355,4009.492982765753,0.03806524586987727,0.9533898625414229,0.23652244437382935
Rough Heston,458.0,1.2539356605065024,0.9866666666666667,4070.5512515388355,4016.277234851651,0.03806524586987727,0.9533898625414229,0.2361216885731766
Rough Heston,458.0,1.2539356605065024,0.9883333333333333,4070.5512515388355,4023.061486937549,0.03806524586987727,0.9533898625414229,0.23572190842360818
Rough Heston,458.0,1.2539356605065024,0.99,4070.5512515388355,4029.845739023447,0.03806524586987727,0.9533898625414229,0.23532311285622762
Rough Heston,458.0,1.2539356605065024,0.9916666666666667,4070.5512515388355,4036.629991109345,0.03806524586987727,0.9533898625414229,0.23492531094794405
Rough Heston,458.0,1.2539356605065024,0.9933333333333333,4070.5512515388355,4043.414243195243,0.03806524586987727,0.9533898625414229,0.23452851192008037
Rough Heston,458.0,1.2539356605065024,0.995,4070.5512515388355,4050.1984952811413,0.03806524586987727,0.9533898625414229,0.2341327251358591
Rough Heston,458.0,1.2539356605065024,0.9966666666666667,4070.5512515388355,4056.9827473670393,0.03806524586987727,0.9533898625414229,0.23373796009798106
Rough Heston,458.0,1.2539356605065024,0.9983333333333333,4070.5512515388355,4063.7669994529374,0.03806524586987727,0.9533898625414229,0.23334422644722302
Rough Heston,458.0,1.2539356605065024,1.0,4070.5512515388355,4070.5512515388355,0.03806524586987727,0.9533898625414229,0.23295153395814105
Rough Heston,458.0,1.2539356605065024,1.0016666666666667,4070.5512515388355,4077.3355036247335,0.03806524586987727,0.9533898625414229,0.23255989253705517
Rough Heston,458.0,1.2539356605065024,1.0033333333333334,4070.5512515388355,4084.119755710632,0.03806524586987727,0.9533898625414229,0.2321693122197016
Rough Heston,458.0,1.2539356605065024,1.005,4070.5512515388355,4090.904007796529,0.03806524586987727,0.9533898625414229,0.23177980316689997
Rough Heston,458.0,1.2539356605065024,1.0066666666666666,4070.5512515388355,4097.688259882428,0.03806524586987727,0.9533898625414229,0.23139137566157486
Rough Heston,458.0,1.2539356605065024,1.0083333333333333,4070.5512515388355,4104.472511968325,0.03806524586987727,0.9533898625414229,0.2310040401055682
Rough Heston,458.0,1.2539356605065024,1.01,4070.5512515388355,4111.256764054224,0.03806524586987727,0.9533898625414229,0.2306178070160669
Rough Heston,458.0,1.2539356605065024,1.0116666666666667,4070.5512515388355,4118.041016140122,0.03806524586987727,0.9533898625414229,0.23023268702129257
Rough Heston,458.0,1.2539356605065024,1.0133333333333334,4070.5512515388355,4124.82526822602,0.03806524586987727,0.9533898625414229,0.22984869085720835
Rough Heston,458.0,1.2539356605065024,1.0150000000000001,4070.5512515388355,4131.6095203119185,0.03806524586987727,0.9533898625414229,0.22946582936335969
Rough Heston,458.0,1.2539356605065024,1.0166666666666666,4070.5512515388355,4138.393772397816,0.03806524586987727,0.9533898625414229,0.22908411347815363
Rough Heston,458.0,1.2539356605065024,1.0183333333333333,4070.5512515388355,4145.178024483714,0.03806524586987727,0.9533898625414229,0.22870355423542316
Rough Heston,458.0,1.2539356605065024,1.02,4070.5512515388355,4151.962276569612,0.03806524586987727,0.9533898625414229,0.2283241627597232
Rough Heston,458.0,1.2539356605065024,1.0216666666666667,4070.5512515388355,4158.746528655511,0.03806524586987727,0.9533898625414229,0.22794595026194864
Rough Heston,458.0,1.2539356605065024,1.0233333333333334,4070.5512515388355,4165.530780741408,0.03806524586987727,0.9533898625414229,0.2275689280340572
Rough Heston,458.0,1.2539356605065024,1.025,4070.5512515388355,4172.315032827306,0.03806524586987727,0.9533898625414229,0.22719310744545043
Rough Heston,458.0,1.2539356605065024,1.0266666666666666,4070.5512515388355,4179.099284913204,0.03806524586987727,0.9533898625414229,0.2268184999383614
Rough Heston,458.0,1.2539356605065024,1.0283333333333333,4070.5512515388355,4185.883536999102,0.03806524586987727,0.9533898625414229,0.2264451170212663
Rough Heston,458.0,1.2539356605065024,1.03,4070.5512515388355,4192.667789085001,0.03806524586987727,0.9533898625414229,0.2260729702664299
Rough Heston,458.0,1.2539356605065024,1.0316666666666667,4070.5512515388355,4199.452041170899,0.03806524586987727,0.9533898625414229,0.22570207130297756
Rough Heston,458.0,1.2539356605065024,1.0333333333333334,4070.5512515388355,4206.236293256797,0.03806524586987727,0.9533898625414229,0.22533243181196036
Rough Heston,458.0,1.2539356605065024,1.0350000000000001,4070.5512515388355,4213.020545342695,0.03806524586987727,0.9533898625414229,0.22496406352178036
Rough Heston,458.0,1.2539356605065024,1.0366666666666666,4070.5512515388355,4219.804797428593,0.03806524586987727,0.9533898625414229,0.22459697820234442
Rough Heston,458.0,1.2539356605065024,1.0383333333333333,4070.5512515388355,4226.58904951449,0.03806524586987727,0.9533898625414229,0.22423118766076092
Rough Heston,458.0,1.2539356605065024,1.04,4070.5512515388355,4233.373301600389,0.03806524586987727,0.9533898625414229,0.22386670379536291
Rough Heston,458.0,1.2539356605065024,1.0416666666666667,4070.5512515388355,4240.157553686287,0.03806524586987727,0.9533898625414229,0.2235035383690286
Rough Heston,458.0,1.2539356605065024,1.0433333333333334,4070.5512515388355,4246.941805772185,0.03806524586987727,0.9533898625414229,0.22314170334330408
Rough Heston,458.0,1.2539356605065024,1.045,4070.5512515388355,4253.726057858083,0.03806524586987727,0.9533898625414229,0.22278121060795628
Rough Heston,458.0,1.2539356605065024,1.0466666666666666,4070.5512515388355,4260.510309943981,0.03806524586987727,0.9533898625414229,0.2224220720810812
Rough Heston,458.0,1.2539356605065024,1.0483333333333333,4070.5512515388355,4267.294562029879,0.03806524586987727,0.9533898625414229,0.222064299686157
Rough Heston,458.0,1.2539356605065024,1.05,4070.5512515388355,4274.078814115777,0.03806524586987727,0.9533898625414229,0.22170790534831208
Rough Heston,550.0,1.5058179329226558,0.95,4098.1281809435895,3893.22177189641,0.03808923721298754,0.9442583669824116,0.24364100849688478
Rough Heston,550.0,1.5058179329226558,0.9516666666666667,4098.1281809435895,3900.051985531316,0.03808923721298754,0.9442583669824116,0.24326636015789965
Rough Heston,550.0,1.5058179329226558,0.9533333333333333,4098.1281809435895,3906.8821991662217,0.03808923721298754,0.9442583669824116,0.24289244365351864
Rough Heston,550.0,1.5058179329226558,0.955,4098.1281809435895,3913.712412801128,0.03808923721298754,0.9442583669824116,0.2425192630191676
Rough Heston,550.0,1.5058179329226558,0.9566666666666667,4098.1281809435895,3920.542626436034,0.03808923721298754,0.9442583669824116,0.24214682220286055
Rough Heston,550.0,1.5058179329226558,0.9583333333333333,4098.1281809435895,3927.3728400709397,0.03808923721298754,0.9442583669824116,0.24177512530031706
Rough Heston,550.0,1.5058179329226558,0.96,4098.1281809435895,3934.203053705846,0.03808923721298754,0.9442583669824116,0.24140417649510143
Rough Heston,550.0,1.5058179329226558,0.9616666666666667,4098.1281809435895,3941.033267340752,0.03808923721298754,0.9442583669824116,0.2410339800570355
Rough Heston,550.0,1.5058179329226558,0.9633333333333333,4098.1281809435895,3947.8634809756577,0.03808923721298754,0.9442583669824116,0.2406645403429663
Rough Heston,550.0,1.5058179329226558,0.965,4098.1281809435895,3954.693694610564,0.03808923721298754,0.9442583669824116,0.24029586179983858
Rough Heston,550.0,1.5058179329226558,0.9666666666666667,4098.1281809435895,3961.52390824547,0.03808923721298754,0.9442583669824116,0.23992794896265054
Rough Heston,550.0,1.5058179329226558,0.9683333333333333,4098.1281809435895,3968.3541218803757,0.03808923721298754,0.9442583669824116,0.23956080645801445
Rough Heston,550.0,1.5058179329226558,0.97,4098.1281809435895,3975.184335515282,0.03808923721298754,0.9442583669824116,0.23919443900136256
Rough Heston,550.0,1.5058179329226558,0.9716666666666667,4098.1281809435895,3982.014549150188,0.03808923721298754,0.9442583669824116,0.23882885139841226
Rough Heston,550.0,1.5058179329226558,0.9733333333333333,4098.1281809435895,3988.8447627850937,0.03808923721298754,0.9442583669824116,0.2384640485468314
Rough Heston,550.0,1.5058179329226558,0.975,4098.1281809435895,3995.67497642,0.03808923721298754,0.9442583669824116,0.23810003543249236
Rough Heston,550.0,1.5058179329226558,0.9766666666666667,4098.1281809435895,4002.505190054906,0.03808923721298754,0.9442583669824116,0.23773681713195152
Rough Heston,550.0,1.5058179329226558,0.9783333333333333,4098.1281809435895,4009.3354036898118,0.03808923721298754,0.9442583669824116,0.23737439881172206
Rough Heston,550.0,1.5058179329226558,0.98,4098.1281809435895,4016.1656173247175,0.03808923721298754,0.9442583669824116,0.23701278572585693
Rough Heston,550.0,1.5058179329226558,0.9816666666666667,4098.1281809435895,4022.9958309596236,0.03808923721298754,0.9442583669824116,0.23665198321884423
Rough Heston,550.0,1.5058179329226558,0.9833333333333333,4098.1281809435895,4029.8260445945293,0.03808923721298754,0.9442583669824116,0.23629199672234846
Rough Heston,550.0,1.5058179329226558,0.985,4098.1281809435895,4036.6562582294355,0.03808923721298754,0.9442583669824116,0.2359328317549068
Rough Heston,550.0,1.5058179329226558,0.9866666666666667,4098.1281809435895,4043.4864718643416,0.03808923721298754,0.9442583669824116,0.23557449392224955
Rough Heston,550.0,1.5058179329226558,0.9883333333333333,4098.1281809435895,4050.3166854992473,0.03808923721298754,0.9442583669824116,0.23521698891483628
Rough Heston,550.0,1.5058179329226558,0.99,4098.1281809435895,4057.1468991341535,0.03808923721298754,0.9442583669824116,0.2348603225081382
Rough Heston,550.0,1.5058179329226558,0.9916666666666667,4098.1281809435895,4063.9771127690597,0.03808923721298754,0.9442583669824116,0.2345045005604286
Rough Heston,550.0,1.5058179329226558,0.9933333333333333,4098.1281809435895,4070.8073264039654,0.03808923721298754,0.9442583669824116,0.23414952900112126
Rough Heston,550.0,1.5058179329226558,0.995,4098.1281809435895,4077.6375400388715,0.03808923721298754,0.9442583669824116,0.2337954138858247
Rough Heston,550.0,1.5058179329226558,0.9966666666666667,4098.1281809435895,4084.4677536737777,0.03808923721298754,0.9442583669824116,0.23344216128107073
Rough Heston,550.0,1.5058179329226558,0.9983333333333333,4098.1281809435895,4091.2979673086834,0.03808923721298754,0.9442583669824116,0.23308977737742453
Rough Heston,550.0,1.5058179329226558,1.0,4098.1281809435895,4098.1281809435895,0.03808923721298754,0.9442583669824116,0.23273826842974882
Rough Heston,550.0,1.5058179329226558,1.0016666666666667,4098.1281809435895,4104.958394578495,0.03808923721298754,0.9442583669824116,0.2323876407679003
Rough Heston,550.0,1.5058179329226558,1.0033333333333334,4098.1281809435895,4111.788608213402,0.03808923721298754,0.9442583669824116,0.232037900795054
Rough Heston,550.0,1.5058179329226558,1.005,4098.1281809435895,4118.618821848307,0.03808923721298754,0.9442583669824116,0.23168905498474673
Rough Heston,550.0,1.5058179329226558,1.0066666666666666,4098.1281809435895,4125.449035483213,0.03808923721298754,0.9442583669824116,0.23134110988098233
Rough Heston,550.0,1.5058179329226558,1.0083333333333333,4098.1281809435895,4132.279249118119,0.03808923721298754,0.9442583669824116,0.23099407209429837
Rough Heston,550.0,1.5058179329226558,1.01,4098.1281809435895,4139.109462753026,0.03808923721298754,0.9442583669824116,0.230647948300932
Rough Heston,550.0,1.5058179329226558,1.0116666666666667,4098.1281809435895,4145.939676387931,0.03808923721298754,0.9442583669824116,0.23030274524015706
Rough Heston,550.0,1.5058179329226558,1.0133333333333334,4098.1281809435895,4152.769890022838,0.03808923721298754,0.9442583669824116,0.2299584697122851
Rough Heston,550.0,1.5058179329226558,1.0150000000000001,4098.1281809435895,4159.600103657744,0.03808923721298754,0.9442583669824116,0.22961512857740843
Rough Heston,550.0,1.5058179329226558,1.0166666666666666,4098.1281809435895,4166.430317292649,0.03808923721298754,0.9442583669824116,0.22927272875071197
Rough Heston,550.0,1.5058179329226558,1.0183333333333333,4098.1281809435895,4173.260530927555,0.03808923721298754,0.9442583669824116,0.22893127720327394
Rough Heston,550.0,1.5058179329226558,1.02,4098.1281809435895,4180.090744562462,0.03808923721298754,0.9442583669824116,0.22859078095664048
Rough Heston,550.0,1.5058179329226558,1.0216666666666667,4098.1281809435895,4186.920958197367,0.03808923721298754,0.9442583669824116,0.22825124708335828
Rough Heston,550.0,1.5058179329226558,1.0233333333333334,4098.1281809435895,4193.751171832274,0.03808923721298754,0.9442583669824116,0.22791268270127693
Rough Heston,550.0,1.5058179329226558,1.025,4098.1281809435895,4200.581385467179,0.03808923721298754,0.9442583669824116,0.22757509497458736
Rough Heston,550.0,1.5058179329226558,1.0266666666666666,4098.1281809435895,4207.411599102085,0.03808923721298754,0.9442583669824116,0.22723849110768204
Rough Heston,550.0,1.5058179329226558,1.0283333333333333,4098.1281809435895,4214.241812736991,0.03808923721298754,0.9442583669824116,0.22690287834577058
Rough Heston,550.0,1.5058179329226558,1.03,4098.1281809435895,4221.072026371898,0.03808923721298754,0.9442583669824116,0.2265682639696707
Rough Heston,550.0,1.5058179329226558,1.0316666666666667,4098.1281809435895,4227.902240006803,0.03808923721298754,0.9442583669824116,0.2262346552947249
Rough Heston,550.0,1.5058179329226558,1.0333333333333334,4098.1281809435895,4234.73245364171,0.03808923721298754,0.9442583669824116,0.22590205966752033
Rough Heston,550.0,1.5058179329226558,1.0350000000000001,4098.1281809435895,4241.562667276616,0.03808923721298754,0.9442583669824116,0.22557048446429012
Rough Heston,550.0,1.5058179329226558,1.0366666666666666,4098.1281809435895,4248.392880911521,0.03808923721298754,0.9442583669824116,0.22523993708525616
Rough Heston,550.0,1.5058179329226558,1.0383333333333333,4098.1281809435895,4255.223094546427,0.03808923721298754,0.9442583669824116,0.22491042495427774
Rough Heston,550.0,1.5058179329226558,1.04,4098.1281809435895,4262.053308181334,0.03808923721298754,0.9442583669824116,0.22458195551466498
Rough Heston,550.0,1.5058179329226558,1.0416666666666667,4098.1281809435895,4268.883521816239,0.03808923721298754,0.9442583669824116,0.22425453622451957
Rough Heston,550.0,1.5058179329226558,1.0433333333333334,4098.1281809435895,4275.713735451145,0.03808923721298754,0.9442583669824116,0.22392817455861094
Rough Heston,550.0,1.5058179329226558,1.045,4098.1281809435895,4282.543949086051,0.03808923721298754,0.9442583669824116,0.2236028780609545
Rough Heston,550.0,1.5058179329226558,1.0466666666666666,4098.1281809435895,4289.3741627209565,0.03808923721298754,0.9442583669824116,0.22327865413550088
Rough Heston,550.0,1.5058179329226558,1.0483333333333333,4098.1281809435895,4296.204376355863,0.03808923721298754,0.9442583669824116,0.22295551034361097
Rough Heston,550.0,1.5058179329226558,1.05,4098.1281809435895,4303.034589990769,0.03808923721298754,0.9442583669824116,0.22263345418061034
Rough Heston,647.0,1.7713894592744694,0.95,4126.989033187254,3920.639581527891,0.038050080178526714,0.9348197855922527,0.24203205218945806
Rough Heston,647.0,1.7713894592744694,0.9516666666666667,4126.989033187254,3927.5178965832033,0.038050080178526714,0.9348197855922527,0.24169513921585772
Rough Heston,647.0,1.7713894592744694,0.9533333333333333,4126.989033187254,3934.396211638515,0.038050080178526714,0.9348197855922527,0.24135886462769632
Rough Heston,647.0,1.7713894592744694,0.955,4126.989033187254,3941.2745266938273,0.038050080178526714,0.9348197855922527,0.24102323110209717
Rough Heston,647.0,1.7713894592744694,0.9566666666666667,4126.989033187254,3948.1528417491395,0.038050080178526714,0.9348197855922527,0.2406882413649981
Rough Heston,647.0,1.7713894592744694,0.9583333333333333,4126.989033187254,3955.0311568044513,0.038050080178526714,0.9348197855922527,0.24035389819307001
Rough Heston,647.0,1.7713894592744694,0.96,4126.989033187254,3961.9094718597635,0.038050080178526714,0.9348197855922527,0.24002020441611968
Rough Heston,647.0,1.7713894592744694,0.9616666666666667,4126.989033187254,3968.7877869150757,0.038050080178526714,0.9348197855922527,0.23968716291526376
Rough Heston,647.0,1.7713894592744694,0.9633333333333333,4126.989033187254,3975.6661019703874,0.038050080178526714,0.9348197855922527,0.2393547766245229
Rough Heston,647.0,1.7713894592744694,0.965,4126.989033187254,3982.5444170256997,0.038050080178526714,0.9348197855922527,0.2390230485322752
Rough Heston,647.0,1.7713894592744694,0.9666666666666667,4126.989033187254,3989.4227320810123,0.038050080178526714,0.9348197855922527,0.23869198167703765
Rough Heston,647.0,1.7713894592744694,0.9683333333333333,4126.989033187254,3996.301047136324,0.038050080178526714,0.9348197855922527,0.23836157915164746
Rough Heston,647.0,1.7713894592744694,0.97,4126.989033187254,4003.1793621916363,0.038050080178526714,0.9348197855922527,0.23803184410252531
Rough Heston,647.0,1.7713894592744694,0.9716666666666667,4126.989033187254,4010.0576772469485,0.038050080178526714,0.9348197855922527,0.23770277972767528
Rough Heston,647.0,1.7713894592744694,0.9733333333333333,4126.989033187254,4016.9359923022603,0.038050080178526714,0.9348197855922527,0.23737438927811966
Rough Heston,647.0,1.7713894592744694,0.975,4126.989033187254,4023.8143073575725,0.038050080178526714,0.9348197855922527,0.23704667605718088
Rough Heston,647.0,1.7713894592744694,0.9766666666666667,4126.989033187254,4030.6926224128847,0.038050080178526714,0.9348197855922527,0.23671964342138438
Rough Heston,647.0,1.7713894592744694,0.9783333333333333,4126.989033187254,4037.5709374681965,0.038050080178526714,0.9348197855922527,0.23639329477650145
Rough Heston,647.0,1.7713894592744694,0.98,4126.989033187254,4044.4492525235087,0.038050080178526714,0.9348197855922527,0.23606763358483382
Rough Heston,647.0,1.7713894592744694,0.9816666666666667,4126.989033187254,4051.327567578821,0.038050080178526714,0.9348197855922527,0.23574266335411087
Rough Heston,647.0,1.7713894592744694,0.9833333333333333,4126.989033187254,4058.2058826341326,0.038050080178526714,0.9348197855922527,0.23541838764787718
Rough Heston,647.0,1.7713894592744694,0.985,4126.989033187254,4065.084197689445,0.038050080178526714,0.9348197855922527,0.23509481007503247
Rough Heston,647.0,1.7713894592744694,0.9866666666666667,4126.989033187254,4071.962512744757,0.038050080178526714,0.9348197855922527,0.23477193429972118
Rough Heston,647.0,1.7713894592744694,0.9883333333333333,4126.989033187254,4078.840827800069,0.038050080178526714,0.9348197855922527,0.2344497640307479
Rough Heston,647.0,1.7713894592744694,0.99,4126.989033187254,4085.7191428553815,0.038050080178526714,0.9348197855922527,0.23412830302768897
Rough Heston,647.0,1.7713894592744694,0.9916666666666667,4126.989033187254,4092.5974579106937,0.038050080178526714,0.9348197855922527,0.23380755509682363
Rough Heston,647.0,1.7713894592744694,0.9933333333333333,4126.989033187254,4099.475772966005,0.038050080178526714,0.9348197855922527,0.23348752409212198
Rough Heston,647.0,1.7713894592744694,0.995,4126.989033187254,4106.354088021318,0.038050080178526714,0.9348197855922527,0.23316821391335
Rough Heston,647.0,1.7713894592744694,0.9966666666666667,4126.989033187254,4113.232403076629,0.038050080178526714,0.9348197855922527,0.23284962850647167
Rough Heston,647.0,1.7713894592744694,0.9983333333333333,4126.989033187254,4120.110718131941,0.038050080178526714,0.9348197855922527,0.23253177186082466
Rough Heston,647.0,1.7713894592744694,1.0,4126.989033187254,4126.989033187254,0.038050080178526714,0.9348197855922527,0.2322146480108696
Rough Heston,647.0,1.7713894592744694,1.0016666666666667,4126.989033187254,4133.867348242567,0.038050080178526714,0.9348197855922527,0.23189826103170413
Rough Heston,647.0,1.7713894592744694,1.0033333333333334,4126.989033187254,4140.745663297878,0.038050080178526714,0.9348197855922527,0.231582615042531
Rough Heston,647.0,1.7713894592744694,1.005,4126.989033187254,4147.62397835319,0.038050080178526714,0.9348197855922527,0.2312677142002557
Rough Heston,647.0,1.7713894592744694,1.0066666666666666,4126.989033187254,4154.502293408502,0.038050080178526714,0.9348197855922527,0.23095356270429063
Rough Heston,647.0,1.7713894592744694,1.0083333333333333,4126.989033187254,4161.3806084638145,0.038050080178526714,0.9348197855922527,0.23064016479010427
Rough Heston,647.0,1.7713894592744694,1.01,4126.989033187254,4168.258923519126,0.038050080178526714,0.9348197855922527,0.23032752473218826
Rough Heston,647.0,1.7713894592744694,1.0116666666666667,4126.989033187254,4175.137238574439,0.038050080178526714,0.9348197855922527,0.23001564683969447
Rough Heston,647.0,1.7713894592744694,1.0133333333333334,4126.989033187254,4182.015553629751,0.038050080178526714,0.9348197855922527,0.22970453545663772
Rough Heston,647.0,1.7713894592744694,1.0150000000000001,4126.989033187254,4188.893868685063,0.038050080178526714,0.9348197855922527,0.2293941949617854
Rough Heston,647.0,1.7713894592744694,1.0166666666666666,4126.989033187254,4195.772183740374,0.038050080178526714,0.9348197855922527,0.2290846297653228
Rough Heston,647.0,1.7713894592744694,1.0183333333333333,4126.989033187254,4202.650498795687,0.038050080178526714,0.9348197855922527,0.22877584430910733
Rough Heston,647.0,1.7713894592744694,1.02,4126.989033187254,4209.528813850999,0.038050080178526714,0.9348197855922527,0.22846784306241258
Rough Heston,647.0,1.7713894592744694,1.0216666666666667,4126.989033187254,4216.407128906311,0.038050080178526714,0.9348197855922527,0.228160630525085
Rough Heston,647.0,1.7713894592744694,1.0233333333333334,4126.989033187254,4223.285443961624,0.038050080178526714,0.9348197855922527,0.2278542112242725
Rough Heston,647.0,1.7713894592744694,1.025,4126.989033187254,4230.163759016935,0.038050080178526714,0.9348197855922527,0.22754858970931596
Rough Heston,647.0,1.7713894592744694,1.0266666666666666,4126.989033187254,4237.0420740722475,0.038050080178526714,0.9348197855922527,0.2272437705571105
Rough Heston,647.0,1.7713894592744694,1.0283333333333333,4126.989033187254,4243.920389127559,0.038050080178526714,0.9348197855922527,0.22693975836499508
Rough Heston,647.0,1.7713894592744694,1.03,4126.989033187254,4250.798704182872,0.038050080178526714,0.9348197855922527,0.2266365577513525
Rough Heston,647.0,1.7713894592744694,1.0316666666666667,4126.989033187254,4257.677019238184,0.038050080178526714,0.9348197855922527,0.2263341733557818
Rough Heston,647.0,1.7713894592744694,1.0333333333333334,4126.989033187254,4264.555334293496,0.038050080178526714,0.9348197855922527,0.22603260983413792
Rough Heston,647.0,1.7713894592744694,1.0350000000000001,4126.989033187254,4271.433649348808,0.038050080178526714,0.9348197855922527,0.22573187185966745
Rough Heston,647.0,1.7713894592744694,1.0366666666666666,4126.989033187254,4278.31196440412,0.038050080178526714,0.9348197855922527,0.2254319641191124
Rough Heston,647.0,1.7713894592744694,1.0383333333333333,4126.989033187254,4285.190279459432,0.038050080178526714,0.9348197855922527,0.22513289131612466
Rough Heston,647.0,1.7713894592744694,1.04,4126.989033187254,4292.068594514744,0.038050080178526714,0.9348197855922527,0.22483465816281312
Rough Heston,647.0,1.7713894592744694,1.0416666666666667,4126.989033187254,4298.946909570056,0.038050080178526714,0.9348197855922527,0.22453726938236265
Rough Heston,647.0,1.7713894592744694,1.0433333333333334,4126.989033187254,4305.825224625369,0.038050080178526714,0.9348197855922527,0.22424072970830392
Rough Heston,647.0,1.7713894592744694,1.045,4126.989033187254,4312.70353968068,0.038050080178526714,0.9348197855922527,0.2239450438782001
Rough Heston,647.0,1.7713894592744694,1.0466666666666666,4126.989033187254,4319.581854735992,0.038050080178526714,0.9348197855922527,0.2236502166312007
Rough Heston,647.0,1.7713894592744694,1.0483333333333333,4126.989033187254,4326.460169791305,0.038050080178526714,0.9348197855922527,0.2233562527142648
Rough Heston,647.0,1.7713894592744694,1.05,4126.989033187254,4333.338484846617,0.038050080178526714,0.9348197855922527,0.2230631569334726
