Model,T_days,T,K_over_F0,Forward,Strike,r_GSW,Discount_factor,IV_model
Classical Heston,1.0,0.0027378507871321013,0.95,3936.9814263393455,3740.132355022378,0.036499208078335656,0.9999000756072077,0.3264246100397491
Classical Heston,1.0,0.0027378507871321013,0.9516666666666667,3936.9814263393455,3746.693990732944,0.036499208078335656,0.9999000756072077,0.3246641596362338
Classical Heston,1.0,0.0027378507871321013,0.9533333333333333,3936.9814263393455,3753.255626443509,0.036499208078335656,0.9999000756072077,0.32289455859799987
Classical Heston,1.0,0.0027378507871321013,0.955,3936.9814263393455,3759.817262154075,0.036499208078335656,0.9999000756072077,0.3211156945342503
Classical Heston,1.0,0.0027378507871321013,0.9566666666666667,3936.9814263393455,3766.3788978646403,0.036499208078335656,0.9999000756072077,0.3193274593208564
Classical Heston,1.0,0.0027378507871321013,0.9583333333333333,3936.9814263393455,3772.940533575206,0.036499208078335656,0.9999000756072077,0.3175297500401413
Classical Heston,1.0,0.0027378507871321013,0.96,3936.9814263393455,3779.5021692857717,0.036499208078335656,0.9999000756072077,0.3157224700205943
Classical Heston,1.0,0.0027378507871321013,0.9616666666666667,3936.9814263393455,3786.0638049963372,0.036499208078335656,0.9999000756072077,0.31390553014651146
Classical Heston,1.0,0.0027378507871321013,0.9633333333333333,3936.9814263393455,3792.6254407069027,0.036499208078335656,0.9999000756072077,0.31207885006083363
Classical Heston,1.0,0.0027378507871321013,0.965,3936.9814263393455,3799.1870764174682,0.036499208078335656,0.9999000756072077,0.31024235992000093
Classical Heston,1.0,0.0027378507871321013,0.9666666666666667,3936.9814263393455,3805.748712128034,0.036499208078335656,0.9999000756072077,0.308396002105622
Classical Heston,1.0,0.0027378507871321013,0.9683333333333333,3936.9814263393455,3812.3103478385992,0.036499208078335656,0.9999000756072077,0.30653973324236433
Classical Heston,1.0,0.0027378507871321013,0.97,3936.9814263393455,3818.871983549165,0.036499208078335656,0.9999000756072077,0.30467352661937075
Classical Heston,1.0,0.0027378507871321013,0.9716666666666667,3936.9814263393455,3825.4336192597307,0.036499208078335656,0.9999000756072077,0.3027973747278587
Classical Heston,1.0,0.0027378507871321013,0.9733333333333333,3936.9814263393455,3831.995254970296,0.036499208078335656,0.9999000756072077,0.30091129233069785
Classical Heston,1.0,0.0027378507871321013,0.975,3936.9814263393455,3838.5568906808617,0.036499208078335656,0.9999000756072077,0.2990153198689169
Classical Heston,1.0,0.0027378507871321013,0.9766666666666667,3936.9814263393455,3845.1185263914276,0.036499208078335656,0.9999000756072077,0.2971095273413512
Classical Heston,1.0,0.0027378507871321013,0.9783333333333333,3936.9814263393455,3851.6801621019927,0.036499208078335656,0.9999000756072077,0.29519401872510326
Classical Heston,1.0,0.0027378507871321013,0.98,3936.9814263393455,3858.2417978125586,0.036499208078335656,0.9999000756072077,0.29326893698001016
Classical Heston,1.0,0.0027378507871321013,0.9816666666666667,3936.9814263393455,3864.803433523124,0.036499208078335656,0.9999000756072077,0.2913344697233981
Classical Heston,1.0,0.0027378507871321013,0.9833333333333333,3936.9814263393455,3871.3650692336896,0.036499208078335656,0.9999000756072077,0.2893908556590069
Classical Heston,1.0,0.0027378507871321013,0.985,3936.9814263393455,3877.926704944255,0.036499208078335656,0.9999000756072077,0.2874383918409941
Classical Heston,1.0,0.0027378507871321013,0.9866666666666667,3936.9814263393455,3884.488340654821,0.036499208078335656,0.9999000756072077,0.28547744187061896
Classical Heston,1.0,0.0027378507871321013,0.9883333333333333,3936.9814263393455,3891.049976365386,0.036499208078335656,0.9999000756072077,0.2835084451243785
Classical Heston,1.0,0.0027378507871321013,0.99,3936.9814263393455,3897.611612075952,0.036499208078335656,0.9999000756072077,0.28153192710467445
Classical Heston,1.0,0.0027378507871321013,0.9916666666666667,3936.9814263393455,3904.1732477865175,0.036499208078335656,0.9999000756072077,0.2795485110226614
Classical Heston,1.0,0.0027378507871321013,0.9933333333333333,3936.9814263393455,3910.734883497083,0.036499208078335656,0.9999000756072077,0.2775589306705575
Classical Heston,1.0,0.0027378507871321013,0.995,3936.9814263393455,3917.2965192076485,0.036499208078335656,0.9999000756072077,0.27556404469234996
Classical Heston,1.0,0.0027378507871321013,0.9966666666666667,3936.9814263393455,3923.8581549182145,0.036499208078335656,0.9999000756072077,0.2735648522386725
Classical Heston,1.0,0.0027378507871321013,0.9983333333333333,3936.9814263393455,3930.4197906287795,0.036499208078335656,0.9999000756072077,0.27156251001671744
Classical Heston,1.0,0.0027378507871321013,1.0,3936.9814263393455,3936.9814263393455,0.036499208078335656,0.9999000756072077,0.2695583506681086
Classical Heston,1.0,0.0027378507871321013,1.0016666666666667,3936.9814263393455,3943.5430620499114,0.036499208078335656,0.9999000756072077,0.2675539022302704
Classical Heston,1.0,0.0027378507871321013,1.0033333333333334,3936.9814263393455,3950.104697760477,0.036499208078335656,0.9999000756072077,0.26555090842583307
Classical Heston,1.0,0.0027378507871321013,1.005,3936.9814263393455,3956.666333471042,0.036499208078335656,0.9999000756072077,0.26355134922382384
Classical Heston,1.0,0.0027378507871321013,1.0066666666666666,3936.9814263393455,3963.2279691816075,0.036499208078335656,0.9999000756072077,0.26155746102810956
Classical Heston,1.0,0.0027378507871321013,1.0083333333333333,3936.9814263393455,3969.7896048921734,0.036499208078335656,0.9999000756072077,0.25957175536412314
Classical Heston,1.0,0.0027378507871321013,1.01,3936.9814263393455,3976.351240602739,0.036499208078335656,0.9999000756072077,0.2575970350680298
Classical Heston,1.0,0.0027378507871321013,1.0116666666666667,3936.9814263393455,3982.912876313305,0.036499208078335656,0.9999000756072077,0.2556364056692925
Classical Heston,1.0,0.0027378507871321013,1.0133333333333334,3936.9814263393455,3989.4745120238704,0.036499208078335656,0.9999000756072077,0.253693281006249
Classical Heston,1.0,0.0027378507871321013,1.0150000000000001,3936.9814263393455,3996.0361477344363,0.036499208078335656,0.9999000756072077,0.25177137981893266
Classical Heston,1.0,0.0027378507871321013,1.0166666666666666,3936.9814263393455,4002.597783445001,0.036499208078335656,0.9999000756072077,0.24987471151066812
Classical Heston,1.0,0.0027378507871321013,1.0183333333333333,3936.9814263393455,4009.159419155567,0.036499208078335656,0.9999000756072077,0.2480075485480068
Classical Heston,1.0,0.0027378507871321013,1.02,3936.9814263393455,4015.7210548661324,0.036499208078335656,0.9999000756072077,0.2461743835179594
Classical Heston,1.0,0.0027378507871321013,1.0216666666666667,3936.9814263393455,4022.2826905766983,0.036499208078335656,0.9999000756072077,0.24437986997970804
Classical Heston,1.0,0.0027378507871321013,1.0233333333333334,3936.9814263393455,4028.844326287264,0.036499208078335656,0.9999000756072077,0.24262874632231246
Classical Heston,1.0,0.0027378507871321013,1.025,3936.9814263393455,4035.405961997829,0.036499208078335656,0.9999000756072077,0.24092574578060164
Classical Heston,1.0,0.0027378507871321013,1.0266666666666666,3936.9814263393455,4041.9675977083944,0.036499208078335656,0.9999000756072077,0.2392754941702852
Classical Heston,1.0,0.0027378507871321013,1.0283333333333333,3936.9814263393455,4048.5292334189603,0.036499208078335656,0.9999000756072077,0.23768240196977328
Classical Heston,1.0,0.0027378507871321013,1.03,3936.9814263393455,4055.090869129526,0.036499208078335656,0.9999000756072077,0.2361505564081801
Classical Heston,1.0,0.0027378507871321013,1.0316666666666667,3936.9814263393455,4061.6525048400918,0.036499208078335656,0.9999000756072077,0.23468362085544556
Classical Heston,1.0,0.0027378507871321013,1.0333333333333334,3936.9814263393455,4068.2141405506572,0.036499208078335656,0.9999000756072077,0.2332847482712422
Classical Heston,1.0,0.0027378507871321013,1.0350000000000001,3936.9814263393455,4074.775776261223,0.036499208078335656,0.9999000756072077,0.23195651430770706
Classical Heston,1.0,0.0027378507871321013,1.0366666666666666,3936.9814263393455,4081.337411971788,0.036499208078335656,0.9999000756072077,0.23070087383226276
Classical Heston,1.0,0.0027378507871321013,1.0383333333333333,3936.9814263393455,4087.8990476823537,0.036499208078335656,0.9999000756072077,0.22951914222245945
Classical Heston,1.0,0.0027378507871321013,1.04,3936.9814263393455,4094.4606833929192,0.036499208078335656,0.9999000756072077,0.22841200106119058
Classical Heston,1.0,0.0027378507871321013,1.0416666666666667,3936.9814263393455,4101.022319103485,0.036499208078335656,0.9999000756072077,0.22737952495502864
Classical Heston,1.0,0.0027378507871321013,1.0433333333333334,3936.9814263393455,4107.583954814051,0.036499208078335656,0.9999000756072077,0.22642122613285853
Classical Heston,1.0,0.0027378507871321013,1.045,3936.9814263393455,4114.145590524616,0.036499208078335656,0.9999000756072077,0.22553611180143796
Classical Heston,1.0,0.0027378507871321013,1.0466666666666666,3936.9814263393455,4120.707226235181,0.036499208078335656,0.9999000756072077,0.2247227496049848
Classical Heston,1.0,0.0027378507871321013,1.0483333333333333,3936.9814263393455,4127.268861945748,0.036499208078335656,0.9999000756072077,0.22397933681857285
Classical Heston,1.0,0.0027378507871321013,1.05,3936.9814263393455,4133.830497656313,0.036499208078335656,0.9999000756072077,0.22330376954823375
Classical Heston,3.0,0.008213552361396304,0.95,3937.522946229548,3740.64679891807,0.03651353816886379,0.9997001391096165,0.32353657730198404
Classical Heston,3.0,0.008213552361396304,0.9516666666666667,3937.522946229548,3747.209337161786,0.03651353816886379,0.9997001391096165,0.321775212577499
Classical Heston,3.0,0.008213552361396304,0.9533333333333333,3937.522946229548,3753.771875405502,0.03651353816886379,0.9997001391096165,0.320004432007137
Classical Heston,3.0,0.008213552361396304,0.955,3937.522946229548,3760.3344136492183,0.03651353816886379,0.9997001391096165,0.31822410646926946
Classical Heston,3.0,0.008213552361396304,0.9566666666666667,3937.522946229548,3766.8969518929343,0.03651353816886379,0.9997001391096165,0.31643411006410416
Classical Heston,3.0,0.008213552361396304,0.9583333333333333,3937.522946229548,3773.45949013665,0.03651353816886379,0.9997001391096165,0.3146343208647866
Classical Heston,3.0,0.008213552361396304,0.96,3937.522946229548,3780.022028380366,0.03651353816886379,0.9997001391096165,0.31282462185268317
Classical Heston,3.0,0.008213552361396304,0.9616666666666667,3937.522946229548,3786.584566624082,0.03651353816886379,0.9997001391096165,0.3110049020935973
Classical Heston,3.0,0.008213552361396304,0.9633333333333333,3937.522946229548,3793.1471048677977,0.03651353816886379,0.9997001391096165,0.3091750580161417
Classical Heston,3.0,0.008213552361396304,0.965,3937.522946229548,3799.7096431115137,0.03651353816886379,0.9997001391096165,0.30733499494005606
Classical Heston,3.0,0.008213552361396304,0.9666666666666667,3937.522946229548,3806.27218135523,0.03651353816886379,0.9997001391096165,0.30548462882442123
Classical Heston,3.0,0.008213552361396304,0.9683333333333333,3937.522946229548,3812.8347195989454,0.03651353816886379,0.9997001391096165,0.3036238881932068
Classical Heston,3.0,0.008213552361396304,0.97,3937.522946229548,3819.3972578426615,0.03651353816886379,0.9997001391096165,0.30175271640515605
Classical Heston,3.0,0.008213552361396304,0.9716666666666667,3937.522946229548,3825.9597960863775,0.03651353816886379,0.9997001391096165,0.299871074218514
Classical Heston,3.0,0.008213552361396304,0.9733333333333333,3937.522946229548,3832.522334330093,0.03651353816886379,0.9997001391096165,0.2979789427826053
Classical Heston,3.0,0.008213552361396304,0.975,3937.522946229548,3839.084872573809,0.03651353816886379,0.9997001391096165,0.2960763270812874
Classical Heston,3.0,0.008213552361396304,0.9766666666666667,3937.522946229548,3845.6474108175253,0.03651353816886379,0.9997001391096165,0.2941632598768418
Classical Heston,3.0,0.008213552361396304,0.9783333333333333,3937.522946229548,3852.209949061241,0.03651353816886379,0.9997001391096165,0.29223980621650814
Classical Heston,3.0,0.008213552361396304,0.98,3937.522946229548,3858.772487304957,0.03651353816886379,0.9997001391096165,0.2903060685907251
Classical Heston,3.0,0.008213552361396304,0.9816666666666667,3937.522946229548,3865.335025548673,0.03651353816886379,0.9997001391096165,0.28836219285778514
Classical Heston,3.0,0.008213552361396304,0.9833333333333333,3937.522946229548,3871.8975637923886,0.03651353816886379,0.9997001391096165,0.2864083750950583
Classical Heston,3.0,0.008213552361396304,0.985,3937.522946229548,3878.4601020361047,0.03651353816886379,0.9997001391096165,0.28444486936004837
Classical Heston,3.0,0.008213552361396304,0.9866666666666667,3937.522946229548,3885.0226402798207,0.03651353816886379,0.9997001391096165,0.2824719967121983
Classical Heston,3.0,0.008213552361396304,0.9883333333333333,3937.522946229548,3891.5851785235363,0.03651353816886379,0.9997001391096165,0.28049015543596906
Classical Heston,3.0,0.008213552361396304,0.99,3937.522946229548,3898.1477167672524,0.03651353816886379,0.9997001391096165,0.27849983268672673
Classical Heston,3.0,0.008213552361396304,0.9916666666666667,3937.522946229548,3904.7102550109685,0.03651353816886379,0.9997001391096165,0.2765016178076225
Classical Heston,3.0,0.008213552361396304,0.9933333333333333,3937.522946229548,3911.272793254684,0.03651353816886379,0.9997001391096165,0.27449621740426405
Classical Heston,3.0,0.008213552361396304,0.995,3937.522946229548,3917.8353314984,0.03651353816886379,0.9997001391096165,0.27248447230442796
Classical Heston,3.0,0.008213552361396304,0.9966666666666667,3937.522946229548,3924.397869742116,0.03651353816886379,0.9997001391096165,0.2704673769374546
Classical Heston,3.0,0.008213552361396304,0.9983333333333333,3937.522946229548,3930.960407985832,0.03651353816886379,0.9997001391096165,0.2684461003653425
Classical Heston,3.0,0.008213552361396304,1.0,3937.522946229548,3937.522946229548,0.03651353816886379,0.9997001391096165,0.2664220098560031
Classical Heston,3.0,0.008213552361396304,1.0016666666666667,3937.522946229548,3944.085484473264,0.03651353816886379,0.9997001391096165,0.26439669621203776
Classical Heston,3.0,0.008213552361396304,1.0033333333333334,3937.522946229548,3950.64802271698,0.03651353816886379,0.9997001391096165,0.26237200086936724
Classical Heston,3.0,0.008213552361396304,1.005,3937.522946229548,3957.210560960695,0.03651353816886379,0.9997001391096165,0.2603500438137412
Classical Heston,3.0,0.008213552361396304,1.0066666666666666,3937.522946229548,3963.773099204411,0.03651353816886379,0.9997001391096165,0.2583332515173216
Classical Heston,3.0,0.008213552361396304,1.0083333333333333,3937.522946229548,3970.3356374481273,0.03651353816886379,0.9997001391096165,0.2563243831249643
Classical Heston,3.0,0.008213552361396304,1.01,3937.522946229548,3976.8981756918433,0.03651353816886379,0.9997001391096165,0.25432655288139405
Classical Heston,3.0,0.008213552361396304,1.0116666666666667,3937.522946229548,3983.4607139355594,0.03651353816886379,0.9997001391096165,0.25234324596472296
Classical Heston,3.0,0.008213552361396304,1.0133333333333334,3937.522946229548,3990.0232521792755,0.03651353816886379,0.9997001391096165,0.2503783247646204
Classical Heston,3.0,0.008213552361396304,1.0150000000000001,3937.522946229548,3996.5857904229915,0.03651353816886379,0.9997001391096165,0.2484360215073931
Classical Heston,3.0,0.008213552361396304,1.0166666666666666,3937.522946229548,4003.1483286667067,0.03651353816886379,0.9997001391096165,0.24652091408055515
Classical Heston,3.0,0.008213552361396304,1.0183333333333333,3937.522946229548,4009.7108669104227,0.03651353816886379,0.9997001391096165,0.24463788151879987
Classical Heston,3.0,0.008213552361396304,1.02,3937.522946229548,4016.273405154139,0.03651353816886379,0.9997001391096165,0.24279203725521645
Classical Heston,3.0,0.008213552361396304,1.0216666666666667,3937.522946229548,4022.835943397855,0.03651353816886379,0.9997001391096165,0.24098863984376942
Classical Heston,3.0,0.008213552361396304,1.0233333333333334,3937.522946229548,4029.398481641571,0.03651353816886379,0.9997001391096165,0.23923298328768736
Classical Heston,3.0,0.008213552361396304,1.025,3937.522946229548,4035.961019885286,0.03651353816886379,0.9997001391096165,0.23753027174267483
Classical Heston,3.0,0.008213552361396304,1.0266666666666666,3937.522946229548,4042.523558129002,0.03651353816886379,0.9997001391096165,0.2358854857373753
Classical Heston,3.0,0.008213552361396304,1.0283333333333333,3937.522946229548,4049.086096372718,0.03651353816886379,0.9997001391096165,0.23430324886215828
Classical Heston,3.0,0.008213552361396304,1.03,3937.522946229548,4055.6486346164343,0.03651353816886379,0.9997001391096165,0.23278770430179518
Classical Heston,3.0,0.008213552361396304,1.0316666666666667,3937.522946229548,4062.2111728601503,0.03651353816886379,0.9997001391096165,0.23134241037414152
Classical Heston,3.0,0.008213552361396304,1.0333333333333334,3937.522946229548,4068.7737111038664,0.03651353816886379,0.9997001391096165,0.2299702617710621
Classical Heston,3.0,0.008213552361396304,1.0350000000000001,3937.522946229548,4075.3362493475825,0.03651353816886379,0.9997001391096165,0.22867344107853305
Classical Heston,3.0,0.008213552361396304,1.0366666666666666,3937.522946229548,4081.8987875912976,0.03651353816886379,0.9997001391096165,0.22745340162692346
Classical Heston,3.0,0.008213552361396304,1.0383333333333333,3937.522946229548,4088.4613258350137,0.03651353816886379,0.9997001391096165,0.22631087961142915
Classical Heston,3.0,0.008213552361396304,1.04,3937.522946229548,4095.0238640787297,0.03651353816886379,0.9997001391096165,0.2252459318617512
Classical Heston,3.0,0.008213552361396304,1.0416666666666667,3937.522946229548,4101.586402322446,0.03651353816886379,0.9997001391096165,0.2242579930195562
Classical Heston,3.0,0.008213552361396304,1.0433333333333334,3937.522946229548,4108.148940566162,0.03651353816886379,0.9997001391096165,0.22334594641930886
Classical Heston,3.0,0.008213552361396304,1.045,3937.522946229548,4114.711478809877,0.03651353816886379,0.9997001391096165,0.22250820263657725
Classical Heston,3.0,0.008213552361396304,1.0466666666666666,3937.522946229548,4121.2740170535935,0.03651353816886379,0.9997001391096165,0.22174278054155505
Classical Heston,3.0,0.008213552361396304,1.0483333333333333,3937.522946229548,4127.836555297309,0.03651353816886379,0.9997001391096165,0.2210473868176452
Classical Heston,3.0,0.008213552361396304,1.05,3937.522946229548,4134.399093541026,0.03651353816886379,0.9997001391096165,0.22041949051197954
Classical Heston,7.0,0.019164955509924708,0.95,3938.608044430406,3741.6776422088856,0.036541941945302046,0.9992999204784726,0.31785351358261416
Classical Heston,7.0,0.019164955509924708,0.9516666666666667,3938.608044430406,3748.241988949603,0.036541941945302046,0.9992999204784726,0.3160908798365508
Classical Heston,7.0,0.019164955509924708,0.9533333333333333,3938.608044430406,3754.8063356903203,0.036541941945302046,0.9992999204784726,0.31431836548493747
Classical Heston,7.0,0.019164955509924708,0.955,3938.608044430406,3761.3706824310375,0.036541941945302046,0.9992999204784726,0.3125358099285658
Classical Heston,7.0,0.019164955509924708,0.9566666666666667,3938.608044430406,3767.935029171755,0.036541941945302046,0.9992999204784726,0.31074305410450204
Classical Heston,7.0,0.019164955509924708,0.9583333333333333,3938.608044430406,3774.4993759124723,0.036541941945302046,0.9992999204784726,0.3089399429100062
Classical Heston,7.0,0.019164955509924708,0.96,3938.608044430406,3781.06372265319,0.036541941945302046,0.9992999204784726,0.3071263271631042
Classical Heston,7.0,0.019164955509924708,0.9616666666666667,3938.608044430406,3787.6280693939075,0.036541941945302046,0.9992999204784726,0.30530206484531175
Classical Heston,7.0,0.019164955509924708,0.9633333333333333,3938.608044430406,3794.192416134624,0.036541941945302046,0.9992999204784726,0.3034670217283195
Classical Heston,7.0,0.019164955509924708,0.965,3938.608044430406,3800.756762875342,0.036541941945302046,0.9992999204784726,0.3016210716150891
Classical Heston,7.0,0.019164955509924708,0.9666666666666667,3938.608044430406,3807.3211096160594,0.036541941945302046,0.9992999204784726,0.299764096845817
Classical Heston,7.0,0.019164955509924708,0.9683333333333333,3938.608044430406,3813.8854563567766,0.036541941945302046,0.9992999204784726,0.2978959896264611
Classical Heston,7.0,0.019164955509924708,0.97,3938.608044430406,3820.4498030974937,0.036541941945302046,0.9992999204784726,0.29601665437102137
Classical Heston,7.0,0.019164955509924708,0.9716666666666667,3938.608044430406,3827.0141498382113,0.036541941945302046,0.9992999204784726,0.29412601145135286
Classical Heston,7.0,0.019164955509924708,0.9733333333333333,3938.608044430406,3833.5784965789285,0.036541941945302046,0.9992999204784726,0.29222400207145754
Classical Heston,7.0,0.019164955509924708,0.975,3938.608044430406,3840.142843319646,0.036541941945302046,0.9992999204784726,0.29031059391372876
Classical Heston,7.0,0.019164955509924708,0.9766666666666667,3938.608044430406,3846.7071900603632,0.036541941945302046,0.9992999204784726,0.2883857873297509
Classical Heston,7.0,0.019164955509924708,0.9783333333333333,3938.608044430406,3853.2715368010804,0.036541941945302046,0.9992999204784726,0.28644962166198074
Classical Heston,7.0,0.019164955509924708,0.98,3938.608044430406,3859.835883541798,0.036541941945302046,0.9992999204784726,0.284502181833089
Classical Heston,7.0,0.019164955509924708,0.9816666666666667,3938.608044430406,3866.4002302825156,0.036541941945302046,0.9992999204784726,0.2825436053348655
Classical Heston,7.0,0.019164955509924708,0.9833333333333333,3938.608044430406,3872.9645770232323,0.036541941945302046,0.9992999204784726,0.28057409024509394
Classical Heston,7.0,0.019164955509924708,0.985,3938.608044430406,3879.52892376395,0.036541941945302046,0.9992999204784726,0.27859390466486517
Classical Heston,7.0,0.019164955509924708,0.9866666666666667,3938.608044430406,3886.0932705046675,0.036541941945302046,0.9992999204784726,0.2766033986260307
Classical Heston,7.0,0.019164955509924708,0.9883333333333333,3938.608044430406,3892.6576172453847,0.036541941945302046,0.9992999204784726,0.2746030180562378
Classical Heston,7.0,0.019164955509924708,0.99,3938.608044430406,3899.221963986102,0.036541941945302046,0.9992999204784726,0.2725933217426573
Classical Heston,7.0,0.019164955509924708,0.9916666666666667,3938.608044430406,3905.7863107268195,0.036541941945302046,0.9992999204784726,0.2705750005059701
Classical Heston,7.0,0.019164955509924708,0.9933333333333333,3938.608044430406,3912.3506574675366,0.036541941945302046,0.9992999204784726,0.26854889874800936
Classical Heston,7.0,0.019164955509924708,0.995,3938.608044430406,3918.9150042082542,0.036541941945302046,0.9992999204784726,0.2665160373080126
Classical Heston,7.0,0.019164955509924708,0.9966666666666667,3938.608044430406,3925.4793509489714,0.036541941945302046,0.9992999204784726,0.2644776377750677
Classical Heston,7.0,0.019164955509924708,0.9983333333333333,3938.608044430406,3932.0436976896885,0.036541941945302046,0.9992999204784726,0.2624351474612323
Classical Heston,7.0,0.019164955509924708,1.0,3938.608044430406,3938.608044430406,0.036541941945302046,0.9992999204784726,0.2603902652126738
Classical Heston,7.0,0.019164955509924708,1.0016666666666667,3938.608044430406,3945.1723911711238,0.036541941945302046,0.9992999204784726,0.2583449671678594
Classical Heston,7.0,0.019164955509924708,1.0033333333333334,3938.608044430406,3951.736737911841,0.036541941945302046,0.9992999204784726,0.2563015325070063
Classical Heston,7.0,0.019164955509924708,1.005,3938.608044430406,3958.3010846525576,0.036541941945302046,0.9992999204784726,0.25426256791570145
Classical Heston,7.0,0.019164955509924708,1.0066666666666666,3938.608044430406,3964.8654313932752,0.036541941945302046,0.9992999204784726,0.2522310293609242
Classical Heston,7.0,0.019164955509924708,1.0083333333333333,3938.608044430406,3971.429778133993,0.036541941945302046,0.9992999204784726,0.2502102389114785
Classical Heston,7.0,0.019164955509924708,1.01,3938.608044430406,3977.9941248747105,0.036541941945302046,0.9992999204784726,0.2482038938340784
Classical Heston,7.0,0.019164955509924708,1.0116666666666667,3938.608044430406,3984.5584716154276,0.036541941945302046,0.9992999204784726,0.24621606476948096
Classical Heston,7.0,0.019164955509924708,1.0133333333333334,3938.608044430406,3991.122818356145,0.036541941945302046,0.9992999204784726,0.2442511797087139
Classical Heston,7.0,0.019164955509924708,1.0150000000000001,3938.608044430406,3997.687165096863,0.036541941945302046,0.9992999204784726,0.24231399105239926
Classical Heston,7.0,0.019164955509924708,1.0166666666666666,3938.608044430406,4004.2515118375795,0.036541941945302046,0.9992999204784726,0.2404095237929014
Classical Heston,7.0,0.019164955509924708,1.0183333333333333,3938.608044430406,4010.8158585782967,0.036541941945302046,0.9992999204784726,0.23854300432164743
Classical Heston,7.0,0.019164955509924708,1.02,3938.608044430406,4017.3802053190143,0.036541941945302046,0.9992999204784726,0.236719770855462
Classical Heston,7.0,0.019164955509924708,1.0216666666666667,3938.608044430406,4023.944552059732,0.036541941945302046,0.9992999204784726,0.2349451681810148
Classical Heston,7.0,0.019164955509924708,1.0233333333333334,3938.608044430406,4030.5088988004495,0.036541941945302046,0.9992999204784726,0.23322443128247855
Classical Heston,7.0,0.019164955509924708,1.025,3938.608044430406,4037.0732455411658,0.036541941945302046,0.9992999204784726,0.2315625632024197
Classical Heston,7.0,0.019164955509924708,1.0266666666666666,3938.608044430406,4043.6375922818834,0.036541941945302046,0.9992999204784726,0.2299642137865797
Classical Heston,7.0,0.019164955509924708,1.0283333333333333,3938.608044430406,4050.201939022601,0.036541941945302046,0.9992999204784726,0.22843356634165354
Classical Heston,7.0,0.019164955509924708,1.03,3938.608044430406,4056.7662857633186,0.036541941945302046,0.9992999204784726,0.22697423839265088
Classical Heston,7.0,0.019164955509924708,1.0316666666666667,3938.608044430406,4063.3306325040357,0.036541941945302046,0.9992999204784726,0.22558920247493175
Classical Heston,7.0,0.019164955509924708,1.0333333333333334,3938.608044430406,4069.8949792447534,0.036541941945302046,0.9992999204784726,0.22428073123509193
Classical Heston,7.0,0.019164955509924708,1.0350000000000001,3938.608044430406,4076.459325985471,0.036541941945302046,0.9992999204784726,0.22305036947135404
Classical Heston,7.0,0.019164955509924708,1.0366666666666666,3938.608044430406,4083.0236727261877,0.036541941945302046,0.9992999204784726,0.22189893379448955
Classical Heston,7.0,0.019164955509924708,1.0383333333333333,3938.608044430406,4089.588019466905,0.036541941945302046,0.9992999204784726,0.22082653853114173
Classical Heston,7.0,0.019164955509924708,1.04,3938.608044430406,4096.152366207622,0.036541941945302046,0.9992999204784726,0.2198326448900134
Classical Heston,7.0,0.019164955509924708,1.0416666666666667,3938.608044430406,4102.71671294834,0.036541941945302046,0.9992999204784726,0.2189161281597223
Classical Heston,7.0,0.019164955509924708,1.0433333333333334,3938.608044430406,4109.281059689058,0.036541941945302046,0.9992999204784726,0.21807535784066032
Classical Heston,7.0,0.019164955509924708,1.045,3938.608044430406,4115.845406429774,0.036541941945302046,0.9992999204784726,0.21730828387314996
Classical Heston,7.0,0.019164955509924708,1.0466666666666666,3938.608044430406,4122.409753170492,0.036541941945302046,0.9992999204784726,0.21661252331508832
Classical Heston,7.0,0.019164955509924708,1.0483333333333333,3938.608044430406,4128.974099911209,0.036541941945302046,0.9992999204784726,0.2159854422340008
Classical Heston,7.0,0.019164955509924708,1.05,3938.608044430406,4135.538446651926,0.036541941945302046,0.9992999204784726,0.21542422912589496
Classical Heston,15.0,0.04106776180698152,0.95,3940.786328360648,3743.7470119426152,0.0365977324873474,0.9984981419587812,0.3067915523464091
Classical Heston,15.0,0.04106776180698152,0.9516666666666667,3940.786328360648,3750.31498915655,0.0365977324873474,0.9984981419587812,0.3050322626587619
Classical Heston,15.0,0.04106776180698152,0.9533333333333333,3940.786328360648,3756.882966370484,0.0365977324873474,0.9984981419587812,0.3032630485006153
Classical Heston,15.0,0.04106776180698152,0.955,3940.786328360648,3763.450943584419,0.0365977324873474,0.9984981419587812,0.3014838455060755
Classical Heston,15.0,0.04106776180698152,0.9566666666666667,3940.786328360648,3770.018920798353,0.0365977324873474,0.9984981419587812,0.2996946022196564
Classical Heston,15.0,0.04106776180698152,0.9583333333333333,3940.786328360648,3776.5868980122873,0.0365977324873474,0.9984981419587812,0.29789527679735534
Classical Heston,15.0,0.04106776180698152,0.96,3940.786328360648,3783.154875226222,0.0365977324873474,0.9984981419587812,0.2960858340523921
Classical Heston,15.0,0.04106776180698152,0.9616666666666667,3940.786328360648,3789.7228524401567,0.0365977324873474,0.9984981419587812,0.29426624420358494
Classical Heston,15.0,0.04106776180698152,0.9633333333333333,3940.786328360648,3796.2908296540904,0.0365977324873474,0.9984981419587812,0.2924364831858391
Classical Heston,15.0,0.04106776180698152,0.965,3940.786328360648,3802.858806868025,0.0365977324873474,0.9984981419587812,0.29059653521216827
Classical Heston,15.0,0.04106776180698152,0.9666666666666667,3940.786328360648,3809.42678408196,0.0365977324873474,0.9984981419587812,0.28874639750045844
Classical Heston,15.0,0.04106776180698152,0.9683333333333333,3940.786328360648,3815.994761295894,0.0365977324873474,0.9984981419587812,0.2868860871196437
Classical Heston,15.0,0.04106776180698152,0.97,3940.786328360648,3822.5627385098283,0.0365977324873474,0.9984981419587812,0.2850156493492281
Classical Heston,15.0,0.04106776180698152,0.9716666666666667,3940.786328360648,3829.130715723763,0.0365977324873474,0.9984981419587812,0.2831351671958347
Classical Heston,15.0,0.04106776180698152,0.9733333333333333,3940.786328360648,3835.698692937697,0.0365977324873474,0.9984981419587812,0.28124477131015435
Classical Heston,15.0,0.04106776180698152,0.975,3940.786328360648,3842.266670151632,0.0365977324873474,0.9984981419587812,0.2793446497032325
Classical Heston,15.0,0.04106776180698152,0.9766666666666667,3940.786328360648,3848.834647365566,0.0365977324873474,0.9984981419587812,0.27743505670340035
Classical Heston,15.0,0.04106776180698152,0.9783333333333333,3940.786328360648,3855.4026245795003,0.0365977324873474,0.9984981419587812,0.2755163208358406
Classical Heston,15.0,0.04106776180698152,0.98,3940.786328360648,3861.970601793435,0.0365977324873474,0.9984981419587812,0.2735888512697321
Classical Heston,15.0,0.04106776180698152,0.9816666666666667,3940.786328360648,3868.5385790073697,0.0365977324873474,0.9984981419587812,0.27165314321340833
Classical Heston,15.0,0.04106776180698152,0.9833333333333333,3940.786328360648,3875.1065562213034,0.0365977324873474,0.9984981419587812,0.2697097822707271
Classical Heston,15.0,0.04106776180698152,0.985,3940.786328360648,3881.674533435238,0.0365977324873474,0.9984981419587812,0.267759448451243
Classical Heston,15.0,0.04106776180698152,0.9866666666666667,3940.786328360648,3888.242510649173,0.0365977324873474,0.9984981419587812,0.26580292024825003
Classical Heston,15.0,0.04106776180698152,0.9883333333333333,3940.786328360648,3894.810487863107,0.0365977324873474,0.9984981419587812,0.26384107997629136
Classical Heston,15.0,0.04106776180698152,0.99,3940.786328360648,3901.3784650770413,0.0365977324873474,0.9984981419587812,0.2618749201805178
Classical Heston,15.0,0.04106776180698152,0.9916666666666667,3940.786328360648,3907.946442290976,0.0365977324873474,0.9984981419587812,0.25990555239781243
Classical Heston,15.0,0.04106776180698152,0.9933333333333333,3940.786328360648,3914.51441950491,0.0365977324873474,0.9984981419587812,0.2579342180925672
Classical Heston,15.0,0.04106776180698152,0.995,3940.786328360648,3921.082396718845,0.0365977324873474,0.9984981419587812,0.25596230189769975
Classical Heston,15.0,0.04106776180698152,0.9966666666666667,3940.786328360648,3927.650373932779,0.0365977324873474,0.9984981419587812,0.25399134659794154
Classical Heston,15.0,0.04106776180698152,0.9983333333333333,3940.786328360648,3934.2183511467133,0.0365977324873474,0.9984981419587812,0.25202306974990774
Classical Heston,15.0,0.04106776180698152,1.0,3940.786328360648,3940.786328360648,0.0365977324873474,0.9984981419587812,0.250059380060288
Classical Heston,15.0,0.04106776180698152,1.0016666666666667,3940.786328360648,3947.3543055745827,0.0365977324873474,0.9984981419587812,0.24810239298825534
Classical Heston,15.0,0.04106776180698152,1.0033333333333334,3940.786328360648,3953.922282788517,0.0365977324873474,0.9984981419587812,0.24615444404118353
Classical Heston,15.0,0.04106776180698152,1.005,3940.786328360648,3960.4902600024507,0.0365977324873474,0.9984981419587812,0.2442180980328091
Classical Heston,15.0,0.04106776180698152,1.0066666666666666,3940.786328360648,3967.0582372163854,0.0365977324873474,0.9984981419587812,0.24229615323147638
Classical Heston,15.0,0.04106776180698152,1.0083333333333333,3940.786328360648,3973.62621443032,0.0365977324873474,0.9984981419587812,0.24039163901994492
Classical Heston,15.0,0.04106776180698152,1.01,3940.786328360648,3980.1941916442547,0.0365977324873474,0.9984981419587812,0.23850780599566784
Classical Heston,15.0,0.04106776180698152,1.0116666666666667,3940.786328360648,3986.762168858189,0.0365977324873474,0.9984981419587812,0.23664810809932577
Classical Heston,15.0,0.04106776180698152,1.0133333333333334,3940.786328360648,3993.3301460721236,0.0365977324873474,0.9984981419587812,0.23481617638717106
Classical Heston,15.0,0.04106776180698152,1.0150000000000001,3940.786328360648,3999.8981232860583,0.0365977324873474,0.9984981419587812,0.23301578454759495
Classical Heston,15.0,0.04106776180698152,1.0166666666666666,3940.786328360648,4006.466100499992,0.0365977324873474,0.9984981419587812,0.23125080718964064
Classical Heston,15.0,0.04106776180698152,1.0183333333333333,3940.786328360648,4013.0340777139263,0.0365977324873474,0.9984981419587812,0.2295251711014386
Classical Heston,15.0,0.04106776180698152,1.02,3940.786328360648,4019.602054927861,0.0365977324873474,0.9984981419587812,0.22784280154184378
Classical Heston,15.0,0.04106776180698152,1.0216666666666667,3940.786328360648,4026.1700321417957,0.0365977324873474,0.9984981419587812,0.22620756473273804
Classical Heston,15.0,0.04106776180698152,1.0233333333333334,3940.786328360648,4032.7380093557304,0.0365977324873474,0.9984981419587812,0.22462320806676953
Classical Heston,15.0,0.04106776180698152,1.025,3940.786328360648,4039.3059865696637,0.0365977324873474,0.9984981419587812,0.22309330039856362
Classical Heston,15.0,0.04106776180698152,1.0266666666666666,3940.786328360648,4045.8739637835984,0.0365977324873474,0.9984981419587812,0.2216211736037324
Classical Heston,15.0,0.04106776180698152,1.0283333333333333,3940.786328360648,4052.441940997533,0.0365977324873474,0.9984981419587812,0.220209867498136
Classical Heston,15.0,0.04106776180698152,1.03,3940.786328360648,4059.0099182114677,0.0365977324873474,0.9984981419587812,0.21886207971272875
Classical Heston,15.0,0.04106776180698152,1.0316666666666667,3940.786328360648,4065.577895425402,0.0365977324873474,0.9984981419587812,0.2175801217393736
Classical Heston,15.0,0.04106776180698152,1.0333333333333334,3940.786328360648,4072.1458726393366,0.0365977324873474,0.9984981419587812,0.21636588286996403
Classical Heston,15.0,0.04106776180698152,1.0350000000000001,3940.786328360648,4078.7138498532713,0.0365977324873474,0.9984981419587812,0.2152208026144982
Classical Heston,15.0,0.04106776180698152,1.0366666666666666,3940.786328360648,4085.281827067205,0.0365977324873474,0.9984981419587812,0.21414585278778495
Classical Heston,15.0,0.04106776180698152,1.0383333333333333,3940.786328360648,4091.8498042811393,0.0365977324873474,0.9984981419587812,0.2131415296415506
Classical Heston,15.0,0.04106776180698152,1.04,3940.786328360648,4098.417781495074,0.0365977324873474,0.9984981419587812,0.2122078564322391
Classical Heston,15.0,0.04106776180698152,1.0416666666666667,3940.786328360648,4104.985758709008,0.0365977324873474,0.9984981419587812,0.21134439639634098
Classical Heston,15.0,0.04106776180698152,1.0433333333333334,3940.786328360648,4111.553735922943,0.0365977324873474,0.9984981419587812,0.2105502758060452
Classical Heston,15.0,0.04106776180698152,1.045,3940.786328360648,4118.121713136877,0.0365977324873474,0.9984981419587812,0.20982421648841443
Classical Heston,15.0,0.04106776180698152,1.0466666666666666,3940.786328360648,4124.689690350811,0.0365977324873474,0.9984981419587812,0.2091645765562825
Classical Heston,15.0,0.04106776180698152,1.0483333333333333,3940.786328360648,4131.257667564746,0.0365977324873474,0.9984981419587812,0.20856939858076246
Classical Heston,15.0,0.04106776180698152,1.05,3940.786328360648,4137.825644778681,0.0365977324873474,0.9984981419587812,0.20803646249500826
Classical Heston,31.0,0.08487337440109514,0.95,3945.174096903203,3747.9153920580425,0.03670531362949347,0.996889543697636,0.28798619758911215
Classical Heston,31.0,0.08487337440109514,0.9516666666666667,3945.174096903203,3754.490682219548,0.03670531362949347,0.996889543697636,0.2863409838771805
Classical Heston,31.0,0.08487337440109514,0.9533333333333333,3945.174096903203,3761.065972381053,0.03670531362949347,0.996889543697636,0.28469027625510435
Classical Heston,31.0,0.08487337440109514,0.955,3945.174096903203,3767.6412625425587,0.03670531362949347,0.996889543697636,0.2830342063976553
Classical Heston,31.0,0.08487337440109514,0.9566666666666667,3945.174096903203,3774.2165527040643,0.03670531362949347,0.996889543697636,0.2813729389958277
Classical Heston,31.0,0.08487337440109514,0.9583333333333333,3945.174096903203,3780.7918428655694,0.03670531362949347,0.996889543697636,0.27970667107323927
Classical Heston,31.0,0.08487337440109514,0.96,3945.174096903203,3787.367133027075,0.03670531362949347,0.996889543697636,0.27803563051134206
Classical Heston,31.0,0.08487337440109514,0.9616666666666667,3945.174096903203,3793.94242318858,0.03670531362949347,0.996889543697636,0.2763600739388899
Classical Heston,31.0,0.08487337440109514,0.9633333333333333,3945.174096903203,3800.517713350085,0.03670531362949347,0.996889543697636,0.2746802841788055
Classical Heston,31.0,0.08487337440109514,0.965,3945.174096903203,3807.0930035115907,0.03670531362949347,0.996889543697636,0.2729965674451121
Classical Heston,31.0,0.08487337440109514,0.9666666666666667,3945.174096903203,3813.6682936730963,0.03670531362949347,0.996889543697636,0.27130925072370865
Classical Heston,31.0,0.08487337440109514,0.9683333333333333,3945.174096903203,3820.2435838346014,0.03670531362949347,0.996889543697636,0.26961867901551806
Classical Heston,31.0,0.08487337440109514,0.97,3945.174096903203,3826.818873996107,0.03670531362949347,0.996889543697636,0.26792521356117227
Classical Heston,31.0,0.08487337440109514,0.9716666666666667,3945.174096903203,3833.3941641576125,0.03670531362949347,0.996889543697636,0.26622923044894214
Classical Heston,31.0,0.08487337440109514,0.9733333333333333,3945.174096903203,3839.969454319117,0.03670531362949347,0.996889543697636,0.2645311202111639
Classical Heston,31.0,0.08487337440109514,0.975,3945.174096903203,3846.5447444806227,0.03670531362949347,0.996889543697636,0.2628312884465085
Classical Heston,31.0,0.08487337440109514,0.9766666666666667,3945.174096903203,3853.1200346421283,0.03670531362949347,0.996889543697636,0.2611301575668264
Classical Heston,31.0,0.08487337440109514,0.9783333333333333,3945.174096903203,3859.6953248036334,0.03670531362949347,0.996889543697636,0.2594281697317124
Classical Heston,31.0,0.08487337440109514,0.98,3945.174096903203,3866.270614965139,0.03670531362949347,0.996889543697636,0.2577257908164565
Classical Heston,31.0,0.08487337440109514,0.9816666666666667,3945.174096903203,3872.8459051266445,0.03670531362949347,0.996889543697636,0.25602351574804505
Classical Heston,31.0,0.08487337440109514,0.9833333333333333,3945.174096903203,3879.4211952881496,0.03670531362949347,0.996889543697636,0.2543218744423712
Classical Heston,31.0,0.08487337440109514,0.985,3945.174096903203,3885.9964854496548,0.03670531362949347,0.996889543697636,0.25262143876155596
Classical Heston,31.0,0.08487337440109514,0.9866666666666667,3945.174096903203,3892.5717756111603,0.03670531362949347,0.996889543697636,0.25092282996001936
Classical Heston,31.0,0.08487337440109514,0.9883333333333333,3945.174096903203,3899.1470657726654,0.03670531362949347,0.996889543697636,0.24922672644596883
Classical Heston,31.0,0.08487337440109514,0.99,3945.174096903203,3905.722355934171,0.03670531362949347,0.996889543697636,0.24753387157652343
Classical Heston,31.0,0.08487337440109514,0.9916666666666667,3945.174096903203,3912.2976460956766,0.03670531362949347,0.996889543697636,0.2458450812110703
Classical Heston,31.0,0.08487337440109514,0.9933333333333333,3945.174096903203,3918.8729362571817,0.03670531362949347,0.996889543697636,0.24416125059729057
Classical Heston,31.0,0.08487337440109514,0.995,3945.174096903203,3925.4482264186868,0.03670531362949347,0.996889543697636,0.24248336068163828
Classical Heston,31.0,0.08487337440109514,0.9966666666666667,3945.174096903203,3932.0235165801923,0.03670531362949347,0.996889543697636,0.2408124830018147
Classical Heston,31.0,0.08487337440109514,0.9983333333333333,3945.174096903203,3938.5988067416974,0.03670531362949347,0.996889543697636,0.23914978332355458
Classical Heston,31.0,0.08487337440109514,1.0,3945.174096903203,3945.174096903203,0.03670531362949347,0.996889543697636,0.23749652385994283
Classical Heston,31.0,0.08487337440109514,1.0016666666666667,3945.174096903203,3951.7493870647086,0.03670531362949347,0.996889543697636,0.23585406359794897
Classical Heston,31.0,0.08487337440109514,1.0033333333333334,3945.174096903203,3958.324677226214,0.03670531362949347,0.996889543697636,0.23422385687707675
Classical Heston,31.0,0.08487337440109514,1.005,3945.174096903203,3964.899967387719,0.03670531362949347,0.996889543697636,0.2326074500690203
Classical Heston,31.0,0.08487337440109514,1.0066666666666666,3945.174096903203,3971.475257549224,0.03670531362949347,0.996889543697636,0.23100647636314273
Classical Heston,31.0,0.08487337440109514,1.0083333333333333,3945.174096903203,3978.0505477107295,0.03670531362949347,0.996889543697636,0.2294226487262038
Classical Heston,31.0,0.08487337440109514,1.01,3945.174096903203,3984.625837872235,0.03670531362949347,0.996889543697636,0.22785775106434744
Classical Heston,31.0,0.08487337440109514,1.0116666666666667,3945.174096903203,3991.2011280337406,0.03670531362949347,0.996889543697636,0.22631362783701556
Classical Heston,31.0,0.08487337440109514,1.0133333333333334,3945.174096903203,3997.776418195246,0.03670531362949347,0.996889543697636,0.2247921721868988
Classical Heston,31.0,0.08487337440109514,1.0150000000000001,3945.174096903203,4004.3517083567517,0.03670531362949347,0.996889543697636,0.22329531285842494
Classical Heston,31.0,0.08487337440109514,1.0166666666666666,3945.174096903203,4010.9269985182564,0.03670531362949347,0.996889543697636,0.22182500011029482
Classical Heston,31.0,0.08487337440109514,1.0183333333333333,3945.174096903203,4017.5022886797615,0.03670531362949347,0.996889543697636,0.22038319087074834
Classical Heston,31.0,0.08487337440109514,1.02,3945.174096903203,4024.077578841267,0.03670531362949347,0.996889543697636,0.2189718333239112
Classical Heston,31.0,0.08487337440109514,1.0216666666666667,3945.174096903203,4030.6528690027726,0.03670531362949347,0.996889543697636,0.21759285137293669
Classical Heston,31.0,0.08487337440109514,1.0233333333333334,3945.174096903203,4037.228159164278,0.03670531362949347,0.996889543697636,0.21624812885243996
Classical Heston,31.0,0.08487337440109514,1.025,3945.174096903203,4043.803449325783,0.03670531362949347,0.996889543697636,0.21493949408915047
Classical Heston,31.0,0.08487337440109514,1.0266666666666666,3945.174096903203,4050.3787394872884,0.03670531362949347,0.996889543697636,0.21366870477645553
Classical Heston,31.0,0.08487337440109514,1.0283333333333333,3945.174096903203,4056.9540296487935,0.03670531362949347,0.996889543697636,0.21243743346743674
Classical Heston,31.0,0.08487337440109514,1.03,3945.174096903203,4063.529319810299,0.03670531362949347,0.996889543697636,0.21124725359277374
Classical Heston,31.0,0.08487337440109514,1.0316666666666667,3945.174096903203,4070.1046099718046,0.03670531362949347,0.996889543697636,0.21009962677346605
Classical Heston,31.0,0.08487337440109514,1.0333333333333334,3945.174096903203,4076.67990013331,0.03670531362949347,0.996889543697636,0.2089958905608578
Classical Heston,31.0,0.08487337440109514,1.0350000000000001,3945.174096903203,4083.2551902948157,0.03670531362949347,0.996889543697636,0.20793724763308827
Classical Heston,31.0,0.08487337440109514,1.0366666666666666,3945.174096903203,4089.8304804563204,0.03670531362949347,0.996889543697636,0.2069247559892829
Classical Heston,31.0,0.08487337440109514,1.0383333333333333,3945.174096903203,4096.4057706178255,0.03670531362949347,0.996889543697636,0.2059593203970156
Classical Heston,31.0,0.08487337440109514,1.04,3945.174096903203,4102.9810607793315,0.03670531362949347,0.996889543697636,0.20504168502952275
Classical Heston,31.0,0.08487337440109514,1.0416666666666667,3945.174096903203,4109.556350940837,0.03670531362949347,0.996889543697636,0.20417242767235624
Classical Heston,31.0,0.08487337440109514,1.0433333333333334,3945.174096903203,4116.131641102343,0.03670531362949347,0.996889543697636,0.20335195499680925
Classical Heston,31.0,0.08487337440109514,1.045,3945.174096903203,4122.706931263847,0.03670531362949347,0.996889543697636,0.20258049955112764
Classical Heston,31.0,0.08487337440109514,1.0466666666666666,3945.174096903203,4129.282221425352,0.03670531362949347,0.996889543697636,0.20185811805244236
Classical Heston,31.0,0.08487337440109514,1.0483333333333333,3945.174096903203,4135.857511586858,0.03670531362949347,0.996889543697636,0.20118469147734144
Classical Heston,31.0,0.08487337440109514,1.05,3945.174096903203,4142.432801748363,0.03670531362949347,0.996889543697636,0.200559926505495
Classical Heston,45.0,0.12320328542094455,0.95,3949.045854402648,3751.5935616825154,0.03679517172194988,0.9954769737879662,0.2765326020973649
Classical Heston,45.0,0.12320328542094455,0.9516666666666667,3949.045854402648,3758.1753047731863,0.03679517172194988,0.9954769737879662,0.2750415383168222
Classical Heston,45.0,0.12320328542094455,0.9533333333333333,3949.045854402648,3764.757047863857,0.03679517172194988,0.9954769737879662,0.2735486204533993
Classical Heston,45.0,0.12320328542094455,0.955,3949.045854402648,3771.3387909545286,0.03679517172194988,0.9954769737879662,0.27205405722212883
Classical Heston,45.0,0.12320328542094455,0.9566666666666667,3949.045854402648,3777.9205340452,0.03679517172194988,0.9954769737879662,0.2705580617704199
Classical Heston,45.0,0.12320328542094455,0.9583333333333333,3949.045854402648,3784.5022771358704,0.03679517172194988,0.9954769737879662,0.26906085019710546
Classical Heston,45.0,0.12320328542094455,0.96,3949.045854402648,3791.0840202265417,0.03679517172194988,0.9954769737879662,0.26756264071674246
Classical Heston,45.0,0.12320328542094455,0.9616666666666667,3949.045854402648,3797.665763317213,0.03679517172194988,0.9954769737879662,0.2660636527308115
Classical Heston,45.0,0.12320328542094455,0.9633333333333333,3949.045854402648,3804.247506407884,0.03679517172194988,0.9954769737879662,0.26456410680526204
Classical Heston,45.0,0.12320328542094455,0.965,3949.045854402648,3810.829249498555,0.03679517172194988,0.9954769737879662,0.26306422489377673
Classical Heston,45.0,0.12320328542094455,0.9666666666666667,3949.045854402648,3817.410992589226,0.03679517172194988,0.9954769737879662,0.26156423112512805
Classical Heston,45.0,0.12320328542094455,0.9683333333333333,3949.045854402648,3823.992735679897,0.03679517172194988,0.9954769737879662,0.26006435310003745
Classical Heston,45.0,0.12320328542094455,0.97,3949.045854402648,3830.5744787705685,0.03679517172194988,0.9954769737879662,0.2585648236886443
Classical Heston,45.0,0.12320328542094455,0.9716666666666667,3949.045854402648,3837.1562218612394,0.03679517172194988,0.9954769737879662,0.25706588330333
Classical Heston,45.0,0.12320328542094455,0.9733333333333333,3949.045854402648,3843.7379649519103,0.03679517172194988,0.9954769737879662,0.2555677826263147
Classical Heston,45.0,0.12320328542094455,0.975,3949.045854402648,3850.3197080425816,0.03679517172194988,0.9954769737879662,0.2540707856074381
Classical Heston,45.0,0.12320328542094455,0.9766666666666667,3949.045854402648,3856.901451133253,0.03679517172194988,0.9954769737879662,0.25257517303997207
Classical Heston,45.0,0.12320328542094455,0.9783333333333333,3949.045854402648,3863.4831942239234,0.03679517172194988,0.9954769737879662,0.25108124605567017
Classical Heston,45.0,0.12320328542094455,0.98,3949.045854402648,3870.0649373145948,0.03679517172194988,0.9954769737879662,0.24958932998258077
Classical Heston,45.0,0.12320328542094455,0.9816666666666667,3949.045854402648,3876.646680405266,0.03679517172194988,0.9954769737879662,0.24809977820585297
Classical Heston,45.0,0.12320328542094455,0.9833333333333333,3949.045854402648,3883.228423495937,0.03679517172194988,0.9954769737879662,0.2466129760017469
Classical Heston,45.0,0.12320328542094455,0.985,3949.045854402648,3889.810166586608,0.03679517172194988,0.9954769737879662,0.24512934424786045
Classical Heston,45.0,0.12320328542094455,0.9866666666666667,3949.045854402648,3896.3919096772793,0.03679517172194988,0.9954769737879662,0.24364934291491994
Classical Heston,45.0,0.12320328542094455,0.9883333333333333,3949.045854402648,3902.97365276795,0.03679517172194988,0.9954769737879662,0.24217347424960278
Classical Heston,45.0,0.12320328542094455,0.99,3949.045854402648,3909.5553958586215,0.03679517172194988,0.9954769737879662,0.2407022855608402
Classical Heston,45.0,0.12320328542094455,0.9916666666666667,3949.045854402648,3916.1371389492924,0.03679517172194988,0.9954769737879662,0.23923637157286545
Classical Heston,45.0,0.12320328542094455,0.9933333333333333,3949.045854402648,3922.7188820399633,0.03679517172194988,0.9954769737879662,0.2377763760815019
Classical Heston,45.0,0.12320328542094455,0.995,3949.045854402648,3929.3006251306347,0.03679517172194988,0.9954769737879662,0.23632299336404775
Classical Heston,45.0,0.12320328542094455,0.9966666666666667,3949.045854402648,3935.8823682213056,0.03679517172194988,0.9954769737879662,0.234876968524738
Classical Heston,45.0,0.12320328542094455,0.9983333333333333,3949.045854402648,3942.4641113119765,0.03679517172194988,0.9954769737879662,0.23343909747824482
Classical Heston,45.0,0.12320328542094455,1.0,3949.045854402648,3949.045854402648,0.03679517172194988,0.9954769737879662,0.23201022613051317
Classical Heston,45.0,0.12320328542094455,1.0016666666666667,3949.045854402648,3955.627597493319,0.03679517172194988,0.9954769737879662,0.23059124889223545
Classical Heston,45.0,0.12320328542094455,1.0033333333333334,3949.045854402648,3962.20934058399,0.03679517172194988,0.9954769737879662,0.22918310651323623
Classical Heston,45.0,0.12320328542094455,1.005,3949.045854402648,3968.7910836746605,0.03679517172194988,0.9954769737879662,0.2277867832635047
Classical Heston,45.0,0.12320328542094455,1.0066666666666666,3949.045854402648,3975.372826765332,0.03679517172194988,0.9954769737879662,0.226403303492248
Classical Heston,45.0,0.12320328542094455,1.0083333333333333,3949.045854402648,3981.954569856003,0.03679517172194988,0.9954769737879662,0.22503372761229018
Classical Heston,45.0,0.12320328542094455,1.01,3949.045854402648,3988.536312946674,0.03679517172194988,0.9954769737879662,0.22367914754918225
Classical Heston,45.0,0.12320328542094455,1.0116666666666667,3949.045854402648,3995.1180560373455,0.03679517172194988,0.9954769737879662,0.222340681808895
Classical Heston,45.0,0.12320328542094455,1.0133333333333334,3949.045854402648,4001.699799128017,0.03679517172194988,0.9954769737879662,0.22101946995499605
Classical Heston,45.0,0.12320328542094455,1.0150000000000001,3949.045854402648,4008.281542218688,0.03679517172194988,0.9954769737879662,0.21971666702656317
Classical Heston,45.0,0.12320328542094455,1.0166666666666666,3949.045854402648,4014.863285309358,0.03679517172194988,0.9954769737879662,0.21843343750889277
Classical Heston,45.0,0.12320328542094455,1.0183333333333333,3949.045854402648,4021.4450284000295,0.03679517172194988,0.9954769737879662,0.21717094920673694
Classical Heston,45.0,0.12320328542094455,1.02,3949.045854402648,4028.026771490701,0.03679517172194988,0.9954769737879662,0.21593036699966645
Classical Heston,45.0,0.12320328542094455,1.0216666666666667,3949.045854402648,4034.608514581372,0.03679517172194988,0.9954769737879662,0.21471284656283243
Classical Heston,45.0,0.12320328542094455,1.0233333333333334,3949.045854402648,4041.190257672043,0.03679517172194988,0.9954769737879662,0.21351952812494462
Classical Heston,45.0,0.12320328542094455,1.025,3949.045854402648,4047.7720007627136,0.03679517172194988,0.9954769737879662,0.21235153019534464
Classical Heston,45.0,0.12320328542094455,1.0266666666666666,3949.045854402648,4054.353743853385,0.03679517172194988,0.9954769737879662,0.211209943789815
Classical Heston,45.0,0.12320328542094455,1.0283333333333333,3949.045854402648,4060.9354869440563,0.03679517172194988,0.9954769737879662,0.2100958263156275
Classical Heston,45.0,0.12320328542094455,1.03,3949.045854402648,4067.517230034727,0.03679517172194988,0.9954769737879662,0.20901019610025215
Classical Heston,45.0,0.12320328542094455,1.0316666666666667,3949.045854402648,4074.0989731253985,0.03679517172194988,0.9954769737879662,0.20795402700261797
Classical Heston,45.0,0.12320328542094455,1.0333333333333334,3949.045854402648,4080.68071621607,0.03679517172194988,0.9954769737879662,0.20692824333171
Classical Heston,45.0,0.12320328542094455,1.0350000000000001,3949.045854402648,4087.262459306741,0.03679517172194988,0.9954769737879662,0.20593371513048156
Classical Heston,45.0,0.12320328542094455,1.0366666666666666,3949.045854402648,4093.844202397411,0.03679517172194988,0.9954769737879662,0.20497125359229956
Classical Heston,45.0,0.12320328542094455,1.0383333333333333,3949.045854402648,4100.425945488083,0.03679517172194988,0.9954769737879662,0.20404160707042404
Classical Heston,45.0,0.12320328542094455,1.04,3949.045854402648,4107.007688578754,0.03679517172194988,0.9954769737879662,0.2031454572106267
Classical Heston,45.0,0.12320328542094455,1.0416666666666667,3949.045854402648,4113.589431669425,0.03679517172194988,0.9954769737879662,0.20228341550715467
Classical Heston,45.0,0.12320328542094455,1.0433333333333334,3949.045854402648,4120.171174760097,0.03679517172194988,0.9954769737879662,0.20145602018367723
Classical Heston,45.0,0.12320328542094455,1.045,3949.045854402648,4126.752917850767,0.03679517172194988,0.9954769737879662,0.200663733419257
Classical Heston,45.0,0.12320328542094455,1.0466666666666666,3949.045854402648,4133.3346609414375,0.03679517172194988,0.9954769737879662,0.19990693889058644
Classical Heston,45.0,0.12320328542094455,1.0483333333333333,3949.045854402648,4139.916404032109,0.03679517172194988,0.9954769737879662,0.19918593976385932
Classical Heston,45.0,0.12320328542094455,1.05,3949.045854402648,4146.49814712278,0.03679517172194988,0.9954769737879662,0.19850095687277813
Classical Heston,60.0,0.16427104722792607,0.95,3953.225803627468,3755.564513446094,0.036887139848979206,0.9939588325864447,0.26818980771876577
Classical Heston,60.0,0.16427104722792607,0.9516666666666667,3953.225803627468,3762.153223118807,0.036887139848979206,0.9939588325864447,0.2668574726443116
Classical Heston,60.0,0.16427104722792607,0.9533333333333333,3953.225803627468,3768.741932791519,0.036887139848979206,0.9939588325864447,0.2655252968785773
Classical Heston,60.0,0.16427104722792607,0.955,3953.225803627468,3775.330642464232,0.036887139848979206,0.9939588325864447,0.26419341518934103
Classical Heston,60.0,0.16427104722792607,0.9566666666666667,3953.225803627468,3781.9193521369443,0.036887139848979206,0.9939588325864447,0.26286196111545457
Classical Heston,60.0,0.16427104722792607,0.9583333333333333,3953.225803627468,3788.5080618096563,0.036887139848979206,0.9939588325864447,0.2615310674253192
Classical Heston,60.0,0.16427104722792607,0.96,3953.225803627468,3795.096771482369,0.036887139848979206,0.9939588325864447,0.2602008668069663
Classical Heston,60.0,0.16427104722792607,0.9616666666666667,3953.225803627468,3801.6854811550816,0.036887139848979206,0.9939588325864447,0.2588714927840946
Classical Heston,60.0,0.16427104722792607,0.9633333333333333,3953.225803627468,3808.274190827794,0.036887139848979206,0.9939588325864447,0.25754308084741684
Classical Heston,60.0,0.16427104722792607,0.965,3953.225803627468,3814.8629005005064,0.036887139848979206,0.9939588325864447,0.2562157697852083
Classical Heston,60.0,0.16427104722792607,0.9666666666666667,3953.225803627468,3821.4516101732193,0.036887139848979206,0.9939588325864447,0.2548897031829841
Classical Heston,60.0,0.16427104722792607,0.9683333333333333,3953.225803627468,3828.040319845931,0.036887139848979206,0.9939588325864447,0.25356503115275314
Classical Heston,60.0,0.16427104722792607,0.97,3953.225803627468,3834.6290295186436,0.036887139848979206,0.9939588325864447,0.2522419119467717
Classical Heston,60.0,0.16427104722792607,0.9716666666666667,3953.225803627468,3841.2177391913565,0.036887139848979206,0.9939588325864447,0.2509205140877512
Classical Heston,60.0,0.16427104722792607,0.9733333333333333,3953.225803627468,3847.8064488640684,0.036887139848979206,0.9939588325864447,0.2496010181443493
Classical Heston,60.0,0.16427104722792607,0.975,3953.225803627468,3854.3951585367813,0.036887139848979206,0.9939588325864447,0.2482836187671713
Classical Heston,60.0,0.16427104722792607,0.9766666666666667,3953.225803627468,3860.9838682094937,0.036887139848979206,0.9939588325864447,0.2469685266599405
Classical Heston,60.0,0.16427104722792607,0.9783333333333333,3953.225803627468,3867.572577882206,0.036887139848979206,0.9939588325864447,0.24565597051082966
Classical Heston,60.0,0.16427104722792607,0.98,3953.225803627468,3874.1612875549185,0.036887139848979206,0.9939588325864447,0.24434619884806535
Classical Heston,60.0,0.16427104722792607,0.9816666666666667,3953.225803627468,3880.749997227631,0.036887139848979206,0.9939588325864447,0.2430394817856688
Classical Heston,60.0,0.16427104722792607,0.9833333333333333,3953.225803627468,3887.3387069003434,0.036887139848979206,0.9939588325864447,0.24173611262688438
Classical Heston,60.0,0.16427104722792607,0.985,3953.225803627468,3893.927416573056,0.036887139848979206,0.9939588325864447,0.24043640932013682
Classical Heston,60.0,0.16427104722792607,0.9866666666666667,3953.225803627468,3900.5161262457686,0.036887139848979206,0.9939588325864447,0.23914071556692307
Classical Heston,60.0,0.16427104722792607,0.9883333333333333,3953.225803627468,3907.1048359184806,0.036887139848979206,0.9939588325864447,0.2378494020803371
Classical Heston,60.0,0.16427104722792607,0.99,3953.225803627468,3913.693545591193,0.036887139848979206,0.9939588325864447,0.23656286709739363
Classical Heston,60.0,0.16427104722792607,0.9916666666666667,3953.225803627468,3920.282255263906,0.036887139848979206,0.9939588325864447,0.23528153701298188
Classical Heston,60.0,0.16427104722792607,0.9933333333333333,3953.225803627468,3926.870964936618,0.036887139848979206,0.9939588325864447,0.23400586658473824
Classical Heston,60.0,0.16427104722792607,0.995,3953.225803627468,3933.4596746093307,0.036887139848979206,0.9939588325864447,0.23273633888585696
Classical Heston,60.0,0.16427104722792607,0.9966666666666667,3953.225803627468,3940.048384282043,0.036887139848979206,0.9939588325864447,0.2314734649722845
Classical Heston,60.0,0.16427104722792607,0.9983333333333333,3953.225803627468,3946.6370939547555,0.036887139848979206,0.9939588325864447,0.2302177832645494
Classical Heston,60.0,0.16427104722792607,1.0,3953.225803627468,3953.225803627468,0.036887139848979206,0.9939588325864447,0.22896985865196862
Classical Heston,60.0,0.16427104722792607,1.0016666666666667,3953.225803627468,3959.8145133001804,0.036887139848979206,0.9939588325864447,0.22773028132516268
Classical Heston,60.0,0.16427104722792607,1.0033333333333334,3953.225803627468,3966.403222972893,0.036887139848979206,0.9939588325864447,0.22649966534574184
Classical Heston,60.0,0.16427104722792607,1.005,3953.225803627468,3972.9919326456047,0.036887139848979206,0.9939588325864447,0.22527864697720357
Classical Heston,60.0,0.16427104722792607,1.0066666666666666,3953.225803627468,3979.5806423183176,0.036887139848979206,0.9939588325864447,0.22406788278602702
Classical Heston,60.0,0.16427104722792607,1.0083333333333333,3953.225803627468,3986.16935199103,0.036887139848979206,0.9939588325864447,0.22286804753832895
Classical Heston,60.0,0.16427104722792607,1.01,3953.225803627468,3992.758061663743,0.036887139848979206,0.9939588325864447,0.22167983191601784
Classical Heston,60.0,0.16427104722792607,1.0116666666666667,3953.225803627468,3999.3467713364553,0.036887139848979206,0.9939588325864447,0.2205039400474003
Classical Heston,60.0,0.16427104722792607,1.0133333333333334,3953.225803627468,4005.9354810091677,0.036887139848979206,0.9939588325864447,0.21934108705128638
Classical Heston,60.0,0.16427104722792607,1.0150000000000001,3953.225803627468,4012.5241906818806,0.036887139848979206,0.9939588325864447,0.2181919961546407
Classical Heston,60.0,0.16427104722792607,1.0166666666666666,3953.225803627468,4019.112900354592,0.036887139848979206,0.9939588325864447,0.21705739606903707
Classical Heston,60.0,0.16427104722792607,1.0183333333333333,3953.225803627468,4025.701610027305,0.036887139848979206,0.9939588325864447,0.21593801816978084
Classical Heston,60.0,0.16427104722792607,1.02,3953.225803627468,4032.2903197000173,0.036887139848979206,0.9939588325864447,0.21483459361396284
Classical Heston,60.0,0.16427104722792607,1.0216666666666667,3953.225803627468,4038.8790293727297,0.036887139848979206,0.9939588325864447,0.21374785050301115
Classical Heston,60.0,0.16427104722792607,1.0233333333333334,3953.225803627468,4045.4677390454426,0.036887139848979206,0.9939588325864447,0.21267851104957108
Classical Heston,60.0,0.16427104722792607,1.025,3953.225803627468,4052.056448718154,0.036887139848979206,0.9939588325864447,0.21162728878247825
Classical Heston,60.0,0.16427104722792607,1.0266666666666666,3953.225803627468,4058.645158390867,0.036887139848979206,0.9939588325864447,0.21059488581050598
Classical Heston,60.0,0.16427104722792607,1.0283333333333333,3953.225803627468,4065.2338680635794,0.036887139848979206,0.9939588325864447,0.2095819901089452
Classical Heston,60.0,0.16427104722792607,1.03,3953.225803627468,4071.8225777362923,0.036887139848979206,0.9939588325864447,0.20858927306576883
Classical Heston,60.0,0.16427104722792607,1.0316666666666667,3953.225803627468,4078.4112874090047,0.036887139848979206,0.9939588325864447,0.20761738682580363
Classical Heston,60.0,0.16427104722792607,1.0333333333333334,3953.225803627468,4084.999997081717,0.036887139848979206,0.9939588325864447,0.20666696203624185
Classical Heston,60.0,0.16427104722792607,1.0350000000000001,3953.225803627468,4091.58870675443,0.036887139848979206,0.9939588325864447,0.20573860553718942
Classical Heston,60.0,0.16427104722792607,1.0366666666666666,3953.225803627468,4098.177416427142,0.036887139848979206,0.9939588325864447,0.20483289822281234
Classical Heston,60.0,0.16427104722792607,1.0383333333333333,3953.225803627468,4104.766126099854,0.036887139848979206,0.9939588325864447,0.2039503930147433
Classical Heston,60.0,0.16427104722792607,1.04,3953.225803627468,4111.354835772567,0.036887139848979206,0.9939588325864447,0.2030916130076899
Classical Heston,60.0,0.16427104722792607,1.0416666666666667,3953.225803627468,4117.94354544528,0.036887139848979206,0.9939588325864447,0.2022570495260061
Classical Heston,60.0,0.16427104722792607,1.0433333333333334,3953.225803627468,4124.532255117992,0.036887139848979206,0.9939588325864447,0.20144716073841032
Classical Heston,60.0,0.16427104722792607,1.045,3953.225803627468,4131.1209647907035,0.036887139848979206,0.9939588325864447,0.20066236987853187
Classical Heston,60.0,0.16427104722792607,1.0466666666666666,3953.225803627468,4137.709674463416,0.036887139848979206,0.9939588325864447,0.19990306393152293
Classical Heston,60.0,0.16427104722792607,1.0483333333333333,3953.225803627468,4144.298384136129,0.036887139848979206,0.9939588325864447,0.1991695923036019
Classical Heston,60.0,0.16427104722792607,1.05,3953.225803627468,4150.887093808841,0.036887139848979206,0.9939588325864447,0.1984622656224857
Classical Heston,90.0,0.2464065708418891,0.95,3961.6761667516143,3763.5923584140332,0.037058178887201795,0.9909101856482545,0.25857566885420025
Classical Heston,90.0,0.2464065708418891,0.9516666666666667,3961.6761667516143,3770.1951520252865,0.037058178887201795,0.9909101856482545,0.25748878639944656
Classical Heston,90.0,0.2464065708418891,0.9533333333333333,3961.6761667516143,3776.7979456365388,0.037058178887201795,0.9909101856482545,0.256403228046769
Classical Heston,90.0,0.2464065708418891,0.955,3961.6761667516143,3783.4007392477915,0.037058178887201795,0.9909101856482545,0.2553190580334919
Classical Heston,90.0,0.2464065708418891,0.9566666666666667,3961.6761667516143,3790.0035328590443,0.037058178887201795,0.9909101856482545,0.25423634224570413
Classical Heston,90.0,0.2464065708418891,0.9583333333333333,3961.6761667516143,3796.6063264702966,0.037058178887201795,0.9909101856482545,0.25315514892388924
Classical Heston,90.0,0.2464065708418891,0.96,3961.6761667516143,3803.20912008155,0.037058178887201795,0.9909101856482545,0.2520755489513666
Classical Heston,90.0,0.2464065708418891,0.9616666666666667,3961.6761667516143,3809.8119136928026,0.037058178887201795,0.9909101856482545,0.2509976168421231
Classical Heston,90.0,0.2464065708418891,0.9633333333333333,3961.6761667516143,3816.414707304055,0.037058178887201795,0.9909101856482545,0.24992143115751803
Classical Heston,90.0,0.2464065708418891,0.965,3961.6761667516143,3823.0175009153077,0.037058178887201795,0.9909101856482545,0.2488470752149865
Classical Heston,90.0,0.2464065708418891,0.9666666666666667,3961.6761667516143,3829.6202945265604,0.037058178887201795,0.9909101856482545,0.24777463773694142
Classical Heston,90.0,0.2464065708418891,0.9683333333333333,3961.6761667516143,3836.223088137813,0.037058178887201795,0.9909101856482545,0.24670421349441174
Classical Heston,90.0,0.2464065708418891,0.97,3961.6761667516143,3842.825881749066,0.037058178887201795,0.9909101856482545,0.24563590393730986
Classical Heston,90.0,0.2464065708418891,0.9716666666666667,3961.6761667516143,3849.4286753603187,0.037058178887201795,0.9909101856482545,0.24456981780389617
Classical Heston,90.0,0.2464065708418891,0.9733333333333333,3961.6761667516143,3856.031468971571,0.037058178887201795,0.9909101856482545,0.24350607170234906
Classical Heston,90.0,0.2464065708418891,0.975,3961.6761667516143,3862.634262582824,0.037058178887201795,0.9909101856482545,0.24244479065747457
Classical Heston,90.0,0.2464065708418891,0.9766666666666667,3961.6761667516143,3869.2370561940766,0.037058178887201795,0.9909101856482545,0.24138610860633347
Classical Heston,90.0,0.2464065708418891,0.9783333333333333,3961.6761667516143,3875.8398498053293,0.037058178887201795,0.9909101856482545,0.24033016890703707
Classical Heston,90.0,0.2464065708418891,0.98,3961.6761667516143,3882.442643416582,0.037058178887201795,0.9909101856482545,0.2392771246451497
Classical Heston,90.0,0.2464065708418891,0.9816666666666667,3961.6761667516143,3889.045437027835,0.037058178887201795,0.9909101856482545,0.23822713908362414
Classical Heston,90.0,0.2464065708418891,0.9833333333333333,3961.6761667516143,3895.648230639087,0.037058178887201795,0.9909101856482545,0.23718038589728796
Classical Heston,90.0,0.2464065708418891,0.985,3961.6761667516143,3902.25102425034,0.037058178887201795,0.9909101856482545,0.23613704940639013
Classical Heston,90.0,0.2464065708418891,0.9866666666666667,3961.6761667516143,3908.853817861593,0.037058178887201795,0.9909101856482545,0.23509732473449227
Classical Heston,90.0,0.2464065708418891,0.9883333333333333,3961.6761667516143,3915.4566114728455,0.037058178887201795,0.9909101856482545,0.2340614178954951
Classical Heston,90.0,0.2464065708418891,0.99,3961.6761667516143,3922.059405084098,0.037058178887201795,0.9909101856482545,0.23302954580827492
Classical Heston,90.0,0.2464065708418891,0.9916666666666667,3961.6761667516143,3928.662198695351,0.037058178887201795,0.9909101856482545,0.23200193623873394
Classical Heston,90.0,0.2464065708418891,0.9933333333333333,3961.6761667516143,3935.2649923066033,0.037058178887201795,0.9909101856482545,0.23097882767075748
Classical Heston,90.0,0.2464065708418891,0.995,3961.6761667516143,3941.867785917856,0.037058178887201795,0.9909101856482545,0.2299604691078682
Classical Heston,90.0,0.2464065708418891,0.9966666666666667,3961.6761667516143,3948.4705795291093,0.037058178887201795,0.9909101856482545,0.22894711979706284
Classical Heston,90.0,0.2464065708418891,0.9983333333333333,3961.6761667516143,3955.0733731403616,0.037058178887201795,0.9909101856482545,0.2279390489025324
Classical Heston,90.0,0.2464065708418891,1.0,3961.6761667516143,3961.6761667516143,0.037058178887201795,0.9909101856482545,0.2269365351065227
Classical Heston,90.0,0.2464065708418891,1.0016666666666667,3961.6761667516143,3968.278960362867,0.037058178887201795,0.9909101856482545,0.2259398661404329
Classical Heston,90.0,0.2464065708418891,1.0033333333333334,3961.6761667516143,3974.88175397412,0.037058178887201795,0.9909101856482545,0.22494933825981248
Classical Heston,90.0,0.2464065708418891,1.005,3961.6761667516143,3981.484547585372,0.037058178887201795,0.9909101856482545,0.22396525567390105
Classical Heston,90.0,0.2464065708418891,1.0066666666666666,3961.6761667516143,3988.087341196625,0.037058178887201795,0.9909101856482545,0.22298792992746683
Classical Heston,90.0,0.2464065708418891,1.0083333333333333,3961.6761667516143,3994.6901348078777,0.037058178887201795,0.9909101856482545,0.22201767922652643
Classical Heston,90.0,0.2464065708418891,1.01,3961.6761667516143,4001.2929284191305,0.037058178887201795,0.9909101856482545,0.2210548277215289
Classical Heston,90.0,0.2464065708418891,1.0116666666666667,3961.6761667516143,4007.8957220303832,0.037058178887201795,0.9909101856482545,0.22009970477056473
Classical Heston,90.0,0.2464065708418891,1.0133333333333334,3961.6761667516143,4014.498515641636,0.037058178887201795,0.9909101856482545,0.21915264416442962
Classical Heston,90.0,0.2464065708418891,1.0150000000000001,3961.6761667516143,4021.101309252889,0.037058178887201795,0.9909101856482545,0.21821398333086642
Classical Heston,90.0,0.2464065708418891,1.0166666666666666,3961.6761667516143,4027.704102864141,0.037058178887201795,0.9909101856482545,0.2172840625198685
Classical Heston,90.0,0.2464065708418891,1.0183333333333333,3961.6761667516143,4034.306896475394,0.037058178887201795,0.9909101856482545,0.21636322397298374
Classical Heston,90.0,0.2464065708418891,1.02,3961.6761667516143,4040.9096900866466,0.037058178887201795,0.9909101856482545,0.21545181108128347
Classical Heston,90.0,0.2464065708418891,1.0216666666666667,3961.6761667516143,4047.5124836978994,0.037058178887201795,0.9909101856482545,0.2145501675614767
Classical Heston,90.0,0.2464065708418891,1.0233333333333334,3961.6761667516143,4054.1152773091526,0.037058178887201795,0.9909101856482545,0.21365863652652492
Classical Heston,90.0,0.2464065708418891,1.025,3961.6761667516143,4060.7180709204044,0.037058178887201795,0.9909101856482545,0.21277755983752075
Classical Heston,90.0,0.2464065708418891,1.0266666666666666,3961.6761667516143,4067.320864531657,0.037058178887201795,0.9909101856482545,0.2119072770909785
Classical Heston,90.0,0.2464065708418891,1.0283333333333333,3961.6761667516143,4073.92365814291,0.037058178887201795,0.9909101856482545,0.2110481249014139
Classical Heston,90.0,0.2464065708418891,1.03,3961.6761667516143,4080.5264517541627,0.037058178887201795,0.9909101856482545,0.21020043608863087
Classical Heston,90.0,0.2464065708418891,1.0316666666666667,3961.6761667516143,4087.1292453654155,0.037058178887201795,0.9909101856482545,0.20936453890385187
Classical Heston,90.0,0.2464065708418891,1.0333333333333334,3961.6761667516143,4093.7320389766687,0.037058178887201795,0.9909101856482545,0.20854075627922164
Classical Heston,90.0,0.2464065708418891,1.0350000000000001,3961.6761667516143,4100.3348325879215,0.037058178887201795,0.9909101856482545,0.20772940510371884
Classical Heston,90.0,0.2464065708418891,1.0366666666666666,3961.6761667516143,4106.937626199174,0.037058178887201795,0.9909101856482545,0.20693079547064103
Classical Heston,90.0,0.2464065708418891,1.0383333333333333,3961.6761667516143,4113.540419810426,0.037058178887201795,0.9909101856482545,0.20614523019956477
Classical Heston,90.0,0.2464065708418891,1.04,3961.6761667516143,4120.143213421679,0.037058178887201795,0.9909101856482545,0.20537300387395685
Classical Heston,90.0,0.2464065708418891,1.0416666666666667,3961.6761667516143,4126.746007032932,0.037058178887201795,0.9909101856482545,0.2046144025105819
Classical Heston,90.0,0.2464065708418891,1.0433333333333334,3961.6761667516143,4133.348800644185,0.037058178887201795,0.9909101856482545,0.20386970285040285
Classical Heston,90.0,0.2464065708418891,1.045,3961.6761667516143,4139.951594255437,0.037058178887201795,0.9909101856482545,0.20313917183072508
Classical Heston,90.0,0.2464065708418891,1.0466666666666666,3961.6761667516143,4146.5543878666895,0.037058178887201795,0.9909101856482545,0.20242306606362187
Classical Heston,90.0,0.2464065708418891,1.0483333333333333,3961.6761667516143,4153.157181477943,0.037058178887201795,0.9909101856482545,0.2017216313430644
Classical Heston,90.0,0.2464065708418891,1.05,3961.6761667516143,4159.759975089195,0.037058178887201795,0.9909101856482545,0.20103510217788556
Classical Heston,120.0,0.32854209445585214,0.95,3970.234725449947,3771.722989177449,0.03721279834271542,0.987848462822277,0.253747693159943
Classical Heston,120.0,0.32854209445585214,0.9516666666666667,3970.234725449947,3778.340047053199,0.03721279834271542,0.987848462822277,0.2528299696238818
Classical Heston,120.0,0.32854209445585214,0.9533333333333333,3970.234725449947,3784.957104928949,0.03721279834271542,0.987848462822277,0.2519137708888948
Classical Heston,120.0,0.32854209445585214,0.955,3970.234725449947,3791.574162804699,0.03721279834271542,0.987848462822277,0.2509991407320758
Classical Heston,120.0,0.32854209445585214,0.9566666666666667,3970.234725449947,3798.191220680449,0.03721279834271542,0.987848462822277,0.25008612475075326
Classical Heston,120.0,0.32854209445585214,0.9583333333333333,3970.234725449947,3804.8082785561987,0.03721279834271542,0.987848462822277,0.24917477062147567
Classical Heston,120.0,0.32854209445585214,0.96,3970.234725449947,3811.425336431949,0.03721279834271542,0.987848462822277,0.2482651283604228
Classical Heston,120.0,0.32854209445585214,0.9616666666666667,3970.234725449947,3818.042394307699,0.03721279834271542,0.987848462822277,0.24735725058279429
Classical Heston,120.0,0.32854209445585214,0.9633333333333333,3970.234725449947,3824.6594521834486,0.03721279834271542,0.987848462822277,0.24645119275887195
Classical Heston,120.0,0.32854209445585214,0.965,3970.234725449947,3831.2765100591987,0.03721279834271542,0.987848462822277,0.2455470134645878
Classical Heston,120.0,0.32854209445585214,0.9666666666666667,3970.234725449947,3837.893567934949,0.03721279834271542,0.987848462822277,0.24464477462386627
Classical Heston,120.0,0.32854209445585214,0.9683333333333333,3970.234725449947,3844.5106258106985,0.03721279834271542,0.987848462822277,0.24374454174335555
Classical Heston,120.0,0.32854209445585214,0.97,3970.234725449947,3851.127683686448,0.03721279834271542,0.987848462822277,0.24284638413497678
Classical Heston,120.0,0.32854209445585214,0.9716666666666667,3970.234725449947,3857.744741562198,0.03721279834271542,0.987848462822277,0.2419503751229425
Classical Heston,120.0,0.32854209445585214,0.9733333333333333,3970.234725449947,3864.361799437948,0.03721279834271542,0.987848462822277,0.24105659216296968
Classical Heston,120.0,0.32854209445585214,0.975,3970.234725449947,3870.978857313698,0.03721279834271542,0.987848462822277,0.24016511723583633
Classical Heston,120.0,0.32854209445585214,0.9766666666666667,3970.234725449947,3877.595915189448,0.03721279834271542,0.987848462822277,0.23927603672324868
Classical Heston,120.0,0.32854209445585214,0.9783333333333333,3970.234725449947,3884.2129730651977,0.03721279834271542,0.987848462822277,0.23838944172398113
Classical Heston,120.0,0.32854209445585214,0.98,3970.234725449947,3890.830030940948,0.03721279834271542,0.987848462822277,0.23750542811273181
Classical Heston,120.0,0.32854209445585214,0.9816666666666667,3970.234725449947,3897.447088816698,0.03721279834271542,0.987848462822277,0.2366240966390288
Classical Heston,120.0,0.32854209445585214,0.9833333333333333,3970.234725449947,3904.0641466924476,0.03721279834271542,0.987848462822277,0.23574555299678263
Classical Heston,120.0,0.32854209445585214,0.985,3970.234725449947,3910.6812045681977,0.03721279834271542,0.987848462822277,0.2348699078704724
Classical Heston,120.0,0.32854209445585214,0.9866666666666667,3970.234725449947,3917.298262443948,0.03721279834271542,0.987848462822277,0.23399727693170505
Classical Heston,120.0,0.32854209445585214,0.9883333333333333,3970.234725449947,3923.9153203196975,0.03721279834271542,0.987848462822277,0.233127780977964
Classical Heston,120.0,0.32854209445585214,0.99,3970.234725449947,3930.532378195447,0.03721279834271542,0.987848462822277,0.232261545582657
Classical Heston,120.0,0.32854209445585214,0.9916666666666667,3970.234725449947,3937.149436071197,0.03721279834271542,0.987848462822277,0.23139870143864286
Classical Heston,120.0,0.32854209445585214,0.9933333333333333,3970.234725449947,3943.766493946947,0.03721279834271542,0.987848462822277,0.23053938402075824
Classical Heston,120.0,0.32854209445585214,0.995,3970.234725449947,3950.383551822697,0.03721279834271542,0.987848462822277,0.22968373355559507
Classical Heston,120.0,0.32854209445585214,0.9966666666666667,3970.234725449947,3957.000609698447,0.03721279834271542,0.987848462822277,0.2288318949173423
Classical Heston,120.0,0.32854209445585214,0.9983333333333333,3970.234725449947,3963.6176675741967,0.03721279834271542,0.987848462822277,0.22798401748332017
Classical Heston,120.0,0.32854209445585214,1.0,3970.234725449947,3970.234725449947,0.03721279834271542,0.987848462822277,0.2271402549638144
Classical Heston,120.0,0.32854209445585214,1.0016666666666667,3970.234725449947,3976.851783325697,0.03721279834271542,0.987848462822277,0.22630076520430228
Classical Heston,120.0,0.32854209445585214,1.0033333333333334,3970.234725449947,3983.468841201447,0.03721279834271542,0.987848462822277,0.2254657099809302
Classical Heston,120.0,0.32854209445585214,1.005,3970.234725449947,3990.0858990771962,0.03721279834271542,0.987848462822277,0.22463525477672194
Classical Heston,120.0,0.32854209445585214,1.0066666666666666,3970.234725449947,3996.7029569529464,0.03721279834271542,0.987848462822277,0.22380956855415418
Classical Heston,120.0,0.32854209445585214,1.0083333333333333,3970.234725449947,4003.3200148286965,0.03721279834271542,0.987848462822277,0.22298882350456378
Classical Heston,120.0,0.32854209445585214,1.01,3970.234725449947,4009.9370727044466,0.03721279834271542,0.987848462822277,0.22217319477675398
Classical Heston,120.0,0.32854209445585214,1.0116666666666667,3970.234725449947,4016.554130580196,0.03721279834271542,0.987848462822277,0.22136286016568696
Classical Heston,120.0,0.32854209445585214,1.0133333333333334,3970.234725449947,4023.1711884559463,0.03721279834271542,0.987848462822277,0.2205579997762004
Classical Heston,120.0,0.32854209445585214,1.0150000000000001,3970.234725449947,4029.7882463316964,0.03721279834271542,0.987848462822277,0.2197587959458903
Classical Heston,120.0,0.32854209445585214,1.0166666666666666,3970.234725449947,4036.4053042074456,0.03721279834271542,0.987848462822277,0.21896543261096277
Classical Heston,120.0,0.32854209445585214,1.0183333333333333,3970.234725449947,4043.0223620831957,0.03721279834271542,0.987848462822277,0.21817809522144552
Classical Heston,120.0,0.32854209445585214,1.02,3970.234725449947,4049.639419958946,0.03721279834271542,0.987848462822277,0.21739697033333652
Classical Heston,120.0,0.32854209445585214,1.0216666666666667,3970.234725449947,4056.256477834696,0.03721279834271542,0.987848462822277,0.21662224529590962
Classical Heston,120.0,0.32854209445585214,1.0233333333333334,3970.234725449947,4062.873535710446,0.03721279834271542,0.987848462822277,0.2158541079241687
Classical Heston,120.0,0.32854209445585214,1.025,3970.234725449947,4069.4905935861952,0.03721279834271542,0.987848462822277,0.21509274614455007
Classical Heston,120.0,0.32854209445585214,1.0266666666666666,3970.234725449947,4076.1076514619454,0.03721279834271542,0.987848462822277,0.21433834780879046
Classical Heston,120.0,0.32854209445585214,1.0283333333333333,3970.234725449947,4082.7247093376955,0.03721279834271542,0.987848462822277,0.2135911000607895
Classical Heston,120.0,0.32854209445585214,1.03,3970.234725449947,4089.3417672134456,0.03721279834271542,0.987848462822277,0.21285118936242184
Classical Heston,120.0,0.32854209445585214,1.0316666666666667,3970.234725449947,4095.958825089195,0.03721279834271542,0.987848462822277,0.21211880097522648
Classical Heston,120.0,0.32854209445585214,1.0333333333333334,3970.234725449947,4102.575882964946,0.03721279834271542,0.987848462822277,0.21139411868458785
Classical Heston,120.0,0.32854209445585214,1.0350000000000001,3970.234725449947,4109.192940840696,0.03721279834271542,0.987848462822277,0.21067732451792626
Classical Heston,120.0,0.32854209445585214,1.0366666666666666,3970.234725449947,4115.809998716445,0.03721279834271542,0.987848462822277,0.20996859843106058
Classical Heston,120.0,0.32854209445585214,1.0383333333333333,3970.234725449947,4122.427056592195,0.03721279834271542,0.987848462822277,0.20926811802094172
Classical Heston,120.0,0.32854209445585214,1.04,3970.234725449947,4129.044114467945,0.03721279834271542,0.987848462822277,0.20857605824428427
Classical Heston,120.0,0.32854209445585214,1.0416666666666667,3970.234725449947,4135.6611723436945,0.03721279834271542,0.987848462822277,0.20789259114556163
Classical Heston,120.0,0.32854209445585214,1.0433333333333334,3970.234725449947,4142.278230219445,0.03721279834271542,0.987848462822277,0.2072178855954553
Classical Heston,120.0,0.32854209445585214,1.045,3970.234725449947,4148.895288095194,0.03721279834271542,0.987848462822277,0.20655210704173516
Classical Heston,120.0,0.32854209445585214,1.0466666666666666,3970.234725449947,4155.512345970944,0.03721279834271542,0.987848462822277,0.20589541720370402
Classical Heston,120.0,0.32854209445585214,1.0483333333333333,3970.234725449947,4162.129403846694,0.03721279834271542,0.987848462822277,0.20524797400775252
Classical Heston,120.0,0.32854209445585214,1.05,3970.234725449947,4168.746461722444,0.03721279834271542,0.987848462822277,0.204609931172554
Classical Heston,180.0,0.4928131416837782,0.95,3987.62136195092,3788.2402938533737,0.03747632374950104,0.9817006787848322,0.24976301547957425
Classical Heston,180.0,0.4928131416837782,0.9516666666666667,3987.62136195092,3794.8863294566254,0.03747632374950104,0.9817006787848322,0.24905942890248803
Classical Heston,180.0,0.4928131416837782,0.9533333333333333,3987.62136195092,3801.5323650598766,0.03747632374950104,0.9817006787848322,0.24835727692253773
Classical Heston,180.0,0.4928131416837782,0.955,3987.62136195092,3808.1784006631283,0.03747632374950104,0.9817006787848322,0.24765658412096006
Classical Heston,180.0,0.4928131416837782,0.9566666666666667,3987.62136195092,3814.82443626638,0.03747632374950104,0.9817006787848322,0.2469573758817636
Classical Heston,180.0,0.4928131416837782,0.9583333333333333,3987.62136195092,3821.470471869631,0.03747632374950104,0.9817006787848322,0.24625967844856464
Classical Heston,180.0,0.4928131416837782,0.96,3987.62136195092,3828.116507472883,0.03747632374950104,0.9817006787848322,0.24556351898001322
Classical Heston,180.0,0.4928131416837782,0.9616666666666667,3987.62136195092,3834.7625430761345,0.03747632374950104,0.9817006787848322,0.24486892560394943
Classical Heston,180.0,0.4928131416837782,0.9633333333333333,3987.62136195092,3841.4085786793858,0.03747632374950104,0.9817006787848322,0.24417592746950711
Classical Heston,180.0,0.4928131416837782,0.965,3987.62136195092,3848.0546142826374,0.03747632374950104,0.9817006787848322,0.24348455479753703
Classical Heston,180.0,0.4928131416837782,0.9666666666666667,3987.62136195092,3854.700649885889,0.03747632374950104,0.9817006787848322,0.24279483892837045
Classical Heston,180.0,0.4928131416837782,0.9683333333333333,3987.62136195092,3861.3466854891403,0.03747632374950104,0.9817006787848322,0.24210681236700635
Classical Heston,180.0,0.4928131416837782,0.97,3987.62136195092,3867.992721092392,0.03747632374950104,0.9817006787848322,0.24142050882523286
Classical Heston,180.0,0.4928131416837782,0.9716666666666667,3987.62136195092,3874.6387566956437,0.03747632374950104,0.9817006787848322,0.24073596326106303
Classical Heston,180.0,0.4928131416837782,0.9733333333333333,3987.62136195092,3881.284792298895,0.03747632374950104,0.9817006787848322,0.24005321191399315
Classical Heston,180.0,0.4928131416837782,0.975,3987.62136195092,3887.930827902147,0.03747632374950104,0.9817006787848322,0.23937229233749344
Classical Heston,180.0,0.4928131416837782,0.9766666666666667,3987.62136195092,3894.5768635053987,0.03747632374950104,0.9817006787848322,0.23869324342704284
Classical Heston,180.0,0.4928131416837782,0.9783333333333333,3987.62136195092,3901.22289910865,0.03747632374950104,0.9817006787848322,0.2380161054445238
Classical Heston,180.0,0.4928131416837782,0.98,3987.62136195092,3907.8689347119016,0.03747632374950104,0.9817006787848322,0.23734092003855844
Classical Heston,180.0,0.4928131416837782,0.9816666666666667,3987.62136195092,3914.5149703151533,0.03747632374950104,0.9817006787848322,0.23666773026041957
Classical Heston,180.0,0.4928131416837782,0.9833333333333333,3987.62136195092,3921.1610059184045,0.03747632374950104,0.9817006787848322,0.23599658060054088
Classical Heston,180.0,0.4928131416837782,0.985,3987.62136195092,3927.807041521656,0.03747632374950104,0.9817006787848322,0.23532751688876652
Classical Heston,180.0,0.4928131416837782,0.9866666666666667,3987.62136195092,3934.453077124908,0.03747632374950104,0.9817006787848322,0.2346605864564924
Classical Heston,180.0,0.4928131416837782,0.9883333333333333,3987.62136195092,3941.099112728159,0.03747632374950104,0.9817006787848322,0.2339958380776537
Classical Heston,180.0,0.4928131416837782,0.99,3987.62136195092,3947.7451483314107,0.03747632374950104,0.9817006787848322,0.23333332187304806
Classical Heston,180.0,0.4928131416837782,0.9916666666666667,3987.62136195092,3954.3911839346624,0.03747632374950104,0.9817006787848322,0.23267308940475145
Classical Heston,180.0,0.4928131416837782,0.9933333333333333,3987.62136195092,3961.0372195379136,0.03747632374950104,0.9817006787848322,0.23201519362109996
Classical Heston,180.0,0.4928131416837782,0.995,3987.62136195092,3967.6832551411653,0.03747632374950104,0.9817006787848322,0.2313596888417786
Classical Heston,180.0,0.4928131416837782,0.9966666666666667,3987.62136195092,3974.329290744417,0.03747632374950104,0.9817006787848322,0.2307066307339986
Classical Heston,180.0,0.4928131416837782,0.9983333333333333,3987.62136195092,3980.975326347668,0.03747632374950104,0.9817006787848322,0.23005607629648347
Classical Heston,180.0,0.4928131416837782,1.0,3987.62136195092,3987.62136195092,0.03747632374950104,0.9817006787848322,0.2294080837669644
Classical Heston,180.0,0.4928131416837782,1.0016666666666667,3987.62136195092,3994.2673975541716,0.03747632374950104,0.9817006787848322,0.22876271271609436
Classical Heston,180.0,0.4928131416837782,1.0033333333333334,3987.62136195092,4000.9134331574232,0.03747632374950104,0.9817006787848322,0.22812002383223468
Classical Heston,180.0,0.4928131416837782,1.005,3987.62136195092,4007.559468760674,0.03747632374950104,0.9817006787848322,0.22748007905316417
Classical Heston,180.0,0.4928131416837782,1.0066666666666666,3987.62136195092,4014.2055043639257,0.03747632374950104,0.9817006787848322,0.22684294138639735
Classical Heston,180.0,0.4928131416837782,1.0083333333333333,3987.62136195092,4020.8515399671774,0.03747632374950104,0.9817006787848322,0.2262086749207109
Classical Heston,180.0,0.4928131416837782,1.01,3987.62136195092,4027.497575570429,0.03747632374950104,0.9817006787848322,0.22557734475863048
Classical Heston,180.0,0.4928131416837782,1.0116666666666667,3987.62136195092,4034.1436111736807,0.03747632374950104,0.9817006787848322,0.22494901698717795
Classical Heston,180.0,0.4928131416837782,1.0133333333333334,3987.62136195092,4040.7896467769324,0.03747632374950104,0.9817006787848322,0.22432375850988773
Classical Heston,180.0,0.4928131416837782,1.0150000000000001,3987.62136195092,4047.435682380184,0.03747632374950104,0.9817006787848322,0.22370163710973548
Classical Heston,180.0,0.4928131416837782,1.0166666666666666,3987.62136195092,4054.081717983435,0.03747632374950104,0.9817006787848322,0.22308272140898233
Classical Heston,180.0,0.4928131416837782,1.0183333333333333,3987.62136195092,4060.7277535866865,0.03747632374950104,0.9817006787848322,0.22246708064059711
Classical Heston,180.0,0.4928131416837782,1.02,3987.62136195092,4067.373789189938,0.03747632374950104,0.9817006787848322,0.22185478469995426
Classical Heston,180.0,0.4928131416837782,1.0216666666666667,3987.62136195092,4074.01982479319,0.03747632374950104,0.9817006787848322,0.22124590404532485
Classical Heston,180.0,0.4928131416837782,1.0233333333333334,3987.62136195092,4080.6658603964415,0.03747632374950104,0.9817006787848322,0.22064050962540083
Classical Heston,180.0,0.4928131416837782,1.025,3987.62136195092,4087.3118959996928,0.03747632374950104,0.9817006787848322,0.2200386728059494
Classical Heston,180.0,0.4928131416837782,1.0266666666666666,3987.62136195092,4093.9579316029444,0.03747632374950104,0.9817006787848322,0.2194404652953514
Classical Heston,180.0,0.4928131416837782,1.0283333333333333,3987.62136195092,4100.603967206196,0.03747632374950104,0.9817006787848322,0.21884595906918478
Classical Heston,180.0,0.4928131416837782,1.03,3987.62136195092,4107.250002809447,0.03747632374950104,0.9817006787848322,0.21825522629459718
Classical Heston,180.0,0.4928131416837782,1.0316666666666667,3987.62136195092,4113.896038412699,0.03747632374950104,0.9817006787848322,0.21766833925401116
Classical Heston,180.0,0.4928131416837782,1.0333333333333334,3987.62136195092,4120.542074015951,0.03747632374950104,0.9817006787848322,0.21708537026878386
Classical Heston,180.0,0.4928131416837782,1.0350000000000001,3987.62136195092,4127.188109619203,0.03747632374950104,0.9817006787848322,0.21650639162285587
Classical Heston,180.0,0.4928131416837782,1.0366666666666666,3987.62136195092,4133.834145222453,0.03747632374950104,0.9817006787848322,0.2159314754866483
Classical Heston,180.0,0.4928131416837782,1.0383333333333333,3987.62136195092,4140.480180825705,0.03747632374950104,0.9817006787848322,0.2153606938415586
Classical Heston,180.0,0.4928131416837782,1.04,3987.62136195092,4147.1262164289565,0.03747632374950104,0.9817006787848322,0.2147941184046311
Classical Heston,180.0,0.4928131416837782,1.0416666666666667,3987.62136195092,4153.772252032209,0.03747632374950104,0.9817006787848322,0.21423182055440254
Classical Heston,180.0,0.4928131416837782,1.0433333333333334,3987.62136195092,4160.41828763546,0.03747632374950104,0.9817006787848322,0.21367387125751572
Classical Heston,180.0,0.4928131416837782,1.045,3987.62136195092,4167.064323238711,0.03747632374950104,0.9817006787848322,0.21312034099630459
Classical Heston,180.0,0.4928131416837782,1.0466666666666666,3987.62136195092,4173.710358841962,0.03747632374950104,0.9817006787848322,0.2125712996978317
Classical Heston,180.0,0.4928131416837782,1.0483333333333333,3987.62136195092,4180.356394445214,0.03747632374950104,0.9817006787848322,0.21202681667218698
Classical Heston,180.0,0.4928131416837782,1.05,3987.62136195092,4187.002430048466,0.03747632374950104,0.9817006787848322,0.2114869605026595
Classical Heston,270.0,0.7392197125256673,0.95,4014.193162928781,3813.4835047823417,0.037769617892077105,0.9724661161707021,0.2484732441672081
Classical Heston,270.0,0.7392197125256673,0.9516666666666667,4014.193162928781,3820.1738267205565,0.037769617892077105,0.9724661161707021,0.2479478399145794
Classical Heston,270.0,0.7392197125256673,0.9533333333333333,4014.193162928781,3826.864148658771,0.037769617892077105,0.9724661161707021,0.24742358610258258
Classical Heston,270.0,0.7392197125256673,0.955,4014.193162928781,3833.5544705969855,0.037769617892077105,0.9724661161707021,0.24690049397343566
Classical Heston,270.0,0.7392197125256673,0.9566666666666667,4014.193162928781,3840.2447925352003,0.037769617892077105,0.9724661161707021,0.2463785749788921
Classical Heston,270.0,0.7392197125256673,0.9583333333333333,4014.193162928781,3846.935114473415,0.037769617892077105,0.9724661161707021,0.24585784078923165
Classical Heston,270.0,0.7392197125256673,0.96,4014.193162928781,3853.62543641163,0.037769617892077105,0.9724661161707021,0.2453383033012799
Classical Heston,270.0,0.7392197125256673,0.9616666666666667,4014.193162928781,3860.3157583498446,0.037769617892077105,0.9724661161707021,0.24481997464677585
Classical Heston,270.0,0.7392197125256673,0.9633333333333333,4014.193162928781,3867.006080288059,0.037769617892077105,0.9724661161707021,0.2443028672001466
Classical Heston,270.0,0.7392197125256673,0.965,4014.193162928781,3873.6964022262737,0.037769617892077105,0.9724661161707021,0.24378699358631567
Classical Heston,270.0,0.7392197125256673,0.9666666666666667,4014.193162928781,3880.3867241644884,0.037769617892077105,0.9724661161707021,0.24327236668802152
Classical Heston,270.0,0.7392197125256673,0.9683333333333333,4014.193162928781,3887.0770461027028,0.037769617892077105,0.9724661161707021,0.24275899965276126
Classical Heston,270.0,0.7392197125256673,0.97,4014.193162928781,3893.7673680409175,0.037769617892077105,0.9724661161707021,0.24224690589985995
Classical Heston,270.0,0.7392197125256673,0.9716666666666667,4014.193162928781,3900.4576899791323,0.037769617892077105,0.9724661161707021,0.24173609912624205
Classical Heston,270.0,0.7392197125256673,0.9733333333333333,4014.193162928781,3907.1480119173466,0.037769617892077105,0.9724661161707021,0.24122659331267268
Classical Heston,270.0,0.7392197125256673,0.975,4014.193162928781,3913.8383338555614,0.037769617892077105,0.9724661161707021,0.24071840272909978
Classical Heston,270.0,0.7392197125256673,0.9766666666666667,4014.193162928781,3920.528655793776,0.037769617892077105,0.9724661161707021,0.24021154193955388
Classical Heston,270.0,0.7392197125256673,0.9783333333333333,4014.193162928781,3927.2189777319904,0.037769617892077105,0.9724661161707021,0.23970602580669859
Classical Heston,270.0,0.7392197125256673,0.98,4014.193162928781,3933.909299670205,0.037769617892077105,0.9724661161707021,0.23920186949567138
Classical Heston,270.0,0.7392197125256673,0.9816666666666667,4014.193162928781,3940.59962160842,0.037769617892077105,0.9724661161707021,0.23869908847760538
Classical Heston,270.0,0.7392197125256673,0.9833333333333333,4014.193162928781,3947.2899435466343,0.037769617892077105,0.9724661161707021,0.2381976985322304
Classical Heston,270.0,0.7392197125256673,0.985,4014.193162928781,3953.980265484849,0.037769617892077105,0.9724661161707021,0.23769771575053628
Classical Heston,270.0,0.7392197125256673,0.9866666666666667,4014.193162928781,3960.6705874230643,0.037769617892077105,0.9724661161707021,0.23719915653610926
Classical Heston,270.0,0.7392197125256673,0.9883333333333333,4014.193162928781,3967.3609093612786,0.037769617892077105,0.9724661161707021,0.23670203760619715
Classical Heston,270.0,0.7392197125256673,0.99,4014.193162928781,3974.0512312994933,0.037769617892077105,0.9724661161707021,0.23620637599260105
Classical Heston,270.0,0.7392197125256673,0.9916666666666667,4014.193162928781,3980.741553237708,0.037769617892077105,0.9724661161707021,0.2357121890410469
Classical Heston,270.0,0.7392197125256673,0.9933333333333333,4014.193162928781,3987.4318751759224,0.037769617892077105,0.9724661161707021,0.23521949441073994
Classical Heston,270.0,0.7392197125256673,0.995,4014.193162928781,3994.122197114137,0.037769617892077105,0.9724661161707021,0.23472831007267658
Classical Heston,270.0,0.7392197125256673,0.9966666666666667,4014.193162928781,4000.812519052352,0.037769617892077105,0.9724661161707021,0.2342386543081268
Classical Heston,270.0,0.7392197125256673,0.9983333333333333,4014.193162928781,4007.5028409905663,0.037769617892077105,0.9724661161707021,0.233750545710796
Classical Heston,270.0,0.7392197125256673,1.0,4014.193162928781,4014.193162928781,0.037769617892077105,0.9724661161707021,0.23326400317619247
Classical Heston,270.0,0.7392197125256673,1.0016666666666667,4014.193162928781,4020.883484866996,0.037769617892077105,0.9724661161707021,0.23277904586064632
Classical Heston,270.0,0.7392197125256673,1.0033333333333334,4014.193162928781,4027.5738068052106,0.037769617892077105,0.9724661161707021,0.23229569328799576
Classical Heston,270.0,0.7392197125256673,1.005,4014.193162928781,4034.2641287434244,0.037769617892077105,0.9724661161707021,0.23181396523467152
Classical Heston,270.0,0.7392197125256673,1.0066666666666666,4014.193162928781,4040.954450681639,0.037769617892077105,0.9724661161707021,0.23133388175844288
Classical Heston,270.0,0.7392197125256673,1.0083333333333333,4014.193162928781,4047.644772619854,0.037769617892077105,0.9724661161707021,0.2308554632012666
Classical Heston,270.0,0.7392197125256673,1.01,4014.193162928781,4054.3350945580687,0.037769617892077105,0.9724661161707021,0.2303787301765777
Classical Heston,270.0,0.7392197125256673,1.0116666666666667,4014.193162928781,4061.0254164962835,0.037769617892077105,0.9724661161707021,0.22990370356202283
Classical Heston,270.0,0.7392197125256673,1.0133333333333334,4014.193162928781,4067.7157384344982,0.037769617892077105,0.9724661161707021,0.22943040449150487
Classical Heston,270.0,0.7392197125256673,1.0150000000000001,4014.193162928781,4074.4060603727135,0.037769617892077105,0.9724661161707021,0.22895885434619864
Classical Heston,270.0,0.7392197125256673,1.0166666666666666,4014.193162928781,4081.0963823109273,0.037769617892077105,0.9724661161707021,0.2284890747461151
Classical Heston,270.0,0.7392197125256673,1.0183333333333333,4014.193162928781,4087.786704249142,0.037769617892077105,0.9724661161707021,0.22802108754010658
Classical Heston,270.0,0.7392197125256673,1.02,4014.193162928781,4094.477026187357,0.037769617892077105,0.9724661161707021,0.22755491479615905
Classical Heston,270.0,0.7392197125256673,1.0216666666666667,4014.193162928781,4101.167348125571,0.037769617892077105,0.9724661161707021,0.22709057879055725
Classical Heston,270.0,0.7392197125256673,1.0233333333333334,4014.193162928781,4107.857670063786,0.037769617892077105,0.9724661161707021,0.22662810199757177
Classical Heston,270.0,0.7392197125256673,1.025,4014.193162928781,4114.547992002,0.037769617892077105,0.9724661161707021,0.22616750707718322
Classical Heston,270.0,0.7392197125256673,1.0266666666666666,4014.193162928781,4121.2383139402145,0.037769617892077105,0.9724661161707021,0.22570881686438646
Classical Heston,270.0,0.7392197125256673,1.0283333333333333,4014.193162928781,4127.92863587843,0.037769617892077105,0.9724661161707021,0.22525205435661289
Classical Heston,270.0,0.7392197125256673,1.03,4014.193162928781,4134.618957816645,0.037769617892077105,0.9724661161707021,0.224797242701228
Classical Heston,270.0,0.7392197125256673,1.0316666666666667,4014.193162928781,4141.30927975486,0.037769617892077105,0.9724661161707021,0.22434440518304247
Classical Heston,270.0,0.7392197125256673,1.0333333333333334,4014.193162928781,4147.9996016930745,0.037769617892077105,0.9724661161707021,0.2238935652111693
Classical Heston,270.0,0.7392197125256673,1.0350000000000001,4014.193162928781,4154.689923631289,0.037769617892077105,0.9724661161707021,0.2234447463058919
Classical Heston,270.0,0.7392197125256673,1.0366666666666666,4014.193162928781,4161.380245569503,0.037769617892077105,0.9724661161707021,0.22299797208475386
Classical Heston,270.0,0.7392197125256673,1.0383333333333333,4014.193162928781,4168.070567507718,0.037769617892077105,0.9724661161707021,0.22255326624934324
Classical Heston,270.0,0.7392197125256673,1.04,4014.193162928781,4174.760889445933,0.037769617892077105,0.9724661161707021,0.22211065257090792
Classical Heston,270.0,0.7392197125256673,1.0416666666666667,4014.193162928781,4181.451211384147,0.037769617892077105,0.9724661161707021,0.22167015487643882
Classical Heston,270.0,0.7392197125256673,1.0433333333333334,4014.193162928781,4188.141533322362,0.037769617892077105,0.9724661161707021,0.2212317970345058
Classical Heston,270.0,0.7392197125256673,1.045,4014.193162928781,4194.831855260576,0.037769617892077105,0.9724661161707021,0.220795602940695
Classical Heston,270.0,0.7392197125256673,1.0466666666666666,4014.193162928781,4201.522177198791,0.037769617892077105,0.9724661161707021,0.2203615965033415
Classical Heston,270.0,0.7392197125256673,1.0483333333333333,4014.193162928781,4208.212499137006,0.037769617892077105,0.9724661161707021,0.21992980162900405
Classical Heston,270.0,0.7392197125256673,1.05,4014.193162928781,4214.90282107522,0.037769617892077105,0.9724661161707021,0.21950024220764913
Classical Heston,365.0,0.999315537303217,0.95,4042.6100786890925,3840.4795747546377,0.037966053703352286,0.9627706405523355,0.24874683966147954
Classical Heston,365.0,0.999315537303217,0.9516666666666667,4042.6100786890925,3847.2172582191197,0.037966053703352286,0.9627706405523355,0.24833006785723213
Classical Heston,365.0,0.999315537303217,0.9533333333333333,4042.6100786890925,3853.954941683601,0.037966053703352286,0.9627706405523355,0.24791421171801986
Classical Heston,365.0,0.999315537303217,0.955,4042.6100786890925,3860.692625148083,0.037966053703352286,0.9627706405523355,0.24749927648633024
Classical Heston,365.0,0.999315537303217,0.9566666666666667,4042.6100786890925,3867.430308612565,0.037966053703352286,0.9627706405523355,0.24708526746833837
Classical Heston,365.0,0.999315537303217,0.9583333333333333,4042.6100786890925,3874.1679920770466,0.037966053703352286,0.9627706405523355,0.24667219003454013
Classical Heston,365.0,0.999315537303217,0.96,4042.6100786890925,3880.9056755415286,0.037966053703352286,0.9627706405523355,0.24626004962143563
Classical Heston,365.0,0.999315537303217,0.9616666666666667,4042.6100786890925,3887.6433590060105,0.037966053703352286,0.9627706405523355,0.2458488517329799
Classical Heston,365.0,0.999315537303217,0.9633333333333333,4042.6100786890925,3894.381042470492,0.037966053703352286,0.9627706405523355,0.24543860194145448
Classical Heston,365.0,0.999315537303217,0.965,4042.6100786890925,3901.118725934974,0.037966053703352286,0.9627706405523355,0.24502930588901742
Classical Heston,365.0,0.999315537303217,0.9666666666666667,4042.6100786890925,3907.856409399456,0.037966053703352286,0.9627706405523355,0.24462096928903304
Classical Heston,365.0,0.999315537303217,0.9683333333333333,4042.6100786890925,3914.5940928639375,0.037966053703352286,0.9627706405523355,0.24421359792688097
Classical Heston,365.0,0.999315537303217,0.97,4042.6100786890925,3921.3317763284194,0.037966053703352286,0.9627706405523355,0.24380719766170647
Classical Heston,365.0,0.999315537303217,0.9716666666666667,4042.6100786890925,3928.0694597929014,0.037966053703352286,0.9627706405523355,0.24340177442702438
Classical Heston,365.0,0.999315537303217,0.9733333333333333,4042.6100786890925,3934.807143257383,0.037966053703352286,0.9627706405523355,0.24299733423216138
Classical Heston,365.0,0.999315537303217,0.975,4042.6100786890925,3941.544826721865,0.037966053703352286,0.9627706405523355,0.24259388316298183
Classical Heston,365.0,0.999315537303217,0.9766666666666667,4042.6100786890925,3948.282510186347,0.037966053703352286,0.9627706405523355,0.24219142738324403
Classical Heston,365.0,0.999315537303217,0.9783333333333333,4042.6100786890925,3955.020193650829,0.037966053703352286,0.9627706405523355,0.24178997313518072
Classical Heston,365.0,0.999315537303217,0.98,4042.6100786890925,3961.7578771153107,0.037966053703352286,0.9627706405523355,0.24138952674046837
Classical Heston,365.0,0.999315537303217,0.9816666666666667,4042.6100786890925,3968.4955605797927,0.037966053703352286,0.9627706405523355,0.24099009460096063
Classical Heston,365.0,0.999315537303217,0.9833333333333333,4042.6100786890925,3975.233244044274,0.037966053703352286,0.9627706405523355,0.24059168319924448
Classical Heston,365.0,0.999315537303217,0.985,4042.6100786890925,3981.970927508756,0.037966053703352286,0.9627706405523355,0.2401942990997573
Classical Heston,365.0,0.999315537303217,0.9866666666666667,4042.6100786890925,3988.708610973238,0.037966053703352286,0.9627706405523355,0.2397979489485075
Classical Heston,365.0,0.999315537303217,0.9883333333333333,4042.6100786890925,3995.4462944377196,0.037966053703352286,0.9627706405523355,0.23940263947433926
Classical Heston,365.0,0.999315537303217,0.99,4042.6100786890925,4002.1839779022016,0.037966053703352286,0.9627706405523355,0.2390083774884639
Classical Heston,365.0,0.999315537303217,0.9916666666666667,4042.6100786890925,4008.9216613666836,0.037966053703352286,0.9627706405523355,0.23861516988538495
Classical Heston,365.0,0.999315537303217,0.9933333333333333,4042.6100786890925,4015.659344831165,0.037966053703352286,0.9627706405523355,0.23822302364278433
Classical Heston,365.0,0.999315537303217,0.995,4042.6100786890925,4022.397028295647,0.037966053703352286,0.9627706405523355,0.23783194582117567
Classical Heston,365.0,0.999315537303217,0.9966666666666667,4042.6100786890925,4029.134711760129,0.037966053703352286,0.9627706405523355,0.23744194355671244
Classical Heston,365.0,0.999315537303217,0.9983333333333333,4042.6100786890925,4035.8723952246105,0.037966053703352286,0.9627706405523355,0.2370530241001083
Classical Heston,365.0,0.999315537303217,1.0,4042.6100786890925,4042.6100786890925,0.037966053703352286,0.9627706405523355,0.23666519473691242
Classical Heston,365.0,0.999315537303217,1.0016666666666667,4042.6100786890925,4049.3477621535744,0.037966053703352286,0.9627706405523355,0.23627846286702203
Classical Heston,365.0,0.999315537303217,1.0033333333333334,4042.6100786890925,4056.0854456180564,0.037966053703352286,0.9627706405523355,0.23589283596093125
Classical Heston,365.0,0.999315537303217,1.005,4042.6100786890925,4062.8231290825374,0.037966053703352286,0.9627706405523355,0.23550832158244075
Classical Heston,365.0,0.999315537303217,1.0066666666666666,4042.6100786890925,4069.5608125470194,0.037966053703352286,0.9627706405523355,0.23512492735791735
Classical Heston,365.0,0.999315537303217,1.0083333333333333,4042.6100786890925,4076.2984960115014,0.037966053703352286,0.9627706405523355,0.2347426610051201
Classical Heston,365.0,0.999315537303217,1.01,4042.6100786890925,4083.0361794759833,0.037966053703352286,0.9627706405523355,0.23436153031766485
Classical Heston,365.0,0.999315537303217,1.0116666666666667,4042.6100786890925,4089.7738629404653,0.037966053703352286,0.9627706405523355,0.23398154316666123
Classical Heston,365.0,0.999315537303217,1.0133333333333334,4042.6100786890925,4096.511546404948,0.037966053703352286,0.9627706405523355,0.23360270749957954
Classical Heston,365.0,0.999315537303217,1.0150000000000001,4042.6100786890925,4103.24922986943,0.037966053703352286,0.9627706405523355,0.23322503133911818
Classical Heston,365.0,0.999315537303217,1.0166666666666666,4042.6100786890925,4109.986913333911,0.037966053703352286,0.9627706405523355,0.23284852278161025
Classical Heston,365.0,0.999315537303217,1.0183333333333333,4042.6100786890925,4116.724596798393,0.037966053703352286,0.9627706405523355,0.232473189995751
Classical Heston,365.0,0.999315537303217,1.02,4042.6100786890925,4123.462280262875,0.037966053703352286,0.9627706405523355,0.23209904122059352
Classical Heston,365.0,0.999315537303217,1.0216666666666667,4042.6100786890925,4130.199963727357,0.037966053703352286,0.9627706405523355,0.23172608476401857
Classical Heston,365.0,0.999315537303217,1.0233333333333334,4042.6100786890925,4136.937647191839,0.037966053703352286,0.9627706405523355,0.23135432900098352
Classical Heston,365.0,0.999315537303217,1.025,4042.6100786890925,4143.67533065632,0.037966053703352286,0.9627706405523355,0.2309837823715026
Classical Heston,365.0,0.999315537303217,1.0266666666666666,4042.6100786890925,4150.413014120802,0.037966053703352286,0.9627706405523355,0.23061445337844394
Classical Heston,365.0,0.999315537303217,1.0283333333333333,4042.6100786890925,4157.1506975852835,0.037966053703352286,0.9627706405523355,0.23024635058543402
Classical Heston,365.0,0.999315537303217,1.03,4042.6100786890925,4163.8883810497655,0.037966053703352286,0.9627706405523355,0.22987948261474472
Classical Heston,365.0,0.999315537303217,1.0316666666666667,4042.6100786890925,4170.626064514247,0.037966053703352286,0.9627706405523355,0.22951385814473851
Classical Heston,365.0,0.999315537303217,1.0333333333333334,4042.6100786890925,4177.363747978729,0.037966053703352286,0.9627706405523355,0.22914948590775613
Classical Heston,365.0,0.999315537303217,1.0350000000000001,4042.6100786890925,4184.101431443211,0.037966053703352286,0.9627706405523355,0.22878637468689464
Classical Heston,365.0,0.999315537303217,1.0366666666666666,4042.6100786890925,4190.839114907692,0.037966053703352286,0.9627706405523355,0.2284245333141884
Classical Heston,365.0,0.999315537303217,1.0383333333333333,4042.6100786890925,4197.576798372174,0.037966053703352286,0.9627706405523355,0.2280639706672288
Classical Heston,365.0,0.999315537303217,1.04,4042.6100786890925,4204.314481836656,0.037966053703352286,0.9627706405523355,0.22770469566689777
Classical Heston,365.0,0.999315537303217,1.0416666666666667,4042.6100786890925,4211.052165301138,0.037966053703352286,0.9627706405523355,0.2273467172739161
Classical Heston,365.0,0.999315537303217,1.0433333333333334,4042.6100786890925,4217.78984876562,0.037966053703352286,0.9627706405523355,0.22699004448654192
Classical Heston,365.0,0.999315537303217,1.045,4042.6100786890925,4224.527532230101,0.037966053703352286,0.9627706405523355,0.22663468633688752
Classical Heston,365.0,0.999315537303217,1.0466666666666666,4042.6100786890925,4231.265215694583,0.037966053703352286,0.9627706405523355,0.22628065188835134
Classical Heston,365.0,0.999315537303217,1.0483333333333333,4042.6100786890925,4238.002899159065,0.037966053703352286,0.9627706405523355,0.22592795023206233
Classical Heston,365.0,0.999315537303217,1.05,4042.6100786890925,4244.740582623547,0.037966053703352286,0.9627706405523355,0.22557659048395434
Classical Heston,458.0,1.2539356605065024,0.95,4070.5512515388355,3867.0236889618936,0.03806524586987727,0.9533898625414229,0.24940123620522883
Classical Heston,458.0,1.2539356605065024,0.9516666666666667,4070.5512515388355,3873.8079410477917,0.03806524586987727,0.9533898625414229,0.24905370798288087
Classical Heston,458.0,1.2539356605065024,0.9533333333333333,4070.5512515388355,3880.5921931336893,0.03806524586987727,0.9533898625414229,0.2487069335152175
Classical Heston,458.0,1.2539356605065024,0.955,4070.5512515388355,3887.376445219588,0.03806524586987727,0.9533898625414229,0.24836091529402263
Classical Heston,458.0,1.2539356605065024,0.9566666666666667,4070.5512515388355,3894.160697305486,0.03806524586987727,0.9533898625414229,0.24801565577936377
Classical Heston,458.0,1.2539356605065024,0.9583333333333333,4070.5512515388355,3900.9449493913835,0.03806524586987727,0.9533898625414229,0.24767115760098987
Classical Heston,458.0,1.2539356605065024,0.96,4070.5512515388355,3907.729201477282,0.03806524586987727,0.9533898625414229,0.24732742326200202
Classical Heston,458.0,1.2539356605065024,0.9616666666666667,4070.5512515388355,3914.51345356318,0.03806524586987727,0.9533898625414229,0.24698445535335034
Classical Heston,458.0,1.2539356605065024,0.9633333333333333,4070.5512515388355,3921.2977056490777,0.03806524586987727,0.9533898625414229,0.24664225649150473
Classical Heston,458.0,1.2539356605065024,0.965,4070.5512515388355,3928.081957734976,0.03806524586987727,0.9533898625414229,0.24630082931879457
Classical Heston,458.0,1.2539356605065024,0.9666666666666667,4070.5512515388355,3934.8662098208742,0.03806524586987727,0.9533898625414229,0.24596017650394963
Classical Heston,458.0,1.2539356605065024,0.9683333333333333,4070.5512515388355,3941.650461906772,0.03806524586987727,0.9533898625414229,0.24562030074112795
Classical Heston,458.0,1.2539356605065024,0.97,4070.5512515388355,3948.4347139926704,0.03806524586987727,0.9533898625414229,0.24528120475142304
Classical Heston,458.0,1.2539356605065024,0.9716666666666667,4070.5512515388355,3955.2189660785684,0.03806524586987727,0.9533898625414229,0.24494289128279279
Classical Heston,458.0,1.2539356605065024,0.9733333333333333,4070.5512515388355,3962.0032181644665,0.03806524586987727,0.9533898625414229,0.24460536311051062
Classical Heston,458.0,1.2539356605065024,0.975,4070.5512515388355,3968.7874702503645,0.03806524586987727,0.9533898625414229,0.2442686230370333
Classical Heston,458.0,1.2539356605065024,0.9766666666666667,4070.5512515388355,3975.5717223362626,0.03806524586987727,0.9533898625414229,0.24393267389229142
Classical Heston,458.0,1.2539356605065024,0.9783333333333333,4070.5512515388355,3982.3559744221607,0.03806524586987727,0.9533898625414229,0.24359751853414563
Classical Heston,458.0,1.2539356605065024,0.98,4070.5512515388355,3989.1402265080587,0.03806524586987727,0.9533898625414229,0.243263159847482
Classical Heston,458.0,1.2539356605065024,0.9816666666666667,4070.5512515388355,3995.924478593957,0.03806524586987727,0.9533898625414229,0.24292960074559602
Classical Heston,458.0,1.2539356605065024,0.9833333333333333,4070.5512515388355,4002.708730679855,0.03806524586987727,0.9533898625414229,0.24259684416925417
Classical Heston,458.0,1.2539356605065024,0.985,4070.5512515388355,4009.492982765753,0.03806524586987727,0.9533898625414229,0.24226489308740404
Classical Heston,458.0,1.2539356605065024,0.9866666666666667,4070.5512515388355,4016.277234851651,0.03806524586987727,0.9533898625414229,0.2419337504968191
Classical Heston,458.0,1.2539356605065024,0.9883333333333333,4070.5512515388355,4023.061486937549,0.03806524586987727,0.9533898625414229,0.2416034194225877
Classical Heston,458.0,1.2539356605065024,0.99,4070.5512515388355,4029.845739023447,0.03806524586987727,0.9533898625414229,0.2412739029177288
Classical Heston,458.0,1.2539356605065024,0.9916666666666667,4070.5512515388355,4036.629991109345,0.03806524586987727,0.9533898625414229,0.24094520406366585
Classical Heston,458.0,1.2539356605065024,0.9933333333333333,4070.5512515388355,4043.414243195243,0.03806524586987727,0.9533898625414229,0.24061732596946925
Classical Heston,458.0,1.2539356605065024,0.995,4070.5512515388355,4050.1984952811413,0.03806524586987727,0.9533898625414229,0.2402902717691297
Classical Heston,458.0,1.2539356605065024,0.9966666666666667,4070.5512515388355,4056.9827473670393,0.03806524586987727,0.9533898625414229,0.23996404463939128
Classical Heston,458.0,1.2539356605065024,0.9983333333333333,4070.5512515388355,4063.7669994529374,0.03806524586987727,0.9533898625414229,0.2396386477628431
Classical Heston,458.0,1.2539356605065024,1.0,4070.5512515388355,4070.5512515388355,0.03806524586987727,0.9533898625414229,0.23931408436465562
Classical Heston,458.0,1.2539356605065024,1.0016666666666667,4070.5512515388355,4077.3355036247335,0.03806524586987727,0.9533898625414229,0.23899035769457877
Classical Heston,458.0,1.2539356605065024,1.0033333333333334,4070.5512515388355,4084.119755710632,0.03806524586987727,0.9533898625414229,0.23866747102997304
Classical Heston,458.0,1.2539356605065024,1.005,4070.5512515388355,4090.904007796529,0.03806524586987727,0.9533898625414229,0.23834542767559233
Classical Heston,458.0,1.2539356605065024,1.0066666666666666,4070.5512515388355,4097.688259882428,0.03806524586987727,0.9533898625414229,0.23802423096388609
Classical Heston,458.0,1.2539356605065024,1.0083333333333333,4070.5512515388355,4104.472511968325,0.03806524586987727,0.9533898625414229,0.2377038842546392
Classical Heston,458.0,1.2539356605065024,1.01,4070.5512515388355,4111.256764054224,0.03806524586987727,0.9533898625414229,0.23738439093453423
Classical Heston,458.0,1.2539356605065024,1.0116666666666667,4070.5512515388355,4118.041016140122,0.03806524586987727,0.9533898625414229,0.23706575441708116
Classical Heston,458.0,1.2539356605065024,1.0133333333333334,4070.5512515388355,4124.82526822602,0.03806524586987727,0.9533898625414229,0.23674797814261428
Classical Heston,458.0,1.2539356605065024,1.0150000000000001,4070.5512515388355,4131.6095203119185,0.03806524586987727,0.9533898625414229,0.23643106557753843
Classical Heston,458.0,1.2539356605065024,1.0166666666666666,4070.5512515388355,4138.393772397816,0.03806524586987727,0.9533898625414229,0.2361150202142248
Classical Heston,458.0,1.2539356605065024,1.0183333333333333,4070.5512515388355,4145.178024483714,0.03806524586987727,0.9533898625414229,0.2357998455704932
Classical Heston,458.0,1.2539356605065024,1.02,4070.5512515388355,4151.962276569612,0.03806524586987727,0.9533898625414229,0.2354855451897783
Classical Heston,458.0,1.2539356605065024,1.0216666666666667,4070.5512515388355,4158.746528655511,0.03806524586987727,0.9533898625414229,0.23517212264012308
Classical Heston,458.0,1.2539356605065024,1.0233333333333334,4070.5512515388355,4165.530780741408,0.03806524586987727,0.9533898625414229,0.2348595815142099
Classical Heston,458.0,1.2539356605065024,1.025,4070.5512515388355,4172.315032827306,0.03806524586987727,0.9533898625414229,0.2345479254282907
Classical Heston,458.0,1.2539356605065024,1.0266666666666666,4070.5512515388355,4179.099284913204,0.03806524586987727,0.9533898625414229,0.23423715802257905
Classical Heston,458.0,1.2539356605065024,1.0283333333333333,4070.5512515388355,4185.883536999102,0.03806524586987727,0.9533898625414229,0.2339272829600005
Classical Heston,458.0,1.2539356605065024,1.03,4070.5512515388355,4192.667789085001,0.03806524586987727,0.9533898625414229,0.23361830392603886
Classical Heston,458.0,1.2539356605065024,1.0316666666666667,4070.5512515388355,4199.452041170899,0.03806524586987727,0.9533898625414229,0.23331022462812076
Classical Heston,458.0,1.2539356605065024,1.0333333333333334,4070.5512515388355,4206.236293256797,0.03806524586987727,0.9533898625414229,0.2330030487948778
Classical Heston,458.0,1.2539356605065024,1.0350000000000001,4070.5512515388355,4213.020545342695,0.03806524586987727,0.9533898625414229,0.2326967801751309
Classical Heston,458.0,1.2539356605065024,1.0366666666666666,4070.5512515388355,4219.804797428593,0.03806524586987727,0.9533898625414229,0.23239142253660292
Classical Heston,458.0,1.2539356605065024,1.0383333333333333,4070.5512515388355,4226.58904951449,0.03806524586987727,0.9533898625414229,0.23208697966648634
Classical Heston,458.0,1.2539356605065024,1.04,4070.5512515388355,4233.373301600389,0.03806524586987727,0.9533898625414229,0.23178345536980674
Classical Heston,458.0,1.2539356605065024,1.0416666666666667,4070.5512515388355,4240.157553686287,0.03806524586987727,0.9533898625414229,0.2314808535300105
Classical Heston,458.0,1.2539356605065024,1.0433333333333334,4070.5512515388355,4246.941805772185,0.03806524586987727,0.9533898625414229,0.2311791778751958
Classical Heston,458.0,1.2539356605065024,1.045,4070.5512515388355,4253.726057858083,0.03806524586987727,0.9533898625414229,0.23087843234814748
Classical Heston,458.0,1.2539356605065024,1.0466666666666666,4070.5512515388355,4260.510309943981,0.03806524586987727,0.9533898625414229,0.23057862080194952
Classical Heston,458.0,1.2539356605065024,1.0483333333333333,4070.5512515388355,4267.294562029879,0.03806524586987727,0.9533898625414229,0.230279747126093
Classical Heston,458.0,1.2539356605065024,1.05,4070.5512515388355,4274.078814115777,0.03806524586987727,0.9533898625414229,0.22998181522398314
Classical Heston,550.0,1.5058179329226558,0.95,4098.1281809435895,3893.22177189641,0.03808923721298754,0.9442583669824116,0.2500891872125304
Classical Heston,550.0,1.5058179329226558,0.9516666666666667,4098.1281809435895,3900.051985531316,0.03808923721298754,0.9442583669824116,0.24979031352925612
Classical Heston,550.0,1.5058179329226558,0.9533333333333333,4098.1281809435895,3906.8821991662217,0.03808923721298754,0.9442583669824116,0.24949207775337603
Classical Heston,550.0,1.5058179329226558,0.955,4098.1281809435895,3913.712412801128,0.03808923721298754,0.9442583669824116,0.24919448097119284
Classical Heston,550.0,1.5058179329226558,0.9566666666666667,4098.1281809435895,3920.542626436034,0.03808923721298754,0.9442583669824116,0.2488975242811617
Classical Heston,550.0,1.5058179329226558,0.9583333333333333,4098.1281809435895,3927.3728400709397,0.03808923721298754,0.9442583669824116,0.2486012087959628
Classical Heston,550.0,1.5058179329226558,0.96,4098.1281809435895,3934.203053705846,0.03808923721298754,0.9442583669824116,0.24830553563968297
Classical Heston,550.0,1.5058179329226558,0.9616666666666667,4098.1281809435895,3941.033267340752,0.03808923721298754,0.9442583669824116,0.24801050594814156
Classical Heston,550.0,1.5058179329226558,0.9633333333333333,4098.1281809435895,3947.8634809756577,0.03808923721298754,0.9442583669824116,0.24771612087081785
Classical Heston,550.0,1.5058179329226558,0.965,4098.1281809435895,3954.693694610564,0.03808923721298754,0.9442583669824116,0.24742238157035665
Classical Heston,550.0,1.5058179329226558,0.9666666666666667,4098.1281809435895,3961.52390824547,0.03808923721298754,0.9442583669824116,0.24712928922263372
Classical Heston,550.0,1.5058179329226558,0.9683333333333333,4098.1281809435895,3968.3541218803757,0.03808923721298754,0.9442583669824116,0.24683684501697448
Classical Heston,550.0,1.5058179329226558,0.97,4098.1281809435895,3975.184335515282,0.03808923721298754,0.9442583669824116,0.2465450501555689
Classical Heston,550.0,1.5058179329226558,0.9716666666666667,4098.1281809435895,3982.014549150188,0.03808923721298754,0.9442583669824116,0.24625390585395282
Classical Heston,550.0,1.5058179329226558,0.9733333333333333,4098.1281809435895,3988.8447627850937,0.03808923721298754,0.9442583669824116,0.2459634133401623
Classical Heston,550.0,1.5058179329226558,0.975,4098.1281809435895,3995.67497642,0.03808923721298754,0.9442583669824116,0.24567357385586028
Classical Heston,550.0,1.5058179329226558,0.9766666666666667,4098.1281809435895,4002.505190054906,0.03808923721298754,0.9442583669824116,0.2453843886555444
Classical Heston,550.0,1.5058179329226558,0.9783333333333333,4098.1281809435895,4009.3354036898118,0.03808923721298754,0.9442583669824116,0.24509585900601716
Classical Heston,550.0,1.5058179329226558,0.98,4098.1281809435895,4016.1656173247175,0.03808923721298754,0.9442583669824116,0.24480798618745853
Classical Heston,550.0,1.5058179329226558,0.9816666666666667,4098.1281809435895,4022.9958309596236,0.03808923721298754,0.9442583669824116,0.24452077149235163
Classical Heston,550.0,1.5058179329226558,0.9833333333333333,4098.1281809435895,4029.8260445945293,0.03808923721298754,0.9442583669824116,0.24423421622641547
Classical Heston,550.0,1.5058179329226558,0.985,4098.1281809435895,4036.6562582294355,0.03808923721298754,0.9442583669824116,0.2439483217076021
Classical Heston,550.0,1.5058179329226558,0.9866666666666667,4098.1281809435895,4043.4864718643416,0.03808923721298754,0.9442583669824116,0.2436630892666362
Classical Heston,550.0,1.5058179329226558,0.9883333333333333,4098.1281809435895,4050.3166854992473,0.03808923721298754,0.9442583669824116,0.24337852024696968
Classical Heston,550.0,1.5058179329226558,0.99,4098.1281809435895,4057.1468991341535,0.03808923721298754,0.9442583669824116,0.2430946160038214
Classical Heston,550.0,1.5058179329226558,0.9916666666666667,4098.1281809435895,4063.9771127690597,0.03808923721298754,0.9442583669824116,0.2428113779057668
Classical Heston,550.0,1.5058179329226558,0.9933333333333333,4098.1281809435895,4070.8073264039654,0.03808923721298754,0.9442583669824116,0.24252880730446047
Classical Heston,550.0,1.5058179329226558,0.995,4098.1281809435895,4077.6375400388715,0.03808923721298754,0.9442583669824116,0.24224690567869328
Classical Heston,550.0,1.5058179329226558,0.9966666666666667,4098.1281809435895,4084.4677536737777,0.03808923721298754,0.9442583669824116,0.24196567434753824
Classical Heston,550.0,1.5058179329226558,0.9983333333333333,4098.1281809435895,4091.2979673086834,0.03808923721298754,0.9442583669824116,0.24168511475686733
Classical Heston,550.0,1.5058179329226558,1.0,4098.1281809435895,4098.1281809435895,0.03808923721298754,0.9442583669824116,0.2414052283359445
Classical Heston,550.0,1.5058179329226558,1.0016666666666667,4098.1281809435895,4104.958394578495,0.03808923721298754,0.9442583669824116,0.24112601652580115
Classical Heston,550.0,1.5058179329226558,1.0033333333333334,4098.1281809435895,4111.788608213402,0.03808923721298754,0.9442583669824116,0.24084748077966958
Classical Heston,550.0,1.5058179329226558,1.005,4098.1281809435895,4118.618821848307,0.03808923721298754,0.9442583669824116,0.24056962256256714
Classical Heston,550.0,1.5058179329226558,1.0066666666666666,4098.1281809435895,4125.449035483213,0.03808923721298754,0.9442583669824116,0.2402924433607029
Classical Heston,550.0,1.5058179329226558,1.0083333333333333,4098.1281809435895,4132.279249118119,0.03808923721298754,0.9442583669824116,0.2400159446331543
Classical Heston,550.0,1.5058179329226558,1.01,4098.1281809435895,4139.109462753026,0.03808923721298754,0.9442583669824116,0.23974012790887245
Classical Heston,550.0,1.5058179329226558,1.0116666666666667,4098.1281809435895,4145.939676387931,0.03808923721298754,0.9442583669824116,0.23946499468922344
Classical Heston,550.0,1.5058179329226558,1.0133333333333334,4098.1281809435895,4152.769890022838,0.03808923721298754,0.9442583669824116,0.23919054649674837
Classical Heston,550.0,1.5058179329226558,1.0150000000000001,4098.1281809435895,4159.600103657744,0.03808923721298754,0.9442583669824116,0.23891678486472215
Classical Heston,550.0,1.5058179329226558,1.0166666666666666,4098.1281809435895,4166.430317292649,0.03808923721298754,0.9442583669824116,0.23864371133781853
Classical Heston,550.0,1.5058179329226558,1.0183333333333333,4098.1281809435895,4173.260530927555,0.03808923721298754,0.9442583669824116,0.2383713274715315
Classical Heston,550.0,1.5058179329226558,1.02,4098.1281809435895,4180.090744562462,0.03808923721298754,0.9442583669824116,0.23809963483184857
Classical Heston,550.0,1.5058179329226558,1.0216666666666667,4098.1281809435895,4186.920958197367,0.03808923721298754,0.9442583669824116,0.23782863499544785
Classical Heston,550.0,1.5058179329226558,1.0233333333333334,4098.1281809435895,4193.751171832274,0.03808923721298754,0.9442583669824116,0.23755832954960143
Classical Heston,550.0,1.5058179329226558,1.025,4098.1281809435895,4200.581385467179,0.03808923721298754,0.9442583669824116,0.23728872009165303
Classical Heston,550.0,1.5058179329226558,1.0266666666666666,4098.1281809435895,4207.411599102085,0.03808923721298754,0.9442583669824116,0.23701980822891083
Classical Heston,550.0,1.5058179329226558,1.0283333333333333,4098.1281809435895,4214.241812736991,0.03808923721298754,0.9442583669824116,0.23675159557886472
Classical Heston,550.0,1.5058179329226558,1.03,4098.1281809435895,4221.072026371898,0.03808923721298754,0.9442583669824116,0.23648408376859967
Classical Heston,550.0,1.5058179329226558,1.0316666666666667,4098.1281809435895,4227.902240006803,0.03808923721298754,0.9442583669824116,0.2362172744346433
Classical Heston,550.0,1.5058179329226558,1.0333333333333334,4098.1281809435895,4234.73245364171,0.03808923721298754,0.9442583669824116,0.23595116922288442
Classical Heston,550.0,1.5058179329226558,1.0350000000000001,4098.1281809435895,4241.562667276616,0.03808923721298754,0.9442583669824116,0.23568576978837621
Classical Heston,550.0,1.5058179329226558,1.0366666666666666,4098.1281809435895,4248.392880911521,0.03808923721298754,0.9442583669824116,0.23542107779527258
Classical Heston,550.0,1.5058179329226558,1.0383333333333333,4098.1281809435895,4255.223094546427,0.03808923721298754,0.9442583669824116,0.23515709491598252
Classical Heston,550.0,1.5058179329226558,1.04,4098.1281809435895,4262.053308181334,0.03808923721298754,0.9442583669824116,0.23489382283209878
Classical Heston,550.0,1.5058179329226558,1.0416666666666667,4098.1281809435895,4268.883521816239,0.03808923721298754,0.9442583669824116,0.23463126323194722
Classical Heston,550.0,1.5058179329226558,1.0433333333333334,4098.1281809435895,4275.713735451145,0.03808923721298754,0.9442583669824116,0.23436941781013285
Classical Heston,550.0,1.5058179329226558,1.045,4098.1281809435895,4282.543949086051,0.03808923721298754,0.9442583669824116,0.2341082882689179
Classical Heston,550.0,1.5058179329226558,1.0466666666666666,4098.1281809435895,4289.3741627209565,0.03808923721298754,0.9442583669824116,0.23384787631682824
Classical Heston,550.0,1.5058179329226558,1.0483333333333333,4098.1281809435895,4296.204376355863,0.03808923721298754,0.9442583669824116,0.2335881837307102
Classical Heston,550.0,1.5058179329226558,1.05,4098.1281809435895,4303.034589990769,0.03808923721298754,0.9442583669824116,0.23332921214715466
Classical Heston,647.0,1.7713894592744694,0.95,4126.989033187254,3920.639581527891,0.038050080178526714,0.9348197855922527,0.25075572914614697
Classical Heston,647.0,1.7713894592744694,0.9516666666666667,4126.989033187254,3927.5178965832033,0.038050080178526714,0.9348197855922527,0.25049509202809667
Classical Heston,647.0,1.7713894592744694,0.9533333333333333,4126.989033187254,3934.396211638515,0.038050080178526714,0.9348197855922527,0.25023500195145437
Classical Heston,647.0,1.7713894592744694,0.955,4126.989033187254,3941.2745266938273,0.038050080178526714,0.9348197855922527,0.24997545920962252
Classical Heston,647.0,1.7713894592744694,0.9566666666666667,4126.989033187254,3948.1528417491395,0.038050080178526714,0.9348197855922527,0.24971646410324125
Classical Heston,647.0,1.7713894592744694,0.9583333333333333,4126.989033187254,3955.0311568044513,0.038050080178526714,0.9348197855922527,0.24945801694280703
Classical Heston,647.0,1.7713894592744694,0.96,4126.989033187254,3961.9094718597635,0.038050080178526714,0.9348197855922527,0.24920011804667735
Classical Heston,647.0,1.7713894592744694,0.9616666666666667,4126.989033187254,3968.7877869150757,0.038050080178526714,0.9348197855922527,0.2489427677414462
Classical Heston,647.0,1.7713894592744694,0.9633333333333333,4126.989033187254,3975.6661019703874,0.038050080178526714,0.9348197855922527,0.24868596636221293
Classical Heston,647.0,1.7713894592744694,0.965,4126.989033187254,3982.5444170256997,0.038050080178526714,0.9348197855922527,0.24842971425214322
Classical Heston,647.0,1.7713894592744694,0.9666666666666667,4126.989033187254,3989.4227320810123,0.038050080178526714,0.9348197855922527,0.24817401176187714
Classical Heston,647.0,1.7713894592744694,0.9683333333333333,4126.989033187254,3996.301047136324,0.038050080178526714,0.9348197855922527,0.2479188592511722
Classical Heston,647.0,1.7713894592744694,0.97,4126.989033187254,4003.1793621916363,0.038050080178526714,0.9348197855922527,0.24766425708662243
Classical Heston,647.0,1.7713894592744694,0.9716666666666667,4126.989033187254,4010.0576772469485,0.038050080178526714,0.9348197855922527,0.2474102056432623
Classical Heston,647.0,1.7713894592744694,0.9733333333333333,4126.989033187254,4016.9359923022603,0.038050080178526714,0.9348197855922527,0.24715670530315692
Classical Heston,647.0,1.7713894592744694,0.975,4126.989033187254,4023.8143073575725,0.038050080178526714,0.9348197855922527,0.24690375645680018
Classical Heston,647.0,1.7713894592744694,0.9766666666666667,4126.989033187254,4030.6926224128847,0.038050080178526714,0.9348197855922527,0.24665135950179343
Classical Heston,647.0,1.7713894592744694,0.9783333333333333,4126.989033187254,4037.5709374681965,0.038050080178526714,0.9348197855922527,0.24639951484318967
Classical Heston,647.0,1.7713894592744694,0.98,4126.989033187254,4044.4492525235087,0.038050080178526714,0.9348197855922527,0.24614822289376964
Classical Heston,647.0,1.7713894592744694,0.9816666666666667,4126.989033187254,4051.327567578821,0.038050080178526714,0.9348197855922527,0.2458974840734123
Classical Heston,647.0,1.7713894592744694,0.9833333333333333,4126.989033187254,4058.2058826341326,0.038050080178526714,0.9348197855922527,0.24564729880899647
Classical Heston,647.0,1.7713894592744694,0.985,4126.989033187254,4065.084197689445,0.038050080178526714,0.9348197855922527,0.24539766753568748
Classical Heston,647.0,1.7713894592744694,0.9866666666666667,4126.989033187254,4071.962512744757,0.038050080178526714,0.9348197855922527,0.2451485906944388
Classical Heston,647.0,1.7713894592744694,0.9883333333333333,4126.989033187254,4078.840827800069,0.038050080178526714,0.9348197855922527,0.2449000687343763
Classical Heston,647.0,1.7713894592744694,0.99,4126.989033187254,4085.7191428553815,0.038050080178526714,0.9348197855922527,0.24465210208487215
Classical Heston,647.0,1.7713894592744694,0.9916666666666667,4126.989033187254,4092.5974579106937,0.038050080178526714,0.9348197855922527,0.24440469128614833
Classical Heston,647.0,1.7713894592744694,0.9933333333333333,4126.989033187254,4099.475772966005,0.038050080178526714,0.9348197855922527,0.24415783673006392
Classical Heston,647.0,1.7713894592744694,0.995,4126.989033187254,4106.354088021318,0.038050080178526714,0.9348197855922527,0.24391153891894712
Classical Heston,647.0,1.7713894592744694,0.9966666666666667,4126.989033187254,4113.232403076629,0.038050080178526714,0.9348197855922527,0.24366579833501645
Classical Heston,647.0,1.7713894592744694,0.9983333333333333,4126.989033187254,4120.110718131941,0.038050080178526714,0.9348197855922527,0.24342061546833063
Classical Heston,647.0,1.7713894592744694,1.0,4126.989033187254,4126.989033187254,0.038050080178526714,0.9348197855922527,0.24317599081477909
Classical Heston,647.0,1.7713894592744694,1.0016666666666667,4126.989033187254,4133.867348242567,0.038050080178526714,0.9348197855922527,0.24293192487704549
Classical Heston,647.0,1.7713894592744694,1.0033333333333334,4126.989033187254,4140.745663297878,0.038050080178526714,0.9348197855922527,0.24268841816358672
Classical Heston,647.0,1.7713894592744694,1.005,4126.989033187254,4147.62397835319,0.038050080178526714,0.9348197855922527,0.24244547119030094
Classical Heston,647.0,1.7713894592744694,1.0066666666666666,4126.989033187254,4154.502293408502,0.038050080178526714,0.9348197855922527,0.24220308447842953
Classical Heston,647.0,1.7713894592744694,1.0083333333333333,4126.989033187254,4161.3806084638145,0.038050080178526714,0.9348197855922527,0.24196125855571818
Classical Heston,647.0,1.7713894592744694,1.01,4126.989033187254,4168.258923519126,0.038050080178526714,0.9348197855922527,0.24171999395616442
Classical Heston,647.0,1.7713894592744694,1.0116666666666667,4126.989033187254,4175.137238574439,0.038050080178526714,0.9348197855922527,0.24147929121910433
Classical Heston,647.0,1.7713894592744694,1.0133333333333334,4126.989033187254,4182.015553629751,0.038050080178526714,0.9348197855922527,0.24123915089084957
Classical Heston,647.0,1.7713894592744694,1.0150000000000001,4126.989033187254,4188.893868685063,0.038050080178526714,0.9348197855922527,0.24099957352279436
Classical Heston,647.0,1.7713894592744694,1.0166666666666666,4126.989033187254,4195.772183740374,0.038050080178526714,0.9348197855922527,0.24076055967251325
Classical Heston,647.0,1.7713894592744694,1.0183333333333333,4126.989033187254,4202.650498795687,0.038050080178526714,0.9348197855922527,0.240522109902801
Classical Heston,647.0,1.7713894592744694,1.02,4126.989033187254,4209.528813850999,0.038050080178526714,0.9348197855922527,0.2402842247826102
Classical Heston,647.0,1.7713894592744694,1.0216666666666667,4126.989033187254,4216.407128906311,0.038050080178526714,0.9348197855922527,0.24004690488622124
Classical Heston,647.0,1.7713894592744694,1.0233333333333334,4126.989033187254,4223.285443961624,0.038050080178526714,0.9348197855922527,0.23981015079304435
Classical Heston,647.0,1.7713894592744694,1.025,4126.989033187254,4230.163759016935,0.038050080178526714,0.9348197855922527,0.23957396308819273
Classical Heston,647.0,1.7713894592744694,1.0266666666666666,4126.989033187254,4237.0420740722475,0.038050080178526714,0.9348197855922527,0.23933834236178148
Classical Heston,647.0,1.7713894592744694,1.0283333333333333,4126.989033187254,4243.920389127559,0.038050080178526714,0.9348197855922527,0.23910328920943805
Classical Heston,647.0,1.7713894592744694,1.03,4126.989033187254,4250.798704182872,0.038050080178526714,0.9348197855922527,0.23886880423152732
Classical Heston,647.0,1.7713894592744694,1.0316666666666667,4126.989033187254,4257.677019238184,0.038050080178526714,0.9348197855922527,0.23863488803345087
Classical Heston,647.0,1.7713894592744694,1.0333333333333334,4126.989033187254,4264.555334293496,0.038050080178526714,0.9348197855922527,0.23840154122545623
Classical Heston,647.0,1.7713894592744694,1.0350000000000001,4126.989033187254,4271.433649348808,0.038050080178526714,0.9348197855922527,0.23816876442286058
Classical Heston,647.0,1.7713894592744694,1.0366666666666666,4126.989033187254,4278.31196440412,0.038050080178526714,0.9348197855922527,0.23793655824500284
Classical Heston,647.0,1.7713894592744694,1.0383333333333333,4126.989033187254,4285.190279459432,0.038050080178526714,0.9348197855922527,0.23770492331645232
Classical Heston,647.0,1.7713894592744694,1.04,4126.989033187254,4292.068594514744,0.038050080178526714,0.9348197855922527,0.23747386026633066
Classical Heston,647.0,1.7713894592744694,1.0416666666666667,4126.989033187254,4298.946909570056,0.038050080178526714,0.9348197855922527,0.2372433697271637
Classical Heston,647.0,1.7713894592744694,1.0433333333333334,4126.989033187254,4305.825224625369,0.038050080178526714,0.9348197855922527,0.23701345233727386
Classical Heston,647.0,1.7713894592744694,1.045,4126.989033187254,4312.70353968068,0.038050080178526714,0.9348197855922527,0.23678410873788905
Classical Heston,647.0,1.7713894592744694,1.0466666666666666,4126.989033187254,4319.581854735992,0.038050080178526714,0.9348197855922527,0.2365553395751915
Classical Heston,647.0,1.7713894592744694,1.0483333333333333,4126.989033187254,4326.460169791305,0.038050080178526714,0.9348197855922527,0.23632714549893438
Classical Heston,647.0,1.7713894592744694,1.05,4126.989033187254,4333.338484846617,0.038050080178526714,0.9348197855922527,0.23609952715941038
